date,Ticker,open,high,low,close,adj_close,volume,dividends,stock_splits
2004-09-28,TLKM,835.0,835.0,825.0,825.0,315.5980529785156,90095000,0.0,0.0
2004-09-29,TLKM,825.0,825.0,810.0,825.0,315.5980529785156,29370000,0.0,0.0
2004-09-30,TLKM,825.0,830.0,825.0,830.0,317.51080322265625,42927500,0.0,0.0
2004-10-01,TLKM,830.0,845.0,825.0,840.0,321.33612060546875,108387500,0.0,0.0
2004-10-04,TLKM,845.0,880.0,845.0,870.0,332.8124694824219,424210000,0.0,0.0
2004-10-05,TLKM,870.0,880.0,870.0,880.0,336.63787841796875,124827500,0.0,0.0
2004-10-06,TLKM,880.0,880.0,855.0,860.0,328.9870300292969,121337500,0.0,0.0
2004-10-07,TLKM,860.0,860.0,850.0,855.0,327.07427978515625,122927500,0.0,0.0
2004-10-08,TLKM,850.0,860.0,845.0,855.0,327.07427978515625,106670000,0.0,0.0
2004-10-11,TLKM,855.0,870.0,855.0,870.0,332.8124694824219,93287500,0.0,0.0
2004-10-12,TLKM,870.0,870.0,845.0,855.0,327.07427978515625,137947500,0.0,0.0
2004-10-13,TLKM,855.0,870.0,850.0,870.0,332.8124694824219,159010000,0.0,0.0
2004-10-14,TLKM,865.0,870.0,855.0,860.0,328.9870300292969,96632500,0.0,0.0
2004-10-15,TLKM,860.0,860.0,850.0,860.0,328.9870300292969,50477500,0.0,0.0
2004-10-18,TLKM,860.0,860.0,855.0,855.0,327.07427978515625,49295000,0.0,0.0
2004-10-19,TLKM,860.0,880.0,860.0,880.0,336.63787841796875,115110000,0.0,0.0
2004-10-20,TLKM,880.0,880.0,855.0,865.0,330.899658203125,116622500,0.0,0.0
2004-10-21,TLKM,860.0,860.0,840.0,850.0,325.1616516113281,149800000,0.0,0.0
2004-10-22,TLKM,855.0,875.0,850.0,870.0,332.8124694824219,114285000,0.0,0.0
2004-10-25,TLKM,870.0,870.0,855.0,860.0,328.9870300292969,100930000,0.0,0.0
2004-10-26,TLKM,860.0,860.0,830.0,835.0,319.4234924316406,203522500,0.0,0.0
2004-10-27,TLKM,840.0,845.0,835.0,840.0,321.33612060546875,83790000,0.0,0.0
2004-10-28,TLKM,850.0,865.0,845.0,860.0,328.9870300292969,145990000,0.0,0.0
2004-10-29,TLKM,860.0,875.0,860.0,870.0,332.8124694824219,122360000,0.0,0.0
2004-11-01,TLKM,870.0,875.0,865.0,870.0,332.8124694824219,31657500,0.0,0.0
2004-11-02,TLKM,875.0,925.0,875.0,915.0,350.02685546875,305235000,0.0,0.0
2004-11-03,TLKM,925.0,955.0,915.0,945.0,361.503173828125,150347500,0.0,0.0
2004-11-04,TLKM,950.0,955.0,920.0,920.0,351.9396057128906,114440000,0.0,0.0
2004-11-05,TLKM,925.0,940.0,915.0,930.0,355.7650451660156,122157500,0.0,0.0
2004-11-08,TLKM,930.0,930.0,910.0,925.0,353.8523254394531,90492500,0.0,0.0
2004-11-09,TLKM,930.0,935.0,930.0,935.0,357.67767333984375,118007500,0.0,0.0
2004-11-10,TLKM,935.0,955.0,935.0,950.0,363.4158630371094,166045000,0.0,0.0
2004-11-11,TLKM,950.0,950.0,935.0,940.0,359.5904846191406,54052500,0.0,0.0
2004-11-12,TLKM,945.0,950.0,940.0,945.0,361.503173828125,85222500,0.0,0.0
2004-11-15,TLKM,945.0,945.0,945.0,945.0,361.503173828125,0,0.0,0.0
2004-11-16,TLKM,945.0,945.0,945.0,945.0,361.503173828125,0,0.0,0.0
2004-11-17,TLKM,945.0,945.0,945.0,945.0,361.503173828125,0,0.0,0.0
2004-11-18,TLKM,945.0,945.0,945.0,945.0,361.503173828125,0,0.0,0.0
2004-11-19,TLKM,945.0,945.0,945.0,945.0,361.503173828125,0,0.0,0.0
2004-11-22,TLKM,955.0,1000.0,955.0,990.0,378.7176208496094,220507500,0.0,0.0
2004-11-23,TLKM,990.0,1010.0,990.0,1000.0,382.54302978515625,94610000,0.0,0.0
2004-11-24,TLKM,1010.0,1030.0,1000.0,1020.0,390.19390869140625,59635000,0.0,0.0
2004-11-25,TLKM,1010.0,1010.0,980.0,990.0,378.7176208496094,74615000,0.0,0.0
2004-11-26,TLKM,995.0,1005.0,995.0,1000.0,382.54302978515625,52520000,0.0,0.0
2004-11-29,TLKM,1010.0,1010.0,990.0,990.0,378.7176208496094,44055000,0.0,0.0
2004-11-30,TLKM,990.0,1005.0,990.0,1000.0,382.54302978515625,94097500,0.0,0.0
2004-12-01,TLKM,1000.0,1020.0,1000.0,1020.0,390.19390869140625,51862500,0.0,0.0
2004-12-02,TLKM,1030.0,1060.0,1030.0,1040.0,397.8448181152344,126572500,0.0,0.0
2004-12-03,TLKM,1050.0,1050.0,990.0,1000.0,382.54302978515625,145035000,0.0,0.0
2004-12-06,TLKM,1000.0,1010.0,990.0,1000.0,382.54302978515625,80417500,0.0,0.0
2004-12-07,TLKM,1000.0,1020.0,1000.0,1020.0,390.19390869140625,93810000,0.0,0.0
2004-12-08,TLKM,1020.0,1040.0,1000.0,1010.0,386.36846923828125,139875000,0.0,0.0
2004-12-09,TLKM,1010.0,1010.0,980.0,980.0,374.8922424316406,123322500,0.0,0.0
2004-12-10,TLKM,940.0,950.0,925.0,940.0,359.5904846191406,397757500,0.0,0.0
2004-12-13,TLKM,940.0,950.0,930.0,940.0,359.5904846191406,148000000,0.0,0.0
2004-12-14,TLKM,940.0,940.0,905.0,920.0,351.9396057128906,138687500,0.0,0.0
2004-12-15,TLKM,920.0,955.0,910.0,950.0,363.4158630371094,331627500,0.0,0.0
2004-12-16,TLKM,950.0,980.0,950.0,975.0,372.9794616699219,287085000,0.0,0.0
2004-12-17,TLKM,980.0,995.0,980.0,990.0,378.7176208496094,115332500,0.0,0.0
2004-12-20,TLKM,990.0,995.0,975.0,985.0,376.8048400878906,57910000,0.0,0.0
2004-12-21,TLKM,985.0,985.0,965.0,980.0,374.8922424316406,89402500,0.0,0.0
2004-12-22,TLKM,980.0,985.0,965.0,975.0,372.9794616699219,66505000,0.0,0.0
2004-12-23,TLKM,975.0,975.0,965.0,965.0,369.15411376953125,77420000,0.0,0.0
2004-12-24,TLKM,965.0,965.0,965.0,965.0,369.15411376953125,0,0.0,0.0
2004-12-27,TLKM,965.0,980.0,955.0,975.0,373.530029296875,51010000,1.4224,0.0
2004-12-28,TLKM,980.0,985.0,970.0,970.0,371.6144714355469,46560000,0.0,0.0
2004-12-29,TLKM,975.0,985.0,970.0,980.0,375.44561767578125,72965000,0.0,0.0
2004-12-30,TLKM,975.0,985.0,965.0,965.0,369.6990051269531,39220000,0.0,0.0
2004-12-31,TLKM,965.0,965.0,965.0,965.0,369.6990051269531,0,0.0,0.0
2005-01-03,TLKM,975.0,985.0,965.0,985.0,377.361083984375,52375000,0.0,0.0
2005-01-04,TLKM,985.0,995.0,980.0,990.0,379.2767028808594,136242500,0.0,0.0
2005-01-05,TLKM,985.0,985.0,975.0,975.0,373.530029296875,115040000,0.0,0.0
2005-01-06,TLKM,975.0,1000.0,975.0,995.0,381.1921081542969,188632500,0.0,0.0
2005-01-07,TLKM,1000.0,1025.0,1000.0,1025.0,392.6853942871094,218142500,0.0,0.0
2005-01-10,TLKM,1020.0,1020.0,980.0,990.0,379.2767028808594,93677500,0.0,0.0
2005-01-11,TLKM,990.0,990.0,965.0,970.0,371.6144714355469,170265000,0.0,0.0
2005-01-12,TLKM,970.0,975.0,965.0,965.0,369.6990051269531,81775000,0.0,0.0
2005-01-13,TLKM,970.0,995.0,970.0,995.0,381.1921081542969,131450000,0.0,0.0
2005-01-14,TLKM,995.0,1015.0,995.0,1000.0,383.10772705078125,164037500,0.0,0.0
2005-01-17,TLKM,1000.0,1020.0,1000.0,1000.0,383.10772705078125,66805000,0.0,0.0
2005-01-18,TLKM,1000.0,1000.0,980.0,990.0,379.2767028808594,59940000,0.0,0.0
2005-01-19,TLKM,990.0,1000.0,990.0,990.0,379.2767028808594,104767500,0.0,0.0
2005-01-20,TLKM,995.0,1005.0,990.0,990.0,379.2767028808594,84625000,0.0,0.0
2005-01-24,TLKM,990.0,990.0,970.0,970.0,371.6144714355469,105780000,0.0,0.0
2005-01-25,TLKM,970.0,970.0,960.0,965.0,369.6990051269531,189667500,0.0,0.0
2005-01-26,TLKM,965.0,975.0,965.0,970.0,371.6144714355469,84725000,0.0,0.0
2005-01-27,TLKM,970.0,970.0,960.0,960.0,367.78338623046875,134222500,0.0,0.0
2005-01-28,TLKM,965.0,965.0,955.0,960.0,367.78338623046875,100760000,0.0,0.0
2005-01-31,TLKM,960.0,965.0,950.0,960.0,367.78338623046875,137322500,0.0,0.0
2005-02-01,TLKM,965.0,975.0,960.0,965.0,369.6990051269531,69960000,0.0,0.0
2005-02-02,TLKM,965.0,970.0,950.0,950.0,363.9523010253906,103680000,0.0,0.0
2005-02-03,TLKM,950.0,955.0,935.0,940.0,360.1213073730469,125185000,0.0,0.0
2005-02-04,TLKM,940.0,945.0,935.0,935.0,358.2056884765625,66002500,0.0,0.0
2005-02-07,TLKM,940.0,945.0,930.0,930.0,356.29022216796875,48097500,0.0,0.0
2005-02-08,TLKM,930.0,930.0,920.0,925.0,354.3746032714844,60667500,0.0,0.0
2005-02-11,TLKM,925.0,940.0,920.0,935.0,358.2056884765625,60615000,0.0,0.0
2005-02-14,TLKM,935.0,945.0,930.0,930.0,356.29022216796875,110112500,0.0,0.0
2005-02-15,TLKM,935.0,950.0,930.0,950.0,363.9523010253906,103120000,0.0,0.0
2005-02-16,TLKM,950.0,955.0,945.0,950.0,363.9523010253906,82627500,0.0,0.0
2005-02-17,TLKM,950.0,950.0,940.0,940.0,360.1213073730469,178605000,0.0,0.0
2005-02-18,TLKM,940.0,945.0,935.0,940.0,360.1213073730469,70675000,0.0,0.0
2005-02-21,TLKM,940.0,940.0,920.0,925.0,354.3746032714844,203617500,0.0,0.0
2005-02-22,TLKM,920.0,935.0,920.0,930.0,356.29022216796875,181150000,0.0,0.0
2005-02-23,TLKM,930.0,930.0,920.0,930.0,356.29022216796875,61910000,0.0,0.0
2005-02-24,TLKM,930.0,930.0,915.0,915.0,350.5435485839844,81207500,0.0,0.0
2005-02-25,TLKM,920.0,925.0,885.0,895.0,342.8813781738281,254097500,0.0,0.0
2005-02-28,TLKM,895.0,895.0,875.0,885.0,339.0504150390625,92602500,0.0,0.0
2005-03-01,TLKM,885.0,920.0,885.0,910.0,348.62811279296875,221865000,0.0,0.0
2005-03-02,TLKM,910.0,910.0,890.0,895.0,342.8813781738281,172462500,0.0,0.0
2005-03-03,TLKM,890.0,905.0,890.0,905.0,346.7124938964844,195842500,0.0,0.0
2005-03-04,TLKM,900.0,900.0,885.0,885.0,339.0504150390625,158212500,0.0,0.0
2005-03-07,TLKM,890.0,895.0,880.0,885.0,339.0504150390625,100120000,0.0,0.0
2005-03-08,TLKM,885.0,895.0,885.0,895.0,342.8813781738281,160957500,0.0,0.0
2005-03-09,TLKM,895.0,905.0,895.0,905.0,346.7124938964844,49237500,0.0,0.0
2005-03-10,TLKM,895.0,895.0,875.0,885.0,339.0504150390625,159062500,0.0,0.0
2005-03-14,TLKM,880.0,880.0,835.0,860.0,329.4726257324219,553407500,0.0,0.0
2005-03-15,TLKM,860.0,885.0,855.0,875.0,335.21929931640625,233760000,0.0,0.0
2005-03-16,TLKM,875.0,890.0,865.0,875.0,335.21929931640625,163600000,0.0,0.0
2005-03-17,TLKM,870.0,890.0,870.0,880.0,337.1347961425781,74130000,0.0,0.0
2005-03-18,TLKM,880.0,890.0,870.0,885.0,339.0504150390625,129662500,0.0,0.0
2005-03-21,TLKM,885.0,915.0,885.0,905.0,346.7124938964844,141227500,0.0,0.0
2005-03-22,TLKM,905.0,925.0,895.0,915.0,350.5435485839844,135330000,0.0,0.0
2005-03-23,TLKM,905.0,935.0,900.0,925.0,354.3746032714844,173987500,0.0,0.0
2005-03-24,TLKM,925.0,925.0,905.0,910.0,348.62811279296875,200785000,0.0,0.0
2005-03-28,TLKM,905.0,930.0,900.0,915.0,350.5435485839844,70840000,0.0,0.0
2005-03-29,TLKM,910.0,915.0,890.0,900.0,344.7969665527344,179952500,0.0,0.0
2005-03-30,TLKM,895.0,900.0,880.0,890.0,340.9659423828125,183315000,0.0,0.0
2005-03-31,TLKM,895.0,900.0,885.0,895.0,342.8813781738281,70960000,0.0,0.0
2005-04-01,TLKM,900.0,925.0,895.0,925.0,354.3746032714844,95225000,0.0,0.0
2005-04-04,TLKM,930.0,945.0,925.0,940.0,360.1213073730469,105080000,0.0,0.0
2005-04-05,TLKM,940.0,945.0,930.0,930.0,356.29022216796875,53150000,0.0,0.0
2005-04-06,TLKM,930.0,935.0,925.0,925.0,354.3746032714844,25960000,0.0,0.0
2005-04-07,TLKM,930.0,945.0,930.0,935.0,358.2056884765625,43960000,0.0,0.0
2005-04-08,TLKM,940.0,940.0,920.0,935.0,358.2056884765625,112385000,0.0,0.0
2005-04-11,TLKM,930.0,945.0,925.0,940.0,360.1213073730469,52887500,0.0,0.0
2005-04-12,TLKM,935.0,935.0,930.0,935.0,358.2056884765625,35095000,0.0,0.0
2005-04-13,TLKM,940.0,945.0,935.0,945.0,362.0368347167969,34022500,0.0,0.0
2005-04-14,TLKM,940.0,945.0,935.0,935.0,358.2056884765625,30732500,0.0,0.0
2005-04-15,TLKM,935.0,935.0,920.0,925.0,354.3746032714844,95025000,0.0,0.0
2005-04-18,TLKM,910.0,910.0,895.0,900.0,344.7969665527344,109005000,0.0,0.0
2005-04-19,TLKM,900.0,900.0,885.0,890.0,340.9659423828125,37305000,0.0,0.0
2005-04-20,TLKM,895.0,895.0,885.0,885.0,339.0504150390625,24027500,0.0,0.0
2005-04-21,TLKM,880.0,880.0,855.0,875.0,335.21929931640625,106350000,0.0,0.0
2005-04-25,TLKM,875.0,880.0,860.0,870.0,333.3037414550781,60065000,0.0,0.0
2005-04-26,TLKM,870.0,885.0,870.0,875.0,335.21929931640625,100492500,0.0,0.0
2005-04-27,TLKM,875.0,875.0,860.0,865.0,331.38812255859375,76465000,0.0,0.0
2005-04-28,TLKM,860.0,875.0,860.0,870.0,333.3037414550781,82092500,0.0,0.0
2005-04-29,TLKM,865.0,865.0,850.0,855.0,327.55712890625,68437500,0.0,0.0
2005-05-02,TLKM,855.0,855.0,840.0,845.0,323.7260437011719,38900000,0.0,0.0
2005-05-03,TLKM,820.0,845.0,820.0,835.0,319.89495849609375,136657500,0.0,0.0
2005-05-04,TLKM,840.0,870.0,840.0,860.0,329.4726257324219,98250000,0.0,0.0
2005-05-06,TLKM,860.0,905.0,860.0,900.0,344.7969665527344,231235000,0.0,0.0
2005-05-09,TLKM,895.0,930.0,890.0,930.0,356.29022216796875,192532500,0.0,0.0
2005-05-10,TLKM,925.0,930.0,920.0,920.0,352.4590759277344,54382500,0.0,0.0
2005-05-11,TLKM,905.0,905.0,890.0,890.0,340.9659423828125,100865000,0.0,0.0
2005-05-12,TLKM,890.0,900.0,885.0,895.0,342.8813781738281,34542500,0.0,0.0
2005-05-13,TLKM,890.0,895.0,880.0,885.0,339.0504150390625,52675000,0.0,0.0
2005-05-16,TLKM,880.0,880.0,860.0,865.0,331.38812255859375,74167500,0.0,0.0
2005-05-17,TLKM,870.0,885.0,870.0,875.0,335.21929931640625,96877500,0.0,0.0
2005-05-18,TLKM,875.0,875.0,870.0,875.0,335.21929931640625,100162500,0.0,0.0
2005-05-19,TLKM,885.0,895.0,885.0,895.0,342.8813781738281,87342500,0.0,0.0
2005-05-20,TLKM,900.0,910.0,900.0,910.0,348.62811279296875,43487500,0.0,0.0
2005-05-23,TLKM,905.0,920.0,900.0,920.0,352.4590759277344,72365000,0.0,0.0
2005-05-25,TLKM,915.0,925.0,910.0,920.0,352.4590759277344,133962500,0.0,0.0
2005-05-26,TLKM,910.0,925.0,905.0,920.0,352.4590759277344,80100000,0.0,0.0
2005-05-27,TLKM,925.0,930.0,915.0,920.0,352.4590759277344,27547500,0.0,0.0
2005-05-30,TLKM,915.0,930.0,915.0,930.0,356.29022216796875,41257500,0.0,0.0
2005-05-31,TLKM,930.0,955.0,930.0,930.0,356.29022216796875,148405000,0.0,0.0
2005-06-01,TLKM,935.0,950.0,935.0,950.0,363.9523010253906,46207500,0.0,0.0
2005-06-02,TLKM,950.0,965.0,950.0,965.0,369.6990051269531,126775000,0.0,0.0
2005-06-03,TLKM,965.0,970.0,960.0,960.0,367.78338623046875,98595000,0.0,0.0
2005-06-06,TLKM,960.0,965.0,950.0,960.0,367.78338623046875,39555000,0.0,0.0
2005-06-07,TLKM,960.0,960.0,950.0,955.0,365.8678894042969,31795000,0.0,0.0
2005-06-08,TLKM,955.0,955.0,940.0,945.0,362.0368347167969,41505000,0.0,0.0
2005-06-09,TLKM,940.0,945.0,935.0,940.0,360.1213073730469,31895000,0.0,0.0
2005-06-10,TLKM,940.0,955.0,930.0,950.0,363.9523010253906,72980000,0.0,0.0
2005-06-13,TLKM,955.0,975.0,955.0,965.0,369.6990051269531,76342500,0.0,0.0
2005-06-14,TLKM,965.0,980.0,965.0,975.0,373.530029296875,51465000,0.0,0.0
2005-06-15,TLKM,980.0,990.0,975.0,975.0,373.530029296875,116807500,0.0,0.0
2005-06-16,TLKM,980.0,990.0,980.0,985.0,377.361083984375,99902500,0.0,0.0
2005-06-17,TLKM,990.0,1040.0,990.0,1040.0,398.43206787109375,271085000,0.0,0.0
2005-06-20,TLKM,1040.0,1070.0,1040.0,1070.0,409.9252624511719,183512500,0.0,0.0
2005-06-21,TLKM,1070.0,1070.0,1010.0,1020.0,390.7698974609375,109695000,0.0,0.0
2005-06-22,TLKM,1010.0,1010.0,970.0,1000.0,383.10772705078125,137060000,0.0,0.0
2005-06-23,TLKM,990.0,1020.0,980.0,990.0,379.2767028808594,142017500,0.0,0.0
2005-06-24,TLKM,980.0,995.0,970.0,995.0,381.1921081542969,25050000,0.0,0.0
2005-06-27,TLKM,990.0,990.0,965.0,980.0,375.44561767578125,73072500,0.0,0.0
2005-06-28,TLKM,975.0,1000.0,970.0,1000.0,383.10772705078125,85602500,0.0,0.0
2005-06-29,TLKM,1000.0,1020.0,1000.0,1010.0,386.9388427734375,50472500,0.0,0.0
2005-06-30,TLKM,1020.0,1020.0,1000.0,1000.0,383.10772705078125,28955000,0.0,0.0
2005-07-01,TLKM,1000.0,1050.0,1000.0,1050.0,402.2630615234375,81627500,0.0,0.0
2005-07-04,TLKM,1040.0,1060.0,1030.0,1050.0,402.2630615234375,79855000,0.0,0.0
2005-07-05,TLKM,1050.0,1050.0,1030.0,1040.0,398.43206787109375,48892500,0.0,0.0
2005-07-06,TLKM,1030.0,1030.0,1000.0,1000.0,383.10772705078125,67390000,0.0,0.0
2005-07-07,TLKM,1000.0,1000.0,980.0,1000.0,383.10772705078125,102532500,0.0,0.0
2005-07-08,TLKM,990.0,1010.0,990.0,990.0,379.2767028808594,32307500,0.0,0.0
2005-07-11,TLKM,1000.0,1000.0,990.0,995.0,381.1921081542969,66502500,0.0,0.0
2005-07-12,TLKM,1000.0,1005.0,995.0,1000.0,383.10772705078125,58480000,0.0,0.0
2005-07-13,TLKM,1000.0,1020.0,990.0,1020.0,390.7698974609375,63970000,0.0,0.0
2005-07-14,TLKM,1020.0,1040.0,1020.0,1030.0,394.6009521484375,47145000,0.0,0.0
2005-07-15,TLKM,1050.0,1070.0,1030.0,1050.0,402.2630615234375,189925000,0.0,0.0
2005-07-18,TLKM,1030.0,1030.0,1010.0,1030.0,405.8012390136719,42960000,28.980398,0.0
2005-07-19,TLKM,1030.0,1030.0,1020.0,1030.0,405.8012390136719,57510000,0.0,0.0
2005-07-20,TLKM,1030.0,1050.0,1030.0,1050.0,413.6809387207031,65062500,0.0,0.0
2005-07-21,TLKM,1050.0,1110.0,1050.0,1090.0,429.4400939941406,208367500,0.0,0.0
2005-07-22,TLKM,1110.0,1180.0,1110.0,1160.0,457.01885986328125,147910000,0.0,0.0
2005-07-25,TLKM,1160.0,1160.0,1130.0,1130.0,445.1993103027344,90255000,0.0,0.0
2005-07-26,TLKM,1140.0,1150.0,1130.0,1140.0,449.1391296386719,50425000,0.0,0.0
2005-07-27,TLKM,1150.0,1150.0,1110.0,1120.0,441.2596130371094,47200000,0.0,0.0
2005-07-28,TLKM,1130.0,1140.0,1130.0,1140.0,449.1391296386719,14962500,0.0,0.0
2005-07-29,TLKM,1140.0,1140.0,1110.0,1110.0,437.31982421875,50232500,0.0,0.0
2005-08-01,TLKM,1110.0,1120.0,1080.0,1100.0,433.3798828125,79162500,0.0,0.0
2005-08-02,TLKM,1100.0,1140.0,1100.0,1140.0,449.1391296386719,73390000,0.0,0.0
2005-08-03,TLKM,1140.0,1150.0,1130.0,1140.0,449.1391296386719,83367500,0.0,0.0
2005-08-04,TLKM,1140.0,1140.0,1100.0,1120.0,441.2596130371094,37032500,0.0,0.0
2005-08-05,TLKM,1110.0,1110.0,1080.0,1100.0,433.3798828125,47267500,0.0,0.0
2005-08-08,TLKM,1090.0,1090.0,1050.0,1070.0,421.5605163574219,87077500,0.0,0.0
2005-08-09,TLKM,1060.0,1080.0,1060.0,1080.0,425.5002136230469,60592500,0.0,0.0
2005-08-10,TLKM,1090.0,1140.0,1090.0,1130.0,445.1993103027344,162297500,0.0,0.0
2005-08-11,TLKM,1130.0,1140.0,1100.0,1110.0,437.31982421875,82445000,0.0,0.0
2005-08-12,TLKM,1120.0,1120.0,1070.0,1070.0,421.5605163574219,100990000,0.0,0.0
2005-08-15,TLKM,1070.0,1070.0,1020.0,1040.0,409.7410583496094,113507500,0.0,0.0
2005-08-16,TLKM,1040.0,1050.0,1020.0,1030.0,405.8012390136719,77502500,0.0,0.0
2005-08-18,TLKM,1030.0,1030.0,980.0,1000.0,393.98175048828125,266902500,0.0,0.0
2005-08-19,TLKM,1000.0,1030.0,990.0,1010.0,397.9216003417969,118515000,0.0,0.0
2005-08-22,TLKM,1020.0,1030.0,1000.0,1020.0,401.86138916015625,47407500,0.0,0.0
2005-08-23,TLKM,1020.0,1040.0,1000.0,1010.0,397.9216003417969,76687500,0.0,0.0
2005-08-24,TLKM,1010.0,1010.0,940.0,990.0,390.04193115234375,227087500,0.0,0.0
2005-08-25,TLKM,980.0,995.0,970.0,985.0,388.0720520019531,120690000,0.0,0.0
2005-08-26,TLKM,985.0,1005.0,985.0,995.0,392.0118408203125,70802500,0.0,0.0
2005-08-29,TLKM,980.0,990.0,955.0,955.0,376.2525939941406,239402500,0.0,0.0
2005-08-30,TLKM,955.0,1005.0,940.0,1005.0,395.95172119140625,146427500,0.0,0.0
2005-08-31,TLKM,1000.0,1040.0,1000.0,1030.0,405.8012390136719,185155000,0.0,0.0
2005-09-01,TLKM,1000.0,1010.0,970.0,1000.0,393.98175048828125,167425000,0.0,0.0
2005-09-05,TLKM,990.0,1030.0,990.0,1020.0,401.86138916015625,116560000,0.0,0.0
2005-09-06,TLKM,1020.0,1050.0,1020.0,1050.0,413.6809387207031,73235000,0.0,0.0
2005-09-07,TLKM,1050.0,1070.0,1030.0,1040.0,409.7410583496094,82727500,0.0,0.0
2005-09-08,TLKM,1050.0,1110.0,1050.0,1090.0,429.4400939941406,232562500,0.0,0.0
2005-09-09,TLKM,1090.0,1140.0,1090.0,1140.0,449.1391296386719,155595000,0.0,0.0
2005-09-12,TLKM,1120.0,1120.0,1100.0,1120.0,441.2596130371094,120170000,0.0,0.0
2005-09-13,TLKM,1100.0,1100.0,1050.0,1060.0,417.6206970214844,107965000,0.0,0.0
2005-09-14,TLKM,1040.0,1050.0,1010.0,1010.0,397.9216003417969,160237500,0.0,0.0
2005-09-15,TLKM,1010.0,1030.0,990.0,1000.0,393.98175048828125,123292500,0.0,0.0
2005-09-16,TLKM,1010.0,1030.0,1010.0,1030.0,405.8012390136719,74040000,0.0,0.0
2005-09-19,TLKM,1030.0,1060.0,1030.0,1060.0,417.6206970214844,127490000,0.0,0.0
2005-09-20,TLKM,1050.0,1050.0,1010.0,1040.0,409.7410583496094,110680000,0.0,0.0
2005-09-21,TLKM,1030.0,1030.0,1020.0,1020.0,401.86138916015625,118792500,0.0,0.0
2005-09-22,TLKM,1010.0,1020.0,970.0,980.0,386.10211181640625,188150000,0.0,0.0
2005-09-23,TLKM,990.0,1005.0,975.0,985.0,388.0720520019531,120645000,0.0,0.0
2005-09-26,TLKM,995.0,1040.0,995.0,1040.0,409.7410583496094,175392500,0.0,0.0
2005-09-27,TLKM,1040.0,1050.0,1020.0,1040.0,409.7410583496094,58367500,0.0,0.0
2005-09-28,TLKM,1040.0,1040.0,1020.0,1030.0,405.8012390136719,51680000,0.0,0.0
2005-09-29,TLKM,1040.0,1050.0,1030.0,1040.0,409.7410583496094,40087500,0.0,0.0
2005-09-30,TLKM,1070.0,1080.0,1040.0,1070.0,421.5605163574219,213815000,0.0,0.0
2005-10-03,TLKM,1060.0,1080.0,1030.0,1060.0,417.6206970214844,74412500,0.0,0.0
2005-10-04,TLKM,1080.0,1110.0,1070.0,1080.0,425.5002136230469,111667500,0.0,0.0
2005-10-05,TLKM,1080.0,1090.0,1070.0,1080.0,425.5002136230469,74335000,0.0,0.0
2005-10-06,TLKM,1060.0,1080.0,1040.0,1060.0,417.6206970214844,89692500,0.0,0.0
2005-10-07,TLKM,1020.0,1040.0,1010.0,1020.0,401.86138916015625,129562500,0.0,0.0
2005-10-10,TLKM,1040.0,1040.0,1010.0,1040.0,409.7410583496094,76430000,0.0,0.0
2005-10-11,TLKM,1040.0,1040.0,1020.0,1040.0,409.7410583496094,59525000,0.0,0.0
2005-10-12,TLKM,1040.0,1040.0,1030.0,1040.0,409.7410583496094,58775000,0.0,0.0
2005-10-13,TLKM,1020.0,1040.0,1020.0,1020.0,401.86138916015625,39647500,0.0,0.0
2005-10-14,TLKM,1040.0,1060.0,1010.0,1040.0,409.7410583496094,70942500,0.0,0.0
2005-10-17,TLKM,1040.0,1050.0,1030.0,1040.0,409.7410583496094,43922500,0.0,0.0
2005-10-18,TLKM,1070.0,1070.0,1040.0,1070.0,421.5605163574219,51370000,0.0,0.0
2005-10-19,TLKM,1040.0,1060.0,1030.0,1040.0,409.7410583496094,159307500,0.0,0.0
2005-10-20,TLKM,1050.0,1050.0,1020.0,1030.0,405.8012390136719,65602500,0.0,0.0
2005-10-21,TLKM,1030.0,1030.0,1020.0,1030.0,405.8012390136719,107835000,0.0,0.0
2005-10-24,TLKM,1030.0,1030.0,1020.0,1030.0,405.8012390136719,42297500,0.0,0.0
2005-10-25,TLKM,1030.0,1030.0,1000.0,1010.0,397.9216003417969,101735000,0.0,0.0
2005-10-26,TLKM,1010.0,1010.0,1000.0,1010.0,397.9216003417969,113347500,0.0,0.0
2005-10-27,TLKM,1010.0,1020.0,1000.0,1010.0,397.9216003417969,37955000,0.0,0.0
2005-10-28,TLKM,1010.0,1010.0,990.0,1010.0,397.9216003417969,72397500,0.0,0.0
2005-10-31,TLKM,1000.0,1010.0,990.0,1000.0,393.98175048828125,94490000,0.0,0.0
2005-11-01,TLKM,1010.0,1030.0,1000.0,1010.0,397.9216003417969,120357500,0.0,0.0
2005-11-07,TLKM,1010.0,1010.0,1010.0,1010.0,397.9216003417969,0,0.0,0.0
2005-11-08,TLKM,1010.0,1010.0,1010.0,1010.0,397.9216003417969,0,0.0,0.0
2005-11-09,TLKM,1010.0,1020.0,970.0,990.0,390.04193115234375,207817500,0.0,0.0
2005-11-10,TLKM,990.0,995.0,985.0,990.0,390.04193115234375,63140000,0.0,0.0
2005-11-11,TLKM,985.0,1005.0,965.0,985.0,388.0720520019531,122067500,0.0,0.0
2005-11-14,TLKM,995.0,995.0,980.0,995.0,392.0118408203125,108035000,0.0,0.0
2005-11-15,TLKM,1015.0,1015.0,990.0,1015.0,399.8914794921875,69717500,0.0,0.0
2005-11-16,TLKM,1010.0,1020.0,1000.0,1010.0,397.9216003417969,40700000,0.0,0.0
2005-11-17,TLKM,1010.0,1010.0,990.0,1010.0,397.9216003417969,84372500,0.0,0.0
2005-11-18,TLKM,1030.0,1030.0,1010.0,1030.0,405.8012390136719,48582500,0.0,0.0
2005-11-21,TLKM,1040.0,1050.0,1030.0,1040.0,409.7410583496094,86802500,0.0,0.0
2005-11-22,TLKM,1040.0,1050.0,1030.0,1040.0,409.7410583496094,23877500,0.0,0.0
2005-11-23,TLKM,1030.0,1040.0,1020.0,1030.0,405.8012390136719,36540000,0.0,0.0
2005-11-24,TLKM,1060.0,1060.0,1030.0,1060.0,417.6206970214844,102602500,0.0,0.0
2005-11-25,TLKM,1050.0,1070.0,1040.0,1050.0,413.6809387207031,49202500,0.0,0.0
2005-11-28,TLKM,1070.0,1070.0,1050.0,1070.0,421.5605163574219,29167500,0.0,0.0
2005-11-29,TLKM,1070.0,1070.0,1060.0,1070.0,421.5605163574219,48217500,0.0,0.0
2005-11-30,TLKM,1100.0,1100.0,1060.0,1100.0,433.3798828125,100872500,0.0,0.0
2005-12-01,TLKM,1090.0,1100.0,1080.0,1090.0,429.4400939941406,80810000,0.0,0.0
2005-12-02,TLKM,1110.0,1130.0,1100.0,1110.0,437.31982421875,138205000,0.0,0.0
2005-12-05,TLKM,1130.0,1140.0,1110.0,1130.0,445.1993103027344,83407500,0.0,0.0
2005-12-06,TLKM,1120.0,1150.0,1110.0,1120.0,441.2596130371094,121790000,0.0,0.0
2005-12-07,TLKM,1160.0,1190.0,1130.0,1160.0,457.01885986328125,216817500,0.0,0.0
2005-12-08,TLKM,1160.0,1200.0,1160.0,1160.0,457.01885986328125,123595000,0.0,0.0
2005-12-09,TLKM,1170.0,1200.0,1150.0,1170.0,460.9586486816406,89302500,0.0,0.0
2005-12-12,TLKM,1200.0,1250.0,1190.0,1200.0,472.77813720703125,126405000,0.0,0.0
2005-12-13,TLKM,1230.0,1240.0,1200.0,1230.0,484.5974426269531,142257500,0.0,0.0
2005-12-14,TLKM,1210.0,1240.0,1190.0,1210.0,476.7179260253906,91952500,0.0,0.0
2005-12-15,TLKM,1180.0,1210.0,1170.0,1180.0,464.8985290527344,109647500,0.0,0.0
2005-12-16,TLKM,1140.0,1170.0,1130.0,1140.0,449.1391296386719,89197500,0.0,0.0
2005-12-19,TLKM,1200.0,1210.0,1160.0,1200.0,472.77813720703125,171190000,0.0,0.0
2005-12-20,TLKM,1200.0,1220.0,1180.0,1200.0,472.77813720703125,62112500,0.0,0.0
2005-12-21,TLKM,1210.0,1210.0,1190.0,1210.0,476.7179260253906,63852500,0.0,0.0
2005-12-22,TLKM,1200.0,1220.0,1190.0,1210.0,476.7179260253906,70702500,0.0,0.0
2005-12-23,TLKM,1200.0,1200.0,1180.0,1190.0,468.83819580078125,47967500,0.0,0.0
2005-12-26,TLKM,1190.0,1190.0,1190.0,1190.0,468.83819580078125,0,0.0,0.0
2005-12-27,TLKM,1190.0,1190.0,1180.0,1190.0,468.83819580078125,15037500,0.0,0.0
2005-12-28,TLKM,1180.0,1180.0,1170.0,1180.0,464.8985290527344,23317500,0.0,0.0
2005-12-29,TLKM,1180.0,1200.0,1170.0,1180.0,464.8985290527344,52205000,0.0,0.0
2005-12-30,TLKM,1180.0,1180.0,1180.0,1180.0,464.8985290527344,0,0.0,0.0
2006-01-02,TLKM,1220.0,1220.0,1190.0,1220.0,480.65777587890625,22665000,0.0,0.0
2006-01-03,TLKM,1210.0,1250.0,1200.0,1230.0,484.5974426269531,63477500,0.0,0.0
2006-01-04,TLKM,1230.0,1270.0,1230.0,1240.0,488.5374755859375,188270000,0.0,0.0
2006-01-05,TLKM,1240.0,1250.0,1210.0,1210.0,476.7179260253906,40102500,0.0,0.0
2006-01-06,TLKM,1210.0,1220.0,1190.0,1210.0,476.7179260253906,127732500,0.0,0.0
2006-01-09,TLKM,1220.0,1260.0,1210.0,1230.0,484.5974426269531,171552500,0.0,0.0
2006-01-10,TLKM,1230.0,1230.0,1230.0,1230.0,484.5974426269531,0,0.0,0.0
2006-01-11,TLKM,1230.0,1320.0,1230.0,1310.0,516.1161499023438,254795000,0.0,0.0
2006-01-12,TLKM,1310.0,1320.0,1270.0,1280.0,504.2967529296875,173585000,0.0,0.0
2006-01-13,TLKM,1260.0,1270.0,1230.0,1240.0,488.5374755859375,55562500,0.0,0.0
2006-01-16,TLKM,1230.0,1250.0,1210.0,1230.0,484.5974426269531,95342500,0.0,0.0
2006-01-17,TLKM,1220.0,1240.0,1210.0,1230.0,484.5974426269531,58207500,0.0,0.0
2006-01-18,TLKM,1210.0,1230.0,1190.0,1210.0,476.7179260253906,104660000,0.0,0.0
2006-01-19,TLKM,1210.0,1270.0,1210.0,1260.0,496.4169921875,114482500,0.0,0.0
2006-01-20,TLKM,1240.0,1280.0,1230.0,1240.0,488.5374755859375,85590000,0.0,0.0
2006-01-23,TLKM,1210.0,1230.0,1210.0,1220.0,480.65777587890625,58250000,0.0,0.0
2006-01-24,TLKM,1230.0,1240.0,1210.0,1210.0,476.7179260253906,39202500,0.0,0.0
2006-01-25,TLKM,1230.0,1260.0,1230.0,1260.0,496.4169921875,106172500,0.0,0.0
2006-01-26,TLKM,1260.0,1260.0,1230.0,1230.0,484.5974426269531,43302500,0.0,0.0
2006-01-27,TLKM,1250.0,1260.0,1230.0,1250.0,492.4772033691406,82735000,0.0,0.0
2006-01-30,TLKM,1260.0,1280.0,1250.0,1260.0,496.4169921875,93017500,0.0,0.0
2006-01-31,TLKM,1260.0,1260.0,1260.0,1260.0,496.4169921875,0,0.0,0.0
2006-02-01,TLKM,1260.0,1290.0,1260.0,1280.0,504.2967529296875,138262500,0.0,0.0
2006-02-02,TLKM,1290.0,1290.0,1270.0,1270.0,500.3569030761719,48345000,0.0,0.0
2006-02-03,TLKM,1280.0,1290.0,1260.0,1270.0,500.3569030761719,111765000,0.0,0.0
2006-02-06,TLKM,1270.0,1280.0,1260.0,1270.0,500.3569030761719,47917500,0.0,0.0
2006-02-07,TLKM,1280.0,1280.0,1270.0,1270.0,500.3569030761719,62370000,0.0,0.0
2006-02-08,TLKM,1250.0,1250.0,1220.0,1220.0,480.65777587890625,92862500,0.0,0.0
2006-02-09,TLKM,1230.0,1250.0,1220.0,1240.0,488.5374755859375,67185000,0.0,0.0
2006-02-10,TLKM,1240.0,1250.0,1230.0,1230.0,484.5974426269531,63370000,0.0,0.0
2006-02-13,TLKM,1230.0,1230.0,1220.0,1220.0,480.65777587890625,21177500,0.0,0.0
2006-02-14,TLKM,1210.0,1220.0,1190.0,1190.0,468.83819580078125,159977500,0.0,0.0
2006-02-15,TLKM,1200.0,1220.0,1200.0,1220.0,480.65777587890625,105570000,0.0,0.0
2006-02-16,TLKM,1220.0,1240.0,1210.0,1220.0,480.65777587890625,61615000,0.0,0.0
2006-02-17,TLKM,1240.0,1240.0,1220.0,1240.0,488.5374755859375,61695000,0.0,0.0
2006-02-20,TLKM,1240.0,1260.0,1240.0,1250.0,492.4772033691406,85467500,0.0,0.0
2006-02-21,TLKM,1230.0,1230.0,1210.0,1230.0,484.5974426269531,96247500,0.0,0.0
2006-02-22,TLKM,1220.0,1220.0,1190.0,1220.0,480.65777587890625,112600000,0.0,0.0
2006-02-23,TLKM,1220.0,1220.0,1190.0,1210.0,476.7179260253906,166160000,0.0,0.0
2006-02-24,TLKM,1230.0,1230.0,1210.0,1230.0,484.5974426269531,47345000,0.0,0.0
2006-02-27,TLKM,1230.0,1280.0,1230.0,1250.0,492.4772033691406,131652500,0.0,0.0
2006-02-28,TLKM,1250.0,1260.0,1240.0,1240.0,488.5374755859375,79817500,0.0,0.0
2006-03-01,TLKM,1220.0,1260.0,1220.0,1260.0,496.4169921875,90897500,0.0,0.0
2006-03-02,TLKM,1260.0,1290.0,1260.0,1280.0,504.2967529296875,112715000,0.0,0.0
2006-03-03,TLKM,1280.0,1300.0,1270.0,1290.0,508.236328125,41355000,0.0,0.0
2006-03-06,TLKM,1270.0,1280.0,1240.0,1250.0,492.4772033691406,52280000,0.0,0.0
2006-03-07,TLKM,1250.0,1260.0,1240.0,1240.0,488.5374755859375,67920000,0.0,0.0
2006-03-08,TLKM,1220.0,1250.0,1210.0,1250.0,492.4772033691406,157870000,0.0,0.0
2006-03-09,TLKM,1250.0,1250.0,1230.0,1250.0,492.4772033691406,30415000,0.0,0.0
2006-03-10,TLKM,1250.0,1260.0,1240.0,1250.0,492.4772033691406,20915000,0.0,0.0
2006-03-13,TLKM,1250.0,1250.0,1240.0,1250.0,492.4772033691406,25200000,0.0,0.0
2006-03-14,TLKM,1250.0,1240.0,1230.0,1240.0,488.5374755859375,44685000,0.0,0.0
2006-03-15,TLKM,1240.0,1250.0,1230.0,1240.0,488.5374755859375,54100000,0.0,0.0
2006-03-16,TLKM,1280.0,1280.0,1250.0,1280.0,504.2967529296875,97832500,0.0,0.0
2006-03-17,TLKM,1280.0,1370.0,1280.0,1350.0,531.8753662109375,248335000,0.0,0.0
2006-03-20,TLKM,1400.0,1440.0,1360.0,1400.0,551.5744018554688,228522500,0.0,0.0
2006-03-21,TLKM,1400.0,1410.0,1370.0,1370.0,539.7550659179688,108352500,0.0,0.0
2006-03-22,TLKM,1350.0,1370.0,1350.0,1350.0,531.8753662109375,57942500,0.0,0.0
2006-03-23,TLKM,1350.0,1410.0,1360.0,1390.0,547.6346435546875,109512500,0.0,0.0
2006-03-24,TLKM,1390.0,1440.0,1390.0,1390.0,547.6346435546875,102137500,0.0,0.0
2006-03-27,TLKM,1390.0,1390.0,1370.0,1390.0,547.6346435546875,110040000,0.0,0.0
2006-03-28,TLKM,1390.0,1420.0,1390.0,1390.0,547.6346435546875,82037500,0.0,0.0
2006-03-29,TLKM,1380.0,1420.0,1380.0,1380.0,543.69482421875,106655000,0.0,0.0
2006-03-30,TLKM,1380.0,1380.0,1380.0,1380.0,543.69482421875,0,0.0,0.0
2006-03-31,TLKM,1380.0,1380.0,1380.0,1380.0,543.69482421875,0,0.0,0.0
2006-04-03,TLKM,1390.0,1400.0,1370.0,1390.0,547.6346435546875,109107500,0.0,0.0
2006-04-04,TLKM,1380.0,1390.0,1380.0,1380.0,543.69482421875,67440000,0.0,0.0
2006-04-05,TLKM,1390.0,1400.0,1390.0,1390.0,547.6346435546875,41282500,0.0,0.0
2006-04-06,TLKM,1400.0,1420.0,1400.0,1400.0,551.5744018554688,96305000,0.0,0.0
2006-04-07,TLKM,1390.0,1400.0,1380.0,1390.0,547.6346435546875,95912500,0.0,0.0
2006-04-10,TLKM,1390.0,1390.0,1390.0,1390.0,547.6346435546875,0,0.0,0.0
2006-04-11,TLKM,1400.0,1410.0,1390.0,1400.0,551.5744018554688,119600000,0.0,0.0
2006-04-12,TLKM,1450.0,1460.0,1400.0,1450.0,571.2734985351562,147642500,0.0,0.0
2006-04-13,TLKM,1440.0,1470.0,1430.0,1440.0,567.3336181640625,130172500,0.0,0.0
2006-04-14,TLKM,1440.0,1440.0,1440.0,1440.0,567.3336181640625,0,0.0,0.0
2006-04-17,TLKM,1460.0,1470.0,1450.0,1460.0,575.2135009765625,15227500,0.0,0.0
2006-04-18,TLKM,1490.0,1510.0,1460.0,1490.0,587.0327758789062,84800000,0.0,0.0
2006-04-19,TLKM,1520.0,1560.0,1490.0,1520.0,598.8524169921875,132272500,0.0,0.0
2006-04-20,TLKM,1550.0,1600.0,1510.0,1550.0,610.6716918945312,100732500,0.0,0.0
2006-04-21,TLKM,1530.0,1550.0,1500.0,1530.0,602.7921142578125,65227500,0.0,0.0
2006-04-24,TLKM,1530.0,1520.0,1470.0,1490.0,587.0327758789062,106245000,0.0,0.0
2006-04-25,TLKM,1510.0,1510.0,1470.0,1510.0,594.912353515625,49655000,0.0,0.0
2006-04-26,TLKM,1530.0,1540.0,1510.0,1530.0,602.7921142578125,50827500,0.0,0.0
2006-04-27,TLKM,1520.0,1550.0,1510.0,1520.0,598.8524169921875,80895000,0.0,0.0
2006-04-28,TLKM,1520.0,1520.0,1480.0,1510.0,594.912353515625,99812500,0.0,0.0
2006-05-01,TLKM,1540.0,1550.0,1520.0,1540.0,606.73193359375,88447500,0.0,0.0
2006-05-02,TLKM,1540.0,1580.0,1510.0,1530.0,602.7921142578125,126777500,0.0,0.0
2006-05-03,TLKM,1560.0,1570.0,1540.0,1560.0,614.6115112304688,249380000,0.0,0.0
2006-05-04,TLKM,1520.0,1570.0,1510.0,1520.0,598.8524169921875,209065000,0.0,0.0
2006-05-05,TLKM,1520.0,1520.0,1470.0,1510.0,594.912353515625,141060000,0.0,0.0
2006-05-08,TLKM,1560.0,1560.0,1520.0,1560.0,614.6115112304688,165755000,0.0,0.0
2006-05-09,TLKM,1570.0,1680.0,1570.0,1650.0,650.0698852539062,232432500,0.0,0.0
2006-05-10,TLKM,1680.0,1700.0,1660.0,1680.0,661.8894653320312,80720000,0.0,0.0
2006-05-11,TLKM,1660.0,1680.0,1650.0,1660.0,654.0098876953125,52885000,0.0,0.0
2006-05-12,TLKM,1650.0,1670.0,1620.0,1650.0,650.0698852539062,109472500,0.0,0.0
2006-05-15,TLKM,1600.0,1640.0,1590.0,1600.0,630.3707275390625,163642500,0.0,0.0
2006-05-16,TLKM,1590.0,1610.0,1480.0,1590.0,626.4310913085938,201887500,0.0,0.0
2006-05-17,TLKM,1580.0,1660.0,1570.0,1580.0,622.4913330078125,327955000,0.0,0.0
2006-05-18,TLKM,1530.0,1530.0,1470.0,1510.0,594.912353515625,232210000,0.0,0.0
2006-05-19,TLKM,1500.0,1520.0,1480.0,1510.0,594.912353515625,218665000,0.0,0.0
2006-05-22,TLKM,1440.0,1530.0,1430.0,1440.0,567.3336181640625,165647500,0.0,0.0
2006-05-23,TLKM,1440.0,1450.0,1360.0,1440.0,567.3336181640625,369375000,0.0,0.0
2006-05-24,TLKM,1420.0,1470.0,1400.0,1420.0,559.4542236328125,235432500,0.0,0.0
2006-05-25,TLKM,1420.0,1420.0,1420.0,1420.0,559.4542236328125,0,0.0,0.0
2006-05-26,TLKM,1420.0,1420.0,1420.0,1420.0,559.4542236328125,0,0.0,0.0
2006-05-29,TLKM,1440.0,1490.0,1440.0,1470.0,579.1531372070312,197197500,0.0,0.0
2006-05-30,TLKM,1480.0,1500.0,1470.0,1480.0,583.093017578125,48945000,0.0,0.0
2006-05-31,TLKM,1410.0,1440.0,1400.0,1410.0,555.5142822265625,174300000,0.0,0.0
2006-06-01,TLKM,1440.0,1460.0,1410.0,1440.0,567.3336181640625,105927500,0.0,0.0
2006-06-02,TLKM,1500.0,1500.0,1430.0,1500.0,590.9727172851562,94532500,0.0,0.0
2006-06-05,TLKM,1530.0,1540.0,1500.0,1530.0,602.7921142578125,86662500,0.0,0.0
2006-06-06,TLKM,1450.0,1490.0,1440.0,1450.0,571.2734985351562,86035000,0.0,0.0
2006-06-07,TLKM,1410.0,1430.0,1400.0,1410.0,555.5142822265625,97600000,0.0,0.0
2006-06-08,TLKM,1350.0,1380.0,1350.0,1350.0,531.8753662109375,167967500,0.0,0.0
2006-06-09,TLKM,1410.0,1410.0,1360.0,1410.0,555.5142822265625,173485000,0.0,0.0
2006-06-12,TLKM,1390.0,1390.0,1360.0,1390.0,547.6346435546875,85582500,0.0,0.0
2006-06-13,TLKM,1350.0,1370.0,1330.0,1350.0,531.8753662109375,172952500,0.0,0.0
2006-06-14,TLKM,1350.0,1390.0,1340.0,1350.0,531.8753662109375,94732500,0.0,0.0
2006-06-15,TLKM,1360.0,1400.0,1350.0,1360.0,535.8152465820312,158182500,0.0,0.0
2006-06-16,TLKM,1410.0,1510.0,1410.0,1500.0,590.9727172851562,254850000,0.0,0.0
2006-06-19,TLKM,1490.0,1500.0,1460.0,1490.0,587.0327758789062,53205000,0.0,0.0
2006-06-20,TLKM,1480.0,1490.0,1450.0,1480.0,583.093017578125,166275000,0.0,0.0
2006-06-21,TLKM,1480.0,1500.0,1470.0,1480.0,583.093017578125,60822500,0.0,0.0
2006-06-22,TLKM,1500.0,1530.0,1490.0,1500.0,590.9727172851562,107627500,0.0,0.0
2006-06-23,TLKM,1450.0,1480.0,1440.0,1450.0,571.2734985351562,61155000,0.0,0.0
2006-06-26,TLKM,1450.0,1460.0,1440.0,1450.0,571.2734985351562,27265000,0.0,0.0
2006-06-27,TLKM,1430.0,1450.0,1410.0,1430.0,563.3939819335938,132327500,0.0,0.0
2006-06-28,TLKM,1410.0,1420.0,1400.0,1410.0,555.5142822265625,138290000,0.0,0.0
2006-06-29,TLKM,1410.0,1410.0,1380.0,1390.0,547.6346435546875,113402500,0.0,0.0
2006-06-30,TLKM,1470.0,1490.0,1450.0,1470.0,579.1531372070312,178420000,0.0,0.0
2006-07-03,TLKM,1460.0,1470.0,1440.0,1460.0,575.2135009765625,110562500,0.0,0.0
2006-07-04,TLKM,1480.0,1500.0,1470.0,1480.0,583.093017578125,93432500,0.0,0.0
2006-07-05,TLKM,1470.0,1490.0,1470.0,1470.0,579.1531372070312,32527500,0.0,0.0
2006-07-06,TLKM,1490.0,1490.0,1440.0,1490.0,587.0327758789062,66815000,0.0,0.0
2006-07-07,TLKM,1480.0,1500.0,1470.0,1480.0,583.093017578125,75882500,0.0,0.0
2006-07-10,TLKM,1450.0,1480.0,1450.0,1450.0,571.2734985351562,95840000,0.0,0.0
2006-07-11,TLKM,1460.0,1470.0,1450.0,1460.0,575.2135009765625,30905000,0.0,0.0
2006-07-12,TLKM,1460.0,1470.0,1450.0,1460.0,575.2135009765625,25527500,0.0,0.0
2006-07-13,TLKM,1480.0,1490.0,1450.0,1480.0,583.093017578125,79087500,0.0,0.0
2006-07-14,TLKM,1420.0,1440.0,1400.0,1420.0,559.4542236328125,156380000,0.0,0.0
2006-07-17,TLKM,1420.0,1450.0,1400.0,1430.0,563.3939819335938,83565000,0.0,0.0
2006-07-18,TLKM,1440.0,1450.0,1430.0,1440.0,567.3336181640625,40625000,0.0,0.0
2006-07-19,TLKM,1450.0,1460.0,1420.0,1430.0,563.3939819335938,79155000,0.0,0.0
2006-07-20,TLKM,1490.0,1490.0,1460.0,1490.0,587.0327758789062,134965000,0.0,0.0
2006-07-21,TLKM,1460.0,1490.0,1450.0,1480.0,583.093017578125,121882500,0.0,0.0
2006-07-24,TLKM,1480.0,1480.0,1430.0,1480.0,600.8598022460938,108042500,43.7622,0.0
2006-07-25,TLKM,1470.0,1490.0,1460.0,1470.0,596.7998657226562,80055000,0.0,0.0
2006-07-26,TLKM,1470.0,1480.0,1450.0,1460.0,592.740234375,38785000,0.0,0.0
2006-07-27,TLKM,1460.0,1470.0,1450.0,1460.0,592.740234375,94265000,0.0,0.0
2006-07-28,TLKM,1480.0,1490.0,1470.0,1480.0,600.8598022460938,90702500,0.0,0.0
2006-07-31,TLKM,1490.0,1510.0,1480.0,1490.0,604.919677734375,100757500,0.0,0.0
2006-08-01,TLKM,1530.0,1550.0,1490.0,1530.0,621.1591796875,138122500,0.0,0.0
2006-08-02,TLKM,1590.0,1600.0,1520.0,1590.0,645.5184936523438,142460000,0.0,0.0
2006-08-03,TLKM,1560.0,1610.0,1560.0,1560.0,633.3388061523438,108802500,0.0,0.0
2006-08-04,TLKM,1580.0,1580.0,1560.0,1580.0,641.4586181640625,44767500,0.0,0.0
2006-08-07,TLKM,1610.0,1630.0,1580.0,1610.0,653.6383056640625,82072500,0.0,0.0
2006-08-08,TLKM,1580.0,1610.0,1570.0,1580.0,641.4586181640625,45305000,0.0,0.0
2006-08-09,TLKM,1590.0,1600.0,1560.0,1590.0,645.5184936523438,53377500,0.0,0.0
2006-08-10,TLKM,1550.0,1600.0,1540.0,1550.0,629.2788696289062,48362500,0.0,0.0
2006-08-11,TLKM,1600.0,1610.0,1570.0,1600.0,649.5780639648438,49792500,0.0,0.0
2006-08-14,TLKM,1600.0,1610.0,1590.0,1600.0,649.5780639648438,49072500,0.0,0.0
2006-08-15,TLKM,1590.0,1600.0,1580.0,1590.0,645.5184936523438,23967500,0.0,0.0
2006-08-16,TLKM,1600.0,1630.0,1590.0,1600.0,649.5780639648438,80077500,0.0,0.0
2006-08-17,TLKM,1600.0,1600.0,1600.0,1600.0,649.5780639648438,0,0.0,0.0
2006-08-18,TLKM,1600.0,1600.0,1600.0,1600.0,649.5780639648438,0,0.0,0.0
2006-08-21,TLKM,1600.0,1600.0,1600.0,1600.0,649.5780639648438,0,0.0,0.0
2006-08-22,TLKM,1600.0,1610.0,1580.0,1600.0,649.5780639648438,127787500,0.0,0.0
2006-08-23,TLKM,1590.0,1590.0,1580.0,1580.0,641.4586181640625,35865000,0.0,0.0
2006-08-24,TLKM,1580.0,1580.0,1570.0,1580.0,641.4586181640625,46907500,0.0,0.0
2006-08-25,TLKM,1560.0,1580.0,1560.0,1560.0,633.3388061523438,50427500,0.0,0.0
2006-08-28,TLKM,1570.0,1590.0,1570.0,1570.0,637.3985595703125,30125000,0.0,0.0
2006-08-29,TLKM,1600.0,1600.0,1580.0,1600.0,649.5780639648438,50182500,0.0,0.0
2006-08-30,TLKM,1580.0,1620.0,1580.0,1580.0,641.4586181640625,57395000,0.0,0.0
2006-08-31,TLKM,1580.0,1600.0,1560.0,1580.0,641.4586181640625,77757500,0.0,0.0
2006-09-01,TLKM,1570.0,1580.0,1570.0,1570.0,637.3985595703125,42950000,0.0,0.0
2006-09-04,TLKM,1620.0,1630.0,1600.0,1620.0,657.6979370117188,70232500,0.0,0.0
2006-09-05,TLKM,1610.0,1630.0,1600.0,1610.0,653.6383056640625,29897500,0.0,0.0
2006-09-06,TLKM,1620.0,1640.0,1610.0,1620.0,657.6979370117188,77147500,0.0,0.0
2006-09-07,TLKM,1600.0,1610.0,1580.0,1600.0,649.5780639648438,89475000,0.0,0.0
2006-09-08,TLKM,1590.0,1600.0,1570.0,1590.0,645.5184936523438,80727500,0.0,0.0
2006-09-11,TLKM,1570.0,1590.0,1560.0,1570.0,637.3985595703125,91622500,0.0,0.0
2006-09-12,TLKM,1540.0,1570.0,1530.0,1540.0,625.2190551757812,114185000,0.0,0.0
2006-09-13,TLKM,1560.0,1570.0,1550.0,1560.0,633.3388061523438,58385000,0.0,0.0
2006-09-14,TLKM,1580.0,1590.0,1570.0,1580.0,641.4586181640625,35270000,0.0,0.0
2006-09-15,TLKM,1610.0,1620.0,1580.0,1610.0,653.6383056640625,123910000,0.0,0.0
2006-09-18,TLKM,1610.0,1650.0,1600.0,1640.0,665.8175659179688,109022500,0.0,0.0
2006-09-19,TLKM,1670.0,1680.0,1640.0,1670.0,677.997314453125,77475000,0.0,0.0
2006-09-20,TLKM,1650.0,1660.0,1640.0,1650.0,669.8775024414062,110030000,0.0,0.0
2006-09-21,TLKM,1660.0,1660.0,1620.0,1660.0,673.9374389648438,81850000,0.0,0.0
2006-09-22,TLKM,1640.0,1660.0,1630.0,1640.0,665.8175659179688,63947500,0.0,0.0
2006-09-25,TLKM,1630.0,1630.0,1620.0,1630.0,661.7577514648438,18020000,0.0,0.0
2006-09-26,TLKM,1630.0,1650.0,1610.0,1630.0,661.7577514648438,62265000,0.0,0.0
2006-09-27,TLKM,1670.0,1670.0,1650.0,1670.0,677.997314453125,58997500,0.0,0.0
2006-09-28,TLKM,1690.0,1690.0,1670.0,1690.0,686.1171264648438,83722500,0.0,0.0
2006-09-29,TLKM,1690.0,1690.0,1670.0,1690.0,686.1171264648438,29947500,0.0,0.0
2006-10-02,TLKM,1680.0,1680.0,1660.0,1680.0,682.05712890625,30047500,0.0,0.0
2006-10-03,TLKM,1680.0,1680.0,1650.0,1680.0,682.05712890625,48292500,0.0,0.0
2006-10-04,TLKM,1690.0,1700.0,1640.0,1690.0,686.1171264648438,76745000,0.0,0.0
2006-10-05,TLKM,1680.0,1700.0,1660.0,1680.0,682.05712890625,43862500,0.0,0.0
2006-10-06,TLKM,1690.0,1720.0,1680.0,1690.0,686.1171264648438,106487500,0.0,0.0
2006-10-09,TLKM,1680.0,1690.0,1650.0,1680.0,682.05712890625,75382500,0.0,0.0
2006-10-10,TLKM,1660.0,1680.0,1650.0,1660.0,673.9374389648438,48142500,0.0,0.0
2006-10-11,TLKM,1650.0,1670.0,1640.0,1650.0,669.8775024414062,80385000,0.0,0.0
2006-10-12,TLKM,1640.0,1650.0,1630.0,1640.0,665.8175659179688,54890000,0.0,0.0
2006-10-13,TLKM,1650.0,1670.0,1640.0,1650.0,669.8775024414062,82652500,0.0,0.0
2006-10-16,TLKM,1640.0,1670.0,1640.0,1640.0,665.8175659179688,71845000,0.0,0.0
2006-10-17,TLKM,1650.0,1660.0,1640.0,1650.0,669.8775024414062,33190000,0.0,0.0
2006-10-18,TLKM,1660.0,1660.0,1640.0,1660.0,673.9374389648438,19685000,0.0,0.0
2006-10-19,TLKM,1670.0,1670.0,1660.0,1670.0,677.997314453125,40777500,0.0,0.0
2006-10-20,TLKM,1670.0,1670.0,1650.0,1670.0,677.997314453125,46790000,0.0,0.0
2006-10-23,TLKM,1670.0,1670.0,1670.0,1670.0,677.997314453125,0,0.0,0.0
2006-10-24,TLKM,1670.0,1670.0,1670.0,1670.0,677.997314453125,0,0.0,0.0
2006-10-25,TLKM,1670.0,1670.0,1670.0,1670.0,677.997314453125,0,0.0,0.0
2006-10-26,TLKM,1670.0,1670.0,1670.0,1670.0,677.997314453125,0,0.0,0.0
2006-10-27,TLKM,1670.0,1670.0,1670.0,1670.0,677.997314453125,0,0.0,0.0
2006-10-30,TLKM,1660.0,1680.0,1650.0,1660.0,673.9374389648438,188387500,0.0,0.0
2006-10-31,TLKM,1680.0,1680.0,1640.0,1680.0,682.05712890625,122037500,0.0,0.0
2006-11-01,TLKM,1690.0,1710.0,1670.0,1700.0,690.1768188476562,189875000,0.0,0.0
2006-11-02,TLKM,1710.0,1720.0,1680.0,1710.0,694.23681640625,145260000,0.0,0.0
2006-11-03,TLKM,1700.0,1720.0,1700.0,1700.0,690.1768188476562,68742500,0.0,0.0
2006-11-06,TLKM,1770.0,1790.0,1700.0,1770.0,718.5958251953125,153592500,0.0,0.0
2006-11-07,TLKM,1820.0,1830.0,1800.0,1820.0,738.8953247070312,93215000,0.0,0.0
2006-11-08,TLKM,1810.0,1840.0,1800.0,1810.0,734.8353881835938,81432500,0.0,0.0
2006-11-09,TLKM,1840.0,1860.0,1810.0,1840.0,747.014892578125,81432500,0.0,0.0
2006-11-10,TLKM,1880.0,1890.0,1850.0,1880.0,763.2544555664062,71322500,0.0,0.0
2006-11-13,TLKM,1840.0,1880.0,1840.0,1840.0,747.014892578125,33997500,0.0,0.0
2006-11-14,TLKM,1920.0,1940.0,1850.0,1920.0,779.4938354492188,124927500,0.0,0.0
2006-11-15,TLKM,1910.0,1950.0,1900.0,1910.0,775.4339599609375,91165000,0.0,0.0
2006-11-16,TLKM,1890.0,1920.0,1880.0,1890.0,767.3142700195312,68840000,0.0,0.0
2006-11-17,TLKM,1870.0,1890.0,1860.0,1870.0,759.1943969726562,93207500,0.0,0.0
2006-11-20,TLKM,1910.0,1920.0,1870.0,1910.0,775.4339599609375,177177500,0.0,0.0
2006-11-21,TLKM,1910.0,1910.0,1890.0,1890.0,767.3142700195312,133735000,0.0,0.0
2006-11-22,TLKM,1940.0,1940.0,1910.0,1940.0,787.6134643554688,52745000,0.0,0.0
2006-11-23,TLKM,1920.0,1960.0,1910.0,1920.0,779.4938354492188,28942500,0.0,0.0
2006-11-24,TLKM,1970.0,1980.0,1920.0,1970.0,799.7931518554688,55110000,0.0,0.0
2006-11-27,TLKM,2000.0,2010.0,1970.0,2000.0,811.972900390625,80955000,0.0,0.0
2006-11-28,TLKM,1950.0,1980.0,1940.0,1950.0,791.6735229492188,79175000,0.0,0.0
2006-11-29,TLKM,1970.0,1970.0,1950.0,1970.0,799.7931518554688,91265000,0.0,0.0
2006-11-30,TLKM,1980.0,2000.0,1960.0,1980.0,803.85302734375,108440000,0.0,0.0
2006-12-01,TLKM,1980.0,2000.0,1980.0,1980.0,803.85302734375,42517500,0.0,0.0
2006-12-04,TLKM,2000.0,2010.0,1980.0,2000.0,811.972900390625,110532500,0.0,0.0
2006-12-05,TLKM,2100.0,2120.0,2020.0,2100.0,852.571533203125,113215000,0.0,0.0
2006-12-06,TLKM,2110.0,2170.0,2100.0,2110.0,856.63134765625,189230000,0.0,0.0
2006-12-07,TLKM,2090.0,2110.0,2080.0,2090.0,848.5116577148438,112982500,0.0,0.0
2006-12-08,TLKM,2060.0,2100.0,2060.0,2060.0,836.3319702148438,112787500,0.0,0.0
2006-12-11,TLKM,2000.0,2060.0,1990.0,2000.0,811.972900390625,211562500,0.0,0.0
2006-12-12,TLKM,1940.0,1990.0,1920.0,1940.0,787.6134643554688,205947500,0.0,0.0
2006-12-13,TLKM,1940.0,1940.0,1910.0,1940.0,787.6134643554688,125470000,0.0,0.0
2006-12-14,TLKM,1980.0,1980.0,1940.0,1980.0,803.85302734375,131352500,0.0,0.0
2006-12-15,TLKM,2010.0,2060.0,2010.0,2050.0,832.2720336914062,182852500,0.0,0.0
2006-12-18,TLKM,2000.0,2060.0,1970.0,2000.0,811.972900390625,194985000,0.0,0.0
2006-12-19,TLKM,1970.0,2000.0,1930.0,1970.0,799.7931518554688,245800000,0.0,0.0
2006-12-20,TLKM,1990.0,2020.0,1990.0,1990.0,807.9129028320312,102292500,0.0,0.0
2006-12-21,TLKM,2010.0,2010.0,1990.0,2010.0,816.0326538085938,138247500,0.0,0.0
2006-12-22,TLKM,1980.0,2000.0,1970.0,1980.0,807.7470703125,66830000,9.69,0.0
2006-12-26,TLKM,1980.0,2000.0,1970.0,1980.0,807.7470703125,21370000,0.0,0.0
2006-12-27,TLKM,2000.0,2010.0,1990.0,2000.0,815.9063110351562,48075000,0.0,0.0
2006-12-28,TLKM,2030.0,2030.0,2000.0,2020.0,824.065185546875,113320000,0.0,0.0
2006-12-29,TLKM,2020.0,2030.0,2000.0,2020.0,824.065185546875,113320000,0.0,0.0
2007-01-02,TLKM,2070.0,2070.0,2040.0,2070.0,844.4628295898438,115235000,0.0,0.0
2007-01-03,TLKM,2070.0,2080.0,2050.0,2070.0,844.4628295898438,72295000,0.0,0.0
2007-01-04,TLKM,2030.0,2090.0,2030.0,2030.0,828.144775390625,80587500,0.0,0.0
2007-01-05,TLKM,2030.0,2030.0,2010.0,2030.0,828.144775390625,54030000,0.0,0.0
2007-01-08,TLKM,2000.0,2020.0,2000.0,2000.0,815.9063110351562,32652500,0.0,0.0
2007-01-09,TLKM,1990.0,2030.0,1990.0,1990.0,811.82666015625,68312500,0.0,0.0
2007-01-10,TLKM,1970.0,1980.0,1920.0,1940.0,791.4288940429688,145862500,0.0,0.0
2007-01-11,TLKM,1950.0,1960.0,1910.0,1930.0,787.349609375,81902500,0.0,0.0
2007-01-12,TLKM,1920.0,1960.0,1860.0,1920.0,783.2698974609375,245777500,0.0,0.0
2007-01-15,TLKM,1970.0,1980.0,1940.0,1970.0,803.6676025390625,127295000,0.0,0.0
2007-01-16,TLKM,1980.0,1990.0,1970.0,1980.0,807.7470703125,82660000,0.0,0.0
2007-01-17,TLKM,1980.0,2000.0,1980.0,1980.0,807.7470703125,51060000,0.0,0.0
2007-01-18,TLKM,1980.0,2000.0,1980.0,1980.0,807.7470703125,45422500,0.0,0.0
2007-01-19,TLKM,2030.0,2030.0,1980.0,2030.0,828.144775390625,100987500,0.0,0.0
2007-01-22,TLKM,2030.0,2050.0,2010.0,2030.0,828.144775390625,71645000,0.0,0.0
2007-01-23,TLKM,2000.0,2030.0,1990.0,2000.0,815.9063110351562,36275000,0.0,0.0
2007-01-24,TLKM,1990.0,2010.0,1970.0,1990.0,811.82666015625,53297500,0.0,0.0
2007-01-25,TLKM,1950.0,1980.0,1910.0,1950.0,795.5086059570312,167312500,0.0,0.0
2007-01-26,TLKM,1920.0,1920.0,1880.0,1910.0,779.1903076171875,162115000,0.0,0.0
2007-01-29,TLKM,1930.0,1940.0,1910.0,1930.0,787.349609375,75975000,0.0,0.0
2007-01-30,TLKM,1910.0,1940.0,1890.0,1910.0,779.1903076171875,102025000,0.0,0.0
2007-01-31,TLKM,1890.0,1920.0,1880.0,1890.0,771.0313720703125,144560000,0.0,0.0
2007-02-01,TLKM,1910.0,1920.0,1890.0,1910.0,779.1903076171875,112895000,0.0,0.0
2007-02-02,TLKM,1910.0,1920.0,1940.0,1910.0,779.1903076171875,96220000,0.0,0.0
2007-02-05,TLKM,1910.0,1910.0,1890.0,1910.0,779.1903076171875,54545000,0.0,0.0
2007-02-06,TLKM,1890.0,1900.0,1880.0,1890.0,771.0313720703125,39287500,0.0,0.0
2007-02-07,TLKM,1870.0,1890.0,1860.0,1870.0,762.8721313476562,128965000,0.0,0.0
2007-02-08,TLKM,1860.0,1860.0,1810.0,1860.0,758.7926025390625,188895000,0.0,0.0
2007-02-09,TLKM,1840.0,1840.0,1810.0,1820.0,742.4747314453125,133475000,0.0,0.0
2007-02-12,TLKM,1810.0,1830.0,1780.0,1810.0,738.3950805664062,117820000,0.0,0.0
2007-02-13,TLKM,1790.0,1820.0,1780.0,1790.0,730.2360229492188,71117500,0.0,0.0
2007-02-14,TLKM,1850.0,1870.0,1830.0,1850.0,754.7132568359375,254550000,0.0,0.0
2007-02-15,TLKM,1900.0,1920.0,1890.0,1900.0,775.1109619140625,152835000,0.0,0.0
2007-02-16,TLKM,1920.0,1950.0,1910.0,1930.0,787.349609375,167342500,0.0,0.0
2007-02-19,TLKM,1930.0,1940.0,1920.0,1930.0,787.349609375,22302500,0.0,0.0
2007-02-20,TLKM,1930.0,1930.0,1910.0,1930.0,787.349609375,43342500,0.0,0.0
2007-02-21,TLKM,1940.0,1940.0,1910.0,1940.0,791.4288940429688,46720000,0.0,0.0
2007-02-22,TLKM,1930.0,1950.0,1900.0,1920.0,783.2698974609375,68597500,0.0,0.0
2007-02-23,TLKM,1860.0,1920.0,1860.0,1860.0,758.7926025390625,104440000,0.0,0.0
2007-02-26,TLKM,1840.0,1860.0,1820.0,1840.0,750.6336059570312,72825000,0.0,0.0
2007-02-27,TLKM,1820.0,1860.0,1820.0,1820.0,742.4747314453125,92915000,0.0,0.0
2007-02-28,TLKM,1780.0,1800.0,1710.0,1780.0,726.1565551757812,398190000,0.0,0.0
2007-03-01,TLKM,1850.0,1870.0,1830.0,1850.0,754.7132568359375,255862500,0.0,0.0
2007-03-02,TLKM,1870.0,1870.0,1830.0,1870.0,762.8721313476562,74437500,0.0,0.0
2007-03-05,TLKM,1800.0,1830.0,1790.0,1800.0,734.3155517578125,119467500,0.0,0.0
2007-03-06,TLKM,1850.0,1860.0,1790.0,1850.0,754.7132568359375,91640000,0.0,0.0
2007-03-07,TLKM,1850.0,1880.0,1840.0,1850.0,754.7132568359375,79557500,0.0,0.0
2007-03-08,TLKM,1840.0,1860.0,1840.0,1860.0,758.7926025390625,47380000,0.0,0.0
2007-03-09,TLKM,1840.0,1870.0,1830.0,1840.0,750.6336059570312,50887500,0.0,0.0
2007-03-12,TLKM,1880.0,1890.0,1850.0,1880.0,766.951904296875,88205000,0.0,0.0
2007-03-13,TLKM,1880.0,1890.0,1870.0,1880.0,766.951904296875,67700000,0.0,0.0
2007-03-14,TLKM,1840.0,1870.0,1830.0,1840.0,750.6336059570312,96100000,0.0,0.0
2007-03-15,TLKM,1870.0,1870.0,1840.0,1870.0,762.8721313476562,60237500,0.0,0.0
2007-03-16,TLKM,1860.0,1880.0,1850.0,1860.0,758.7926025390625,32045000,0.0,0.0
2007-03-20,TLKM,1900.0,1900.0,1870.0,1900.0,775.1109619140625,58877500,0.0,0.0
2007-03-21,TLKM,1860.0,1900.0,1850.0,1860.0,758.7926025390625,50930000,0.0,0.0
2007-03-22,TLKM,1910.0,1910.0,1880.0,1910.0,779.1903076171875,126797500,0.0,0.0
2007-03-23,TLKM,1920.0,1930.0,1900.0,1920.0,783.2698974609375,76317500,0.0,0.0
2007-03-26,TLKM,1940.0,1940.0,1910.0,1940.0,791.4288940429688,89827500,0.0,0.0
2007-03-27,TLKM,1960.0,1970.0,1940.0,1960.0,799.5880126953125,106120000,0.0,0.0
2007-03-28,TLKM,1940.0,1940.0,1930.0,1940.0,791.4288940429688,43050000,0.0,0.0
2007-03-29,TLKM,1930.0,1950.0,1910.0,1930.0,787.349609375,41487500,0.0,0.0
2007-03-30,TLKM,1970.0,1980.0,1950.0,1970.0,803.6676025390625,109387500,0.0,0.0
2007-04-02,TLKM,1980.0,2000.0,1970.0,1980.0,807.7470703125,80462500,0.0,0.0
2007-04-03,TLKM,2000.0,2020.0,1990.0,2000.0,815.9063110351562,102885000,0.0,0.0
2007-04-04,TLKM,2040.0,2050.0,2020.0,2040.0,832.2242431640625,167167500,0.0,0.0
2007-04-05,TLKM,2020.0,2050.0,2010.0,2020.0,824.065185546875,87732500,0.0,0.0
2007-04-09,TLKM,2040.0,2050.0,2020.0,2040.0,832.2242431640625,56025000,0.0,0.0
2007-04-10,TLKM,2060.0,2070.0,2040.0,2060.0,840.3834228515625,71545000,0.0,0.0
2007-04-11,TLKM,2090.0,2100.0,2070.0,2090.0,852.6220703125,122502500,0.0,0.0
2007-04-12,TLKM,2050.0,2060.0,2040.0,2050.0,836.3038330078125,86552500,0.0,0.0
2007-04-13,TLKM,2080.0,2080.0,2060.0,2080.0,848.5425415039062,50010000,0.0,0.0
2007-04-16,TLKM,2080.0,2090.0,2060.0,2080.0,848.5425415039062,59530000,0.0,0.0
2007-04-17,TLKM,2090.0,2090.0,2060.0,2090.0,852.6220703125,91280000,0.0,0.0
2007-04-18,TLKM,2050.0,2090.0,2040.0,2050.0,836.3038330078125,68467500,0.0,0.0
2007-04-19,TLKM,2000.0,2040.0,2000.0,2000.0,815.9063110351562,125080000,0.0,0.0
2007-04-20,TLKM,2020.0,2080.0,2020.0,2080.0,848.5425415039062,54530000,0.0,0.0
2007-04-23,TLKM,2110.0,2120.0,2090.0,2110.0,860.7811279296875,130387500,0.0,0.0
2007-04-24,TLKM,2100.0,2110.0,2080.0,2100.0,856.7015991210938,46327500,0.0,0.0
2007-04-25,TLKM,2100.0,2110.0,2060.0,2100.0,856.7015991210938,56915000,0.0,0.0
2007-04-26,TLKM,2160.0,2170.0,2120.0,2160.0,881.1785278320312,157845000,0.0,0.0
2007-04-27,TLKM,2150.0,2160.0,2130.0,2150.0,877.0990600585938,71480000,0.0,0.0
2007-04-30,TLKM,2100.0,2140.0,2090.0,2100.0,856.7015991210938,60482500,0.0,0.0
2007-05-01,TLKM,2070.0,2090.0,2060.0,2070.0,844.4628295898438,34377500,0.0,0.0
2007-05-02,TLKM,2050.0,2100.0,2020.0,2050.0,836.3038330078125,176360000,0.0,0.0
2007-05-03,TLKM,2070.0,2070.0,2050.0,2070.0,844.4628295898438,60040000,0.0,0.0
2007-05-04,TLKM,2060.0,2080.0,2040.0,2060.0,840.3834228515625,74222500,0.0,0.0
2007-05-07,TLKM,2040.0,2060.0,2000.0,2040.0,832.2242431640625,137507500,0.0,0.0
2007-05-08,TLKM,1990.0,2040.0,1980.0,1990.0,811.82666015625,157807500,0.0,0.0
2007-05-09,TLKM,1980.0,1990.0,1950.0,1980.0,807.7470703125,136847500,0.0,0.0
2007-05-10,TLKM,1980.0,1990.0,1970.0,1980.0,807.7470703125,75005000,0.0,0.0
2007-05-11,TLKM,1920.0,1950.0,1910.0,1920.0,783.2698974609375,266442500,0.0,0.0
2007-05-14,TLKM,1950.0,1960.0,1920.0,1950.0,795.5086059570312,123517500,0.0,0.0
2007-05-15,TLKM,1920.0,1950.0,1910.0,1920.0,783.2698974609375,104872500,0.0,0.0
2007-05-16,TLKM,1920.0,1920.0,1900.0,1920.0,783.2698974609375,77072500,0.0,0.0
2007-05-21,TLKM,1900.0,1940.0,1880.0,1900.0,775.1109619140625,260162500,0.0,0.0
2007-05-22,TLKM,1880.0,1900.0,1860.0,1880.0,766.951904296875,146685000,0.0,0.0
2007-05-23,TLKM,1940.0,1950.0,1890.0,1940.0,791.4288940429688,258477500,0.0,0.0
2007-05-24,TLKM,1940.0,1960.0,1920.0,1940.0,791.4288940429688,87515000,0.0,0.0
2007-05-25,TLKM,1920.0,1920.0,1900.0,1920.0,783.2698974609375,106712500,0.0,0.0
2007-05-28,TLKM,1930.0,1940.0,1910.0,1930.0,787.349609375,47110000,0.0,0.0
2007-05-29,TLKM,1900.0,1930.0,1890.0,1900.0,775.1109619140625,139137500,0.0,0.0
2007-05-30,TLKM,1910.0,1910.0,1870.0,1910.0,779.1903076171875,145185000,0.0,0.0
2007-05-31,TLKM,1930.0,1930.0,1890.0,1910.0,779.1903076171875,93415000,0.0,0.0
2007-06-04,TLKM,1950.0,1960.0,1920.0,1950.0,795.5086059570312,233867500,0.0,0.0
2007-06-05,TLKM,1940.0,1950.0,1920.0,1940.0,791.4288940429688,112865000,0.0,0.0
2007-06-06,TLKM,1930.0,1940.0,1920.0,1930.0,787.349609375,129310000,0.0,0.0
2007-06-07,TLKM,1940.0,1960.0,1910.0,1940.0,791.4288940429688,126467500,0.0,0.0
2007-06-08,TLKM,1930.0,1930.0,1910.0,1930.0,787.349609375,113095000,0.0,0.0
2007-06-11,TLKM,1940.0,1940.0,1920.0,1940.0,791.4288940429688,116230000,0.0,0.0
2007-06-12,TLKM,1970.0,1980.0,1940.0,1970.0,803.6676025390625,136617500,0.0,0.0
2007-06-13,TLKM,1940.0,1950.0,1920.0,1940.0,791.4288940429688,70592500,0.0,0.0
2007-06-14,TLKM,1960.0,1970.0,1940.0,1960.0,799.5880126953125,129385000,0.0,0.0
2007-06-15,TLKM,1950.0,1960.0,1940.0,1950.0,795.5086059570312,176792500,0.0,0.0
2007-06-18,TLKM,1960.0,1970.0,1930.0,1940.0,791.4288940429688,136572500,0.0,0.0
2007-06-19,TLKM,1940.0,1950.0,1920.0,1940.0,791.4288940429688,30130000,0.0,0.0
2007-06-20,TLKM,1960.0,1970.0,1920.0,1960.0,799.5880126953125,88277500,0.0,0.0
2007-06-21,TLKM,1950.0,1950.0,1930.0,1950.0,795.5086059570312,61165000,0.0,0.0
2007-06-22,TLKM,1940.0,1950.0,1920.0,1940.0,791.4288940429688,91842500,0.0,0.0
2007-06-25,TLKM,1930.0,1950.0,1930.0,1930.0,787.349609375,70452500,0.0,0.0
2007-06-26,TLKM,1950.0,1960.0,1920.0,1950.0,795.5086059570312,91390000,0.0,0.0
2007-06-27,TLKM,1950.0,1960.0,1930.0,1950.0,795.5086059570312,85802500,0.0,0.0
2007-06-28,TLKM,1940.0,1950.0,1920.0,1940.0,791.4288940429688,151407500,0.0,0.0
2007-06-29,TLKM,1940.0,1980.0,1920.0,1970.0,803.6676025390625,95740000,0.0,0.0
2007-07-02,TLKM,1980.0,1990.0,1960.0,1980.0,807.7470703125,50480000,0.0,0.0
2007-07-03,TLKM,2000.0,2020.0,1980.0,2000.0,815.9063110351562,93505000,0.0,0.0
2007-07-04,TLKM,2070.0,2080.0,2000.0,2070.0,844.4628295898438,213470000,0.0,0.0
2007-07-05,TLKM,2110.0,2120.0,2080.0,2110.0,860.7811279296875,203522500,0.0,0.0
2007-07-06,TLKM,2080.0,2130.0,2070.0,2080.0,848.5425415039062,82042500,0.0,0.0
2007-07-09,TLKM,2100.0,2110.0,2080.0,2100.0,856.7015991210938,96015000,0.0,0.0
2007-07-10,TLKM,2100.0,2130.0,2090.0,2100.0,856.7015991210938,143855000,0.0,0.0
2007-07-11,TLKM,2120.0,2130.0,2080.0,2120.0,864.8605346679688,134290000,0.0,0.0
2007-07-12,TLKM,2180.0,2220.0,2130.0,2180.0,889.3377075195312,171495000,0.0,0.0
2007-07-13,TLKM,2290.0,2290.0,2220.0,2290.0,934.2129516601562,166197500,0.0,0.0
2007-07-16,TLKM,2290.0,2320.0,2240.0,2290.0,934.2129516601562,79435000,0.0,0.0
2007-07-17,TLKM,2260.0,2280.0,2250.0,2260.0,921.9739990234375,79922500,0.0,0.0
2007-07-18,TLKM,2200.0,2240.0,2180.0,2200.0,897.4967651367188,140627500,0.0,0.0
2007-07-19,TLKM,2260.0,2260.0,2190.0,2260.0,921.9739990234375,46835000,0.0,0.0
2007-07-20,TLKM,2270.0,2300.0,2230.0,2270.0,926.0535888671875,81465000,0.0,0.0
2007-07-23,TLKM,2230.0,2230.0,2200.0,2210.0,922.2774658203125,114797500,50.951,0.0
2007-07-24,TLKM,2220.0,2230.0,2190.0,2200.0,918.104248046875,62470000,0.0,0.0
2007-07-25,TLKM,2200.0,2200.0,2160.0,2190.0,913.9310302734375,97025000,0.0,0.0
2007-07-26,TLKM,2190.0,2220.0,2130.0,2150.0,897.2378540039062,177137500,0.0,0.0
2007-07-27,TLKM,2090.0,2130.0,2080.0,2090.0,872.1987915039062,157387500,0.0,0.0
2007-07-30,TLKM,2100.0,2140.0,2090.0,2130.0,888.8915405273438,89540000,0.0,0.0
2007-07-31,TLKM,2180.0,2240.0,2180.0,2240.0,934.7969360351562,164210000,0.0,0.0
2007-08-01,TLKM,2140.0,2200.0,2120.0,2140.0,893.0650024414062,145082500,0.0,0.0
2007-08-02,TLKM,2170.0,2190.0,2130.0,2170.0,905.5845336914062,89842500,0.0,0.0
2007-08-03,TLKM,2180.0,2200.0,2180.0,2180.0,909.7576293945312,51155000,0.0,0.0
2007-08-06,TLKM,2130.0,2130.0,2090.0,2120.0,884.718505859375,84297500,0.0,0.0
2007-08-07,TLKM,2130.0,2140.0,2110.0,2130.0,888.8915405273438,60382500,0.0,0.0
2007-08-08,TLKM,2210.0,2240.0,2140.0,2210.0,922.2774658203125,85442500,0.0,0.0
2007-08-09,TLKM,2250.0,2250.0,2170.0,2180.0,909.7576293945312,74157500,0.0,0.0
2007-08-10,TLKM,2180.0,2180.0,2080.0,2180.0,909.7576293945312,115902500,0.0,0.0
2007-08-13,TLKM,2170.0,2190.0,2150.0,2170.0,905.5845336914062,64997500,0.0,0.0
2007-08-14,TLKM,2150.0,2170.0,2140.0,2170.0,905.5845336914062,36430000,0.0,0.0
2007-08-15,TLKM,2120.0,2120.0,2010.0,2030.0,847.1594848632812,107010000,0.0,0.0
2007-08-16,TLKM,1970.0,1980.0,1910.0,1970.0,822.1203002929688,228095000,0.0,0.0
2007-08-20,TLKM,2030.0,2140.0,2020.0,2100.0,876.3719482421875,142365000,0.0,0.0
2007-08-21,TLKM,2030.0,2090.0,2020.0,2030.0,847.1594848632812,78260000,0.0,0.0
2007-08-22,TLKM,2100.0,2100.0,2040.0,2100.0,876.3719482421875,62735000,0.0,0.0
2007-08-23,TLKM,2100.0,2150.0,2100.0,2100.0,876.3719482421875,96522500,0.0,0.0
2007-08-24,TLKM,2170.0,2180.0,2080.0,2170.0,905.5845336914062,72797500,0.0,0.0
2007-08-27,TLKM,2190.0,2230.0,2190.0,2190.0,913.9310302734375,55165000,0.0,0.0
2007-08-28,TLKM,2160.0,2190.0,2150.0,2160.0,901.4111938476562,33070000,0.0,0.0
2007-08-29,TLKM,2120.0,2130.0,2090.0,2120.0,884.718505859375,49832500,0.0,0.0
2007-08-30,TLKM,2140.0,2170.0,2130.0,2140.0,893.0650024414062,42942500,0.0,0.0
2007-08-31,TLKM,2170.0,2170.0,2110.0,2170.0,905.5845336914062,64590000,0.0,0.0
2007-09-03,TLKM,2230.0,2240.0,2180.0,2230.0,930.6236572265625,97987500,0.0,0.0
2007-09-04,TLKM,2240.0,2260.0,2230.0,2240.0,934.7969360351562,63520000,0.0,0.0
2007-09-05,TLKM,2200.0,2260.0,2190.0,2200.0,918.104248046875,51345000,0.0,0.0
2007-09-06,TLKM,2190.0,2210.0,2170.0,2190.0,913.9310302734375,70432500,0.0,0.0
2007-09-07,TLKM,2230.0,2250.0,2210.0,2230.0,930.6236572265625,44680000,0.0,0.0
2007-09-10,TLKM,2180.0,2200.0,2170.0,2180.0,909.7576293945312,47770000,0.0,0.0
2007-09-11,TLKM,2160.0,2190.0,2160.0,2160.0,901.4111938476562,39400000,0.0,0.0
2007-09-12,TLKM,2170.0,2180.0,2120.0,2170.0,905.5845336914062,101792500,0.0,0.0
2007-09-13,TLKM,2160.0,2170.0,2140.0,2160.0,901.4111938476562,23955000,0.0,0.0
2007-09-14,TLKM,2130.0,2180.0,2130.0,2130.0,888.8915405273438,104785000,0.0,0.0
2007-09-17,TLKM,2140.0,2150.0,2120.0,2140.0,893.0650024414062,65100000,0.0,0.0
2007-09-18,TLKM,2140.0,2140.0,2120.0,2140.0,893.0650024414062,51957500,0.0,0.0
2007-09-19,TLKM,2250.0,2260.0,2200.0,2250.0,938.9700317382812,164710000,0.0,0.0
2007-09-20,TLKM,2200.0,2270.0,2200.0,2200.0,918.104248046875,127687500,0.0,0.0
2007-09-21,TLKM,2190.0,2230.0,2180.0,2230.0,930.6236572265625,81187500,0.0,0.0
2007-09-24,TLKM,2220.0,2220.0,2180.0,2190.0,913.9310302734375,134990000,0.0,0.0
2007-09-25,TLKM,2180.0,2180.0,2150.0,2160.0,901.4111938476562,92862500,0.0,0.0
2007-09-26,TLKM,2170.0,2200.0,2170.0,2170.0,905.5845336914062,95155000,0.0,0.0
2007-09-27,TLKM,2180.0,2200.0,2170.0,2180.0,909.7576293945312,100377500,0.0,0.0
2007-09-28,TLKM,2200.0,2210.0,2180.0,2200.0,918.104248046875,104130000,0.0,0.0
2007-10-01,TLKM,2270.0,2270.0,2210.0,2270.0,947.3165283203125,172815000,0.0,0.0
2007-10-02,TLKM,2400.0,2430.0,2300.0,2400.0,1001.568115234375,359642500,0.0,0.0
2007-10-03,TLKM,2390.0,2480.0,2370.0,2390.0,997.3949584960938,174840000,0.0,0.0
2007-10-04,TLKM,2360.0,2420.0,2350.0,2420.0,1009.9143676757812,80400000,0.0,0.0
2007-10-05,TLKM,2490.0,2510.0,2410.0,2490.0,1039.1268310546875,91495000,0.0,0.0
2007-10-08,TLKM,2500.0,2530.0,2480.0,2500.0,1043.2999267578125,64122500,0.0,0.0
2007-10-09,TLKM,2460.0,2480.0,2430.0,2460.0,1026.607177734375,127312500,0.0,0.0
2007-10-10,TLKM,2470.0,2510.0,2460.0,2470.0,1030.7803955078125,75465000,0.0,0.0
2007-10-11,TLKM,2530.0,2550.0,2480.0,2530.0,1055.8194580078125,67147500,0.0,0.0
2007-10-17,TLKM,2480.0,2480.0,2410.0,2430.0,1014.0875244140625,225465000,0.0,0.0
2007-10-18,TLKM,2440.0,2480.0,2430.0,2430.0,1014.0875244140625,91537500,0.0,0.0
2007-10-19,TLKM,2400.0,2400.0,2320.0,2360.0,984.8751831054688,116842500,0.0,0.0
2007-10-22,TLKM,2300.0,2310.0,2240.0,2260.0,943.1432495117188,81105000,0.0,0.0
2007-10-23,TLKM,2300.0,2400.0,2290.0,2380.0,993.2214965820312,139642500,0.0,0.0
2007-10-24,TLKM,2380.0,2410.0,2310.0,2310.0,964.0091552734375,152705000,0.0,0.0
2007-10-25,TLKM,2320.0,2360.0,2300.0,2350.0,980.7020263671875,137387500,0.0,0.0
2007-10-26,TLKM,2350.0,2400.0,2350.0,2380.0,993.2214965820312,104477500,0.0,0.0
2007-10-29,TLKM,2400.0,2410.0,2370.0,2370.0,989.0484619140625,139820000,0.0,0.0
2007-10-30,TLKM,2370.0,2390.0,2270.0,2270.0,947.3165283203125,150692500,0.0,0.0
2007-10-31,TLKM,2240.0,2240.0,2110.0,2150.0,897.2378540039062,808005000,0.0,0.0
2007-11-01,TLKM,2200.0,2250.0,2190.0,2230.0,930.6236572265625,393045000,0.0,0.0
2007-11-02,TLKM,2170.0,2280.0,2160.0,2280.0,951.4896850585938,258605000,0.0,0.0
2007-11-05,TLKM,2260.0,2290.0,2210.0,2240.0,934.7969360351562,156805000,0.0,0.0
2007-11-06,TLKM,2260.0,2290.0,2260.0,2270.0,947.3165283203125,59542500,0.0,0.0
2007-11-07,TLKM,2300.0,2320.0,2280.0,2320.0,968.1826171875,95007500,0.0,0.0
2007-11-08,TLKM,2250.0,2290.0,2250.0,2280.0,951.4896850585938,85877500,0.0,0.0
2007-11-09,TLKM,2260.0,2270.0,2240.0,2260.0,943.1432495117188,72167500,0.0,0.0
2007-11-12,TLKM,2200.0,2220.0,2180.0,2200.0,918.104248046875,140007500,0.0,0.0
2007-11-13,TLKM,2160.0,2180.0,2140.0,2170.0,905.5845336914062,172897500,0.0,0.0
2007-11-14,TLKM,2190.0,2200.0,2120.0,2140.0,893.0650024414062,321707500,0.0,0.0
2007-11-15,TLKM,2120.0,2150.0,2110.0,2130.0,888.8915405273438,171982500,0.0,0.0
2007-11-16,TLKM,2100.0,2120.0,2080.0,2100.0,876.3719482421875,160800000,0.0,0.0
2007-11-19,TLKM,2100.0,2140.0,2080.0,2090.0,872.1987915039062,106970000,0.0,0.0
2007-11-20,TLKM,2090.0,2050.0,1970.0,2020.0,842.986328125,383862500,0.0,0.0
2007-11-21,TLKM,2020.0,2050.0,2000.0,2020.0,842.986328125,137125000,0.0,0.0
2007-11-22,TLKM,1990.0,2080.0,1990.0,2040.0,851.3328247070312,138442500,0.0,0.0
2007-11-23,TLKM,2060.0,2060.0,2010.0,2010.0,838.813232421875,66492500,0.0,0.0
2007-11-26,TLKM,2020.0,2060.0,2010.0,2040.0,851.3328247070312,105340000,0.0,0.0
2007-11-27,TLKM,2000.0,2020.0,1990.0,2000.0,834.6399536132812,197382500,0.0,0.0
2007-11-28,TLKM,2020.0,2040.0,2010.0,2020.0,842.986328125,143595000,0.0,0.0
2007-11-29,TLKM,2080.0,2120.0,2080.0,2100.0,876.3719482421875,170655000,0.0,0.0
2007-11-30,TLKM,2080.0,2080.0,2020.0,2030.0,851.086669921875,181037500,9.69,0.0
2007-12-03,TLKM,2050.0,2100.0,2050.0,2100.0,880.4343872070312,89817500,0.0,0.0
2007-12-04,TLKM,2090.0,2110.0,2070.0,2100.0,880.4343872070312,72092500,0.0,0.0
2007-12-05,TLKM,2100.0,2180.0,2090.0,2180.0,913.9749145507812,182352500,0.0,0.0
2007-12-06,TLKM,2210.0,2250.0,2190.0,2220.0,930.7450561523438,270822500,0.0,0.0
2007-12-07,TLKM,2250.0,2250.0,2180.0,2190.0,918.167724609375,133190000,0.0,0.0
2007-12-10,TLKM,2200.0,2210.0,2180.0,2200.0,922.360107421875,100477500,0.0,0.0
2007-12-11,TLKM,2220.0,2230.0,2180.0,2220.0,930.7450561523438,77365000,0.0,0.0
2007-12-12,TLKM,2180.0,2200.0,2170.0,2190.0,918.167724609375,121747500,0.0,0.0
2007-12-13,TLKM,2200.0,2200.0,2110.0,2120.0,888.8196411132812,181740000,0.0,0.0
2007-12-14,TLKM,2130.0,2130.0,2060.0,2080.0,872.049560546875,252170000,0.0,0.0
2007-12-17,TLKM,2080.0,2080.0,1980.0,2010.0,842.70166015625,271225000,0.0,0.0
2007-12-18,TLKM,1970.0,2050.0,1960.0,2010.0,842.70166015625,265552500,0.0,0.0
2007-12-19,TLKM,2030.0,2040.0,2000.0,2000.0,838.5090942382812,75177500,0.0,0.0
2007-12-26,TLKM,2040.0,2060.0,2000.0,2010.0,842.70166015625,96315000,0.0,0.0
2007-12-27,TLKM,2010.0,2020.0,1980.0,2000.0,838.5090942382812,151777500,0.0,0.0
2007-12-28,TLKM,2000.0,2030.0,1980.0,2030.0,851.086669921875,64912500,0.0,0.0
2007-12-31,TLKM,2030.0,2030.0,2030.0,2030.0,851.086669921875,0,0.0,0.0
2008-01-02,TLKM,2010.0,2020.0,1990.0,2000.0,838.5090942382812,48080000,0.0,0.0
2008-01-03,TLKM,1980.0,2000.0,1970.0,1980.0,830.1240234375,67850000,0.0,0.0
2008-01-04,TLKM,1980.0,2020.0,1960.0,2000.0,838.5090942382812,85595000,0.0,0.0
2008-01-07,TLKM,1980.0,2050.0,1970.0,2040.0,855.2792358398438,123282500,0.0,0.0
2008-01-08,TLKM,2040.0,2060.0,2030.0,2050.0,859.471923828125,157245000,0.0,0.0
2008-01-09,TLKM,2010.0,2040.0,2010.0,2010.0,842.70166015625,121412500,0.0,0.0
2008-01-14,TLKM,2000.0,2010.0,1940.0,1970.0,825.9314575195312,277205000,0.0,0.0
2008-01-15,TLKM,1970.0,1970.0,1850.0,1860.0,779.8135986328125,385150000,0.0,0.0
2008-01-16,TLKM,1800.0,1800.0,1750.0,1790.0,750.4657592773438,520420000,0.0,0.0
2008-01-17,TLKM,1810.0,1860.0,1790.0,1840.0,771.4282836914062,212545000,0.0,0.0
2008-01-18,TLKM,1780.0,1880.0,1760.0,1840.0,771.4282836914062,194337500,0.0,0.0
2008-01-21,TLKM,1820.0,1830.0,1750.0,1780.0,746.273193359375,180100000,0.0,0.0
2008-01-22,TLKM,1700.0,1720.0,1650.0,1680.0,704.3475952148438,294207500,0.0,0.0
2008-01-23,TLKM,1760.0,1810.0,1720.0,1770.0,742.0805053710938,346427500,0.0,0.0
2008-01-24,TLKM,1760.0,1850.0,1760.0,1810.0,758.8507690429688,234542500,0.0,0.0
2008-01-25,TLKM,1840.0,1890.0,1830.0,1870.0,784.005859375,183605000,0.0,0.0
2008-01-28,TLKM,1830.0,1840.0,1810.0,1820.0,763.0432739257812,88810000,0.0,0.0
2008-01-29,TLKM,1840.0,1840.0,1790.0,1790.0,750.4657592773438,96037500,0.0,0.0
2008-01-30,TLKM,1800.0,1810.0,1770.0,1780.0,746.273193359375,80135000,0.0,0.0
2008-01-31,TLKM,1770.0,1850.0,1750.0,1850.0,775.6209716796875,194432500,0.0,0.0
2008-02-01,TLKM,1860.0,1880.0,1820.0,1860.0,779.8135986328125,95197500,0.0,0.0
2008-02-04,TLKM,1890.0,1960.0,1880.0,1940.0,813.3536987304688,231207500,0.0,0.0
2008-02-05,TLKM,1920.0,2020.0,1910.0,2000.0,838.5090942382812,299095000,0.0,0.0
2008-02-06,TLKM,2000.0,1980.0,1900.0,1950.0,817.5464477539062,159657500,0.0,0.0
2008-02-11,TLKM,1910.0,1960.0,1900.0,1910.0,800.7761840820312,57782500,0.0,0.0
2008-02-12,TLKM,1940.0,1970.0,1920.0,1950.0,817.5464477539062,94977500,0.0,0.0
2008-02-13,TLKM,1990.0,2020.0,1970.0,1980.0,830.1240234375,130535000,0.0,0.0
2008-02-14,TLKM,2000.0,2020.0,1970.0,1990.0,834.3165893554688,113197500,0.0,0.0
2008-02-15,TLKM,1940.0,2000.0,1940.0,2000.0,838.5090942382812,71305000,0.0,0.0
2008-02-18,TLKM,2000.0,2010.0,1990.0,1990.0,834.3165893554688,115525000,0.0,0.0
2008-02-19,TLKM,2000.0,2040.0,2000.0,2020.0,846.8942260742188,124117500,0.0,0.0
2008-02-20,TLKM,2000.0,2020.0,1990.0,2010.0,842.70166015625,67712500,0.0,0.0
2008-02-21,TLKM,2040.0,2050.0,2020.0,2030.0,851.086669921875,89442500,0.0,0.0
2008-02-22,TLKM,2010.0,2040.0,2000.0,2020.0,846.8942260742188,66392500,0.0,0.0
2008-02-25,TLKM,2040.0,2050.0,2000.0,2000.0,838.5090942382812,57920000,0.0,0.0
2008-02-26,TLKM,2020.0,2020.0,1980.0,1990.0,834.3165893554688,63317500,0.0,0.0
2008-02-27,TLKM,2030.0,2050.0,2010.0,2020.0,846.8942260742188,91142500,0.0,0.0
2008-02-28,TLKM,2040.0,2050.0,2030.0,2050.0,859.471923828125,142785000,0.0,0.0
2008-02-29,TLKM,2040.0,2040.0,1950.0,1960.0,821.7388916015625,112767500,0.0,0.0
2008-03-03,TLKM,1920.0,1930.0,1870.0,1890.0,792.3910522460938,164360000,0.0,0.0
2008-03-04,TLKM,1920.0,1930.0,1880.0,1890.0,792.3910522460938,78220000,0.0,0.0
2008-03-05,TLKM,1890.0,1900.0,1880.0,1880.0,788.19873046875,32247500,0.0,0.0
2008-03-06,TLKM,1920.0,1980.0,1910.0,1940.0,813.3536987304688,126287500,0.0,0.0
2008-03-10,TLKM,1890.0,1890.0,1850.0,1850.0,775.6209716796875,175367500,0.0,0.0
2008-03-11,TLKM,1840.0,1850.0,1770.0,1850.0,775.6209716796875,216492500,0.0,0.0
2008-03-12,TLKM,1920.0,1940.0,1870.0,1900.0,796.5839233398438,179610000,0.0,0.0
2008-03-13,TLKM,1880.0,1890.0,1840.0,1850.0,775.6209716796875,163975000,0.0,0.0
2008-03-14,TLKM,1860.0,1880.0,1840.0,1840.0,771.4282836914062,107817500,0.0,0.0
2008-03-17,TLKM,1800.0,1880.0,1770.0,1850.0,775.6209716796875,120880000,0.0,0.0
2008-03-18,TLKM,1870.0,1910.0,1840.0,1880.0,788.19873046875,133947500,0.0,0.0
2008-03-19,TLKM,1910.0,1940.0,1900.0,1920.0,804.96875,121872500,0.0,0.0
2008-03-24,TLKM,1930.0,1960.0,1930.0,1950.0,817.5464477539062,74502500,0.0,0.0
2008-03-25,TLKM,1980.0,2000.0,1950.0,1960.0,821.7388916015625,79437500,0.0,0.0
2008-03-26,TLKM,1960.0,1970.0,1920.0,1960.0,821.7388916015625,43702500,0.0,0.0
2008-03-27,TLKM,1940.0,1950.0,1910.0,1920.0,804.96875,57460000,0.0,0.0
2008-03-28,TLKM,1930.0,1960.0,1920.0,1950.0,817.5464477539062,58750000,0.0,0.0
2008-03-31,TLKM,1930.0,1950.0,1920.0,1930.0,809.1614379882812,67790000,0.0,0.0
2008-04-01,TLKM,1930.0,1940.0,1880.0,1940.0,813.3536987304688,152712500,0.0,0.0
2008-04-02,TLKM,1970.0,1970.0,1910.0,1940.0,813.3536987304688,85470000,0.0,0.0
2008-04-03,TLKM,1930.0,1930.0,1860.0,1880.0,788.19873046875,176325000,0.0,0.0
2008-04-04,TLKM,1920.0,1920.0,1840.0,1880.0,788.19873046875,177092500,0.0,0.0
2008-04-07,TLKM,1890.0,1890.0,1840.0,1890.0,792.3910522460938,71905000,0.0,0.0
2008-04-08,TLKM,1860.0,1870.0,1840.0,1850.0,775.6209716796875,97782500,0.0,0.0
2008-04-09,TLKM,1850.0,1860.0,1790.0,1800.0,754.6582641601562,50470000,0.0,0.0
2008-04-10,TLKM,1780.0,1820.0,1770.0,1810.0,758.8507690429688,61485000,0.0,0.0
2008-04-11,TLKM,1830.0,1840.0,1810.0,1830.0,767.2356567382812,51562500,0.0,0.0
2008-04-14,TLKM,1800.0,1840.0,1800.0,1800.0,754.6582641601562,103662500,0.0,0.0
2008-04-15,TLKM,1800.0,1820.0,1800.0,1820.0,763.0432739257812,47482500,0.0,0.0
2008-04-16,TLKM,1820.0,1830.0,1810.0,1820.0,763.0432739257812,48012500,0.0,0.0
2008-04-17,TLKM,1840.0,1840.0,1820.0,1840.0,771.4282836914062,75855000,0.0,0.0
2008-04-18,TLKM,1820.0,1850.0,1810.0,1820.0,763.0432739257812,73647500,0.0,0.0
2008-04-21,TLKM,1840.0,1840.0,1800.0,1800.0,754.6582641601562,54567500,0.0,0.0
2008-04-22,TLKM,1800.0,1810.0,1750.0,1770.0,742.0805053710938,118557500,0.0,0.0
2008-04-23,TLKM,1770.0,1770.0,1720.0,1750.0,733.6954345703125,146790000,0.0,0.0
2008-04-24,TLKM,1760.0,1770.0,1730.0,1730.0,725.3104858398438,105367500,0.0,0.0
2008-04-25,TLKM,1740.0,1750.0,1720.0,1730.0,725.3104858398438,120222500,0.0,0.0
2008-04-28,TLKM,1740.0,1780.0,1740.0,1780.0,746.273193359375,103245000,0.0,0.0
2008-04-29,TLKM,1790.0,1800.0,1760.0,1790.0,750.4657592773438,90660000,0.0,0.0
2008-04-30,TLKM,1800.0,1800.0,1770.0,1770.0,742.0805053710938,86547500,0.0,0.0
2008-05-05,TLKM,1820.0,1820.0,1780.0,1800.0,754.6582641601562,93442500,0.0,0.0
2008-05-06,TLKM,1790.0,1810.0,1780.0,1780.0,746.273193359375,137897500,0.0,0.0
2008-05-07,TLKM,1790.0,1790.0,1730.0,1750.0,733.6954345703125,143750000,0.0,0.0
2008-05-08,TLKM,1720.0,1740.0,1680.0,1700.0,712.7327270507812,165842500,0.0,0.0
2008-05-09,TLKM,1700.0,1730.0,1700.0,1720.0,721.1179809570312,80790000,0.0,0.0
2008-05-12,TLKM,1720.0,1740.0,1720.0,1730.0,725.3104858398438,85990000,0.0,0.0
2008-05-13,TLKM,1740.0,1740.0,1720.0,1730.0,725.3104858398438,77542500,0.0,0.0
2008-05-14,TLKM,1730.0,1760.0,1720.0,1740.0,729.5029907226562,109587500,0.0,0.0
2008-05-15,TLKM,1750.0,1750.0,1700.0,1700.0,712.7327270507812,91412500,0.0,0.0
2008-05-16,TLKM,1710.0,1720.0,1700.0,1700.0,712.7327270507812,48412500,0.0,0.0
2008-05-21,TLKM,1700.0,1710.0,1700.0,1710.0,716.9254150390625,74015000,0.0,0.0
2008-05-22,TLKM,1690.0,1740.0,1690.0,1730.0,725.3104858398438,103390000,0.0,0.0
2008-05-23,TLKM,1730.0,1740.0,1690.0,1720.0,721.1179809570312,91675000,0.0,0.0
2008-05-26,TLKM,1670.0,1690.0,1650.0,1660.0,695.962646484375,91242500,0.0,0.0
2008-05-27,TLKM,1670.0,1670.0,1600.0,1610.0,674.9999389648438,91947500,0.0,0.0
2008-05-28,TLKM,1620.0,1620.0,1560.0,1580.0,662.4224243164062,298847500,0.0,0.0
2008-05-29,TLKM,1600.0,1600.0,1580.0,1590.0,666.6148681640625,76090000,0.0,0.0
2008-05-30,TLKM,1600.0,1640.0,1590.0,1620.0,679.1923217773438,202675000,0.0,0.0
2008-06-02,TLKM,1620.0,1620.0,1590.0,1590.0,666.6148681640625,68375000,0.0,0.0
2008-06-03,TLKM,1570.0,1590.0,1550.0,1590.0,666.6148681640625,118465000,0.0,0.0
2008-06-04,TLKM,1580.0,1590.0,1570.0,1570.0,658.2294921875,74052500,0.0,0.0
2008-06-05,TLKM,1590.0,1630.0,1580.0,1630.0,683.3848266601562,293010000,0.0,0.0
2008-06-06,TLKM,1650.0,1660.0,1580.0,1590.0,666.6148681640625,98270000,0.0,0.0
2008-06-09,TLKM,1550.0,1640.0,1540.0,1580.0,662.4224243164062,110190000,0.0,0.0
2008-06-10,TLKM,1590.0,1610.0,1580.0,1590.0,666.6148681640625,110332500,0.0,0.0
2008-06-11,TLKM,1580.0,1580.0,1540.0,1550.0,649.8445434570312,95870000,0.0,0.0
2008-06-12,TLKM,1520.0,1530.0,1500.0,1510.0,633.0744018554688,123225000,0.0,0.0
2008-06-13,TLKM,1510.0,1520.0,1490.0,1510.0,633.0744018554688,93660000,0.0,0.0
2008-06-16,TLKM,1500.0,1550.0,1490.0,1500.0,628.8818969726562,86357500,0.0,0.0
2008-06-17,TLKM,1470.0,1500.0,1450.0,1470.0,616.30419921875,142322500,0.0,0.0
2008-06-18,TLKM,1500.0,1550.0,1490.0,1500.0,628.8818969726562,323470000,0.0,0.0
2008-06-19,TLKM,1510.0,1510.0,1480.0,1510.0,633.0744018554688,60777500,0.0,0.0
2008-06-20,TLKM,1550.0,1550.0,1510.0,1550.0,649.8445434570312,215330000,0.0,0.0
2008-06-23,TLKM,1550.0,1560.0,1510.0,1550.0,649.8445434570312,161502500,0.0,0.0
2008-06-24,TLKM,1540.0,1560.0,1520.0,1540.0,645.6520385742188,89147500,0.0,0.0
2008-06-25,TLKM,1500.0,1530.0,1480.0,1500.0,628.8818969726562,83642500,0.0,0.0
2008-06-26,TLKM,1480.0,1510.0,1460.0,1480.0,620.4966430664062,82010000,0.0,0.0
2008-06-27,TLKM,1460.0,1490.0,1440.0,1460.0,612.1116943359375,196435000,0.0,0.0
2008-06-30,TLKM,1460.0,1470.0,1450.0,1460.0,612.1116943359375,109245000,0.0,0.0
2008-07-01,TLKM,1510.0,1510.0,1470.0,1510.0,633.0744018554688,144515000,0.0,0.0
2008-07-02,TLKM,1530.0,1530.0,1500.0,1530.0,641.45947265625,105832500,0.0,0.0
2008-07-03,TLKM,1470.0,1500.0,1460.0,1470.0,616.30419921875,144345000,0.0,0.0
2008-07-04,TLKM,1470.0,1490.0,1460.0,1470.0,616.30419921875,76632500,0.0,0.0
2008-07-07,TLKM,1480.0,1500.0,1470.0,1480.0,620.4966430664062,63027500,0.0,0.0
2008-07-08,TLKM,1460.0,1500.0,1450.0,1460.0,612.1116943359375,115682500,0.0,0.0
2008-07-09,TLKM,1480.0,1490.0,1460.0,1480.0,620.4966430664062,128350000,0.0,0.0
2008-07-10,TLKM,1500.0,1500.0,1460.0,1500.0,628.8818969726562,109992500,0.0,0.0
2008-07-11,TLKM,1540.0,1540.0,1510.0,1540.0,645.6520385742188,139935000,0.0,0.0
2008-07-14,TLKM,1470.0,1500.0,1450.0,1470.0,642.1218872070312,88872500,61.918324,0.0
2008-07-15,TLKM,1380.0,1450.0,1380.0,1380.0,602.80810546875,128937500,0.0,0.0
2008-07-16,TLKM,1390.0,1420.0,1390.0,1390.0,607.176513671875,98695000,0.0,0.0
2008-07-17,TLKM,1340.0,1420.0,1310.0,1340.0,585.33544921875,121510000,0.0,0.0
2008-07-18,TLKM,1350.0,1370.0,1340.0,1350.0,589.7037963867188,123222500,0.0,0.0
2008-07-21,TLKM,1420.0,1420.0,1360.0,1420.0,620.2810668945312,151102500,0.0,0.0
2008-07-22,TLKM,1420.0,1540.0,1420.0,1530.0,668.3309936523438,441747500,0.0,0.0
2008-07-23,TLKM,1540.0,1580.0,1510.0,1540.0,672.6989135742188,216007500,0.0,0.0
2008-07-24,TLKM,1570.0,1600.0,1540.0,1570.0,685.803466796875,242442500,0.0,0.0
2008-07-25,TLKM,1550.0,1560.0,1530.0,1550.0,677.0671997070312,89795000,0.0,0.0
2008-07-28,TLKM,1600.0,1620.0,1540.0,1600.0,698.9080810546875,158505000,0.0,0.0
2008-07-29,TLKM,1580.0,1600.0,1560.0,1580.0,690.1719360351562,91742500,0.0,0.0
2008-07-31,TLKM,1540.0,1620.0,1540.0,1540.0,672.6989135742188,172130000,0.0,0.0
2008-08-01,TLKM,1530.0,1550.0,1500.0,1530.0,668.3309936523438,204630000,0.0,0.0
2008-08-04,TLKM,1510.0,1620.0,1510.0,1590.0,694.5400390625,310542500,0.0,0.0
2008-08-05,TLKM,1570.0,1570.0,1540.0,1570.0,685.803466796875,296482500,0.0,0.0
2008-08-06,TLKM,1570.0,1580.0,1540.0,1570.0,685.803466796875,183977500,0.0,0.0
2008-08-07,TLKM,1570.0,1610.0,1540.0,1570.0,685.803466796875,197245000,0.0,0.0
2008-08-08,TLKM,1550.0,1570.0,1540.0,1550.0,677.0671997070312,130040000,0.0,0.0
2008-08-11,TLKM,1550.0,1580.0,1540.0,1550.0,677.0671997070312,85955000,0.0,0.0
2008-08-12,TLKM,1500.0,1540.0,1480.0,1500.0,655.2263793945312,111702500,0.0,0.0
2008-08-13,TLKM,1480.0,1490.0,1460.0,1480.0,646.489990234375,74242500,0.0,0.0
2008-08-14,TLKM,1490.0,1510.0,1440.0,1490.0,650.8580322265625,114190000,0.0,0.0
2008-08-15,TLKM,1490.0,1520.0,1460.0,1490.0,650.8580322265625,150682500,0.0,0.0
2008-08-19,TLKM,1470.0,1520.0,1440.0,1470.0,642.1218872070312,207105000,0.0,0.0
2008-08-20,TLKM,1460.0,1490.0,1460.0,1460.0,637.753662109375,61492500,0.0,0.0
2008-08-21,TLKM,1480.0,1490.0,1460.0,1480.0,646.489990234375,67607500,0.0,0.0
2008-08-22,TLKM,1490.0,1570.0,1490.0,1570.0,685.803466796875,128267500,0.0,0.0
2008-08-25,TLKM,1590.0,1590.0,1570.0,1590.0,694.5400390625,69787500,0.0,0.0
2008-08-26,TLKM,1550.0,1570.0,1540.0,1550.0,677.0671997070312,46677500,0.0,0.0
2008-08-27,TLKM,1560.0,1590.0,1550.0,1560.0,681.435302734375,47277500,0.0,0.0
2008-08-28,TLKM,1570.0,1590.0,1550.0,1570.0,685.803466796875,50252500,0.0,0.0
2008-08-29,TLKM,1600.0,1600.0,1570.0,1600.0,698.9080810546875,88925000,0.0,0.0
2008-09-01,TLKM,1570.0,1600.0,1550.0,1570.0,685.803466796875,64752500,0.0,0.0
2008-09-02,TLKM,1580.0,1590.0,1560.0,1580.0,690.1719360351562,95555000,0.0,0.0
2008-09-03,TLKM,1560.0,1600.0,1560.0,1560.0,681.435302734375,90337500,0.0,0.0
2008-09-04,TLKM,1510.0,1560.0,1510.0,1510.0,659.5945434570312,102292500,0.0,0.0
2008-09-05,TLKM,1520.0,1530.0,1470.0,1520.0,663.9627075195312,135237500,0.0,0.0
2008-09-08,TLKM,1530.0,1590.0,1530.0,1530.0,668.3309936523438,86707500,0.0,0.0
2008-09-09,TLKM,1500.0,1520.0,1490.0,1500.0,655.2263793945312,66835000,0.0,0.0
2008-09-10,TLKM,1470.0,1510.0,1440.0,1470.0,642.1218872070312,115515000,0.0,0.0
2008-09-11,TLKM,1440.0,1480.0,1400.0,1440.0,629.0172729492188,122705000,0.0,0.0
2008-09-12,TLKM,1370.0,1440.0,1360.0,1370.0,598.4400634765625,152987500,0.0,0.0
2008-09-15,TLKM,1360.0,1380.0,1220.0,1250.0,546.0220336914062,56870000,0.0,0.0
2008-09-16,TLKM,1210.0,1320.0,1180.0,1320.0,576.5991821289062,239567500,0.0,0.0
2008-09-17,TLKM,1340.0,1370.0,1310.0,1340.0,585.33544921875,150770000,0.0,0.0
2008-09-18,TLKM,1340.0,1370.0,1270.0,1340.0,585.33544921875,99710000,0.0,0.0
2008-09-19,TLKM,1380.0,1410.0,1350.0,1380.0,602.80810546875,189027500,0.0,0.0
2008-09-22,TLKM,1380.0,1400.0,1370.0,1380.0,602.80810546875,135545000,0.0,0.0
2008-09-23,TLKM,1350.0,1370.0,1350.0,1350.0,589.7037963867188,105715000,0.0,0.0
2008-09-24,TLKM,1380.0,1420.0,1330.0,1380.0,602.80810546875,210402500,0.0,0.0
2008-09-25,TLKM,1400.0,1420.0,1360.0,1400.0,611.544677734375,98527500,0.0,0.0
2008-09-26,TLKM,1420.0,1420.0,1380.0,1420.0,620.2810668945312,140920000,0.0,0.0
2008-10-06,TLKM,1420.0,1470.0,1340.0,1420.0,620.2810668945312,254337500,0.0,0.0
2008-10-07,TLKM,1430.0,1480.0,1390.0,1430.0,624.6491088867188,201885000,0.0,0.0
2008-10-08,TLKM,1410.0,1420.0,1280.0,1290.0,563.4946899414062,90782500,0.0,0.0
2008-10-09,TLKM,1290.0,1290.0,1290.0,1290.0,563.4946899414062,0,0.0,0.0
2008-10-10,TLKM,1290.0,1290.0,1290.0,1290.0,572.1879272460938,0,19.59928,0.0
2008-10-13,TLKM,1320.0,1350.0,1170.0,1320.0,585.4947509765625,311842500,0.0,0.0
2008-10-14,TLKM,1450.0,1450.0,1390.0,1450.0,643.1570434570312,56212500,0.0,0.0
2008-10-15,TLKM,1430.0,1570.0,1410.0,1430.0,634.285888671875,187507500,0.0,0.0
2008-10-16,TLKM,1340.0,1390.0,1290.0,1340.0,594.3658447265625,150862500,0.0,0.0
2008-10-17,TLKM,1340.0,1390.0,1220.0,1240.0,550.01025390625,165107500,0.0,0.0
2008-10-20,TLKM,1240.0,1360.0,1240.0,1360.0,603.2369995117188,83027500,0.0,0.0
2008-10-21,TLKM,1420.0,1480.0,1390.0,1420.0,629.8504638671875,145865000,0.0,0.0
2008-10-22,TLKM,1520.0,1520.0,1300.0,1320.0,585.4947509765625,115367500,0.0,0.0
2008-10-23,TLKM,1310.0,1310.0,1230.0,1310.0,581.059326171875,68607500,0.0,0.0
2008-10-24,TLKM,1260.0,1270.0,1180.0,1180.0,523.3967895507812,180715000,0.0,0.0
2008-10-27,TLKM,1130.0,1130.0,1070.0,1070.0,474.6055603027344,85570000,0.0,0.0
2008-10-28,TLKM,1000.0,1060.0,970.0,1000.0,443.5566101074219,364310000,0.0,0.0
2008-10-29,TLKM,1100.0,1100.0,980.0,1020.0,452.427734375,177340000,0.0,0.0
2008-10-30,TLKM,1080.0,1120.0,1040.0,1080.0,479.0411376953125,324315000,0.0,0.0
2008-10-31,TLKM,1080.0,1140.0,1070.0,1080.0,479.0411376953125,245085000,0.0,0.0
2008-11-03,TLKM,1060.0,1130.0,1050.0,1060.0,470.16998291015625,246682500,0.0,0.0
2008-11-04,TLKM,1080.0,1090.0,1030.0,1080.0,479.0411376953125,256577500,0.0,0.0
2008-11-05,TLKM,1130.0,1200.0,1120.0,1130.0,501.2190856933594,275320000,0.0,0.0
2008-11-06,TLKM,1080.0,1150.0,1040.0,1140.0,505.654541015625,157095000,0.0,0.0
2008-11-07,TLKM,1100.0,1220.0,1100.0,1220.0,541.1390380859375,125995000,0.0,0.0
2008-11-10,TLKM,1230.0,1290.0,1200.0,1230.0,545.5746459960938,91605000,0.0,0.0
2008-11-11,TLKM,1220.0,1250.0,1190.0,1220.0,541.1390380859375,86725000,0.0,0.0
2008-11-12,TLKM,1200.0,1250.0,1190.0,1200.0,532.2678833007812,104022500,0.0,0.0
2008-11-13,TLKM,1140.0,1170.0,1100.0,1140.0,505.654541015625,154852500,0.0,0.0
2008-11-14,TLKM,1160.0,1200.0,1150.0,1160.0,514.525634765625,108947500,0.0,0.0
2008-11-17,TLKM,1180.0,1230.0,1160.0,1180.0,523.3967895507812,98937500,0.0,0.0
2008-11-18,TLKM,1170.0,1170.0,1080.0,1110.0,492.3477478027344,140955000,0.0,0.0
2008-11-19,TLKM,1120.0,1140.0,1090.0,1120.0,496.7833557128906,114875000,0.0,0.0
2008-11-20,TLKM,1080.0,1160.0,1060.0,1150.0,510.09014892578125,96652500,0.0,0.0
2008-11-21,TLKM,1100.0,1140.0,1100.0,1100.0,487.91229248046875,104642500,0.0,0.0
2008-11-24,TLKM,1120.0,1140.0,1100.0,1120.0,496.7833557128906,46672500,0.0,0.0
2008-11-25,TLKM,1170.0,1170.0,1080.0,1090.0,483.47674560546875,107152500,0.0,0.0
2008-11-26,TLKM,1090.0,1150.0,1090.0,1150.0,510.09014892578125,77602500,0.0,0.0
2008-11-27,TLKM,1140.0,1180.0,1120.0,1140.0,505.654541015625,50432500,0.0,0.0
2008-11-28,TLKM,1120.0,1190.0,1120.0,1170.0,518.9613037109375,123615000,0.0,0.0
2008-12-01,TLKM,1140.0,1240.0,1140.0,1200.0,532.2678833007812,223867500,0.0,0.0
2008-12-02,TLKM,1150.0,1190.0,1140.0,1150.0,510.09014892578125,27852500,0.0,0.0
2008-12-03,TLKM,1160.0,1190.0,1160.0,1160.0,514.525634765625,43007500,0.0,0.0
2008-12-04,TLKM,1160.0,1210.0,1160.0,1160.0,514.525634765625,26277500,0.0,0.0
2008-12-05,TLKM,1100.0,1200.0,1100.0,1200.0,532.2678833007812,57990000,0.0,0.0
2008-12-09,TLKM,1320.0,1320.0,1250.0,1320.0,585.4947509765625,181710000,0.0,0.0
2008-12-10,TLKM,1380.0,1380.0,1300.0,1380.0,612.1080932617188,133810000,0.0,0.0
2008-12-11,TLKM,1320.0,1370.0,1280.0,1320.0,585.4947509765625,133435000,0.0,0.0
2008-12-12,TLKM,1320.0,1350.0,1280.0,1320.0,585.4947509765625,87105000,0.0,0.0
2008-12-15,TLKM,1350.0,1450.0,1330.0,1450.0,643.1570434570312,124907500,0.0,0.0
2008-12-16,TLKM,1390.0,1480.0,1380.0,1390.0,616.5436401367188,77055000,0.0,0.0
2008-12-17,TLKM,1430.0,1450.0,1410.0,1430.0,634.285888671875,98555000,0.0,0.0
2008-12-18,TLKM,1440.0,1440.0,1350.0,1350.0,598.8014526367188,86097500,0.0,0.0
2008-12-19,TLKM,1360.0,1380.0,1330.0,1360.0,603.2369995117188,53525000,0.0,0.0
2008-12-22,TLKM,1410.0,1410.0,1360.0,1410.0,625.4147338867188,47302500,0.0,0.0
2008-12-23,TLKM,1390.0,1410.0,1380.0,1390.0,616.5436401367188,34290000,0.0,0.0
2008-12-24,TLKM,1370.0,1400.0,1370.0,1370.0,607.6724853515625,29170000,0.0,0.0
2008-12-30,TLKM,1380.0,1400.0,1370.0,1380.0,612.1080932617188,23657500,0.0,0.0
2008-12-31,TLKM,1380.0,1380.0,1380.0,1380.0,612.1080932617188,0,0.0,0.0
2009-01-05,TLKM,1460.0,1480.0,1420.0,1460.0,647.5927124023438,77242500,0.0,0.0
2009-01-06,TLKM,1440.0,1490.0,1430.0,1440.0,638.7214965820312,103442500,0.0,0.0
2009-01-07,TLKM,1380.0,1460.0,1380.0,1380.0,612.1080932617188,66135000,0.0,0.0
2009-01-08,TLKM,1400.0,1420.0,1360.0,1400.0,620.979248046875,45320000,0.0,0.0
2009-01-09,TLKM,1420.0,1430.0,1390.0,1420.0,629.8504638671875,92242500,0.0,0.0
2009-01-12,TLKM,1390.0,1410.0,1380.0,1390.0,616.5436401367188,45145000,0.0,0.0
2009-01-13,TLKM,1350.0,1390.0,1340.0,1350.0,598.8014526367188,62777500,0.0,0.0
2009-01-14,TLKM,1380.0,1400.0,1350.0,1380.0,612.1080932617188,38152500,0.0,0.0
2009-01-15,TLKM,1290.0,1350.0,1280.0,1290.0,572.1879272460938,83650000,0.0,0.0
2009-01-16,TLKM,1310.0,1320.0,1290.0,1310.0,581.059326171875,66600000,0.0,0.0
2009-01-19,TLKM,1280.0,1320.0,1270.0,1280.0,567.7523803710938,53065000,0.0,0.0
2009-01-20,TLKM,1290.0,1310.0,1260.0,1290.0,572.1879272460938,42935000,0.0,0.0
2009-01-21,TLKM,1260.0,1290.0,1260.0,1260.0,558.8812255859375,50027500,0.0,0.0
2009-01-22,TLKM,1290.0,1290.0,1250.0,1290.0,572.1879272460938,40370000,0.0,0.0
2009-01-23,TLKM,1290.0,1300.0,1270.0,1290.0,572.1879272460938,23522500,0.0,0.0
2009-01-27,TLKM,1300.0,1310.0,1290.0,1300.0,576.6236572265625,49187500,0.0,0.0
2009-01-28,TLKM,1270.0,1320.0,1270.0,1270.0,563.31689453125,29930000,0.0,0.0
2009-01-29,TLKM,1260.0,1320.0,1250.0,1260.0,558.8812255859375,91380000,0.0,0.0
2009-01-30,TLKM,1260.0,1280.0,1240.0,1260.0,558.8812255859375,62255000,0.0,0.0
2009-02-02,TLKM,1200.0,1260.0,1170.0,1200.0,532.2678833007812,115127500,0.0,0.0
2009-02-03,TLKM,1170.0,1200.0,1150.0,1170.0,518.9613037109375,108997500,0.0,0.0
2009-02-04,TLKM,1230.0,1240.0,1180.0,1230.0,545.5746459960938,75357500,0.0,0.0
2009-02-05,TLKM,1260.0,1280.0,1230.0,1260.0,558.8812255859375,93057500,0.0,0.0
2009-02-06,TLKM,1280.0,1290.0,1270.0,1280.0,567.7523803710938,55035000,0.0,0.0
2009-02-09,TLKM,1270.0,1300.0,1260.0,1270.0,563.31689453125,26160000,0.0,0.0
2009-02-10,TLKM,1290.0,1300.0,1240.0,1290.0,572.1879272460938,70347500,0.0,0.0
2009-02-11,TLKM,1290.0,1290.0,1250.0,1290.0,572.1879272460938,32070000,0.0,0.0
2009-02-12,TLKM,1300.0,1300.0,1260.0,1300.0,576.6236572265625,31227500,0.0,0.0
2009-02-13,TLKM,1300.0,1330.0,1280.0,1300.0,576.6236572265625,32005000,0.0,0.0
2009-02-16,TLKM,1300.0,1310.0,1290.0,1300.0,576.6236572265625,29085000,0.0,0.0
2009-02-17,TLKM,1270.0,1310.0,1250.0,1270.0,563.31689453125,39035000,0.0,0.0
2009-02-18,TLKM,1280.0,1290.0,1240.0,1280.0,567.7523803710938,47347500,0.0,0.0
2009-02-19,TLKM,1280.0,1290.0,1260.0,1280.0,567.7523803710938,20102500,0.0,0.0
2009-02-20,TLKM,1250.0,1270.0,1240.0,1250.0,554.44580078125,34325000,0.0,0.0
2009-02-23,TLKM,1300.0,1300.0,1260.0,1300.0,576.6236572265625,36962500,0.0,0.0
2009-02-24,TLKM,1300.0,1300.0,1260.0,1300.0,576.6236572265625,54377500,0.0,0.0
2009-02-25,TLKM,1300.0,1310.0,1280.0,1300.0,576.6236572265625,44472500,0.0,0.0
2009-02-26,TLKM,1280.0,1300.0,1270.0,1280.0,567.7523803710938,14862500,0.0,0.0
2009-02-27,TLKM,1260.0,1300.0,1260.0,1260.0,558.8812255859375,54935000,0.0,0.0
2009-03-02,TLKM,1250.0,1270.0,1240.0,1250.0,554.44580078125,34617500,0.0,0.0
2009-03-03,TLKM,1250.0,1270.0,1230.0,1250.0,554.44580078125,46400000,0.0,0.0
2009-03-04,TLKM,1260.0,1280.0,1240.0,1260.0,558.8812255859375,30850000,0.0,0.0
2009-03-05,TLKM,1280.0,1280.0,1260.0,1280.0,567.7523803710938,50442500,0.0,0.0
2009-03-06,TLKM,1280.0,1290.0,1260.0,1280.0,567.7523803710938,20285000,0.0,0.0
2009-03-10,TLKM,1270.0,1280.0,1260.0,1270.0,563.31689453125,35100000,0.0,0.0
2009-03-11,TLKM,1290.0,1290.0,1270.0,1290.0,572.1879272460938,38052500,0.0,0.0
2009-03-12,TLKM,1300.0,1300.0,1290.0,1300.0,576.6236572265625,43332500,0.0,0.0
2009-03-13,TLKM,1320.0,1340.0,1300.0,1320.0,585.4947509765625,57930000,0.0,0.0
2009-03-16,TLKM,1320.0,1350.0,1320.0,1320.0,585.4947509765625,25397500,0.0,0.0
2009-03-17,TLKM,1290.0,1320.0,1280.0,1290.0,572.1879272460938,43955000,0.0,0.0
2009-03-18,TLKM,1300.0,1310.0,1290.0,1300.0,576.6236572265625,18322500,0.0,0.0
2009-03-19,TLKM,1320.0,1360.0,1320.0,1340.0,594.3658447265625,75855000,0.0,0.0
2009-03-20,TLKM,1340.0,1420.0,1340.0,1420.0,629.8504638671875,82827500,0.0,0.0
2009-03-23,TLKM,1470.0,1510.0,1420.0,1470.0,652.0284423828125,142245000,0.0,0.0
2009-03-24,TLKM,1480.0,1510.0,1460.0,1480.0,656.4635620117188,126082500,0.0,0.0
2009-03-25,TLKM,1420.0,1500.0,1420.0,1420.0,629.8504638671875,81507500,0.0,0.0
2009-03-27,TLKM,1440.0,1550.0,1440.0,1520.0,674.2060546875,109927500,0.0,0.0
2009-03-30,TLKM,1490.0,1520.0,1470.0,1490.0,660.8993530273438,48945000,0.0,0.0
2009-03-31,TLKM,1510.0,1580.0,1480.0,1510.0,669.7703247070312,137190000,0.0,0.0
2009-04-01,TLKM,1460.0,1530.0,1450.0,1460.0,647.5927124023438,103242500,0.0,0.0
2009-04-02,TLKM,1460.0,1490.0,1420.0,1460.0,647.5927124023438,202452500,0.0,0.0
2009-04-03,TLKM,1430.0,1470.0,1430.0,1430.0,634.285888671875,190527500,0.0,0.0
2009-04-06,TLKM,1460.0,1470.0,1440.0,1460.0,647.5927124023438,158455000,0.0,0.0
2009-04-07,TLKM,1410.0,1460.0,1400.0,1410.0,625.4147338867188,266940000,0.0,0.0
2009-04-08,TLKM,1380.0,1420.0,1370.0,1380.0,612.1080932617188,151377500,0.0,0.0
2009-04-09,TLKM,1380.0,1380.0,1380.0,1380.0,612.1080932617188,0,0.0,0.0
2009-04-13,TLKM,1480.0,1480.0,1410.0,1480.0,656.4635620117188,183567500,0.0,0.0
2009-04-14,TLKM,1490.0,1500.0,1460.0,1490.0,660.8993530273438,192455000,0.0,0.0
2009-04-15,TLKM,1520.0,1530.0,1480.0,1520.0,674.2060546875,151740000,0.0,0.0
2009-04-16,TLKM,1570.0,1570.0,1530.0,1570.0,696.3839721679688,156345000,0.0,0.0
2009-04-17,TLKM,1580.0,1600.0,1530.0,1550.0,687.5127563476562,110445000,0.0,0.0
2009-04-20,TLKM,1580.0,1580.0,1510.0,1580.0,700.8194580078125,70600000,0.0,0.0
2009-04-22,TLKM,1490.0,1530.0,1480.0,1490.0,660.8993530273438,87860000,0.0,0.0
2009-04-23,TLKM,1470.0,1500.0,1470.0,1470.0,652.0284423828125,35282500,0.0,0.0
2009-04-24,TLKM,1440.0,1490.0,1430.0,1440.0,638.7214965820312,82115000,0.0,0.0
2009-04-27,TLKM,1420.0,1460.0,1420.0,1420.0,629.8504638671875,115482500,0.0,0.0
2009-04-28,TLKM,1490.0,1520.0,1420.0,1490.0,660.8993530273438,157425000,0.0,0.0
2009-04-29,TLKM,1530.0,1550.0,1510.0,1530.0,678.6416625976562,61057500,0.0,0.0
2009-04-30,TLKM,1570.0,1580.0,1530.0,1570.0,696.3839721679688,130495000,0.0,0.0
2009-05-01,TLKM,1550.0,1580.0,1530.0,1550.0,687.5127563476562,56762500,0.0,0.0
2009-05-04,TLKM,1590.0,1610.0,1570.0,1590.0,705.2550048828125,129637500,0.0,0.0
2009-05-05,TLKM,1540.0,1620.0,1510.0,1540.0,683.0772094726562,82570000,0.0,0.0
2009-05-06,TLKM,1570.0,1590.0,1530.0,1570.0,696.3839721679688,95367500,0.0,0.0
2009-05-07,TLKM,1550.0,1620.0,1520.0,1550.0,687.5127563476562,146512500,0.0,0.0
2009-05-08,TLKM,1520.0,1550.0,1510.0,1520.0,674.2060546875,99885000,0.0,0.0
2009-05-11,TLKM,1480.0,1530.0,1480.0,1480.0,656.4635620117188,186382500,0.0,0.0
2009-05-12,TLKM,1500.0,1510.0,1470.0,1500.0,665.3348388671875,70605000,0.0,0.0
2009-05-13,TLKM,1450.0,1510.0,1450.0,1450.0,643.1570434570312,117047500,0.0,0.0
2009-05-14,TLKM,1420.0,1450.0,1410.0,1420.0,629.8504638671875,100465000,0.0,0.0
2009-05-15,TLKM,1410.0,1440.0,1400.0,1410.0,625.4147338867188,151445000,0.0,0.0
2009-05-18,TLKM,1440.0,1450.0,1410.0,1440.0,638.7214965820312,112555000,0.0,0.0
2009-05-19,TLKM,1480.0,1490.0,1460.0,1480.0,656.4635620117188,87320000,0.0,0.0
2009-05-20,TLKM,1460.0,1490.0,1450.0,1460.0,647.5927124023438,72505000,0.0,0.0
2009-05-21,TLKM,1460.0,1460.0,1460.0,1460.0,647.5927124023438,0,0.0,0.0
2009-05-22,TLKM,1480.0,1480.0,1450.0,1480.0,656.4635620117188,105732500,0.0,0.0
2009-05-25,TLKM,1470.0,1490.0,1460.0,1470.0,652.0284423828125,69522500,0.0,0.0
2009-05-26,TLKM,1480.0,1500.0,1470.0,1480.0,656.4635620117188,87700000,0.0,0.0
2009-05-27,TLKM,1510.0,1540.0,1500.0,1510.0,669.7703247070312,157952500,0.0,0.0
2009-05-28,TLKM,1490.0,1510.0,1470.0,1490.0,660.8993530273438,71885000,0.0,0.0
2009-05-29,TLKM,1490.0,1530.0,1490.0,1490.0,660.8993530273438,152920000,0.0,0.0
2009-06-01,TLKM,1520.0,1520.0,1500.0,1520.0,674.2060546875,58370000,0.0,0.0
2009-06-02,TLKM,1520.0,1550.0,1520.0,1520.0,674.2060546875,133152500,0.0,0.0
2009-06-03,TLKM,1560.0,1560.0,1520.0,1560.0,691.9482421875,100887500,0.0,0.0
2009-06-04,TLKM,1560.0,1560.0,1530.0,1560.0,691.9482421875,71892500,0.0,0.0
2009-06-05,TLKM,1550.0,1570.0,1540.0,1550.0,687.5127563476562,123192500,0.0,0.0
2009-06-08,TLKM,1540.0,1600.0,1530.0,1540.0,683.0772094726562,150090000,0.0,0.0
2009-06-09,TLKM,1560.0,1570.0,1520.0,1560.0,691.9482421875,86805000,0.0,0.0
2009-06-10,TLKM,1550.0,1580.0,1550.0,1550.0,687.5127563476562,93437500,0.0,0.0
2009-06-11,TLKM,1510.0,1560.0,1500.0,1510.0,669.7703247070312,95757500,0.0,0.0
2009-06-12,TLKM,1530.0,1550.0,1510.0,1530.0,678.6416625976562,92647500,0.0,0.0
2009-06-15,TLKM,1550.0,1560.0,1530.0,1550.0,687.5127563476562,84657500,0.0,0.0
2009-06-16,TLKM,1510.0,1540.0,1500.0,1510.0,669.7703247070312,74740000,0.0,0.0
2009-06-17,TLKM,1490.0,1530.0,1480.0,1490.0,660.8993530273438,89907500,0.0,0.0
2009-06-18,TLKM,1460.0,1490.0,1460.0,1460.0,647.5927124023438,63680000,0.0,0.0
2009-06-19,TLKM,1490.0,1510.0,1480.0,1490.0,660.8993530273438,132255000,0.0,0.0
2009-06-22,TLKM,1500.0,1530.0,1490.0,1500.0,665.3348388671875,50505000,0.0,0.0
2009-06-23,TLKM,1470.0,1490.0,1460.0,1470.0,652.0284423828125,109410000,0.0,0.0
2009-06-24,TLKM,1480.0,1480.0,1460.0,1480.0,656.4635620117188,61122500,0.0,0.0
2009-06-25,TLKM,1520.0,1540.0,1490.0,1520.0,674.2060546875,156455000,0.0,0.0
2009-06-26,TLKM,1520.0,1540.0,1510.0,1520.0,674.2060546875,84577500,0.0,0.0
2009-06-29,TLKM,1480.0,1530.0,1470.0,1480.0,656.4635620117188,112600000,0.0,0.0
2009-06-30,TLKM,1500.0,1520.0,1500.0,1500.0,665.3348388671875,142837500,0.0,0.0
2009-07-01,TLKM,1580.0,1580.0,1510.0,1580.0,700.8194580078125,155137500,0.0,0.0
2009-07-02,TLKM,1600.0,1640.0,1600.0,1640.0,727.432861328125,252257500,0.0,0.0
2009-07-03,TLKM,1630.0,1740.0,1610.0,1720.0,762.91748046875,206132500,0.0,0.0
2009-07-06,TLKM,1690.0,1750.0,1680.0,1690.0,749.6106567382812,119385000,0.0,0.0
2009-07-07,TLKM,1710.0,1720.0,1660.0,1710.0,786.106689453125,110925000,59.388702,0.0
2009-07-08,TLKM,1710.0,1710.0,1710.0,1710.0,786.106689453125,0,0.0,0.0
2009-07-09,TLKM,1720.0,1730.0,1610.0,1620.0,744.7325439453125,213530000,0.0,0.0
2009-07-10,TLKM,1640.0,1640.0,1580.0,1590.0,730.9412231445312,232175000,0.0,0.0
2009-07-13,TLKM,1580.0,1600.0,1560.0,1580.0,726.3441772460938,137802500,0.0,0.0
2009-07-14,TLKM,1600.0,1630.0,1590.0,1600.0,735.5384521484375,64642500,0.0,0.0
2009-07-15,TLKM,1610.0,1620.0,1580.0,1610.0,740.1356201171875,50242500,0.0,0.0
2009-07-16,TLKM,1570.0,1650.0,1560.0,1570.0,721.7469482421875,96327500,0.0,0.0
2009-07-17,TLKM,1600.0,1600.0,1550.0,1600.0,735.5384521484375,92767500,0.0,0.0
2009-07-20,TLKM,1600.0,1600.0,1600.0,1600.0,735.5384521484375,0,0.0,0.0
2009-07-21,TLKM,1640.0,1680.0,1620.0,1640.0,753.9269409179688,116847500,0.0,0.0
2009-07-22,TLKM,1620.0,1650.0,1590.0,1620.0,744.7325439453125,70242500,0.0,0.0
2009-07-23,TLKM,1650.0,1660.0,1630.0,1650.0,758.5238647460938,81845000,0.0,0.0
2009-07-24,TLKM,1710.0,1720.0,1670.0,1710.0,786.106689453125,127192500,0.0,0.0
2009-07-27,TLKM,1760.0,1790.0,1720.0,1760.0,809.0922241210938,115597500,0.0,0.0
2009-07-28,TLKM,1790.0,1800.0,1750.0,1790.0,822.8833618164062,138512500,0.0,0.0
2009-07-29,TLKM,1770.0,1780.0,1730.0,1770.0,813.6892700195312,90822500,0.0,0.0
2009-07-30,TLKM,1770.0,1890.0,1760.0,1880.0,864.2575073242188,156980000,0.0,0.0
2009-07-31,TLKM,1790.0,1880.0,1780.0,1790.0,822.8833618164062,149007500,0.0,0.0
2009-08-03,TLKM,1780.0,1820.0,1770.0,1780.0,818.286376953125,70237500,0.0,0.0
2009-08-04,TLKM,1760.0,1810.0,1760.0,1760.0,809.0922241210938,126772500,0.0,0.0
2009-08-05,TLKM,1720.0,1760.0,1700.0,1720.0,790.7037353515625,113145000,0.0,0.0
2009-08-06,TLKM,1750.0,1750.0,1710.0,1750.0,804.4950561523438,146250000,0.0,0.0
2009-08-07,TLKM,1760.0,1770.0,1730.0,1760.0,809.0922241210938,104525000,0.0,0.0
2009-08-10,TLKM,1800.0,1820.0,1760.0,1800.0,827.48046875,188015000,0.0,0.0
2009-08-11,TLKM,1780.0,1810.0,1770.0,1780.0,818.286376953125,34572500,0.0,0.0
2009-08-12,TLKM,1750.0,1750.0,1700.0,1710.0,786.106689453125,118017500,0.0,0.0
2009-08-13,TLKM,1750.0,1760.0,1730.0,1750.0,804.4950561523438,87392500,0.0,0.0
2009-08-14,TLKM,1740.0,1760.0,1710.0,1740.0,799.89794921875,95557500,0.0,0.0
2009-08-18,TLKM,1700.0,1730.0,1690.0,1700.0,781.5094604492188,139157500,0.0,0.0
2009-08-19,TLKM,1670.0,1710.0,1660.0,1670.0,767.7181396484375,101917500,0.0,0.0
2009-08-20,TLKM,1690.0,1710.0,1680.0,1690.0,776.912353515625,69427500,0.0,0.0
2009-08-21,TLKM,1690.0,1700.0,1680.0,1690.0,776.912353515625,48890000,0.0,0.0
2009-08-24,TLKM,1690.0,1710.0,1670.0,1690.0,776.912353515625,97572500,0.0,0.0
2009-08-25,TLKM,1730.0,1730.0,1670.0,1730.0,795.3008422851562,138570000,0.0,0.0
2009-08-26,TLKM,1710.0,1730.0,1710.0,1710.0,786.106689453125,106905000,0.0,0.0
2009-08-27,TLKM,1720.0,1740.0,1700.0,1720.0,790.7037353515625,88642500,0.0,0.0
2009-08-28,TLKM,1730.0,1750.0,1720.0,1730.0,795.3008422851562,79362500,0.0,0.0
2009-08-31,TLKM,1680.0,1730.0,1670.0,1680.0,772.3153076171875,77355000,0.0,0.0
2009-09-01,TLKM,1670.0,1710.0,1670.0,1670.0,767.7181396484375,87412500,0.0,0.0
2009-09-02,TLKM,1650.0,1680.0,1650.0,1650.0,758.5238647460938,77600000,0.0,0.0
2009-09-03,TLKM,1680.0,1710.0,1660.0,1680.0,772.3153076171875,48757500,0.0,0.0
2009-09-04,TLKM,1680.0,1710.0,1680.0,1680.0,772.3153076171875,32535000,0.0,0.0
2009-09-07,TLKM,1710.0,1710.0,1680.0,1710.0,786.106689453125,49617500,0.0,0.0
2009-09-08,TLKM,1690.0,1710.0,1690.0,1690.0,776.912353515625,35425000,0.0,0.0
2009-09-09,TLKM,1670.0,1680.0,1660.0,1670.0,767.7181396484375,51980000,0.0,0.0
2009-09-10,TLKM,1690.0,1700.0,1670.0,1690.0,776.912353515625,104465000,0.0,0.0
2009-09-11,TLKM,1690.0,1710.0,1680.0,1690.0,776.912353515625,57032500,0.0,0.0
2009-09-14,TLKM,1660.0,1680.0,1660.0,1660.0,763.1209716796875,66745000,0.0,0.0
2009-09-15,TLKM,1680.0,1680.0,1660.0,1680.0,772.3153076171875,51187500,0.0,0.0
2009-09-16,TLKM,1670.0,1680.0,1660.0,1670.0,767.7181396484375,69462500,0.0,0.0
2009-09-17,TLKM,1680.0,1690.0,1660.0,1680.0,772.3153076171875,107460000,0.0,0.0
2009-09-24,TLKM,1750.0,1760.0,1700.0,1750.0,804.4950561523438,278962500,0.0,0.0
2009-09-25,TLKM,1730.0,1740.0,1710.0,1730.0,795.3008422851562,51820000,0.0,0.0
2009-09-28,TLKM,1700.0,1720.0,1690.0,1700.0,781.5094604492188,40272500,0.0,0.0
2009-09-29,TLKM,1710.0,1720.0,1700.0,1710.0,786.106689453125,74990000,0.0,0.0
2009-09-30,TLKM,1730.0,1730.0,1710.0,1730.0,795.3008422851562,67777500,0.0,0.0
2009-10-01,TLKM,1740.0,1750.0,1720.0,1740.0,799.89794921875,65262500,0.0,0.0
2009-10-02,TLKM,1710.0,1730.0,1690.0,1710.0,786.106689453125,44497500,0.0,0.0
2009-10-05,TLKM,1700.0,1710.0,1680.0,1700.0,781.5094604492188,63765000,0.0,0.0
2009-10-06,TLKM,1720.0,1730.0,1690.0,1720.0,790.7037353515625,137310000,0.0,0.0
2009-10-07,TLKM,1730.0,1740.0,1710.0,1730.0,795.3008422851562,80985000,0.0,0.0
2009-10-08,TLKM,1730.0,1740.0,1700.0,1730.0,795.3008422851562,72322500,0.0,0.0
2009-10-09,TLKM,1710.0,1730.0,1710.0,1710.0,786.106689453125,55090000,0.0,0.0
2009-10-12,TLKM,1740.0,1740.0,1730.0,1740.0,799.89794921875,65362500,0.0,0.0
2009-10-13,TLKM,1760.0,1790.0,1740.0,1760.0,809.0922241210938,173707500,0.0,0.0
2009-10-14,TLKM,1740.0,1780.0,1720.0,1740.0,799.89794921875,95772500,0.0,0.0
2009-10-15,TLKM,1730.0,1740.0,1710.0,1730.0,795.3008422851562,109602500,0.0,0.0
2009-10-16,TLKM,1740.0,1740.0,1720.0,1740.0,799.89794921875,68830000,0.0,0.0
2009-10-19,TLKM,1740.0,1760.0,1730.0,1740.0,799.89794921875,73050000,0.0,0.0
2009-10-20,TLKM,1740.0,1760.0,1740.0,1740.0,799.89794921875,81722500,0.0,0.0
2009-10-21,TLKM,1730.0,1740.0,1720.0,1730.0,795.3008422851562,42000000,0.0,0.0
2009-10-22,TLKM,1720.0,1730.0,1710.0,1720.0,790.7037353515625,35460000,0.0,0.0
2009-10-23,TLKM,1730.0,1740.0,1710.0,1730.0,795.3008422851562,69537500,0.0,0.0
2009-10-26,TLKM,1700.0,1720.0,1700.0,1700.0,781.5094604492188,38392500,0.0,0.0
2009-10-27,TLKM,1690.0,1720.0,1690.0,1690.0,776.912353515625,54797500,0.0,0.0
2009-10-28,TLKM,1670.0,1710.0,1660.0,1670.0,767.7181396484375,68672500,0.0,0.0
2009-10-29,TLKM,1650.0,1650.0,1570.0,1650.0,758.5238647460938,107672500,0.0,0.0
2009-10-30,TLKM,1680.0,1690.0,1650.0,1680.0,772.3153076171875,135192500,0.0,0.0
2009-11-02,TLKM,1650.0,1660.0,1620.0,1650.0,758.5238647460938,87045000,0.0,0.0
2009-11-03,TLKM,1670.0,1690.0,1660.0,1670.0,767.7181396484375,96067500,0.0,0.0
2009-11-04,TLKM,1720.0,1720.0,1670.0,1720.0,790.7037353515625,61460000,0.0,0.0
2009-11-05,TLKM,1740.0,1750.0,1710.0,1740.0,799.89794921875,80942500,0.0,0.0
2009-11-06,TLKM,1740.0,1760.0,1730.0,1740.0,799.89794921875,55437500,0.0,0.0
2009-11-09,TLKM,1730.0,1740.0,1720.0,1730.0,795.3008422851562,56095000,0.0,0.0
2009-11-10,TLKM,1750.0,1770.0,1740.0,1750.0,804.4950561523438,72085000,0.0,0.0
2009-11-11,TLKM,1750.0,1780.0,1750.0,1750.0,804.4950561523438,75492500,0.0,0.0
2009-11-12,TLKM,1760.0,1780.0,1760.0,1760.0,809.0922241210938,41547500,0.0,0.0
2009-11-13,TLKM,1750.0,1760.0,1750.0,1750.0,804.4950561523438,15945000,0.0,0.0
2009-11-16,TLKM,1770.0,1780.0,1750.0,1770.0,813.6892700195312,28570000,0.0,0.0
2009-11-17,TLKM,1780.0,1800.0,1770.0,1780.0,818.286376953125,50835000,0.0,0.0
2009-11-18,TLKM,1780.0,1800.0,1770.0,1780.0,818.286376953125,17312500,0.0,0.0
2009-11-19,TLKM,1800.0,1820.0,1800.0,1800.0,827.48046875,64730000,0.0,0.0
2009-11-20,TLKM,1800.0,1820.0,1790.0,1800.0,827.48046875,107047500,0.0,0.0
2009-11-23,TLKM,1790.0,1810.0,1770.0,1790.0,822.8833618164062,38630000,0.0,0.0
2009-11-24,TLKM,1800.0,1810.0,1780.0,1800.0,827.48046875,43020000,0.0,0.0
2009-11-25,TLKM,1810.0,1830.0,1810.0,1810.0,832.0778198242188,59050000,0.0,0.0
2009-11-26,TLKM,1750.0,1830.0,1750.0,1750.0,804.4950561523438,71255000,0.0,0.0
2009-11-30,TLKM,1800.0,1810.0,1740.0,1800.0,827.48046875,72997500,0.0,0.0
2009-12-01,TLKM,1800.0,1810.0,1790.0,1800.0,827.48046875,23530000,0.0,0.0
2009-12-02,TLKM,1820.0,1820.0,1790.0,1800.0,827.48046875,44452500,0.0,0.0
2009-12-03,TLKM,1810.0,1840.0,1800.0,1840.0,845.868896484375,62647500,0.0,0.0
2009-12-04,TLKM,1830.0,1860.0,1830.0,1850.0,850.4661254882812,43960000,0.0,0.0
2009-12-07,TLKM,1860.0,1890.0,1840.0,1860.0,855.0632934570312,62722500,0.0,0.0
2009-12-08,TLKM,1860.0,1900.0,1860.0,1880.0,864.2575073242188,53132500,0.0,0.0
2009-12-09,TLKM,1840.0,1870.0,1840.0,1840.0,845.868896484375,57280000,0.0,0.0
2009-12-10,TLKM,1890.0,1900.0,1850.0,1890.0,871.3787841796875,35512500,5.33,0.0
2009-12-11,TLKM,1960.0,1960.0,1910.0,1960.0,903.6519775390625,79832500,0.0,0.0
2009-12-14,TLKM,1900.0,1950.0,1890.0,1900.0,875.9892578125,84440000,0.0,0.0
2009-12-15,TLKM,1920.0,1940.0,1910.0,1920.0,885.2101440429688,66430000,0.0,0.0
2009-12-16,TLKM,1970.0,2000.0,1920.0,1970.0,908.2625122070312,103087500,0.0,0.0
2009-12-17,TLKM,2020.0,2070.0,1990.0,2020.0,931.3148193359375,146767500,0.0,0.0
2009-12-21,TLKM,1900.0,1970.0,1900.0,1900.0,875.9892578125,138622500,0.0,0.0
2009-12-22,TLKM,1940.0,1950.0,1920.0,1940.0,894.4312133789062,105755000,0.0,0.0
2009-12-23,TLKM,1920.0,1940.0,1890.0,1920.0,885.2101440429688,55715000,0.0,0.0
2009-12-28,TLKM,1920.0,1930.0,1890.0,1920.0,885.2101440429688,79710000,0.0,0.0
2009-12-29,TLKM,1900.0,1930.0,1900.0,1900.0,875.9892578125,32882500,0.0,0.0
2009-12-30,TLKM,1890.0,1930.0,1880.0,1890.0,871.3787841796875,80427500,0.0,0.0
2010-01-04,TLKM,1910.0,1920.0,1890.0,1910.0,880.599609375,44820000,0.0,0.0
2010-01-05,TLKM,1920.0,1930.0,1910.0,1920.0,885.2101440429688,56250000,0.0,0.0
2010-01-06,TLKM,1900.0,1940.0,1890.0,1900.0,875.9892578125,67870000,0.0,0.0
2010-01-07,TLKM,1850.0,1900.0,1850.0,1850.0,852.9368286132812,145440000,0.0,0.0
2010-01-08,TLKM,1870.0,1890.0,1840.0,1870.0,862.15771484375,88070000,0.0,0.0
2010-01-11,TLKM,1890.0,1910.0,1870.0,1890.0,871.3787841796875,61937500,0.0,0.0
2010-01-12,TLKM,1900.0,1910.0,1880.0,1900.0,875.9892578125,99952500,0.0,0.0
2010-01-13,TLKM,1880.0,1900.0,1870.0,1880.0,866.7682495117188,48640000,0.0,0.0
2010-01-14,TLKM,1870.0,1900.0,1870.0,1870.0,862.15771484375,44995000,0.0,0.0
2010-01-15,TLKM,1900.0,1900.0,1870.0,1900.0,875.9892578125,53277500,0.0,0.0
2010-01-18,TLKM,1880.0,1900.0,1880.0,1880.0,866.7682495117188,34142500,0.0,0.0
2010-01-19,TLKM,1890.0,1890.0,1870.0,1890.0,871.3787841796875,59772500,0.0,0.0
2010-01-20,TLKM,1900.0,1920.0,1880.0,1900.0,875.9892578125,58915000,0.0,0.0
2010-01-21,TLKM,1890.0,1900.0,1870.0,1890.0,871.3787841796875,67865000,0.0,0.0
2010-01-22,TLKM,1860.0,1870.0,1850.0,1860.0,857.54736328125,78792500,0.0,0.0
2010-01-25,TLKM,1850.0,1880.0,1840.0,1850.0,852.9368286132812,61735000,0.0,0.0
2010-01-26,TLKM,1860.0,1880.0,1860.0,1860.0,857.54736328125,43147500,0.0,0.0
2010-01-27,TLKM,1850.0,1870.0,1840.0,1850.0,852.9368286132812,36557500,0.0,0.0
2010-01-28,TLKM,1860.0,1880.0,1860.0,1860.0,857.54736328125,20957500,0.0,0.0
2010-01-29,TLKM,1870.0,1890.0,1850.0,1870.0,862.15771484375,91855000,0.0,0.0
2010-02-01,TLKM,1860.0,1890.0,1860.0,1860.0,857.54736328125,73317500,0.0,0.0
2010-02-02,TLKM,1860.0,1890.0,1850.0,1860.0,857.54736328125,43560000,0.0,0.0
2010-02-03,TLKM,1870.0,1880.0,1860.0,1870.0,862.15771484375,13107500,0.0,0.0
2010-02-04,TLKM,1850.0,1870.0,1840.0,1850.0,852.9368286132812,45420000,0.0,0.0
2010-02-05,TLKM,1790.0,1820.0,1770.0,1790.0,825.2739868164062,98077500,0.0,0.0
2010-02-08,TLKM,1740.0,1790.0,1720.0,1740.0,802.2218017578125,97730000,0.0,0.0
2010-02-09,TLKM,1710.0,1750.0,1680.0,1710.0,788.3904418945312,98800000,0.0,0.0
2010-02-10,TLKM,1710.0,1740.0,1690.0,1710.0,788.3904418945312,62095000,0.0,0.0
2010-02-11,TLKM,1750.0,1750.0,1700.0,1750.0,806.8322143554688,71675000,0.0,0.0
2010-02-12,TLKM,1740.0,1750.0,1720.0,1740.0,802.2218017578125,89482500,0.0,0.0
2010-02-15,TLKM,1740.0,1740.0,1720.0,1740.0,802.2218017578125,17917500,0.0,0.0
2010-02-16,TLKM,1760.0,1760.0,1730.0,1760.0,811.4427490234375,16820000,0.0,0.0
2010-02-17,TLKM,1750.0,1780.0,1740.0,1750.0,806.8322143554688,72675000,0.0,0.0
2010-02-18,TLKM,1740.0,1750.0,1710.0,1740.0,802.2218017578125,66007500,0.0,0.0
2010-02-19,TLKM,1720.0,1730.0,1700.0,1720.0,793.0008544921875,50370000,0.0,0.0
2010-02-22,TLKM,1700.0,1730.0,1670.0,1700.0,783.7798461914062,133095000,0.0,0.0
2010-02-23,TLKM,1700.0,1700.0,1640.0,1700.0,783.7798461914062,243412500,0.0,0.0
2010-02-24,TLKM,1690.0,1700.0,1660.0,1690.0,779.1693725585938,93800000,0.0,0.0
2010-02-25,TLKM,1660.0,1700.0,1640.0,1660.0,765.3379516601562,96325000,0.0,0.0
2010-03-01,TLKM,1630.0,1680.0,1630.0,1630.0,751.50634765625,81395000,0.0,0.0
2010-03-02,TLKM,1690.0,1690.0,1650.0,1690.0,779.1693725585938,134415000,0.0,0.0
2010-03-03,TLKM,1670.0,1690.0,1650.0,1670.0,769.9484252929688,96232500,0.0,0.0
2010-03-04,TLKM,1650.0,1670.0,1640.0,1650.0,760.7274780273438,60312500,0.0,0.0
2010-03-05,TLKM,1660.0,1670.0,1650.0,1660.0,765.3379516601562,46935000,0.0,0.0
2010-03-08,TLKM,1720.0,1720.0,1670.0,1720.0,793.0008544921875,134775000,0.0,0.0
2010-03-09,TLKM,1750.0,1760.0,1710.0,1750.0,806.8322143554688,235157500,0.0,0.0
2010-03-10,TLKM,1720.0,1750.0,1710.0,1720.0,793.0008544921875,52527500,0.0,0.0
2010-03-11,TLKM,1720.0,1740.0,1710.0,1720.0,793.0008544921875,68742500,0.0,0.0
2010-03-12,TLKM,1680.0,1720.0,1670.0,1680.0,774.5590209960938,97317500,0.0,0.0
2010-03-15,TLKM,1670.0,1680.0,1660.0,1670.0,769.9484252929688,95375000,0.0,0.0
2010-03-17,TLKM,1720.0,1720.0,1670.0,1720.0,793.0008544921875,182625000,0.0,0.0
2010-03-18,TLKM,1670.0,1720.0,1660.0,1670.0,769.9484252929688,180522500,0.0,0.0
2010-03-19,TLKM,1650.0,1660.0,1620.0,1650.0,760.7274780273438,461007500,0.0,0.0
2010-03-22,TLKM,1610.0,1640.0,1610.0,1610.0,742.2857666015625,174180000,0.0,0.0
2010-03-23,TLKM,1600.0,1630.0,1600.0,1600.0,737.67529296875,170802500,0.0,0.0
2010-03-24,TLKM,1640.0,1640.0,1600.0,1640.0,756.1171875,134160000,0.0,0.0
2010-03-25,TLKM,1660.0,1660.0,1620.0,1660.0,765.3379516601562,149527500,0.0,0.0
2010-03-26,TLKM,1640.0,1650.0,1620.0,1640.0,756.1171875,141862500,0.0,0.0
2010-03-29,TLKM,1620.0,1640.0,1610.0,1620.0,746.8961181640625,91955000,0.0,0.0
2010-03-30,TLKM,1620.0,1630.0,1610.0,1620.0,746.8961181640625,42850000,0.0,0.0
2010-03-31,TLKM,1610.0,1630.0,1590.0,1610.0,742.2857666015625,136295000,0.0,0.0
2010-04-01,TLKM,1630.0,1640.0,1610.0,1630.0,751.50634765625,84730000,0.0,0.0
2010-04-05,TLKM,1670.0,1670.0,1640.0,1670.0,769.9484252929688,144465000,0.0,0.0
2010-04-06,TLKM,1640.0,1670.0,1630.0,1640.0,756.1171875,110077500,0.0,0.0
2010-04-07,TLKM,1610.0,1640.0,1610.0,1610.0,742.2857666015625,113160000,0.0,0.0
2010-04-08,TLKM,1620.0,1640.0,1610.0,1620.0,746.8961181640625,103585000,0.0,0.0
2010-04-09,TLKM,1620.0,1650.0,1610.0,1620.0,746.8961181640625,183240000,0.0,0.0
2010-04-12,TLKM,1610.0,1630.0,1600.0,1610.0,742.2857666015625,122215000,0.0,0.0
2010-04-13,TLKM,1610.0,1610.0,1590.0,1610.0,742.2857666015625,155710000,0.0,0.0
2010-04-14,TLKM,1590.0,1620.0,1590.0,1590.0,733.064697265625,107027500,0.0,0.0
2010-04-15,TLKM,1600.0,1620.0,1590.0,1600.0,737.67529296875,93820000,0.0,0.0
2010-04-16,TLKM,1600.0,1620.0,1580.0,1600.0,737.67529296875,159105000,0.0,0.0
2010-04-19,TLKM,1580.0,1600.0,1570.0,1580.0,728.4542846679688,80790000,0.0,0.0
2010-04-20,TLKM,1590.0,1600.0,1550.0,1590.0,733.064697265625,149502500,0.0,0.0
2010-04-21,TLKM,1620.0,1620.0,1600.0,1620.0,746.8961181640625,79605000,0.0,0.0
2010-04-22,TLKM,1620.0,1620.0,1590.0,1620.0,746.8961181640625,50817500,0.0,0.0
2010-04-23,TLKM,1610.0,1620.0,1590.0,1610.0,742.2857666015625,72540000,0.0,0.0
2010-04-26,TLKM,1580.0,1620.0,1570.0,1580.0,728.4542846679688,138492500,0.0,0.0
2010-04-27,TLKM,1560.0,1570.0,1550.0,1560.0,719.2333374023438,197725000,0.0,0.0
2010-04-28,TLKM,1530.0,1550.0,1530.0,1530.0,705.40185546875,129830000,0.0,0.0
2010-04-29,TLKM,1540.0,1550.0,1500.0,1540.0,710.0123901367188,285885000,0.0,0.0
2010-04-30,TLKM,1570.0,1580.0,1550.0,1570.0,723.84375,272292500,0.0,0.0
2010-05-03,TLKM,1600.0,1610.0,1560.0,1600.0,737.67529296875,323207500,0.0,0.0
2010-05-04,TLKM,1570.0,1610.0,1570.0,1570.0,723.84375,117785000,0.0,0.0
2010-05-05,TLKM,1530.0,1560.0,1520.0,1530.0,705.40185546875,211457500,0.0,0.0
2010-05-06,TLKM,1550.0,1560.0,1510.0,1550.0,714.6227416992188,156880000,0.0,0.0
2010-05-07,TLKM,1520.0,1530.0,1500.0,1520.0,700.7914428710938,241697500,0.0,0.0
2010-05-10,TLKM,1530.0,1560.0,1530.0,1560.0,719.2333374023438,167937500,0.0,0.0
2010-05-11,TLKM,1530.0,1560.0,1520.0,1530.0,705.40185546875,118790000,0.0,0.0
2010-05-12,TLKM,1520.0,1550.0,1510.0,1520.0,700.7914428710938,134945000,0.0,0.0
2010-05-14,TLKM,1530.0,1540.0,1520.0,1530.0,705.40185546875,82460000,0.0,0.0
2010-05-17,TLKM,1530.0,1540.0,1500.0,1530.0,705.40185546875,112267500,0.0,0.0
2010-05-18,TLKM,1540.0,1550.0,1520.0,1540.0,710.0123901367188,66232500,0.0,0.0
2010-05-19,TLKM,1510.0,1540.0,1500.0,1510.0,696.1807861328125,145535000,0.0,0.0
2010-05-20,TLKM,1520.0,1530.0,1490.0,1520.0,700.7914428710938,87810000,0.0,0.0
2010-05-21,TLKM,1490.0,1510.0,1460.0,1490.0,686.9598388671875,185030000,0.0,0.0
2010-05-24,TLKM,1420.0,1510.0,1420.0,1420.0,654.6866455078125,98112500,0.0,0.0
2010-05-25,TLKM,1440.0,1460.0,1390.0,1440.0,663.9076538085938,198502500,0.0,0.0
2010-05-26,TLKM,1500.0,1530.0,1450.0,1500.0,691.5704345703125,223737500,0.0,0.0
2010-05-27,TLKM,1520.0,1530.0,1470.0,1520.0,700.7914428710938,74380000,0.0,0.0
2010-05-31,TLKM,1550.0,1580.0,1520.0,1550.0,714.6227416992188,166760000,0.0,0.0
2010-06-01,TLKM,1490.0,1540.0,1490.0,1490.0,686.9598388671875,56027500,0.0,0.0
2010-06-02,TLKM,1570.0,1570.0,1510.0,1570.0,723.84375,101245000,0.0,0.0
2010-06-03,TLKM,1600.0,1610.0,1590.0,1600.0,737.67529296875,354002500,0.0,0.0
2010-06-04,TLKM,1580.0,1600.0,1580.0,1580.0,728.4542846679688,76130000,0.0,0.0
2010-06-07,TLKM,1550.0,1560.0,1530.0,1550.0,714.6227416992188,78080000,0.0,0.0
2010-06-08,TLKM,1590.0,1590.0,1540.0,1590.0,733.064697265625,60625000,0.0,0.0
2010-06-09,TLKM,1570.0,1590.0,1550.0,1570.0,723.84375,81970000,0.0,0.0
2010-06-10,TLKM,1550.0,1580.0,1530.0,1550.0,714.6227416992188,71970000,0.0,0.0
2010-06-11,TLKM,1570.0,1580.0,1560.0,1570.0,723.84375,78447500,0.0,0.0
2010-06-14,TLKM,1600.0,1600.0,1580.0,1600.0,737.67529296875,43595000,0.0,0.0
2010-06-15,TLKM,1590.0,1600.0,1580.0,1590.0,733.064697265625,56482500,0.0,0.0
2010-06-16,TLKM,1590.0,1600.0,1580.0,1590.0,733.064697265625,30322500,0.0,0.0
2010-06-17,TLKM,1600.0,1600.0,1580.0,1600.0,737.67529296875,59652500,0.0,0.0
2010-06-18,TLKM,1610.0,1610.0,1590.0,1610.0,742.2857666015625,143712500,0.0,0.0
2010-06-21,TLKM,1580.0,1620.0,1560.0,1580.0,728.4542846679688,145770000,0.0,0.0
2010-06-22,TLKM,1580.0,1580.0,1570.0,1580.0,728.4542846679688,67435000,0.0,0.0
2010-06-23,TLKM,1600.0,1600.0,1570.0,1600.0,737.67529296875,96117500,0.0,0.0
2010-06-24,TLKM,1600.0,1600.0,1580.0,1600.0,737.67529296875,55475000,0.0,0.0
2010-06-25,TLKM,1590.0,1600.0,1590.0,1590.0,733.064697265625,26352500,0.0,0.0
2010-06-28,TLKM,1580.0,1600.0,1580.0,1580.0,728.4542846679688,59405000,0.0,0.0
2010-06-29,TLKM,1540.0,1600.0,1530.0,1540.0,710.0123901367188,122752500,0.0,0.0
2010-06-30,TLKM,1540.0,1560.0,1530.0,1540.0,710.0123901367188,138830000,0.0,0.0
2010-07-01,TLKM,1540.0,1550.0,1520.0,1540.0,710.0123901367188,52985000,0.0,0.0
2010-07-02,TLKM,1530.0,1540.0,1520.0,1530.0,705.40185546875,72885000,0.0,0.0
2010-07-05,TLKM,1550.0,1550.0,1530.0,1550.0,714.6227416992188,82317500,0.0,0.0
2010-07-06,TLKM,1570.0,1570.0,1540.0,1570.0,723.84375,93985000,0.0,0.0
2010-07-07,TLKM,1580.0,1580.0,1560.0,1580.0,728.4542846679688,75302500,0.0,0.0
2010-07-08,TLKM,1550.0,1560.0,1530.0,1550.0,739.079345703125,163485000,52.28298,0.0
2010-07-09,TLKM,1560.0,1560.0,1540.0,1560.0,743.8475952148438,69332500,0.0,0.0
2010-07-12,TLKM,1570.0,1570.0,1550.0,1570.0,748.61572265625,106002500,0.0,0.0
2010-07-13,TLKM,1560.0,1570.0,1550.0,1560.0,743.8475952148438,62742500,0.0,0.0
2010-07-14,TLKM,1580.0,1590.0,1570.0,1580.0,753.3841552734375,178402500,0.0,0.0
2010-07-15,TLKM,1600.0,1600.0,1570.0,1600.0,762.9207153320312,95152500,0.0,0.0
2010-07-16,TLKM,1620.0,1620.0,1590.0,1620.0,772.45703125,86515000,0.0,0.0
2010-07-19,TLKM,1620.0,1640.0,1600.0,1620.0,772.45703125,201235000,0.0,0.0
2010-07-20,TLKM,1620.0,1630.0,1610.0,1620.0,772.45703125,51780000,0.0,0.0
2010-07-21,TLKM,1630.0,1630.0,1620.0,1630.0,777.2252197265625,93035000,0.0,0.0
2010-07-22,TLKM,1620.0,1630.0,1610.0,1620.0,772.45703125,37187500,0.0,0.0
2010-07-23,TLKM,1630.0,1650.0,1630.0,1630.0,777.2252197265625,143130000,0.0,0.0
2010-07-26,TLKM,1610.0,1650.0,1600.0,1610.0,767.68896484375,52370000,0.0,0.0
2010-07-27,TLKM,1640.0,1640.0,1620.0,1640.0,781.99365234375,78830000,0.0,0.0
2010-07-28,TLKM,1650.0,1650.0,1630.0,1650.0,786.7618408203125,86217500,0.0,0.0
2010-07-29,TLKM,1650.0,1650.0,1630.0,1650.0,786.7618408203125,50775000,0.0,0.0
2010-07-30,TLKM,1690.0,1690.0,1650.0,1690.0,805.8347778320312,159087500,0.0,0.0
2010-08-02,TLKM,1680.0,1690.0,1660.0,1680.0,801.0667114257812,144015000,0.0,0.0
2010-08-03,TLKM,1600.0,1700.0,1600.0,1600.0,762.9207153320312,126880000,0.0,0.0
2010-08-04,TLKM,1620.0,1640.0,1610.0,1620.0,772.45703125,94730000,0.0,0.0
2010-08-05,TLKM,1640.0,1650.0,1630.0,1640.0,781.99365234375,89250000,0.0,0.0
2010-08-06,TLKM,1680.0,1680.0,1640.0,1680.0,801.0667114257812,104825000,0.0,0.0
2010-08-09,TLKM,1700.0,1700.0,1680.0,1700.0,810.6032104492188,214937500,0.0,0.0
2010-08-10,TLKM,1680.0,1700.0,1680.0,1680.0,801.0667114257812,122272500,0.0,0.0
2010-08-11,TLKM,1690.0,1690.0,1670.0,1690.0,805.8347778320312,32895000,0.0,0.0
2010-08-12,TLKM,1680.0,1700.0,1670.0,1680.0,801.0667114257812,102602500,0.0,0.0
2010-08-13,TLKM,1700.0,1700.0,1690.0,1700.0,810.6032104492188,52675000,0.0,0.0
2010-08-16,TLKM,1710.0,1710.0,1680.0,1710.0,815.371337890625,73695000,0.0,0.0
2010-08-18,TLKM,1720.0,1740.0,1710.0,1720.0,820.1396484375,129182500,0.0,0.0
2010-08-19,TLKM,1800.0,1800.0,1730.0,1800.0,858.2855224609375,296430000,0.0,0.0
2010-08-20,TLKM,1760.0,1790.0,1740.0,1760.0,839.2127075195312,64770000,0.0,0.0
2010-08-23,TLKM,1740.0,1760.0,1730.0,1740.0,829.6761474609375,41192500,0.0,0.0
2010-08-24,TLKM,1740.0,1760.0,1730.0,1740.0,829.6761474609375,68545000,0.0,0.0
2010-08-25,TLKM,1780.0,1790.0,1740.0,1780.0,848.7490844726562,79782500,0.0,0.0
2010-08-26,TLKM,1800.0,1800.0,1770.0,1800.0,858.2855224609375,56525000,0.0,0.0
2010-08-27,TLKM,1750.0,1800.0,1720.0,1750.0,834.4443969726562,82460000,0.0,0.0
2010-08-30,TLKM,1740.0,1770.0,1740.0,1740.0,829.6761474609375,51980000,0.0,0.0
2010-08-31,TLKM,1730.0,1740.0,1700.0,1730.0,824.9078979492188,67170000,0.0,0.0
2010-09-01,TLKM,1800.0,1800.0,1750.0,1800.0,858.2855224609375,124780000,0.0,0.0
2010-09-02,TLKM,1790.0,1820.0,1770.0,1790.0,853.5172729492188,73915000,0.0,0.0
2010-09-03,TLKM,1810.0,1810.0,1790.0,1810.0,863.0540161132812,67727500,0.0,0.0
2010-09-06,TLKM,1800.0,1820.0,1800.0,1800.0,858.2855224609375,75725000,0.0,0.0
2010-09-07,TLKM,1800.0,1830.0,1790.0,1800.0,858.2855224609375,148842500,0.0,0.0
2010-09-15,TLKM,1840.0,1890.0,1830.0,1860.0,886.8951416015625,211322500,0.0,0.0
2010-09-16,TLKM,1840.0,1870.0,1830.0,1840.0,877.358642578125,135592500,0.0,0.0
2010-09-17,TLKM,1850.0,1860.0,1820.0,1850.0,882.1268920898438,105375000,0.0,0.0
2010-09-20,TLKM,1850.0,1860.0,1820.0,1850.0,882.1268920898438,21440000,0.0,0.0
2010-09-21,TLKM,1800.0,1870.0,1780.0,1800.0,858.2855224609375,73087500,0.0,0.0
2010-09-22,TLKM,1790.0,1840.0,1780.0,1790.0,853.5172729492188,88235000,0.0,0.0
2010-09-23,TLKM,1760.0,1790.0,1720.0,1760.0,839.2127075195312,119935000,0.0,0.0
2010-09-24,TLKM,1780.0,1800.0,1760.0,1780.0,848.7490844726562,68325000,0.0,0.0
2010-09-27,TLKM,1800.0,1830.0,1800.0,1800.0,858.2855224609375,64050000,0.0,0.0
2010-09-28,TLKM,1810.0,1840.0,1800.0,1810.0,863.0540161132812,120967500,0.0,0.0
2010-09-29,TLKM,1860.0,1860.0,1830.0,1860.0,886.8951416015625,157927500,0.0,0.0
2010-09-30,TLKM,1840.0,1870.0,1840.0,1840.0,877.358642578125,86947500,0.0,0.0
2010-10-01,TLKM,1880.0,1890.0,1860.0,1880.0,896.4317016601562,56667500,0.0,0.0
2010-10-04,TLKM,1910.0,1920.0,1890.0,1910.0,910.7362060546875,82442500,0.0,0.0
2010-10-05,TLKM,1960.0,1960.0,1880.0,1960.0,934.5776977539062,122117500,0.0,0.0
2010-10-06,TLKM,1900.0,1960.0,1880.0,1900.0,905.9682006835938,132577500,0.0,0.0
2010-10-07,TLKM,1840.0,1880.0,1820.0,1840.0,877.358642578125,145185000,0.0,0.0
2010-10-08,TLKM,1820.0,1840.0,1810.0,1820.0,867.8222045898438,119357500,0.0,0.0
2010-10-11,TLKM,1830.0,1850.0,1820.0,1830.0,872.5905151367188,71230000,0.0,0.0
2010-10-12,TLKM,1830.0,1840.0,1810.0,1830.0,872.5905151367188,43775000,0.0,0.0
2010-10-13,TLKM,1810.0,1830.0,1800.0,1810.0,863.0540161132812,145587500,0.0,0.0
2010-10-14,TLKM,1810.0,1840.0,1780.0,1810.0,863.0540161132812,193185000,0.0,0.0
2010-10-15,TLKM,1810.0,1820.0,1790.0,1810.0,863.0540161132812,81187500,0.0,0.0
2010-10-18,TLKM,1810.0,1830.0,1800.0,1810.0,863.0540161132812,39442500,0.0,0.0
2010-10-19,TLKM,1840.0,1840.0,1810.0,1840.0,877.358642578125,56730000,0.0,0.0
2010-10-20,TLKM,1830.0,1830.0,1810.0,1830.0,872.5905151367188,47835000,0.0,0.0
2010-10-21,TLKM,1800.0,1850.0,1800.0,1800.0,858.2855224609375,50257500,0.0,0.0
2010-10-22,TLKM,1800.0,1820.0,1780.0,1800.0,858.2855224609375,111915000,0.0,0.0
2010-10-25,TLKM,1780.0,1810.0,1770.0,1780.0,848.7490844726562,90910000,0.0,0.0
2010-10-26,TLKM,1810.0,1820.0,1790.0,1810.0,863.0540161132812,72735000,0.0,0.0
2010-10-27,TLKM,1820.0,1840.0,1810.0,1820.0,867.8222045898438,108617500,0.0,0.0
2010-10-28,TLKM,1850.0,1850.0,1810.0,1850.0,882.1268920898438,107455000,0.0,0.0
2010-10-29,TLKM,1820.0,1850.0,1810.0,1820.0,867.8222045898438,74590000,0.0,0.0
2010-11-01,TLKM,1730.0,1830.0,1690.0,1730.0,824.9078979492188,593432500,0.0,0.0
2010-11-02,TLKM,1660.0,1720.0,1650.0,1660.0,791.5301513671875,441262500,0.0,0.0
2010-11-03,TLKM,1610.0,1660.0,1600.0,1610.0,767.68896484375,433372500,0.0,0.0
2010-11-04,TLKM,1620.0,1640.0,1580.0,1620.0,772.45703125,403395000,0.0,0.0
2010-11-05,TLKM,1570.0,1640.0,1550.0,1570.0,748.61572265625,463475000,0.0,0.0
2010-11-08,TLKM,1630.0,1630.0,1570.0,1630.0,777.2252197265625,368107500,0.0,0.0
2010-11-09,TLKM,1630.0,1640.0,1620.0,1630.0,777.2252197265625,255045000,0.0,0.0
2010-11-10,TLKM,1690.0,1700.0,1620.0,1690.0,805.8347778320312,456532500,0.0,0.0
2010-11-11,TLKM,1700.0,1730.0,1680.0,1700.0,810.6032104492188,248085000,0.0,0.0
2010-11-12,TLKM,1650.0,1700.0,1640.0,1650.0,786.7618408203125,204247500,0.0,0.0
2010-11-15,TLKM,1640.0,1660.0,1610.0,1640.0,781.99365234375,129820000,0.0,0.0
2010-11-16,TLKM,1630.0,1670.0,1620.0,1630.0,777.2252197265625,135845000,0.0,0.0
2010-11-18,TLKM,1680.0,1680.0,1640.0,1680.0,801.0667114257812,228335000,0.0,0.0
2010-11-19,TLKM,1660.0,1690.0,1660.0,1660.0,791.5301513671875,154247500,0.0,0.0
2010-11-22,TLKM,1680.0,1700.0,1670.0,1680.0,801.0667114257812,121612500,0.0,0.0
2010-11-23,TLKM,1660.0,1690.0,1640.0,1660.0,791.5301513671875,87492500,0.0,0.0
2010-11-24,TLKM,1630.0,1670.0,1630.0,1630.0,777.2252197265625,141680000,0.0,0.0
2010-11-25,TLKM,1630.0,1650.0,1620.0,1630.0,777.2252197265625,104947500,0.0,0.0
2010-11-26,TLKM,1600.0,1640.0,1590.0,1600.0,762.9207153320312,130367500,0.0,0.0
2010-11-29,TLKM,1610.0,1630.0,1600.0,1610.0,767.68896484375,93222500,0.0,0.0
2010-11-30,TLKM,1590.0,1640.0,1590.0,1590.0,758.1524047851562,189900000,0.0,0.0
2010-12-01,TLKM,1630.0,1630.0,1590.0,1630.0,777.2252197265625,92272500,0.0,0.0
2010-12-02,TLKM,1650.0,1660.0,1640.0,1650.0,786.7618408203125,114770000,0.0,0.0
2010-12-03,TLKM,1620.0,1650.0,1620.0,1620.0,772.45703125,57412500,0.0,0.0
2010-12-06,TLKM,1610.0,1630.0,1610.0,1610.0,767.68896484375,70200000,0.0,0.0
2010-12-08,TLKM,1600.0,1640.0,1590.0,1600.0,762.9207153320312,239792500,0.0,0.0
2010-12-09,TLKM,1600.0,1600.0,1580.0,1600.0,762.9207153320312,63427500,0.0,0.0
2010-12-10,TLKM,1570.0,1600.0,1560.0,1570.0,748.61572265625,179310000,0.0,0.0
2010-12-13,TLKM,1560.0,1580.0,1550.0,1560.0,743.8475952148438,192145000,0.0,0.0
2010-12-14,TLKM,1560.0,1570.0,1550.0,1560.0,743.8475952148438,108977500,0.0,0.0
2010-12-15,TLKM,1560.0,1560.0,1530.0,1560.0,743.8475952148438,136837500,0.0,0.0
2010-12-16,TLKM,1550.0,1570.0,1530.0,1550.0,739.079345703125,105917500,0.0,0.0
2010-12-17,TLKM,1570.0,1580.0,1540.0,1570.0,748.61572265625,54750000,0.0,0.0
2010-12-20,TLKM,1570.0,1600.0,1560.0,1570.0,748.61572265625,87912500,0.0,0.0
2010-12-21,TLKM,1600.0,1610.0,1570.0,1600.0,762.9207153320312,61752500,0.0,0.0
2010-12-22,TLKM,1580.0,1600.0,1570.0,1580.0,753.3841552734375,55150000,0.0,0.0
2010-12-23,TLKM,1580.0,1600.0,1570.0,1580.0,755.94384765625,34067500,5.35,0.0
2010-12-27,TLKM,1600.0,1600.0,1570.0,1600.0,765.5128173828125,25307500,0.0,0.0
2010-12-28,TLKM,1600.0,1600.0,1580.0,1600.0,765.5128173828125,16062500,0.0,0.0
2010-12-29,TLKM,1600.0,1600.0,1570.0,1600.0,765.5128173828125,47305000,0.0,0.0
2010-12-30,TLKM,1590.0,1600.0,1580.0,1590.0,760.728271484375,53695000,0.0,0.0
2011-01-03,TLKM,1600.0,1610.0,1580.0,1600.0,765.5128173828125,34922500,0.0,0.0
2011-01-04,TLKM,1580.0,1600.0,1580.0,1580.0,755.94384765625,50385000,0.0,0.0
2011-01-05,TLKM,1600.0,1600.0,1580.0,1600.0,765.5128173828125,84900000,0.0,0.0
2011-01-06,TLKM,1540.0,1590.0,1530.0,1540.0,736.8059692382812,198480000,0.0,0.0
2011-01-07,TLKM,1470.0,1520.0,1450.0,1470.0,703.314697265625,284375000,0.0,0.0
2011-01-10,TLKM,1440.0,1460.0,1430.0,1440.0,688.96142578125,147192500,0.0,0.0
2011-01-11,TLKM,1440.0,1490.0,1420.0,1440.0,688.96142578125,307800000,0.0,0.0
2011-01-12,TLKM,1500.0,1510.0,1450.0,1500.0,717.6680908203125,197247500,0.0,0.0
2011-01-13,TLKM,1470.0,1540.0,1470.0,1470.0,703.314697265625,175577500,0.0,0.0
2011-01-14,TLKM,1500.0,1510.0,1480.0,1500.0,717.6680908203125,126762500,0.0,0.0
2011-01-17,TLKM,1520.0,1530.0,1500.0,1520.0,727.237060546875,72877500,0.0,0.0
2011-01-18,TLKM,1560.0,1560.0,1510.0,1560.0,746.3748779296875,123230000,0.0,0.0
2011-01-19,TLKM,1560.0,1570.0,1530.0,1560.0,746.3748779296875,93122500,0.0,0.0
2011-01-20,TLKM,1510.0,1540.0,1510.0,1510.0,722.452392578125,54402500,0.0,0.0
2011-01-21,TLKM,1510.0,1510.0,1460.0,1510.0,722.452392578125,189377500,0.0,0.0
2011-01-24,TLKM,1540.0,1540.0,1510.0,1540.0,736.8059692382812,79722500,0.0,0.0
2011-01-25,TLKM,1530.0,1560.0,1520.0,1530.0,732.021484375,77597500,0.0,0.0
2011-01-26,TLKM,1550.0,1560.0,1530.0,1550.0,741.5903930664062,97275000,0.0,0.0
2011-01-27,TLKM,1530.0,1560.0,1520.0,1530.0,732.021484375,102720000,0.0,0.0
2011-01-28,TLKM,1550.0,1550.0,1510.0,1550.0,741.5903930664062,66007500,0.0,0.0
2011-01-31,TLKM,1510.0,1530.0,1500.0,1510.0,722.452392578125,131725000,0.0,0.0
2011-02-01,TLKM,1510.0,1520.0,1490.0,1510.0,722.452392578125,71630000,0.0,0.0
2011-02-02,TLKM,1530.0,1550.0,1520.0,1530.0,732.021484375,60857500,0.0,0.0
2011-02-04,TLKM,1550.0,1560.0,1530.0,1550.0,741.5903930664062,40702500,0.0,0.0
2011-02-07,TLKM,1540.0,1570.0,1530.0,1540.0,736.8059692382812,65187500,0.0,0.0
2011-02-08,TLKM,1540.0,1560.0,1530.0,1540.0,736.8059692382812,57955000,0.0,0.0
2011-02-09,TLKM,1560.0,1570.0,1530.0,1560.0,746.3748779296875,97870000,0.0,0.0
2011-02-10,TLKM,1530.0,1550.0,1510.0,1530.0,732.021484375,84107500,0.0,0.0
2011-02-11,TLKM,1520.0,1520.0,1490.0,1520.0,727.237060546875,62812500,0.0,0.0
2011-02-14,TLKM,1490.0,1520.0,1490.0,1490.0,712.8836059570312,54655000,0.0,0.0
2011-02-16,TLKM,1490.0,1500.0,1470.0,1490.0,712.8836059570312,119327500,0.0,0.0
2011-02-17,TLKM,1490.0,1490.0,1470.0,1490.0,712.8836059570312,58967500,0.0,0.0
2011-02-18,TLKM,1490.0,1500.0,1480.0,1490.0,712.8836059570312,58102500,0.0,0.0
2011-02-21,TLKM,1520.0,1520.0,1490.0,1520.0,727.237060546875,60460000,0.0,0.0
2011-02-22,TLKM,1490.0,1510.0,1490.0,1490.0,712.8836059570312,37900000,0.0,0.0
2011-02-23,TLKM,1490.0,1510.0,1490.0,1490.0,712.8836059570312,80302500,0.0,0.0
2011-02-24,TLKM,1470.0,1500.0,1470.0,1470.0,703.314697265625,77310000,0.0,0.0
2011-02-25,TLKM,1490.0,1520.0,1480.0,1490.0,712.8836059570312,52902500,0.0,0.0
2011-02-28,TLKM,1490.0,1510.0,1490.0,1490.0,712.8836059570312,49137500,0.0,0.0
2011-03-01,TLKM,1500.0,1510.0,1490.0,1500.0,717.6680908203125,35747500,0.0,0.0
2011-03-02,TLKM,1470.0,1500.0,1470.0,1470.0,703.314697265625,46565000,0.0,0.0
2011-03-03,TLKM,1470.0,1490.0,1470.0,1470.0,703.314697265625,56752500,0.0,0.0
2011-03-04,TLKM,1460.0,1490.0,1450.0,1460.0,698.5303344726562,103097500,0.0,0.0
2011-03-07,TLKM,1470.0,1480.0,1460.0,1470.0,703.314697265625,77145000,0.0,0.0
2011-03-08,TLKM,1460.0,1480.0,1460.0,1460.0,698.5303344726562,29065000,0.0,0.0
2011-03-09,TLKM,1490.0,1500.0,1470.0,1490.0,712.8836059570312,101040000,0.0,0.0
2011-03-10,TLKM,1480.0,1480.0,1470.0,1480.0,708.0991821289062,57452500,0.0,0.0
2011-03-11,TLKM,1460.0,1470.0,1450.0,1460.0,698.5303344726562,95785000,0.0,0.0
2011-03-14,TLKM,1470.0,1470.0,1450.0,1470.0,703.314697265625,82050000,0.0,0.0
2011-03-15,TLKM,1430.0,1460.0,1430.0,1430.0,684.1768798828125,85177500,0.0,0.0
2011-03-16,TLKM,1410.0,1450.0,1400.0,1410.0,674.6079711914062,122272500,0.0,0.0
2011-03-17,TLKM,1360.0,1400.0,1350.0,1360.0,650.6856689453125,218442500,0.0,0.0
2011-03-18,TLKM,1340.0,1390.0,1330.0,1340.0,641.1167602539062,250607500,0.0,0.0
2011-03-21,TLKM,1350.0,1360.0,1330.0,1350.0,645.9011840820312,117315000,0.0,0.0
2011-03-22,TLKM,1320.0,1360.0,1320.0,1320.0,631.5478515625,124460000,0.0,0.0
2011-03-23,TLKM,1550.0,1600.0,1530.0,1550.0,741.5903930664062,110445000,0.0,0.0
2011-03-24,TLKM,1430.0,1430.0,1360.0,1430.0,684.1768798828125,257115000,0.0,0.0
2011-03-25,TLKM,1430.0,1460.0,1420.0,1430.0,684.1768798828125,163332500,0.0,0.0
2011-03-28,TLKM,1420.0,1430.0,1410.0,1420.0,679.3924560546875,33502500,0.0,0.0
2011-03-29,TLKM,1400.0,1410.0,1400.0,1400.0,669.8236083984375,72307500,0.0,0.0
2011-03-30,TLKM,1440.0,1450.0,1400.0,1440.0,688.96142578125,171987500,0.0,0.0
2011-03-31,TLKM,1470.0,1470.0,1430.0,1470.0,703.314697265625,166390000,0.0,0.0
2011-04-01,TLKM,1460.0,1460.0,1440.0,1460.0,698.5303344726562,72657500,0.0,0.0
2011-04-04,TLKM,1460.0,1470.0,1450.0,1460.0,698.5303344726562,42830000,0.0,0.0
2011-04-05,TLKM,1450.0,1450.0,1440.0,1450.0,693.7457885742188,47285000,0.0,0.0
2011-04-06,TLKM,1450.0,1450.0,1420.0,1450.0,693.7457885742188,82392500,0.0,0.0
2011-04-07,TLKM,1420.0,1450.0,1420.0,1420.0,679.3924560546875,85887500,0.0,0.0
2011-04-08,TLKM,1400.0,1430.0,1390.0,1400.0,669.8236083984375,136977500,0.0,0.0
2011-04-11,TLKM,1420.0,1420.0,1400.0,1420.0,679.3924560546875,77822500,0.0,0.0
2011-04-12,TLKM,1420.0,1430.0,1410.0,1420.0,679.3924560546875,39932500,0.0,0.0
2011-04-13,TLKM,1400.0,1420.0,1400.0,1400.0,669.8236083984375,54695000,0.0,0.0
2011-04-14,TLKM,1440.0,1450.0,1410.0,1440.0,688.96142578125,148222500,0.0,0.0
2011-04-15,TLKM,1450.0,1470.0,1440.0,1450.0,693.7457885742188,151732500,0.0,0.0
2011-04-18,TLKM,1470.0,1470.0,1450.0,1470.0,703.314697265625,82662500,0.0,0.0
2011-04-19,TLKM,1530.0,1530.0,1470.0,1530.0,732.021484375,231732500,0.0,0.0
2011-04-20,TLKM,1560.0,1570.0,1530.0,1560.0,746.3748779296875,261367500,0.0,0.0
2011-04-21,TLKM,1550.0,1570.0,1530.0,1550.0,741.5903930664062,67332500,0.0,0.0
2011-04-25,TLKM,1510.0,1550.0,1500.0,1510.0,722.452392578125,37020000,0.0,0.0
2011-04-26,TLKM,1490.0,1510.0,1480.0,1490.0,712.8836059570312,45570000,0.0,0.0
2011-04-27,TLKM,1540.0,1540.0,1500.0,1540.0,736.8059692382812,59295000,0.0,0.0
2011-04-28,TLKM,1530.0,1550.0,1510.0,1530.0,732.021484375,31717500,0.0,0.0
2011-04-29,TLKM,1540.0,1540.0,1510.0,1540.0,736.8059692382812,67155000,0.0,0.0
2011-05-02,TLKM,1550.0,1550.0,1530.0,1550.0,741.5903930664062,40600000,0.0,0.0
2011-05-03,TLKM,1540.0,1550.0,1520.0,1540.0,736.8059692382812,43042500,0.0,0.0
2011-05-04,TLKM,1530.0,1540.0,1510.0,1530.0,732.021484375,66977500,0.0,0.0
2011-05-05,TLKM,1500.0,1530.0,1490.0,1500.0,717.6680908203125,143775000,0.0,0.0
2011-05-06,TLKM,1510.0,1520.0,1480.0,1510.0,722.452392578125,88710000,0.0,0.0
2011-05-09,TLKM,1510.0,1530.0,1500.0,1510.0,722.452392578125,41785000,0.0,0.0
2011-05-10,TLKM,1510.0,1520.0,1500.0,1510.0,722.452392578125,32100000,0.0,0.0
2011-05-11,TLKM,1520.0,1520.0,1500.0,1520.0,727.237060546875,46222500,0.0,0.0
2011-05-12,TLKM,1540.0,1540.0,1510.0,1540.0,736.8059692382812,75617500,0.0,0.0
2011-05-13,TLKM,1540.0,1540.0,1520.0,1540.0,736.8059692382812,36745000,0.0,0.0
2011-05-16,TLKM,1540.0,1540.0,1520.0,1540.0,736.8059692382812,32897500,0.0,0.0
2011-05-18,TLKM,1550.0,1560.0,1530.0,1550.0,741.5903930664062,75915000,0.0,0.0
2011-05-19,TLKM,1520.0,1550.0,1510.0,1520.0,727.237060546875,79327500,0.0,0.0
2011-05-20,TLKM,1530.0,1540.0,1520.0,1530.0,732.021484375,68770000,0.0,0.0
2011-05-23,TLKM,1510.0,1520.0,1500.0,1510.0,722.452392578125,47165000,0.0,0.0
2011-05-24,TLKM,1530.0,1530.0,1510.0,1530.0,732.021484375,76772500,0.0,0.0
2011-05-25,TLKM,1540.0,1540.0,1520.0,1540.0,736.8059692382812,28617500,0.0,0.0
2011-05-26,TLKM,1540.0,1540.0,1520.0,1540.0,736.8059692382812,68022500,0.0,0.0
2011-05-27,TLKM,1540.0,1540.0,1520.0,1540.0,736.8059692382812,68710000,0.0,0.0
2011-05-30,TLKM,1520.0,1540.0,1510.0,1520.0,727.237060546875,49680000,0.0,0.0
2011-05-31,TLKM,1540.0,1540.0,1520.0,1540.0,736.8059692382812,60117500,0.0,0.0
2011-06-01,TLKM,1550.0,1550.0,1530.0,1550.0,741.5903930664062,42402500,0.0,0.0
2011-06-03,TLKM,1530.0,1540.0,1520.0,1530.0,732.021484375,78920000,0.0,0.0
2011-06-06,TLKM,1520.0,1530.0,1510.0,1520.0,727.237060546875,91342500,0.0,0.0
2011-06-07,TLKM,1500.0,1510.0,1490.0,1500.0,717.6680908203125,148577500,0.0,0.0
2011-06-08,TLKM,1500.0,1510.0,1490.0,1500.0,717.6680908203125,98942500,0.0,0.0
2011-06-09,TLKM,1490.0,1500.0,1480.0,1490.0,712.8836059570312,107070000,0.0,0.0
2011-06-10,TLKM,1490.0,1500.0,1480.0,1490.0,712.8836059570312,99352500,0.0,0.0
2011-06-13,TLKM,1490.0,1500.0,1480.0,1490.0,712.8836059570312,100185000,0.0,0.0
2011-06-14,TLKM,1460.0,1460.0,1430.0,1460.0,727.4454956054688,134890000,59.22592,0.0
2011-06-15,TLKM,1450.0,1460.0,1440.0,1450.0,722.4629516601562,70747500,0.0,0.0
2011-06-16,TLKM,1420.0,1450.0,1410.0,1420.0,707.5154418945312,89272500,0.0,0.0
2011-06-17,TLKM,1370.0,1430.0,1360.0,1370.0,682.6029663085938,120882500,0.0,0.0
2011-06-20,TLKM,1390.0,1400.0,1370.0,1390.0,692.56787109375,61725000,0.0,0.0
2011-06-21,TLKM,1420.0,1430.0,1390.0,1420.0,707.5154418945312,62607500,0.0,0.0
2011-06-22,TLKM,1430.0,1440.0,1420.0,1430.0,712.4979248046875,47617500,0.0,0.0
2011-06-23,TLKM,1430.0,1440.0,1420.0,1430.0,712.4979248046875,29465000,0.0,0.0
2011-06-24,TLKM,1450.0,1460.0,1430.0,1450.0,722.4629516601562,75432500,0.0,0.0
2011-06-27,TLKM,1420.0,1440.0,1420.0,1420.0,707.5154418945312,43732500,0.0,0.0
2011-06-28,TLKM,1450.0,1460.0,1430.0,1450.0,722.4629516601562,60070000,0.0,0.0
2011-06-30,TLKM,1470.0,1470.0,1440.0,1470.0,732.427978515625,129097500,0.0,0.0
2011-07-01,TLKM,1440.0,1480.0,1440.0,1440.0,717.4805297851562,75635000,0.0,0.0
2011-07-04,TLKM,1440.0,1440.0,1440.0,1440.0,717.4805297851562,0,0.0,0.0
2011-07-05,TLKM,1440.0,1460.0,1430.0,1440.0,717.4805297851562,72345000,0.0,0.0
2011-07-06,TLKM,1430.0,1450.0,1420.0,1430.0,712.4979248046875,38207500,0.0,0.0
2011-07-07,TLKM,1430.0,1440.0,1420.0,1430.0,712.4979248046875,43170000,0.0,0.0
2011-07-08,TLKM,1440.0,1440.0,1420.0,1440.0,717.4805297851562,44697500,0.0,0.0
2011-07-11,TLKM,1410.0,1430.0,1400.0,1410.0,702.5328979492188,55782500,0.0,0.0
2011-07-12,TLKM,1400.0,1400.0,1380.0,1400.0,697.5504760742188,91820000,0.0,0.0
2011-07-13,TLKM,1410.0,1420.0,1390.0,1410.0,702.5328979492188,82730000,0.0,0.0
2011-07-14,TLKM,1410.0,1420.0,1400.0,1410.0,702.5328979492188,74537500,0.0,0.0
2011-07-15,TLKM,1430.0,1430.0,1400.0,1430.0,712.4979248046875,62892500,0.0,0.0
2011-07-18,TLKM,1420.0,1440.0,1410.0,1420.0,707.5154418945312,51292500,0.0,0.0
2011-07-19,TLKM,1410.0,1420.0,1400.0,1410.0,702.5328979492188,36195000,0.0,0.0
2011-07-20,TLKM,1420.0,1420.0,1400.0,1420.0,707.5154418945312,31760000,0.0,0.0
2011-07-21,TLKM,1460.0,1460.0,1410.0,1460.0,727.4454956054688,117302500,0.0,0.0
2011-07-22,TLKM,1480.0,1480.0,1450.0,1480.0,737.4104614257812,68407500,0.0,0.0
2011-07-25,TLKM,1460.0,1480.0,1450.0,1460.0,727.4454956054688,70447500,0.0,0.0
2011-07-26,TLKM,1460.0,1460.0,1450.0,1460.0,727.4454956054688,57402500,0.0,0.0
2011-07-27,TLKM,1470.0,1470.0,1460.0,1470.0,732.427978515625,34665000,0.0,0.0
2011-07-28,TLKM,1460.0,1480.0,1450.0,1460.0,727.4454956054688,98107500,0.0,0.0
2011-07-29,TLKM,1470.0,1480.0,1450.0,1470.0,732.427978515625,98597500,0.0,0.0
2011-08-01,TLKM,1500.0,1500.0,1470.0,1500.0,747.3754272460938,86795000,0.0,0.0
2011-08-02,TLKM,1520.0,1520.0,1490.0,1520.0,757.3405151367188,214512500,0.0,0.0
2011-08-03,TLKM,1510.0,1520.0,1490.0,1510.0,752.3578491210938,140755000,0.0,0.0
2011-08-04,TLKM,1560.0,1580.0,1520.0,1560.0,777.2705688476562,367465000,0.0,0.0
2011-08-05,TLKM,1510.0,1530.0,1490.0,1510.0,752.3578491210938,178427500,0.0,0.0
2011-08-08,TLKM,1500.0,1540.0,1490.0,1500.0,747.3754272460938,161515000,0.0,0.0
2011-08-09,TLKM,1440.0,1490.0,1420.0,1440.0,717.4805297851562,254767500,0.0,0.0
2011-08-10,TLKM,1420.0,1480.0,1420.0,1420.0,707.5154418945312,185112500,0.0,0.0
2011-08-11,TLKM,1470.0,1490.0,1400.0,1470.0,732.427978515625,207872500,0.0,0.0
2011-08-12,TLKM,1460.0,1490.0,1450.0,1460.0,727.4454956054688,107122500,0.0,0.0
2011-08-15,TLKM,1450.0,1470.0,1450.0,1450.0,722.4629516601562,87812500,0.0,0.0
2011-08-16,TLKM,1440.0,1470.0,1440.0,1440.0,717.4805297851562,58585000,0.0,0.0
2011-08-18,TLKM,1490.0,1500.0,1460.0,1490.0,742.3929443359375,144920000,0.0,0.0
2011-08-19,TLKM,1480.0,1500.0,1460.0,1480.0,737.4104614257812,189235000,0.0,0.0
2011-08-22,TLKM,1460.0,1480.0,1440.0,1460.0,727.4454956054688,43952500,0.0,0.0
2011-08-23,TLKM,1460.0,1480.0,1450.0,1460.0,727.4454956054688,35397500,0.0,0.0
2011-08-24,TLKM,1450.0,1480.0,1440.0,1450.0,722.4629516601562,77350000,0.0,0.0
2011-08-25,TLKM,1440.0,1470.0,1420.0,1440.0,717.4805297851562,78785000,0.0,0.0
2011-08-26,TLKM,1450.0,1460.0,1400.0,1450.0,722.4629516601562,61390000,0.0,0.0
2011-09-05,TLKM,1510.0,1530.0,1460.0,1510.0,752.3578491210938,326287500,0.0,0.0
2011-09-06,TLKM,1530.0,1540.0,1500.0,1530.0,762.3230590820312,144587500,0.0,0.0
2011-09-07,TLKM,1580.0,1580.0,1530.0,1580.0,787.2356567382812,145980000,0.0,0.0
2011-09-08,TLKM,1530.0,1580.0,1530.0,1530.0,762.3230590820312,89195000,0.0,0.0
2011-09-09,TLKM,1520.0,1560.0,1520.0,1520.0,757.3405151367188,95535000,0.0,0.0
2011-09-12,TLKM,1480.0,1520.0,1480.0,1480.0,737.4104614257812,68055000,0.0,0.0
2011-09-13,TLKM,1470.0,1500.0,1460.0,1470.0,732.427978515625,37370000,0.0,0.0
2011-09-14,TLKM,1470.0,1500.0,1460.0,1470.0,732.427978515625,81275000,0.0,0.0
2011-09-15,TLKM,1500.0,1520.0,1460.0,1500.0,747.3754272460938,84030000,0.0,0.0
2011-09-16,TLKM,1470.0,1530.0,1470.0,1470.0,732.427978515625,44705000,0.0,0.0
2011-09-19,TLKM,1490.0,1490.0,1460.0,1490.0,742.3929443359375,43740000,0.0,0.0
2011-09-20,TLKM,1490.0,1490.0,1470.0,1490.0,742.3929443359375,53552500,0.0,0.0
2011-09-21,TLKM,1510.0,1530.0,1490.0,1510.0,752.3578491210938,70102500,0.0,0.0
2011-09-22,TLKM,1380.0,1500.0,1380.0,1380.0,687.58544921875,192072500,0.0,0.0
2011-09-23,TLKM,1440.0,1460.0,1400.0,1440.0,717.4805297851562,124692500,0.0,0.0
2011-09-26,TLKM,1440.0,1490.0,1420.0,1440.0,717.4805297851562,266987500,0.0,0.0
2011-09-27,TLKM,1450.0,1500.0,1450.0,1450.0,722.4629516601562,104615000,0.0,0.0
2011-09-28,TLKM,1470.0,1480.0,1450.0,1470.0,732.427978515625,81737500,0.0,0.0
2011-09-29,TLKM,1490.0,1500.0,1470.0,1490.0,742.3929443359375,66902500,0.0,0.0
2011-09-30,TLKM,1520.0,1540.0,1490.0,1520.0,757.3405151367188,115465000,0.0,0.0
2011-10-03,TLKM,1480.0,1500.0,1470.0,1480.0,737.4104614257812,92305000,0.0,0.0
2011-10-04,TLKM,1490.0,1530.0,1480.0,1490.0,742.3929443359375,189500000,0.0,0.0
2011-10-05,TLKM,1540.0,1540.0,1510.0,1540.0,767.3055419921875,150012500,0.0,0.0
2011-10-06,TLKM,1520.0,1550.0,1490.0,1520.0,757.3405151367188,82517500,0.0,0.0
2011-10-07,TLKM,1450.0,1520.0,1440.0,1450.0,722.4629516601562,142665000,0.0,0.0
2011-10-10,TLKM,1440.0,1460.0,1420.0,1440.0,717.4805297851562,83495000,0.0,0.0
2011-10-11,TLKM,1460.0,1470.0,1450.0,1460.0,727.4454956054688,83342500,0.0,0.0
2011-10-12,TLKM,1470.0,1480.0,1440.0,1470.0,732.427978515625,119385000,0.0,0.0
2011-10-13,TLKM,1450.0,1470.0,1440.0,1450.0,722.4629516601562,128810000,0.0,0.0
2011-10-14,TLKM,1420.0,1460.0,1410.0,1420.0,707.5154418945312,172262500,0.0,0.0
2011-10-17,TLKM,1420.0,1440.0,1410.0,1420.0,707.5154418945312,124752500,0.0,0.0
2011-10-18,TLKM,1430.0,1430.0,1400.0,1430.0,712.4979248046875,87912500,0.0,0.0
2011-10-19,TLKM,1440.0,1450.0,1430.0,1440.0,717.4805297851562,56372500,0.0,0.0
2011-10-20,TLKM,1450.0,1450.0,1430.0,1450.0,722.4629516601562,72300000,0.0,0.0
2011-10-21,TLKM,1450.0,1470.0,1450.0,1450.0,722.4629516601562,56487500,0.0,0.0
2011-10-24,TLKM,1450.0,1470.0,1420.0,1450.0,722.4629516601562,126362500,0.0,0.0
2011-10-25,TLKM,1470.0,1470.0,1450.0,1470.0,732.427978515625,94677500,0.0,0.0
2011-10-26,TLKM,1480.0,1480.0,1460.0,1480.0,737.4104614257812,73162500,0.0,0.0
2011-10-27,TLKM,1500.0,1500.0,1480.0,1500.0,747.3754272460938,115000000,0.0,0.0
2011-10-28,TLKM,1490.0,1510.0,1470.0,1490.0,742.3929443359375,105927500,0.0,0.0
2011-10-31,TLKM,1480.0,1500.0,1460.0,1480.0,737.4104614257812,55060000,0.0,0.0
2011-11-01,TLKM,1480.0,1500.0,1480.0,1480.0,737.4104614257812,45562500,0.0,0.0
2011-11-02,TLKM,1510.0,1530.0,1470.0,1510.0,752.3578491210938,85812500,0.0,0.0
2011-11-03,TLKM,1500.0,1520.0,1500.0,1500.0,747.3754272460938,41752500,0.0,0.0
2011-11-04,TLKM,1520.0,1530.0,1500.0,1520.0,757.3405151367188,37442500,0.0,0.0
2011-11-07,TLKM,1500.0,1510.0,1480.0,1500.0,747.3754272460938,39105000,0.0,0.0
2011-11-08,TLKM,1500.0,1500.0,1480.0,1500.0,747.3754272460938,27047500,0.0,0.0
2011-11-09,TLKM,1500.0,1510.0,1490.0,1500.0,747.3754272460938,76982500,0.0,0.0
2011-11-10,TLKM,1480.0,1490.0,1470.0,1480.0,737.4104614257812,45880000,0.0,0.0
2011-11-11,TLKM,1480.0,1500.0,1480.0,1480.0,737.4104614257812,49905000,0.0,0.0
2011-11-14,TLKM,1500.0,1500.0,1480.0,1500.0,747.3754272460938,30280000,0.0,0.0
2011-11-15,TLKM,1490.0,1500.0,1480.0,1490.0,742.3929443359375,54720000,0.0,0.0
2011-11-16,TLKM,1510.0,1510.0,1490.0,1510.0,752.3578491210938,43035000,0.0,0.0
2011-11-17,TLKM,1510.0,1520.0,1500.0,1510.0,752.3578491210938,32660000,0.0,0.0
2011-11-18,TLKM,1500.0,1520.0,1490.0,1500.0,747.3754272460938,46627500,0.0,0.0
2011-11-21,TLKM,1490.0,1500.0,1470.0,1490.0,742.3929443359375,69502500,0.0,0.0
2011-11-22,TLKM,1490.0,1490.0,1470.0,1490.0,742.3929443359375,43945000,0.0,0.0
2011-11-23,TLKM,1510.0,1510.0,1480.0,1510.0,752.3578491210938,50435000,0.0,0.0
2011-11-24,TLKM,1500.0,1510.0,1490.0,1500.0,747.3754272460938,21920000,0.0,0.0
2011-11-25,TLKM,1460.0,1500.0,1460.0,1460.0,727.4454956054688,46137500,0.0,0.0
2011-11-28,TLKM,1460.0,1480.0,1440.0,1460.0,727.4454956054688,50772500,0.0,0.0
2011-11-29,TLKM,1430.0,1470.0,1430.0,1430.0,712.4979248046875,77692500,0.0,0.0
2011-11-30,TLKM,1470.0,1480.0,1440.0,1470.0,732.427978515625,95785000,0.0,0.0
2011-12-01,TLKM,1470.0,1470.0,1470.0,1470.0,732.427978515625,0,0.0,0.0
2011-12-02,TLKM,1470.0,1480.0,1460.0,1470.0,732.427978515625,38050000,0.0,0.0
2011-12-05,TLKM,1450.0,1480.0,1450.0,1450.0,722.4629516601562,49020000,0.0,0.0
2011-12-06,TLKM,1470.0,1470.0,1450.0,1470.0,732.427978515625,49255000,0.0,0.0
2011-12-07,TLKM,1460.0,1480.0,1450.0,1460.0,727.4454956054688,70710000,0.0,0.0
2011-12-08,TLKM,1450.0,1470.0,1450.0,1450.0,722.4629516601562,51580000,0.0,0.0
2011-12-09,TLKM,1440.0,1460.0,1420.0,1440.0,717.4805297851562,142575000,0.0,0.0
2011-12-12,TLKM,1450.0,1460.0,1440.0,1450.0,722.4629516601562,27750000,0.0,0.0
2011-12-13,TLKM,1430.0,1450.0,1420.0,1430.0,712.4979248046875,78060000,0.0,0.0
2011-12-14,TLKM,1420.0,1430.0,1410.0,1420.0,707.5154418945312,36120000,0.0,0.0
2011-12-15,TLKM,1430.0,1430.0,1400.0,1430.0,712.4979248046875,106532500,0.0,0.0
2011-12-16,TLKM,1430.0,1440.0,1430.0,1430.0,712.4979248046875,32912500,0.0,0.0
2011-12-19,TLKM,1410.0,1440.0,1410.0,1410.0,702.5328979492188,60082500,0.0,0.0
2011-12-20,TLKM,1400.0,1430.0,1380.0,1400.0,697.5504760742188,126252500,0.0,0.0
2011-12-21,TLKM,1420.0,1430.0,1400.0,1420.0,707.5154418945312,121340000,0.0,0.0
2011-12-22,TLKM,1430.0,1430.0,1410.0,1430.0,712.4979248046875,24495000,0.0,0.0
2011-12-23,TLKM,1430.0,1440.0,1420.0,1430.0,712.4979248046875,17587500,0.0,0.0
2011-12-27,TLKM,1440.0,1440.0,1420.0,1440.0,717.4805297851562,18727500,0.0,0.0
2011-12-28,TLKM,1410.0,1440.0,1390.0,1410.0,702.5328979492188,67402500,0.0,0.0
2011-12-29,TLKM,1430.0,1440.0,1390.0,1430.0,712.4979248046875,46610000,0.0,0.0
2011-12-30,TLKM,1410.0,1430.0,1400.0,1410.0,702.5328979492188,54420000,0.0,0.0
2012-01-02,TLKM,1410.0,1420.0,1400.0,1410.0,702.5328979492188,15267500,0.0,0.0
2012-01-03,TLKM,1410.0,1420.0,1400.0,1410.0,702.5328979492188,64482500,0.0,0.0
2012-01-04,TLKM,1420.0,1430.0,1400.0,1420.0,707.5154418945312,73910000,0.0,0.0
2012-01-05,TLKM,1410.0,1430.0,1400.0,1410.0,702.5328979492188,65095000,0.0,0.0
2012-01-06,TLKM,1390.0,1400.0,1370.0,1390.0,692.56787109375,136315000,0.0,0.0
2012-01-09,TLKM,1410.0,1410.0,1380.0,1410.0,702.5328979492188,82305000,0.0,0.0
2012-01-10,TLKM,1420.0,1420.0,1400.0,1420.0,707.5154418945312,100222500,0.0,0.0
2012-01-11,TLKM,1400.0,1420.0,1390.0,1400.0,697.5504760742188,82470000,0.0,0.0
2012-01-12,TLKM,1400.0,1400.0,1380.0,1400.0,697.5504760742188,43985000,0.0,0.0
2012-01-13,TLKM,1390.0,1400.0,1380.0,1390.0,692.56787109375,15,0.0,0.0
2012-01-16,TLKM,1400.0,1400.0,1380.0,1400.0,697.5504760742188,56037500,0.0,0.0
2012-01-17,TLKM,1400.0,1400.0,1390.0,1400.0,697.5504760742188,74382500,0.0,0.0
2012-01-18,TLKM,1400.0,1400.0,1380.0,1400.0,697.5504760742188,71217500,0.0,0.0
2012-01-19,TLKM,1380.0,1400.0,1370.0,1380.0,687.58544921875,220512500,0.0,0.0
2012-01-20,TLKM,1380.0,1390.0,1370.0,1380.0,687.58544921875,109682500,0.0,0.0
2012-01-24,TLKM,1390.0,1390.0,1380.0,1390.0,692.56787109375,42942500,0.0,0.0
2012-01-25,TLKM,1380.0,1390.0,1370.0,1380.0,687.58544921875,57047500,0.0,0.0
2012-01-26,TLKM,1400.0,1400.0,1380.0,1400.0,697.5504760742188,63132500,0.0,0.0
2012-01-27,TLKM,1400.0,1400.0,1380.0,1400.0,697.5504760742188,28427500,0.0,0.0
2012-01-30,TLKM,1380.0,1410.0,1370.0,1380.0,687.58544921875,132527500,0.0,0.0
2012-01-31,TLKM,1370.0,1390.0,1360.0,1370.0,682.6029663085938,94415000,0.0,0.0
2012-02-01,TLKM,1350.0,1370.0,1340.0,1350.0,672.6378173828125,145167500,0.0,0.0
2012-02-02,TLKM,1380.0,1380.0,1350.0,1380.0,687.58544921875,122345000,0.0,0.0
2012-02-03,TLKM,1380.0,1390.0,1360.0,1380.0,687.58544921875,77127500,0.0,0.0
2012-02-06,TLKM,1360.0,1390.0,1360.0,1360.0,677.620361328125,90827500,0.0,0.0
2012-02-07,TLKM,1370.0,1380.0,1350.0,1370.0,682.6029663085938,129415000,0.0,0.0
2012-02-08,TLKM,1380.0,1390.0,1360.0,1380.0,687.58544921875,85507500,0.0,0.0
2012-02-09,TLKM,1360.0,1380.0,1350.0,1360.0,677.620361328125,150692500,0.0,0.0
2012-02-10,TLKM,1350.0,1370.0,1330.0,1350.0,672.6378173828125,118210000,0.0,0.0
2012-02-13,TLKM,1370.0,1370.0,1340.0,1370.0,682.6029663085938,68445000,0.0,0.0
2012-02-14,TLKM,1380.0,1380.0,1350.0,1380.0,687.58544921875,104205000,0.0,0.0
2012-02-15,TLKM,1360.0,1390.0,1350.0,1360.0,677.620361328125,103975000,0.0,0.0
2012-02-16,TLKM,1370.0,1370.0,1350.0,1370.0,682.6029663085938,40842500,0.0,0.0
2012-02-17,TLKM,1390.0,1400.0,1370.0,1390.0,692.56787109375,97060000,0.0,0.0
2012-02-20,TLKM,1400.0,1410.0,1390.0,1400.0,697.5504760742188,59212500,0.0,0.0
2012-02-21,TLKM,1410.0,1420.0,1390.0,1410.0,702.5328979492188,74907500,0.0,0.0
2012-02-22,TLKM,1410.0,1410.0,1400.0,1410.0,702.5328979492188,45770000,0.0,0.0
2012-02-23,TLKM,1400.0,1410.0,1400.0,1400.0,697.5504760742188,49932500,0.0,0.0
2012-02-24,TLKM,1380.0,1410.0,1370.0,1380.0,687.58544921875,101375000,0.0,0.0
2012-02-27,TLKM,1370.0,1390.0,1370.0,1370.0,682.6029663085938,38507500,0.0,0.0
2012-02-28,TLKM,1390.0,1400.0,1380.0,1390.0,692.56787109375,32827500,0.0,0.0
2012-02-29,TLKM,1410.0,1410.0,1400.0,1410.0,702.5328979492188,109472500,0.0,0.0
2012-03-01,TLKM,1400.0,1410.0,1380.0,1400.0,697.5504760742188,56207500,0.0,0.0
2012-03-02,TLKM,1430.0,1430.0,1390.0,1430.0,712.4979248046875,107120000,0.0,0.0
2012-03-05,TLKM,1430.0,1430.0,1410.0,1430.0,712.4979248046875,43917500,0.0,0.0
2012-03-06,TLKM,1420.0,1420.0,1400.0,1420.0,707.5154418945312,68977500,0.0,0.0
2012-03-07,TLKM,1400.0,1410.0,1380.0,1400.0,697.5504760742188,84565000,0.0,0.0
2012-03-08,TLKM,1390.0,1410.0,1380.0,1390.0,692.56787109375,62115000,0.0,0.0
2012-03-09,TLKM,1400.0,1410.0,1380.0,1400.0,697.5504760742188,10,0.0,0.0
2012-03-12,TLKM,1360.0,1390.0,1350.0,1360.0,677.620361328125,105605000,0.0,0.0
2012-03-13,TLKM,1370.0,1380.0,1340.0,1370.0,682.6029663085938,143502500,0.0,0.0
2012-03-14,TLKM,1380.0,1390.0,1360.0,1380.0,687.58544921875,128567500,0.0,0.0
2012-03-15,TLKM,1360.0,1380.0,1350.0,1360.0,677.620361328125,82217500,0.0,0.0
2012-03-16,TLKM,1350.0,1370.0,1350.0,1350.0,672.6378173828125,54997500,0.0,0.0
2012-03-19,TLKM,1360.0,1370.0,1350.0,1360.0,677.620361328125,72287500,0.0,0.0
2012-03-20,TLKM,1390.0,1390.0,1360.0,1390.0,692.56787109375,78645000,0.0,0.0
2012-03-21,TLKM,1400.0,1400.0,1380.0,1400.0,697.5504760742188,87135000,0.0,0.0
2012-03-22,TLKM,1390.0,1400.0,1380.0,1390.0,692.56787109375,51082500,0.0,0.0
2012-03-26,TLKM,1410.0,1410.0,1400.0,1410.0,702.5328979492188,107672500,0.0,0.0
2012-03-27,TLKM,1410.0,1420.0,1410.0,1410.0,702.5328979492188,46832500,0.0,0.0
2012-03-28,TLKM,1400.0,1410.0,1390.0,1400.0,697.5504760742188,61962500,0.0,0.0
2012-03-29,TLKM,1410.0,1420.0,1390.0,1410.0,702.5328979492188,80780000,0.0,0.0
2012-03-30,TLKM,1400.0,1430.0,1390.0,1400.0,697.5504760742188,91352500,0.0,0.0
2012-04-02,TLKM,1410.0,1420.0,1410.0,1410.0,702.5328979492188,108317500,0.0,0.0
2012-04-03,TLKM,1410.0,1410.0,1410.0,1410.0,702.5328979492188,0,0.0,0.0
2012-04-04,TLKM,1460.0,1480.0,1430.0,1460.0,727.4454956054688,143855000,0.0,0.0
2012-04-05,TLKM,1510.0,1520.0,1460.0,1510.0,752.3578491210938,172987500,0.0,0.0
2012-04-09,TLKM,1510.0,1530.0,1500.0,1510.0,752.3578491210938,59612500,0.0,0.0
2012-04-10,TLKM,1520.0,1540.0,1520.0,1520.0,757.3405151367188,86227500,0.0,0.0
2012-04-11,TLKM,1500.0,1520.0,1490.0,1500.0,747.3754272460938,77632500,0.0,0.0
2012-04-12,TLKM,1520.0,1520.0,1500.0,1520.0,757.3405151367188,40885000,0.0,0.0
2012-04-13,TLKM,1520.0,1530.0,1510.0,1520.0,757.3405151367188,60145000,0.0,0.0
2012-04-16,TLKM,1520.0,1520.0,1510.0,1520.0,757.3405151367188,76235000,0.0,0.0
2012-04-17,TLKM,1510.0,1550.0,1510.0,1510.0,752.3578491210938,132980000,0.0,0.0
2012-04-18,TLKM,1530.0,1550.0,1520.0,1530.0,762.3230590820312,83562500,0.0,0.0
2012-04-19,TLKM,1550.0,1570.0,1530.0,1550.0,772.2880249023438,134335000,0.0,0.0
2012-04-20,TLKM,1560.0,1570.0,1550.0,1560.0,777.2705688476562,92950000,0.0,0.0
2012-04-23,TLKM,1560.0,1580.0,1550.0,1560.0,777.2705688476562,67147500,0.0,0.0
2012-04-24,TLKM,1590.0,1600.0,1570.0,1590.0,792.2180786132812,135052500,0.0,0.0
2012-04-25,TLKM,1580.0,1590.0,1570.0,1580.0,787.2356567382812,185182500,0.0,0.0
2012-04-26,TLKM,1600.0,1600.0,1570.0,1600.0,797.2007446289062,132945000,0.0,0.0
2012-04-27,TLKM,1700.0,1740.0,1600.0,1700.0,847.0256958007812,386080000,0.0,0.0
2012-04-30,TLKM,1700.0,1700.0,1630.0,1700.0,847.0256958007812,171157500,0.0,0.0
2012-05-01,TLKM,1650.0,1700.0,1640.0,1650.0,822.113037109375,58107500,0.0,0.0
2012-05-02,TLKM,1650.0,1700.0,1640.0,1650.0,822.113037109375,15,0.0,0.0
2012-05-03,TLKM,1670.0,1680.0,1600.0,1670.0,832.078125,181720000,0.0,0.0
2012-05-04,TLKM,1670.0,1680.0,1630.0,1670.0,832.078125,206402500,0.0,0.0
2012-05-07,TLKM,1660.0,1660.0,1610.0,1660.0,827.0955810546875,165125000,0.0,0.0
2012-05-08,TLKM,1660.0,1680.0,1640.0,1660.0,827.0955810546875,165465000,0.0,0.0
2012-05-09,TLKM,1580.0,1660.0,1580.0,1580.0,787.2356567382812,139045000,0.0,0.0
2012-05-10,TLKM,1640.0,1640.0,1540.0,1640.0,817.130615234375,132372500,0.0,0.0
2012-05-11,TLKM,1640.0,1650.0,1600.0,1640.0,817.130615234375,80067500,0.0,0.0
2012-05-14,TLKM,1600.0,1650.0,1600.0,1600.0,797.2007446289062,61930000,0.0,0.0
2012-05-15,TLKM,1630.0,1640.0,1570.0,1630.0,812.14794921875,89595000,0.0,0.0
2012-05-16,TLKM,1580.0,1600.0,1550.0,1580.0,787.2356567382812,155052500,0.0,0.0
2012-05-21,TLKM,1570.0,1600.0,1540.0,1570.0,782.2529907226562,170145000,0.0,0.0
2012-05-22,TLKM,1570.0,1590.0,1550.0,1570.0,782.2529907226562,70700000,0.0,0.0
2012-05-23,TLKM,1550.0,1560.0,1530.0,1550.0,772.2880249023438,76872500,0.0,0.0
2012-05-24,TLKM,1500.0,1540.0,1470.0,1500.0,747.3754272460938,175320000,0.0,0.0
2012-05-25,TLKM,1450.0,1480.0,1440.0,1450.0,722.4629516601562,125352500,0.0,0.0
2012-05-28,TLKM,1480.0,1500.0,1400.0,1480.0,737.4104614257812,113907500,0.0,0.0
2012-05-29,TLKM,1520.0,1540.0,1480.0,1520.0,757.3405151367188,61792500,0.0,0.0
2012-05-30,TLKM,1580.0,1600.0,1530.0,1580.0,787.2356567382812,162582500,0.0,0.0
2012-05-31,TLKM,1560.0,1600.0,1540.0,1560.0,777.2705688476562,200920000,0.0,0.0
2012-06-01,TLKM,1520.0,1590.0,1520.0,1520.0,757.3405151367188,69610000,0.0,0.0
2012-06-04,TLKM,1520.0,1540.0,1490.0,1520.0,757.3405151367188,68332500,0.0,0.0
2012-06-05,TLKM,1540.0,1560.0,1530.0,1540.0,767.3055419921875,26472500,0.0,0.0
2012-06-06,TLKM,1510.0,1510.0,1480.0,1510.0,790.47998046875,53875000,74.2686,0.0
2012-06-07,TLKM,1500.0,1530.0,1500.0,1500.0,785.2449340820312,116607500,0.0,0.0
2012-06-08,TLKM,1470.0,1500.0,1460.0,1470.0,769.540283203125,44205000,0.0,0.0
2012-06-11,TLKM,1480.0,1490.0,1460.0,1480.0,774.775146484375,67165000,0.0,0.0
2012-06-12,TLKM,1520.0,1520.0,1450.0,1520.0,795.71484375,41552500,0.0,0.0
2012-06-13,TLKM,1570.0,1590.0,1530.0,1570.0,821.8897705078125,109347500,0.0,0.0
2012-06-14,TLKM,1540.0,1570.0,1540.0,1540.0,806.1849975585938,78670000,0.0,0.0
2012-06-15,TLKM,1580.0,1580.0,1480.0,1580.0,827.124755859375,173430000,0.0,0.0
2012-06-18,TLKM,1500.0,1580.0,1500.0,1500.0,785.2449340820312,96255000,0.0,0.0
2012-06-19,TLKM,1520.0,1540.0,1510.0,1520.0,795.71484375,58010000,0.0,0.0
2012-06-20,TLKM,1600.0,1620.0,1540.0,1600.0,837.5946655273438,117700000,0.0,0.0
2012-06-21,TLKM,1570.0,1610.0,1570.0,1570.0,821.8897705078125,72670000,0.0,0.0
2012-06-22,TLKM,1550.0,1580.0,1550.0,1550.0,811.4199829101562,58017500,0.0,0.0
2012-06-25,TLKM,1561.0,1580.0,1560.0,1560.0,816.6546630859375,39497500,0.0,0.0
2012-06-26,TLKM,1560.0,1590.0,1560.0,1560.0,816.6546630859375,54175000,0.0,0.0
2012-06-27,TLKM,1560.0,1620.0,1580.0,1600.0,837.5946655273438,120740000,0.0,0.0
2012-06-28,TLKM,1600.0,1630.0,1580.0,1580.0,827.124755859375,85480000,0.0,0.0
2012-06-29,TLKM,1580.0,1650.0,1590.0,1630.0,853.299560546875,139292500,0.0,0.0
2012-07-02,TLKM,1620.0,1650.0,1620.0,1620.0,848.0646362304688,39347500,0.0,0.0
2012-07-03,TLKM,1670.0,1670.0,1620.0,1670.0,874.239501953125,90200000,0.0,0.0
2012-07-04,TLKM,1680.0,1700.0,1670.0,1680.0,879.474365234375,84615000,0.0,0.0
2012-07-05,TLKM,1680.0,1700.0,1680.0,1680.0,879.474365234375,41415000,0.0,0.0
2012-07-06,TLKM,1640.0,1680.0,1620.0,1640.0,858.534423828125,84372500,0.0,0.0
2012-07-09,TLKM,1600.0,1640.0,1590.0,1600.0,837.5946655273438,69512500,0.0,0.0
2012-07-10,TLKM,1650.0,1650.0,1610.0,1650.0,863.7696533203125,52312500,0.0,0.0
2012-07-11,TLKM,1690.0,1710.0,1660.0,1690.0,884.7093505859375,99737500,0.0,0.0
2012-07-12,TLKM,1690.0,1710.0,1680.0,1690.0,884.7093505859375,113602500,0.0,0.0
2012-07-13,TLKM,1730.0,1760.0,1690.0,1730.0,905.6492919921875,133937500,0.0,0.0
2012-07-16,TLKM,1770.0,1780.0,1740.0,1770.0,926.5892333984375,103310000,0.0,0.0
2012-07-17,TLKM,1790.0,1830.0,1770.0,1790.0,937.0589599609375,160252500,0.0,0.0
2012-07-18,TLKM,1790.0,1830.0,1790.0,1790.0,937.0589599609375,55447500,0.0,0.0
2012-07-19,TLKM,1760.0,1810.0,1750.0,1760.0,921.3541259765625,75285000,0.0,0.0
2012-07-20,TLKM,1800.0,1800.0,1770.0,1800.0,942.2940673828125,70005000,0.0,0.0
2012-07-23,TLKM,1790.0,1810.0,1760.0,1790.0,937.0589599609375,54100000,0.0,0.0
2012-07-24,TLKM,1750.0,1800.0,1740.0,1750.0,916.1192016601562,78095000,0.0,0.0
2012-07-25,TLKM,1770.0,1810.0,1740.0,1770.0,926.5892333984375,85185000,0.0,0.0
2012-07-26,TLKM,1780.0,1810.0,1760.0,1780.0,931.8242797851562,62037500,0.0,0.0
2012-07-27,TLKM,1860.0,1860.0,1800.0,1860.0,973.7037353515625,122620000,0.0,0.0
2012-07-30,TLKM,1810.0,1850.0,1810.0,1810.0,947.5291137695312,68580000,0.0,0.0
2012-07-31,TLKM,1820.0,1850.0,1780.0,1820.0,952.7639770507812,164680000,0.0,0.0
2012-08-01,TLKM,1850.0,1850.0,1820.0,1850.0,968.4688110351562,98672500,0.0,0.0
2012-08-02,TLKM,1780.0,1860.0,1780.0,1780.0,931.8242797851562,81985000,0.0,0.0
2012-08-03,TLKM,1790.0,1810.0,1770.0,1790.0,937.0589599609375,52335000,0.0,0.0
2012-08-06,TLKM,1770.0,1830.0,1770.0,1770.0,926.5892333984375,67300000,0.0,0.0
2012-08-07,TLKM,1790.0,1810.0,1770.0,1790.0,937.0589599609375,86267500,0.0,0.0
2012-08-08,TLKM,1800.0,1800.0,1760.0,1800.0,942.2940673828125,119872500,0.0,0.0
2012-08-09,TLKM,1830.0,1850.0,1820.0,1830.0,957.9990844726562,124382500,0.0,0.0
2012-08-10,TLKM,1840.0,1860.0,1820.0,1840.0,963.2339477539062,81207500,0.0,0.0
2012-08-13,TLKM,1790.0,1860.0,1770.0,1790.0,937.0589599609375,78530000,0.0,0.0
2012-08-14,TLKM,1770.0,1810.0,1750.0,1770.0,926.5892333984375,87465000,0.0,0.0
2012-08-15,TLKM,1850.0,1860.0,1780.0,1850.0,968.4688110351562,107300000,0.0,0.0
2012-08-16,TLKM,1960.0,1970.0,1860.0,1960.0,1026.0535888671875,213665000,0.0,0.0
2012-08-23,TLKM,1920.0,1930.0,1870.0,1920.0,1005.1135864257812,166172500,0.0,0.0
2012-08-24,TLKM,1900.0,1900.0,1880.0,1900.0,994.643798828125,75392500,0.0,0.0
2012-08-27,TLKM,1890.0,1900.0,1870.0,1890.0,989.40869140625,8240000,0.0,0.0
2012-08-28,TLKM,1860.0,1890.0,1860.0,1860.0,973.7037353515625,61510000,0.0,0.0
2012-08-29,TLKM,1860.0,1890.0,1840.0,1860.0,973.7037353515625,103322500,0.0,0.0
2012-08-30,TLKM,1860.0,1880.0,1840.0,1860.0,973.7037353515625,59417500,0.0,0.0
2012-08-31,TLKM,1860.0,1900.0,1850.0,1860.0,973.7037353515625,78742500,0.0,0.0
2012-09-03,TLKM,1910.0,1930.0,1860.0,1910.0,999.8786010742188,80640000,0.0,0.0
2012-09-04,TLKM,1930.0,1940.0,1910.0,1930.0,1010.3485717773438,78130000,0.0,0.0
2012-09-05,TLKM,1920.0,1940.0,1890.0,1920.0,1005.1135864257812,88485000,0.0,0.0
2012-09-06,TLKM,1910.0,1930.0,1910.0,1910.0,999.8786010742188,36550000,0.0,0.0
2012-09-07,TLKM,1930.0,1940.0,1900.0,1930.0,1010.3485717773438,101200000,0.0,0.0
2012-09-10,TLKM,1880.0,1950.0,1870.0,1880.0,984.173828125,93445000,0.0,0.0
2012-09-11,TLKM,1890.0,1900.0,1850.0,1890.0,989.40869140625,40230000,0.0,0.0
2012-09-12,TLKM,1890.0,1900.0,1880.0,1890.0,989.40869140625,31547500,0.0,0.0
2012-09-13,TLKM,1890.0,1910.0,1890.0,1890.0,989.40869140625,34427500,0.0,0.0
2012-09-14,TLKM,1930.0,1940.0,1890.0,1930.0,1010.3485717773438,143777500,0.0,0.0
2012-09-17,TLKM,1850.0,1910.0,1850.0,1850.0,968.4688110351562,93355000,0.0,0.0
2012-09-18,TLKM,1880.0,1880.0,1850.0,1880.0,984.173828125,72222500,0.0,0.0
2012-09-19,TLKM,1880.0,1910.0,1870.0,1880.0,984.173828125,117850000,0.0,0.0
2012-09-20,TLKM,1880.0,1880.0,1850.0,1880.0,984.173828125,56595000,0.0,0.0
2012-09-21,TLKM,1880.0,1890.0,1860.0,1880.0,984.173828125,56237500,0.0,0.0
2012-09-24,TLKM,1850.0,1880.0,1840.0,1850.0,968.4688110351562,54650000,0.0,0.0
2012-09-25,TLKM,1870.0,1870.0,1850.0,1870.0,978.9388427734375,27470000,0.0,0.0
2012-09-26,TLKM,1840.0,1880.0,1830.0,1840.0,963.2339477539062,61522500,0.0,0.0
2012-09-27,TLKM,1870.0,1890.0,1830.0,1870.0,978.9388427734375,81632500,0.0,0.0
2012-09-28,TLKM,1890.0,1900.0,1870.0,1890.0,989.40869140625,89755000,0.0,0.0
2012-10-01,TLKM,1880.0,1890.0,1860.0,1880.0,984.173828125,52527500,0.0,0.0
2012-10-02,TLKM,1900.0,1910.0,1880.0,1900.0,994.643798828125,70050000,0.0,0.0
2012-10-03,TLKM,1900.0,1910.0,1890.0,1900.0,994.643798828125,72790000,0.0,0.0
2012-10-04,TLKM,1900.0,1910.0,1880.0,1900.0,994.643798828125,77155000,0.0,0.0
2012-10-05,TLKM,1900.0,1920.0,1890.0,1900.0,994.643798828125,63187500,0.0,0.0
2012-10-08,TLKM,1920.0,1930.0,1910.0,1920.0,1005.1135864257812,85082500,0.0,0.0
2012-10-09,TLKM,1930.0,1950.0,1910.0,1930.0,1010.3485717773438,66767500,0.0,0.0
2012-10-10,TLKM,1930.0,1940.0,1920.0,1930.0,1010.3485717773438,63307500,0.0,0.0
2012-10-11,TLKM,1950.0,1950.0,1930.0,1950.0,1020.8186645507812,91525000,0.0,0.0
2012-10-12,TLKM,1930.0,1970.0,1930.0,1930.0,1010.3485717773438,110005000,0.0,0.0
2012-10-15,TLKM,1920.0,1950.0,1890.0,1920.0,1005.1135864257812,94040000,0.0,0.0
2012-10-16,TLKM,1970.0,1970.0,1920.0,1970.0,1031.288330078125,95815000,0.0,0.0
2012-10-17,TLKM,1950.0,1970.0,1940.0,1950.0,1020.8186645507812,133372500,0.0,0.0
2012-10-18,TLKM,1930.0,1960.0,1920.0,1930.0,1010.3485717773438,64702500,0.0,0.0
2012-10-19,TLKM,1930.0,1960.0,1930.0,1930.0,1010.3485717773438,71067500,0.0,0.0
2012-10-22,TLKM,1910.0,1940.0,1910.0,1910.0,999.8786010742188,62315000,0.0,0.0
2012-10-23,TLKM,1930.0,1940.0,1890.0,1930.0,1010.3485717773438,88507500,0.0,0.0
2012-10-24,TLKM,1960.0,1990.0,1920.0,1960.0,1026.0535888671875,309980000,0.0,0.0
2012-10-25,TLKM,1930.0,1980.0,1910.0,1930.0,1010.3485717773438,105362500,0.0,0.0
2012-10-29,TLKM,1930.0,1950.0,1910.0,1930.0,1010.3485717773438,98112500,0.0,0.0
2012-10-30,TLKM,1920.0,1940.0,1920.0,1920.0,1005.1135864257812,61515000,0.0,0.0
2012-10-31,TLKM,1950.0,1950.0,1910.0,1950.0,1020.8186645507812,104925000,0.0,0.0
2012-11-01,TLKM,1950.0,1980.0,1940.0,1950.0,1020.8186645507812,124140000,0.0,0.0
2012-11-02,TLKM,1910.0,1930.0,1880.0,1910.0,999.8786010742188,135580000,0.0,0.0
2012-11-05,TLKM,1880.0,1910.0,1870.0,1880.0,984.173828125,82187500,0.0,0.0
2012-11-06,TLKM,1880.0,1910.0,1870.0,1880.0,984.173828125,82652500,0.0,0.0
2012-11-07,TLKM,1880.0,1890.0,1870.0,1880.0,984.173828125,44255000,0.0,0.0
2012-11-08,TLKM,1870.0,1880.0,1860.0,1870.0,978.9388427734375,83842500,0.0,0.0
2012-11-09,TLKM,1880.0,1880.0,1860.0,1880.0,984.173828125,67277500,0.0,0.0
2012-11-12,TLKM,1870.0,1890.0,1870.0,1870.0,978.9388427734375,28595000,0.0,0.0
2012-11-13,TLKM,1880.0,1890.0,1860.0,1880.0,984.173828125,54072500,0.0,0.0
2012-11-14,TLKM,1890.0,1890.0,1870.0,1890.0,989.40869140625,70562500,0.0,0.0
2012-11-19,TLKM,1850.0,1890.0,1840.0,1850.0,968.4688110351562,89660000,0.0,0.0
2012-11-20,TLKM,1870.0,1870.0,1850.0,1870.0,978.9388427734375,82222500,0.0,0.0
2012-11-21,TLKM,1840.0,1880.0,1840.0,1840.0,963.2339477539062,92085000,0.0,0.0
2012-11-22,TLKM,1850.0,1860.0,1840.0,1850.0,968.4688110351562,151695000,0.0,0.0
2012-11-23,TLKM,1840.0,1860.0,1830.0,1840.0,963.2339477539062,44250000,0.0,0.0
2012-11-26,TLKM,1880.0,1880.0,1840.0,1880.0,984.173828125,91917500,0.0,0.0
2012-11-27,TLKM,1880.0,1890.0,1870.0,1880.0,984.173828125,54600000,0.0,0.0
2012-11-28,TLKM,1860.0,1870.0,1840.0,1860.0,973.7037353515625,55567500,0.0,0.0
2012-11-29,TLKM,1850.0,1870.0,1830.0,1850.0,968.4688110351562,62972500,0.0,0.0
2012-11-30,TLKM,1800.0,1870.0,1790.0,1800.0,942.2940673828125,162595000,0.0,0.0
2012-12-03,TLKM,1770.0,1820.0,1730.0,1770.0,926.5892333984375,192670000,0.0,0.0
2012-12-04,TLKM,1770.0,1780.0,1740.0,1770.0,926.5892333984375,70100000,0.0,0.0
2012-12-05,TLKM,1760.0,1780.0,1730.0,1760.0,921.3541259765625,118277500,0.0,0.0
2012-12-06,TLKM,1780.0,1800.0,1760.0,1780.0,931.8242797851562,82115000,0.0,0.0
2012-12-07,TLKM,1840.0,1840.0,1780.0,1840.0,963.2339477539062,179717500,0.0,0.0
2012-12-10,TLKM,1860.0,1860.0,1830.0,1860.0,973.7037353515625,87720000,0.0,0.0
2012-12-11,TLKM,1830.0,1860.0,1820.0,1830.0,957.9990844726562,91575000,0.0,0.0
2012-12-12,TLKM,1850.0,1870.0,1820.0,1850.0,968.4688110351562,173002500,0.0,0.0
2012-12-13,TLKM,1830.0,1840.0,1810.0,1830.0,957.9990844726562,99052500,0.0,0.0
2012-12-14,TLKM,1770.0,1830.0,1750.0,1770.0,926.5892333984375,185680000,0.0,0.0
2012-12-17,TLKM,1810.0,1810.0,1780.0,1810.0,947.5291137695312,159475000,0.0,0.0
2012-12-18,TLKM,1800.0,1820.0,1770.0,1800.0,942.2940673828125,97192500,0.0,0.0
2012-12-19,TLKM,1780.0,1810.0,1750.0,1780.0,931.8242797851562,118705000,0.0,0.0
2012-12-20,TLKM,1800.0,1800.0,1750.0,1800.0,942.2940673828125,114527500,0.0,0.0
2012-12-21,TLKM,1830.0,1830.0,1780.0,1830.0,957.9990844726562,91677500,0.0,0.0
2012-12-26,TLKM,1820.0,1820.0,1810.0,1820.0,952.7639770507812,15,0.0,0.0
2012-12-27,TLKM,1790.0,1810.0,1770.0,1790.0,937.0589599609375,67850000,0.0,0.0
2012-12-28,TLKM,1810.0,1820.0,1780.0,1810.0,947.5291137695312,109440000,0.0,0.0
2013-01-02,TLKM,1790.0,1830.0,1770.0,1790.0,937.0589599609375,60222500,0.0,0.0
2013-01-03,TLKM,1800.0,1810.0,1790.0,1800.0,942.2940673828125,121480000,0.0,0.0
2013-01-04,TLKM,1820.0,1820.0,1800.0,1820.0,952.7639770507812,101207500,0.0,0.0
2013-01-07,TLKM,1840.0,1860.0,1820.0,1840.0,963.2339477539062,110077500,0.0,0.0
2013-01-08,TLKM,1830.0,1850.0,1830.0,1830.0,957.9990844726562,77142500,0.0,0.0
2013-01-09,TLKM,1790.0,1840.0,1780.0,1790.0,937.0589599609375,150775000,0.0,0.0
2013-01-10,TLKM,1790.0,1800.0,1760.0,1790.0,937.0589599609375,165842500,0.0,0.0
2013-01-11,TLKM,1810.0,1810.0,1780.0,1810.0,947.5291137695312,93272500,0.0,0.0
2013-01-14,TLKM,1830.0,1830.0,1810.0,1830.0,957.9990844726562,93792500,0.0,0.0
2013-01-15,TLKM,1890.0,1890.0,1830.0,1890.0,989.40869140625,139172500,0.0,0.0
2013-01-16,TLKM,1900.0,1900.0,1880.0,1900.0,994.643798828125,80340000,0.0,0.0
2013-01-17,TLKM,1910.0,1920.0,1890.0,1910.0,999.8786010742188,108880000,0.0,0.0
2013-01-18,TLKM,1960.0,1960.0,1910.0,1960.0,1026.0535888671875,106495000,0.0,0.0
2013-01-21,TLKM,1920.0,1950.0,1900.0,1920.0,1005.1135864257812,92392500,0.0,0.0
2013-01-22,TLKM,1920.0,1920.0,1920.0,1920.0,1005.1135864257812,0,0.0,0.0
2013-01-23,TLKM,1920.0,1940.0,1880.0,1920.0,1005.1135864257812,54337500,0.0,0.0
2013-01-25,TLKM,1960.0,1960.0,1900.0,1960.0,1026.0535888671875,121637500,0.0,0.0
2013-01-28,TLKM,1910.0,1950.0,1900.0,1910.0,999.8786010742188,111172500,0.0,0.0
2013-01-29,TLKM,1930.0,1960.0,1910.0,1930.0,1010.3485717773438,149150000,0.0,0.0
2013-01-30,TLKM,1940.0,1950.0,1920.0,1940.0,1015.5833740234375,83140000,0.0,0.0
2013-01-31,TLKM,1940.0,1940.0,1910.0,1940.0,1015.5833740234375,155020000,0.0,0.0
2013-02-01,TLKM,1930.0,1960.0,1930.0,1930.0,1010.3485717773438,92477500,0.0,0.0
2013-02-04,TLKM,1940.0,1960.0,1920.0,1940.0,1015.5833740234375,63735000,0.0,0.0
2013-02-05,TLKM,1940.0,1950.0,1920.0,1940.0,1015.5833740234375,73387500,0.0,0.0
2013-02-06,TLKM,1960.0,1960.0,1940.0,1960.0,1026.0535888671875,72077500,0.0,0.0
2013-02-07,TLKM,1930.0,1960.0,1920.0,1930.0,1010.3485717773438,55877500,0.0,0.0
2013-02-08,TLKM,1930.0,1950.0,1920.0,1930.0,1010.3485717773438,82810000,0.0,0.0
2013-02-11,TLKM,1930.0,1940.0,1920.0,1930.0,1010.3485717773438,55935000,0.0,0.0
2013-02-12,TLKM,1930.0,1930.0,1910.0,1930.0,1010.3485717773438,37485000,0.0,0.0
2013-02-13,TLKM,1920.0,1940.0,1910.0,1920.0,1005.1135864257812,63552500,0.0,0.0
2013-02-14,TLKM,1950.0,1960.0,1910.0,1950.0,1020.8186645507812,282730000,0.0,0.0
2013-02-15,TLKM,1990.0,2000.0,1950.0,1990.0,1041.7584228515625,243532500,0.0,0.0
2013-02-18,TLKM,1990.0,2010.0,1970.0,1990.0,1041.7584228515625,96120000,0.0,0.0
2013-02-19,TLKM,1980.0,2010.0,1970.0,1980.0,1036.5233154296875,56707500,0.0,0.0
2013-02-20,TLKM,1970.0,2000.0,1950.0,1970.0,1031.288330078125,90922500,0.0,0.0
2013-02-21,TLKM,1980.0,1980.0,1960.0,1980.0,1036.5233154296875,91987500,0.0,0.0
2013-02-22,TLKM,1970.0,1980.0,1950.0,1970.0,1031.288330078125,77210000,0.0,0.0
2013-02-25,TLKM,1980.0,1980.0,1950.0,1980.0,1036.5233154296875,85690000,0.0,0.0
2013-02-26,TLKM,1970.0,1980.0,1950.0,1970.0,1031.288330078125,54930000,0.0,0.0
2013-02-27,TLKM,2030.0,2070.0,1980.0,2030.0,1062.6983642578125,243452500,0.0,0.0
2013-02-28,TLKM,2150.0,2190.0,2060.0,2150.0,1125.517822265625,191622500,0.0,0.0
2013-03-01,TLKM,2170.0,2190.0,2100.0,2170.0,1135.9879150390625,96047500,0.0,0.0
2013-03-04,TLKM,2100.0,2180.0,2090.0,2100.0,1099.343017578125,93580000,0.0,0.0
2013-03-05,TLKM,2100.0,2120.0,2070.0,2100.0,1099.343017578125,43375000,0.0,0.0
2013-03-06,TLKM,2220.0,2230.0,2130.0,2220.0,1162.1624755859375,132065000,0.0,0.0
2013-03-07,TLKM,2120.0,2170.0,2100.0,2120.0,1109.81298828125,126125000,0.0,0.0
2013-03-08,TLKM,2150.0,2190.0,2140.0,2150.0,1125.517822265625,71627500,0.0,0.0
2013-03-11,TLKM,2170.0,2190.0,2150.0,2170.0,1135.9879150390625,37515000,0.0,0.0
2013-03-13,TLKM,2170.0,2230.0,2150.0,2170.0,1135.9879150390625,122720000,0.0,0.0
2013-03-14,TLKM,2160.0,2180.0,2120.0,2120.0,1109.81298828125,89810000,0.0,0.0
2013-03-15,TLKM,2130.0,2200.0,2060.0,2060.0,1078.403076171875,100502500,0.0,0.0
2013-03-18,TLKM,2060.0,2110.0,2050.0,2100.0,1099.343017578125,100685000,0.0,0.0
2013-03-19,TLKM,2120.0,2140.0,2110.0,2110.0,1104.577880859375,61297500,0.0,0.0
2013-03-20,TLKM,2140.0,2190.0,2120.0,2140.0,1120.282958984375,114347500,0.0,0.0
2013-03-21,TLKM,2180.0,2220.0,2120.0,2150.0,1125.517822265625,85155000,0.0,0.0
2013-03-22,TLKM,2150.0,2160.0,2090.0,2110.0,1104.577880859375,97967500,0.0,0.0
2013-03-25,TLKM,2150.0,2170.0,2120.0,2140.0,1120.282958984375,49620000,0.0,0.0
2013-03-26,TLKM,2150.0,2190.0,2130.0,2170.0,1135.9879150390625,86355000,0.0,0.0
2013-03-27,TLKM,2170.0,2180.0,2140.0,2170.0,1135.9879150390625,59400000,0.0,0.0
2013-03-28,TLKM,2150.0,2200.0,2140.0,2200.0,1151.6927490234375,79535000,0.0,0.0
2013-04-01,TLKM,2200.0,2220.0,2140.0,2150.0,1125.517822265625,30487500,0.0,0.0
2013-04-02,TLKM,2130.0,2180.0,2130.0,2180.0,1141.222900390625,37737500,0.0,0.0
2013-04-03,TLKM,2180.0,2230.0,2160.0,2220.0,1162.1624755859375,15,0.0,0.0
2013-04-04,TLKM,2210.0,2220.0,2170.0,2170.0,1135.9879150390625,70767500,0.0,0.0
2013-04-05,TLKM,2190.0,2210.0,2140.0,2140.0,1120.282958984375,53055000,0.0,0.0
2013-04-08,TLKM,2140.0,2160.0,2080.0,2100.0,1099.343017578125,105777500,0.0,0.0
2013-04-09,TLKM,2130.0,2170.0,2120.0,2160.0,1130.7529296875,101205000,0.0,0.0
2013-04-10,TLKM,2180.0,2180.0,2110.0,2150.0,1125.517822265625,119377500,0.0,0.0
2013-04-11,TLKM,2170.0,2210.0,2140.0,2200.0,1151.6927490234375,126935000,0.0,0.0
2013-04-12,TLKM,2220.0,2250.0,2210.0,2230.0,1167.397705078125,93410000,0.0,0.0
2013-04-15,TLKM,2220.0,2250.0,2190.0,2230.0,1167.397705078125,61885000,0.0,0.0
2013-04-16,TLKM,2230.0,2360.0,2200.0,2350.0,1230.2171630859375,15,0.0,0.0
2013-04-17,TLKM,2360.0,2500.0,2350.0,2400.0,1256.3919677734375,160735000,0.0,0.0
2013-04-18,TLKM,2360.0,2360.0,2300.0,2310.0,1209.27734375,160360000,0.0,0.0
2013-04-19,TLKM,2290.0,2380.0,2280.0,2340.0,1224.982177734375,109192500,0.0,0.0
2013-04-22,TLKM,2380.0,2460.0,2380.0,2400.0,1256.3919677734375,10,0.0,0.0
2013-04-23,TLKM,2340.0,2340.0,2340.0,2340.0,1224.982177734375,0,0.0,0.0
2013-04-24,TLKM,2400.0,2420.0,2370.0,2390.0,1251.156982421875,93440000,0.0,0.0
2013-04-25,TLKM,2400.0,2400.0,2300.0,2360.0,1235.452392578125,110875000,0.0,0.0
2013-04-26,TLKM,2340.0,2340.0,2240.0,2250.0,1177.8675537109375,141757500,0.0,0.0
2013-04-29,TLKM,2270.0,2290.0,2250.0,2280.0,1193.572509765625,62045000,0.0,0.0
2013-04-30,TLKM,2290.0,2350.0,2290.0,2340.0,1224.982177734375,187220000,0.0,0.0
2013-05-01,TLKM,2340.0,2360.0,2340.0,2360.0,1235.452392578125,20460000,0.0,0.0
2013-05-02,TLKM,2330.0,2360.0,2310.0,2360.0,1235.452392578125,68327500,0.0,0.0
2013-05-03,TLKM,2340.0,2360.0,2260.0,2260.0,1183.1025390625,87995000,0.0,0.0
2013-05-06,TLKM,2280.0,2350.0,2280.0,2320.0,1214.5123291015625,81867500,0.0,0.0
2013-05-07,TLKM,2330.0,2350.0,2300.0,2340.0,1224.982177734375,79560000,0.0,0.0
2013-05-08,TLKM,2320.0,2360.0,2320.0,2360.0,1235.452392578125,63865000,0.0,0.0
2013-05-10,TLKM,2340.0,2380.0,2340.0,2370.0,1240.68701171875,90800000,0.0,0.0
2013-05-13,TLKM,2380.0,2380.0,2320.0,2370.0,1240.68701171875,86107500,0.0,0.0
2013-05-14,TLKM,2360.0,2380.0,2340.0,2370.0,1240.68701171875,72282500,0.0,0.0
2013-05-15,TLKM,2380.0,2420.0,2360.0,2380.0,1245.9219970703125,162527500,0.0,0.0
2013-05-16,TLKM,2410.0,2420.0,2370.0,2380.0,1245.9219970703125,100317500,0.0,0.0
2013-05-17,TLKM,2380.0,2410.0,2380.0,2390.0,1251.156982421875,78335000,0.0,0.0
2013-05-20,TLKM,2430.0,2580.0,2430.0,2460.0,1287.802001953125,142417500,0.0,0.0
2013-05-21,TLKM,2480.0,2520.0,2440.0,2450.0,1282.56689453125,129855000,0.0,0.0
2013-05-22,TLKM,2430.0,2490.0,2430.0,2470.0,1293.03662109375,87825000,0.0,0.0
2013-05-23,TLKM,2450.0,2480.0,2410.0,2440.0,1277.3319091796875,153887500,0.0,0.0
2013-05-24,TLKM,2460.0,2480.0,2450.0,2460.0,1287.802001953125,69085000,0.0,0.0
2013-05-27,TLKM,2460.0,2460.0,2410.0,2440.0,1277.3319091796875,86650000,0.0,0.0
2013-05-28,TLKM,2400.0,2480.0,2400.0,2460.0,1287.802001953125,97247500,0.0,0.0
2013-05-29,TLKM,2460.0,2500.0,2460.0,2480.0,1298.2718505859375,111012500,0.0,0.0
2013-05-30,TLKM,2400.0,2430.0,2370.0,2370.0,1285.9215087890625,141920000,87.2376,0.0
2013-05-31,TLKM,2360.0,2380.0,2210.0,2210.0,1199.10791015625,15,0.0,0.0
2013-06-03,TLKM,2220.0,2340.0,2210.0,2280.0,1237.0889892578125,206020000,0.0,0.0
2013-06-04,TLKM,2280.0,2330.0,2230.0,2270.0,1231.6630859375,117660000,0.0,0.0
2013-06-05,TLKM,2260.0,2280.0,2240.0,2240.0,1215.3856201171875,118007500,0.0,0.0
2013-06-07,TLKM,2240.0,2250.0,2160.0,2200.0,1193.68212890625,231427500,0.0,0.0
2013-06-10,TLKM,2200.0,2230.0,2070.0,2100.0,1139.4239501953125,177525000,0.0,0.0
2013-06-11,TLKM,2100.0,2110.0,1970.0,2000.0,1085.16552734375,248872500,0.0,0.0
2013-06-12,TLKM,2010.0,2100.0,1940.0,2060.0,1117.7205810546875,208075000,0.0,0.0
2013-06-13,TLKM,2050.0,2130.0,2010.0,2040.0,1106.868896484375,212940000,0.0,0.0
2013-06-14,TLKM,2060.0,2170.0,2060.0,2110.0,1144.8497314453125,147550000,0.0,0.0
2013-06-17,TLKM,2110.0,2150.0,2070.0,2080.0,1128.572265625,109685000,0.0,0.0
2013-06-18,TLKM,2090.0,2220.0,2090.0,2170.0,1177.4046630859375,169845000,0.0,0.0
2013-06-19,TLKM,2170.0,2280.0,2160.0,2200.0,1193.68212890625,107137500,0.0,0.0
2013-06-20,TLKM,2100.0,2140.0,2030.0,2100.0,1139.4239501953125,157067500,0.0,0.0
2013-06-21,TLKM,2000.0,2070.0,1970.0,1990.0,1079.7398681640625,237425000,0.0,0.0
2013-06-24,TLKM,2000.0,2050.0,1980.0,2000.0,1085.16552734375,147670000,0.0,0.0
2013-06-25,TLKM,2020.0,2020.0,1930.0,1950.0,1058.0364990234375,184105000,0.0,0.0
2013-06-26,TLKM,1980.0,2080.0,1900.0,2050.0,1112.2947998046875,245915000,0.0,0.0
2013-06-27,TLKM,2100.0,2260.0,2100.0,2160.0,1171.9791259765625,208745000,0.0,0.0
2013-06-28,TLKM,2180.0,2250.0,2180.0,2250.0,1220.8115234375,182437500,0.0,0.0
2013-07-01,TLKM,2200.0,2250.0,2170.0,2180.0,1182.83056640625,86265000,0.0,0.0
2013-07-02,TLKM,2190.0,2200.0,2150.0,2150.0,1166.5531005859375,92212500,0.0,0.0
2013-07-03,TLKM,2100.0,2150.0,2100.0,2110.0,1144.8497314453125,178655000,0.0,0.0
2013-07-04,TLKM,2160.0,2240.0,2150.0,2180.0,1182.83056640625,76065000,0.0,0.0
2013-07-05,TLKM,2200.0,2240.0,2200.0,2200.0,1193.68212890625,60670000,0.0,0.0
2013-07-08,TLKM,2160.0,2240.0,2160.0,2180.0,1182.83056640625,105267500,0.0,0.0
2013-07-09,TLKM,2220.0,2270.0,2200.0,2200.0,1193.68212890625,131332500,0.0,0.0
2013-07-10,TLKM,2200.0,2280.0,2200.0,2260.0,1226.2371826171875,190850000,0.0,0.0
2013-07-11,TLKM,2270.0,2360.0,2260.0,2330.0,1264.2178955078125,175910000,0.0,0.0
2013-07-12,TLKM,2340.0,2440.0,2340.0,2370.0,1285.9215087890625,205670000,0.0,0.0
2013-07-15,TLKM,2370.0,2380.0,2330.0,2370.0,1285.9215087890625,99732500,0.0,0.0
2013-07-16,TLKM,2350.0,2370.0,2300.0,2300.0,1247.9404296875,79697500,0.0,0.0
2013-07-17,TLKM,2300.0,2310.0,2240.0,2260.0,1226.2371826171875,122885000,0.0,0.0
2013-07-18,TLKM,2260.0,2310.0,2250.0,2280.0,1237.0889892578125,196995000,0.0,0.0
2013-07-19,TLKM,2300.0,2350.0,2280.0,2330.0,1264.2178955078125,90492500,0.0,0.0
2013-07-22,TLKM,2400.0,2400.0,2330.0,2350.0,1275.069580078125,99952500,0.0,0.0
2013-07-23,TLKM,2380.0,2400.0,2360.0,2400.0,1302.1986083984375,105552500,0.0,0.0
2013-07-24,TLKM,2300.0,2400.0,2300.0,2360.0,1280.49560546875,81982500,0.0,0.0
2013-07-25,TLKM,2360.0,2370.0,2320.0,2340.0,1269.643798828125,92747500,0.0,0.0
2013-07-26,TLKM,2360.0,2380.0,2330.0,2330.0,1264.2178955078125,71982500,0.0,0.0
2013-07-29,TLKM,2320.0,2340.0,2260.0,2280.0,1237.0889892578125,55790000,0.0,0.0
2013-07-30,TLKM,2280.0,2370.0,2270.0,2350.0,1275.069580078125,79955000,0.0,0.0
2013-07-31,TLKM,2360.0,2380.0,2330.0,2380.0,1291.346923828125,86822500,0.0,0.0
2013-08-01,TLKM,2390.0,2410.0,2380.0,2400.0,1302.1986083984375,79205000,0.0,0.0
2013-08-02,TLKM,2440.0,2440.0,2400.0,2400.0,1302.1986083984375,54575000,0.0,0.0
2013-08-12,TLKM,2380.0,2420.0,2370.0,2370.0,1285.9215087890625,108935000,0.0,0.0
2013-08-13,TLKM,2380.0,2390.0,2340.0,2340.0,1269.643798828125,97225000,0.0,0.0
2013-08-14,TLKM,2350.0,2380.0,2340.0,2380.0,1291.346923828125,59555000,0.0,0.0
2013-08-15,TLKM,2360.0,2420.0,2350.0,2390.0,1296.77294921875,99700000,0.0,0.0
2013-08-16,TLKM,2380.0,2380.0,2270.0,2270.0,1231.6630859375,138227500,0.0,0.0
2013-08-19,TLKM,2170.0,2200.0,2100.0,2120.0,1150.2755126953125,130175000,0.0,0.0
2013-08-20,TLKM,2040.0,2140.0,1980.0,2080.0,1128.572265625,229065000,0.0,0.0
2013-08-21,TLKM,2120.0,2250.0,2100.0,2190.0,1188.25634765625,202245000,0.0,0.0
2013-08-22,TLKM,2120.0,2180.0,2120.0,2130.0,1155.701416015625,145652500,0.0,0.0
2013-08-23,TLKM,2160.0,2200.0,2120.0,2150.0,1166.5531005859375,84685000,0.0,0.0
2013-08-26,TLKM,2160.0,2170.0,2120.0,2130.0,1155.701416015625,81722500,0.0,0.0
2013-08-27,TLKM,2120.0,2130.0,2000.0,2020.0,1096.017333984375,128692500,0.0,0.0
2013-08-28,TLKM,2025.0,2375.0,1980.0,2150.0,1166.5531005859375,140114000,0.0,5.0
2013-08-29,TLKM,2150.0,2250.0,2100.0,2225.0,1207.246826171875,105664500,0.0,0.0
2013-08-30,TLKM,2200.0,2250.0,2150.0,2200.0,1193.68212890625,109446500,0.0,0.0
2013-09-02,TLKM,2200.0,2225.0,2100.0,2150.0,1166.5531005859375,63655500,0.0,0.0
2013-09-03,TLKM,2175.0,2225.0,2175.0,2200.0,1193.68212890625,50207000,0.0,0.0
2013-09-04,TLKM,2150.0,2200.0,2075.0,2100.0,1139.4239501953125,106755500,0.0,0.0
2013-09-05,TLKM,2100.0,2150.0,1990.0,2000.0,1085.16552734375,147371008,0.0,0.0
2013-09-06,TLKM,2025.0,2050.0,1950.0,1990.0,1079.7398681640625,198064000,0.0,0.0
2013-09-09,TLKM,2025.0,2100.0,2025.0,2075.0,1125.859375,131547000,0.0,0.0
2013-09-10,TLKM,2125.0,2200.0,2075.0,2200.0,1193.68212890625,218278500,0.0,0.0
2013-09-11,TLKM,2225.0,2275.0,2100.0,2175.0,1180.1175537109375,215712000,0.0,0.0
2013-09-12,TLKM,2150.0,2250.0,2150.0,2225.0,1207.246826171875,99842000,0.0,0.0
2013-09-13,TLKM,2200.0,2225.0,2150.0,2200.0,1193.68212890625,113031500,0.0,0.0
2013-09-16,TLKM,2200.0,2250.0,2200.0,2225.0,1207.246826171875,120217000,0.0,0.0
2013-09-17,TLKM,2225.0,2275.0,2200.0,2250.0,1220.8115234375,124701500,0.0,0.0
2013-09-18,TLKM,2275.0,2275.0,2175.0,2225.0,1207.246826171875,65105000,0.0,0.0
2013-09-19,TLKM,2300.0,2450.0,2300.0,2375.0,1288.63427734375,171275500,0.0,0.0
2013-09-20,TLKM,2300.0,2375.0,2300.0,2325.0,1261.5050048828125,76113000,0.0,0.0
2013-09-23,TLKM,2250.0,2275.0,2200.0,2275.0,1234.3759765625,85687000,0.0,0.0
2013-09-24,TLKM,2225.0,2250.0,2175.0,2200.0,1193.68212890625,102855000,0.0,0.0
2013-09-25,TLKM,2150.0,2175.0,2050.0,2150.0,1166.5531005859375,190404500,0.0,0.0
2013-09-26,TLKM,2150.0,2250.0,2125.0,2150.0,1166.5531005859375,124709000,0.0,0.0
2013-09-27,TLKM,2200.0,2200.0,2150.0,2175.0,1180.1175537109375,100720500,0.0,0.0
2013-09-30,TLKM,2125.0,2150.0,2075.0,2100.0,1139.4239501953125,137816500,0.0,0.0
2013-10-01,TLKM,2100.0,2175.0,2100.0,2150.0,1166.5531005859375,69872500,0.0,0.0
2013-10-02,TLKM,2175.0,2225.0,2175.0,2200.0,1193.68212890625,84952000,0.0,0.0
2013-10-03,TLKM,2225.0,2225.0,2200.0,2225.0,1207.246826171875,51035500,0.0,0.0
2013-10-04,TLKM,2225.0,2250.0,2175.0,2250.0,1220.8115234375,67581500,0.0,0.0
2013-10-07,TLKM,2250.0,2275.0,2200.0,2250.0,1220.8115234375,54716000,0.0,0.0
2013-10-08,TLKM,2200.0,2250.0,2200.0,2225.0,1207.246826171875,78668000,0.0,0.0
2013-10-09,TLKM,2250.0,2300.0,2225.0,2275.0,1234.3759765625,134366500,0.0,0.0
2013-10-10,TLKM,2300.0,2325.0,2250.0,2325.0,1261.5050048828125,81710500,0.0,0.0
2013-10-11,TLKM,2350.0,2350.0,2300.0,2325.0,1261.5050048828125,108595000,0.0,0.0
2013-10-16,TLKM,2275.0,2300.0,2200.0,2275.0,1234.3759765625,105367000,0.0,0.0
2013-10-17,TLKM,2300.0,2350.0,2275.0,2325.0,1261.5050048828125,65266000,0.0,0.0
2013-10-18,TLKM,2300.0,2350.0,2275.0,2350.0,1275.069580078125,63748500,0.0,0.0
2013-10-21,TLKM,2350.0,2375.0,2275.0,2325.0,1261.5050048828125,84729500,0.0,0.0
2013-10-22,TLKM,2275.0,2300.0,2225.0,2250.0,1220.8115234375,146869500,0.0,0.0
2013-10-23,TLKM,2275.0,2300.0,2225.0,2250.0,1220.8115234375,113433500,0.0,0.0
2013-10-24,TLKM,2225.0,2300.0,2200.0,2225.0,1207.246826171875,123026500,0.0,0.0
2013-10-25,TLKM,2225.0,2250.0,2150.0,2175.0,1180.1175537109375,122372000,0.0,0.0
2013-10-28,TLKM,2225.0,2275.0,2200.0,2275.0,1234.3759765625,103357500,0.0,0.0
2013-10-29,TLKM,2250.0,2300.0,2225.0,2300.0,1247.9404296875,81925000,0.0,0.0
2013-10-30,TLKM,2300.0,2325.0,2275.0,2300.0,1247.9404296875,102476000,0.0,0.0
2013-10-31,TLKM,2275.0,2350.0,2225.0,2350.0,1275.069580078125,175641000,0.0,0.0
2013-11-01,TLKM,2300.0,2350.0,2300.0,2300.0,1247.9404296875,93561000,0.0,0.0
2013-11-04,TLKM,2275.0,2325.0,2250.0,2325.0,1261.5050048828125,63125500,0.0,0.0
2013-11-06,TLKM,2300.0,2300.0,2250.0,2275.0,1234.3759765625,130402000,0.0,0.0
2013-11-07,TLKM,2300.0,2300.0,2250.0,2275.0,1234.3759765625,109366500,0.0,0.0
2013-11-08,TLKM,2250.0,2300.0,2250.0,2275.0,1234.3759765625,119428500,0.0,0.0
2013-11-11,TLKM,2250.0,2275.0,2225.0,2225.0,1207.246826171875,100433000,0.0,0.0
2013-11-12,TLKM,2250.0,2250.0,2200.0,2225.0,1207.246826171875,65346000,0.0,0.0
2013-11-13,TLKM,2200.0,2200.0,2100.0,2125.0,1152.988525390625,166392500,0.0,0.0
2013-11-14,TLKM,2150.0,2200.0,2150.0,2175.0,1180.1175537109375,91585000,0.0,0.0
2013-11-15,TLKM,2200.0,2225.0,2125.0,2175.0,1180.1175537109375,91929500,0.0,0.0
2013-11-18,TLKM,2175.0,2225.0,2175.0,2225.0,1207.246826171875,87649500,0.0,0.0
2013-11-19,TLKM,2225.0,2275.0,2200.0,2275.0,1234.3759765625,52449500,0.0,0.0
2013-11-20,TLKM,2250.0,2250.0,2175.0,2225.0,1207.246826171875,136813000,0.0,0.0
2013-11-21,TLKM,2225.0,2225.0,2175.0,2225.0,1207.246826171875,97510500,0.0,0.0
2013-11-22,TLKM,2200.0,2225.0,2150.0,2150.0,1166.5531005859375,108121500,0.0,0.0
2013-11-25,TLKM,2150.0,2175.0,2125.0,2150.0,1166.5531005859375,70234000,0.0,0.0
2013-11-26,TLKM,2150.0,2150.0,2025.0,2025.0,1098.730224609375,230524000,0.0,0.0
2013-11-27,TLKM,2075.0,2125.0,2075.0,2125.0,1152.988525390625,128729000,0.0,0.0
2013-11-28,TLKM,2150.0,2150.0,2100.0,2150.0,1166.5531005859375,60913000,0.0,0.0
2013-11-29,TLKM,2125.0,2175.0,2125.0,2175.0,1180.1175537109375,50601000,0.0,0.0
2013-12-02,TLKM,2200.0,2200.0,2150.0,2200.0,1193.68212890625,22662500,0.0,0.0
2013-12-03,TLKM,2175.0,2200.0,2100.0,2150.0,1166.5531005859375,82436500,0.0,0.0
2013-12-04,TLKM,2125.0,2150.0,2100.0,2100.0,1139.4239501953125,83152500,0.0,0.0
2013-12-05,TLKM,2100.0,2125.0,2000.0,2050.0,1112.2947998046875,179661000,0.0,0.0
2013-12-06,TLKM,2050.0,2050.0,1990.0,2000.0,1085.16552734375,207724000,0.0,0.0
2013-12-09,TLKM,2025.0,2050.0,1980.0,2025.0,1098.730224609375,217082500,0.0,0.0
2013-12-10,TLKM,2050.0,2075.0,2025.0,2025.0,1098.730224609375,224616500,0.0,0.0
2013-12-11,TLKM,2025.0,2100.0,2025.0,2100.0,1139.4239501953125,182320000,0.0,0.0
2013-12-12,TLKM,2050.0,2125.0,2050.0,2075.0,1125.859375,122269500,0.0,0.0
2013-12-13,TLKM,2100.0,2125.0,2050.0,2075.0,1125.859375,127414500,0.0,0.0
2013-12-16,TLKM,2075.0,2100.0,2050.0,2075.0,1125.859375,83270500,0.0,0.0
2013-12-17,TLKM,2100.0,2100.0,2025.0,2050.0,1112.2947998046875,166180500,0.0,0.0
2013-12-18,TLKM,2075.0,2100.0,2050.0,2075.0,1125.859375,110170000,0.0,0.0
2013-12-19,TLKM,2100.0,2150.0,2100.0,2125.0,1152.988525390625,115378000,0.0,0.0
2013-12-20,TLKM,2125.0,2150.0,2075.0,2100.0,1139.4239501953125,108210500,0.0,0.0
2013-12-23,TLKM,2125.0,2125.0,2025.0,2075.0,1125.859375,106619000,0.0,0.0
2013-12-24,TLKM,2100.0,2150.0,2075.0,2125.0,1152.988525390625,55390500,0.0,0.0
2013-12-27,TLKM,2125.0,2150.0,2075.0,2125.0,1152.988525390625,51949500,0.0,0.0
2013-12-30,TLKM,2150.0,2150.0,2125.0,2150.0,1166.5531005859375,52862000,0.0,0.0
2014-01-02,TLKM,2175.0,2200.0,2150.0,2175.0,1180.1175537109375,44446000,0.0,0.0
2014-01-03,TLKM,2125.0,2175.0,2100.0,2125.0,1152.988525390625,60001000,0.0,0.0
2014-01-06,TLKM,2175.0,2175.0,2065.0,2085.0,1131.28515625,81736300,0.0,0.0
2014-01-07,TLKM,2085.0,2085.0,2060.0,2070.0,1123.146484375,73637100,0.0,0.0
2014-01-08,TLKM,2085.0,2100.0,2065.0,2100.0,1139.4239501953125,84514500,0.0,0.0
2014-01-09,TLKM,2100.0,2115.0,2085.0,2085.0,1131.28515625,71932000,0.0,0.0
2014-01-10,TLKM,2085.0,2155.0,2075.0,2145.0,1163.8399658203125,95283500,0.0,0.0
2014-01-13,TLKM,2180.0,2240.0,2175.0,2220.0,1204.53369140625,159876500,0.0,0.0
2014-01-15,TLKM,2200.0,2240.0,2175.0,2205.0,1196.3951416015625,178597800,0.0,0.0
2014-01-16,TLKM,2235.0,2265.0,2210.0,2230.0,1209.959716796875,93772300,0.0,0.0
2014-01-17,TLKM,2215.0,2250.0,2215.0,2225.0,1207.246826171875,57115800,0.0,0.0
2014-01-20,TLKM,2205.0,2250.0,2205.0,2250.0,1220.8115234375,55963300,0.0,0.0
2014-01-21,TLKM,2240.0,2255.0,2225.0,2255.0,1223.5244140625,53197000,0.0,0.0
2014-01-22,TLKM,2225.0,2245.0,2180.0,2230.0,1209.959716796875,100488800,0.0,0.0
2014-01-23,TLKM,2230.0,2240.0,2205.0,2225.0,1207.246826171875,83549700,0.0,0.0
2014-01-24,TLKM,2210.0,2235.0,2190.0,2210.0,1199.10791015625,85992300,0.0,0.0
2014-01-27,TLKM,2150.0,2175.0,2100.0,2150.0,1166.5531005859375,79202500,0.0,0.0
2014-01-28,TLKM,2150.0,2165.0,2115.0,2150.0,1166.5531005859375,63022000,0.0,0.0
2014-01-29,TLKM,2165.0,2255.0,2165.0,2230.0,1209.959716796875,98500700,0.0,0.0
2014-01-30,TLKM,2195.0,2275.0,2185.0,2275.0,1234.3759765625,137604700,0.0,0.0
2014-02-03,TLKM,2250.0,2265.0,2220.0,2220.0,1204.53369140625,59464200,0.0,0.0
2014-02-04,TLKM,2195.0,2230.0,2170.0,2195.0,1190.96923828125,84787100,0.0,0.0
2014-02-05,TLKM,2245.0,2245.0,2225.0,2235.0,1212.6724853515625,51822100,0.0,0.0
2014-02-06,TLKM,2250.0,2310.0,2235.0,2305.0,1250.653076171875,156438800,0.0,0.0
2014-02-07,TLKM,2300.0,2310.0,2285.0,2295.0,1245.2275390625,89293100,0.0,0.0
2014-02-10,TLKM,2310.0,2320.0,2295.0,2295.0,1245.2275390625,81759000,0.0,0.0
2014-02-11,TLKM,2275.0,2290.0,2260.0,2275.0,1234.3759765625,103091300,0.0,0.0
2014-02-12,TLKM,2280.0,2295.0,2260.0,2290.0,1242.5147705078125,132252200,0.0,0.0
2014-02-13,TLKM,2290.0,2290.0,2265.0,2265.0,1228.9503173828125,97344200,0.0,0.0
2014-02-14,TLKM,2265.0,2275.0,2250.0,2250.0,1220.8115234375,56708400,0.0,0.0
2014-02-17,TLKM,2255.0,2280.0,2250.0,2275.0,1234.3759765625,119235400,0.0,0.0
2014-02-18,TLKM,2285.0,2315.0,2275.0,2305.0,1250.653076171875,90236800,0.0,0.0
2014-02-19,TLKM,2315.0,2340.0,2310.0,2330.0,1264.2178955078125,120156400,0.0,0.0
2014-02-20,TLKM,2325.0,2375.0,2320.0,2360.0,1280.49560546875,160660300,0.0,0.0
2014-02-21,TLKM,2380.0,2420.0,2375.0,2400.0,1302.1986083984375,122935900,0.0,0.0
2014-02-24,TLKM,2400.0,2420.0,2365.0,2375.0,1288.63427734375,116059400,0.0,0.0
2014-02-25,TLKM,2380.0,2380.0,2285.0,2290.0,1242.5147705078125,109895400,0.0,0.0
2014-02-26,TLKM,2275.0,2310.0,2270.0,2285.0,1239.8016357421875,133970000,0.0,0.0
2014-02-27,TLKM,2285.0,2290.0,2275.0,2285.0,1239.8016357421875,51654100,0.0,0.0
2014-02-28,TLKM,2285.0,2325.0,2285.0,2325.0,1261.5050048828125,77853600,0.0,0.0
2014-03-03,TLKM,2310.0,2310.0,2285.0,2300.0,1247.9404296875,55706500,0.0,0.0
2014-03-04,TLKM,2295.0,2310.0,2275.0,2300.0,1247.9404296875,67568600,0.0,0.0
2014-03-05,TLKM,2325.0,2340.0,2315.0,2320.0,1258.792236328125,81012700,0.0,0.0
2014-03-06,TLKM,2320.0,2340.0,2300.0,2310.0,1253.3662109375,67358000,0.0,0.0
2014-03-07,TLKM,2325.0,2325.0,2275.0,2295.0,1245.2275390625,179233400,0.0,0.0
2014-03-10,TLKM,2260.0,2260.0,2175.0,2185.0,1185.5435791015625,302480800,0.0,0.0
2014-03-11,TLKM,2185.0,2210.0,2165.0,2180.0,1182.83056640625,181133900,0.0,0.0
2014-03-12,TLKM,2160.0,2175.0,2130.0,2165.0,1174.6917724609375,142736000,0.0,0.0
2014-03-13,TLKM,2170.0,2210.0,2170.0,2190.0,1188.25634765625,174546300,0.0,0.0
2014-03-14,TLKM,2170.0,2280.0,2160.0,2280.0,1237.0889892578125,243934500,0.0,0.0
2014-03-17,TLKM,2285.0,2290.0,2230.0,2250.0,1220.8115234375,211329792,0.0,0.0
2014-03-18,TLKM,2250.0,2260.0,2210.0,2210.0,1199.10791015625,184497300,0.0,0.0
2014-03-19,TLKM,2210.0,2290.0,2210.0,2260.0,1226.2371826171875,184618800,0.0,0.0
2014-03-20,TLKM,2260.0,2270.0,2190.0,2190.0,1188.25634765625,139017100,0.0,0.0
2014-03-21,TLKM,2205.0,2220.0,2160.0,2160.0,1171.9791259765625,204697900,0.0,0.0
2014-03-24,TLKM,2175.0,2240.0,2175.0,2230.0,1209.959716796875,96374000,0.0,0.0
2014-03-25,TLKM,2200.0,2220.0,2190.0,2190.0,1188.25634765625,64711900,0.0,0.0
2014-03-26,TLKM,2205.0,2215.0,2170.0,2210.0,1199.10791015625,108826700,0.0,0.0
2014-03-27,TLKM,2205.0,2230.0,2175.0,2175.0,1180.1175537109375,117110500,0.0,0.0
2014-03-28,TLKM,2190.0,2225.0,2190.0,2215.0,1201.82080078125,66329600,0.0,0.0
2014-04-01,TLKM,2230.0,2255.0,2230.0,2255.0,1223.5244140625,155473900,0.0,0.0
2014-04-02,TLKM,2255.0,2265.0,2245.0,2250.0,1220.8115234375,71968500,0.0,0.0
2014-04-03,TLKM,2250.0,2260.0,2235.0,2260.0,1226.2371826171875,96763700,0.0,0.0
2014-04-04,TLKM,2260.0,2285.0,2240.0,2275.0,1234.3759765625,129922300,0.0,0.0
2014-04-07,TLKM,2290.0,2325.0,2290.0,2320.0,1258.792236328125,213134600,0.0,0.0
2014-04-08,TLKM,2325.0,2330.0,2300.0,2330.0,1264.2178955078125,152506400,0.0,0.0
2014-04-09,TLKM,2330.0,2330.0,2330.0,2330.0,1264.2178955078125,0,0.0,0.0
2014-04-10,TLKM,2300.0,2300.0,2150.0,2260.0,1226.2371826171875,324276200,0.0,0.0
2014-04-11,TLKM,2245.0,2315.0,2240.0,2315.0,1256.0791015625,140791700,0.0,0.0
2014-04-14,TLKM,2320.0,2345.0,2315.0,2340.0,1269.643798828125,139482300,0.0,0.0
2014-04-15,TLKM,2310.0,2335.0,2300.0,2300.0,1247.9404296875,144011700,0.0,0.0
2014-04-16,TLKM,2325.0,2325.0,2315.0,2320.0,1258.792236328125,56176400,0.0,0.0
2014-04-17,TLKM,2325.0,2330.0,2315.0,2325.0,1261.5050048828125,63686500,0.0,0.0
2014-04-21,TLKM,2330.0,2335.0,2315.0,2315.0,1256.0791015625,44750400,0.0,0.0
2014-04-22,TLKM,2320.0,2340.0,2305.0,2335.0,1266.9307861328125,76257900,0.0,0.0
2014-04-23,TLKM,2335.0,2345.0,2330.0,2340.0,1269.643798828125,90240700,0.0,0.0
2014-04-24,TLKM,2330.0,2365.0,2330.0,2355.0,1277.78271484375,75315300,0.0,0.0
2014-04-25,TLKM,2355.0,2380.0,2355.0,2365.0,1283.2083740234375,86101600,0.0,0.0
2014-04-28,TLKM,2350.0,2370.0,2330.0,2330.0,1264.2178955078125,94229600,0.0,0.0
2014-04-29,TLKM,2280.0,2280.0,2240.0,2270.0,1288.28173828125,71114000,102.401,0.0
2014-04-30,TLKM,2270.0,2305.0,2265.0,2265.0,1285.4442138671875,127117400,0.0,0.0
2014-05-02,TLKM,2285.0,2310.0,2275.0,2300.0,1305.307373046875,110285500,0.0,0.0
2014-05-05,TLKM,2305.0,2325.0,2300.0,2325.0,1319.4954833984375,52538000,0.0,0.0
2014-05-06,TLKM,2330.0,2335.0,2320.0,2330.0,1322.3330078125,27881900,0.0,0.0
2014-05-07,TLKM,2315.0,2355.0,2315.0,2350.0,1333.68359375,88877700,0.0,0.0
2014-05-08,TLKM,2350.0,2355.0,2325.0,2345.0,1330.84619140625,61622200,0.0,0.0
2014-05-09,TLKM,2345.0,2355.0,2340.0,2350.0,1333.68359375,66925900,0.0,0.0
2014-05-12,TLKM,2350.0,2350.0,2340.0,2350.0,1333.68359375,56050200,0.0,0.0
2014-05-13,TLKM,2365.0,2370.0,2340.0,2360.0,1339.359130859375,80149200,0.0,0.0
2014-05-14,TLKM,2370.0,2405.0,2360.0,2400.0,1362.0596923828125,96626000,0.0,0.0
2014-05-16,TLKM,2415.0,2545.0,2410.0,2535.0,1438.67578125,252322400,0.0,0.0
2014-05-19,TLKM,2580.0,2700.0,2490.0,2580.0,1464.214599609375,244436100,0.0,0.0
2014-05-20,TLKM,2430.0,2520.0,2410.0,2430.0,1379.0855712890625,262961500,0.0,0.0
2014-05-21,TLKM,2480.0,2490.0,2400.0,2480.0,1407.4617919921875,101823600,0.0,0.0
2014-05-22,TLKM,2535.0,2535.0,2500.0,2535.0,1438.67578125,124011800,0.0,0.0
2014-05-23,TLKM,2535.0,2550.0,2520.0,2535.0,1438.67578125,59352700,0.0,0.0
2014-05-26,TLKM,2565.0,2575.0,2550.0,2565.0,1455.70166015625,91079700,0.0,0.0
2014-05-28,TLKM,2550.0,2580.0,2545.0,2550.0,1447.188720703125,90559600,0.0,0.0
2014-05-30,TLKM,2575.0,2575.0,2420.0,2575.0,1461.3768310546875,373786200,0.0,0.0
2014-06-02,TLKM,2520.0,2540.0,2470.0,2520.0,1430.1629638671875,111564400,0.0,0.0
2014-06-03,TLKM,2550.0,2550.0,2485.0,2550.0,1447.188720703125,97705600,0.0,0.0
2014-06-04,TLKM,2520.0,2530.0,2490.0,2520.0,1430.1629638671875,80454500,0.0,0.0
2014-06-05,TLKM,2540.0,2540.0,2505.0,2520.0,1430.1629638671875,64882300,0.0,0.0
2014-06-06,TLKM,2530.0,2535.0,2500.0,2530.0,1435.838134765625,36933600,0.0,0.0
2014-06-09,TLKM,2470.0,2525.0,2470.0,2470.0,1401.7864990234375,59547400,0.0,0.0
2014-06-10,TLKM,2525.0,2540.0,2470.0,2525.0,1433.0003662109375,101770500,0.0,0.0
2014-06-11,TLKM,2480.0,2545.0,2480.0,2480.0,1407.4617919921875,110613700,0.0,0.0
2014-06-12,TLKM,2405.0,2495.0,2405.0,2405.0,1364.8974609375,328669200,0.0,0.0
2014-06-13,TLKM,2440.0,2455.0,2415.0,2440.0,1384.7608642578125,159444900,0.0,0.0
2014-06-16,TLKM,2410.0,2445.0,2410.0,2410.0,1367.7349853515625,95196000,0.0,0.0
2014-06-17,TLKM,2420.0,2420.0,2405.0,2420.0,1373.410400390625,68543600,0.0,0.0
2014-06-18,TLKM,2420.0,2425.0,2410.0,2420.0,1373.410400390625,60813100,0.0,0.0
2014-06-19,TLKM,2410.0,2440.0,2410.0,2410.0,1367.7349853515625,77751600,0.0,0.0
2014-06-20,TLKM,2410.0,2445.0,2410.0,2410.0,1367.7349853515625,71742300,0.0,0.0
2014-06-23,TLKM,2455.0,2480.0,2430.0,2455.0,1393.273681640625,193417000,0.0,0.0
2014-06-24,TLKM,2465.0,2465.0,2445.0,2465.0,1398.94921875,75033300,0.0,0.0
2014-06-25,TLKM,2450.0,2485.0,2445.0,2450.0,1390.4361572265625,98327500,0.0,0.0
2014-06-26,TLKM,2465.0,2475.0,2450.0,2465.0,1398.94921875,81592000,0.0,0.0
2014-06-27,TLKM,2425.0,2475.0,2415.0,2425.0,1376.2481689453125,77788000,0.0,0.0
2014-06-30,TLKM,2465.0,2465.0,2430.0,2465.0,1398.94921875,90405800,0.0,0.0
2014-07-01,TLKM,2480.0,2480.0,2465.0,2480.0,1407.4617919921875,46366400,0.0,0.0
2014-07-02,TLKM,2500.0,2500.0,2475.0,2500.0,1418.8125,44555300,0.0,0.0
2014-07-03,TLKM,2475.0,2515.0,2465.0,2475.0,1404.6241455078125,72541800,0.0,0.0
2014-07-04,TLKM,2525.0,2540.0,2475.0,2525.0,1433.0003662109375,96433200,0.0,0.0
2014-07-07,TLKM,2600.0,2600.0,2530.0,2600.0,1475.5648193359375,225720400,0.0,0.0
2014-07-08,TLKM,2615.0,2710.0,2615.0,2615.0,1484.077880859375,151662700,0.0,0.0
2014-07-09,TLKM,2615.0,2615.0,2615.0,2615.0,1484.077880859375,0,0.0,0.0
2014-07-10,TLKM,2590.0,2710.0,2545.0,2590.0,1469.889404296875,203913800,0.0,0.0
2014-07-11,TLKM,2575.0,2595.0,2530.0,2575.0,1461.3768310546875,95574900,0.0,0.0
2014-07-14,TLKM,2610.0,2645.0,2585.0,2610.0,1481.2398681640625,92353400,0.0,0.0
2014-07-15,TLKM,2655.0,2655.0,2625.0,2655.0,1506.778564453125,57478500,0.0,0.0
2014-07-16,TLKM,2650.0,2685.0,2620.0,2650.0,1503.9412841796875,63715000,0.0,0.0
2014-07-17,TLKM,2645.0,2680.0,2580.0,2645.0,1501.1036376953125,38558900,0.0,0.0
2014-07-18,TLKM,2680.0,2695.0,2600.0,2680.0,1520.966796875,54707100,0.0,0.0
2014-07-21,TLKM,2695.0,2710.0,2645.0,2695.0,1529.4796142578125,57838800,0.0,0.0
2014-07-22,TLKM,2650.0,2710.0,2545.0,2650.0,1503.9412841796875,139581700,0.0,0.0
2014-07-23,TLKM,2610.0,2675.0,2605.0,2610.0,1481.2398681640625,93196200,0.0,0.0
2014-07-24,TLKM,2640.0,2685.0,2605.0,2640.0,1498.26611328125,74463900,0.0,0.0
2014-07-25,TLKM,2650.0,2680.0,2630.0,2650.0,1503.9412841796875,79928300,0.0,0.0
2014-08-04,TLKM,2690.0,2700.0,2590.0,2690.0,1526.64208984375,212200700,0.0,0.0
2014-08-05,TLKM,2710.0,2725.0,2685.0,2710.0,1537.9925537109375,97982300,0.0,0.0
2014-08-06,TLKM,2655.0,2710.0,2650.0,2655.0,1506.778564453125,83111900,0.0,0.0
2014-08-07,TLKM,2690.0,2695.0,2655.0,2690.0,1526.64208984375,80249800,0.0,0.0
2014-08-08,TLKM,2700.0,2710.0,2685.0,2700.0,1532.3173828125,57236300,0.0,0.0
2014-08-11,TLKM,2750.0,2750.0,2710.0,2750.0,1560.693359375,90542400,0.0,0.0
2014-08-12,TLKM,2780.0,2795.0,2760.0,2780.0,1577.71923828125,60480700,0.0,0.0
2014-08-13,TLKM,2785.0,2800.0,2760.0,2785.0,1580.55712890625,65911700,0.0,0.0
2014-08-14,TLKM,2755.0,2795.0,2725.0,2755.0,1563.531005859375,72099000,0.0,0.0
2014-08-15,TLKM,2710.0,2755.0,2710.0,2710.0,1537.9925537109375,84090700,0.0,0.0
2014-08-18,TLKM,2725.0,2750.0,2710.0,2725.0,1546.505615234375,64649900,0.0,0.0
2014-08-19,TLKM,2700.0,2760.0,2690.0,2700.0,1532.3173828125,110696600,0.0,0.0
2014-08-20,TLKM,2725.0,2730.0,2690.0,2725.0,1546.505615234375,105459700,0.0,0.0
2014-08-21,TLKM,2715.0,2725.0,2700.0,2715.0,1540.8302001953125,60147200,0.0,0.0
2014-08-22,TLKM,2685.0,2730.0,2670.0,2685.0,1523.804443359375,159319500,0.0,0.0
2014-08-25,TLKM,2685.0,2695.0,2660.0,2685.0,1523.804443359375,54567200,0.0,0.0
2014-08-26,TLKM,2705.0,2725.0,2690.0,2705.0,1535.1551513671875,90485600,0.0,0.0
2014-08-27,TLKM,2735.0,2745.0,2725.0,2735.0,1552.1807861328125,103161100,0.0,0.0
2014-08-28,TLKM,2720.0,2760.0,2715.0,2720.0,1543.6680908203125,82771400,0.0,0.0
2014-08-29,TLKM,2665.0,2715.0,2665.0,2665.0,1512.453857421875,120072300,0.0,0.0
2014-09-01,TLKM,2710.0,2710.0,2675.0,2710.0,1537.9925537109375,76898600,0.0,0.0
2014-09-02,TLKM,2700.0,2710.0,2680.0,2700.0,1532.3173828125,63801700,0.0,0.0
2014-09-03,TLKM,2725.0,2730.0,2710.0,2725.0,1546.505615234375,88023500,0.0,0.0
2014-09-04,TLKM,2730.0,2740.0,2715.0,2730.0,1549.343017578125,86470200,0.0,0.0
2014-09-05,TLKM,2730.0,2730.0,2710.0,2730.0,1549.343017578125,74071500,0.0,0.0
2014-09-08,TLKM,2835.0,2855.0,2750.0,2835.0,1608.93310546875,145103200,0.0,0.0
2014-09-09,TLKM,2820.0,2835.0,2805.0,2820.0,1600.42041015625,87934500,0.0,0.0
2014-09-10,TLKM,2810.0,2820.0,2775.0,2810.0,1594.7451171875,57826600,0.0,0.0
2014-09-11,TLKM,2795.0,2830.0,2795.0,2795.0,1586.2322998046875,60489000,0.0,0.0
2014-09-12,TLKM,2790.0,2815.0,2790.0,2790.0,1583.3946533203125,69321000,0.0,0.0
2014-09-15,TLKM,2775.0,2785.0,2730.0,2775.0,1574.881591796875,69546200,0.0,0.0
2014-09-16,TLKM,2795.0,2800.0,2770.0,2795.0,1586.2322998046875,62553100,0.0,0.0
2014-09-17,TLKM,2850.0,2855.0,2800.0,2850.0,1617.4461669921875,95342800,0.0,0.0
2014-09-18,TLKM,2875.0,2890.0,2835.0,2875.0,1631.63427734375,75960400,0.0,0.0
2014-09-19,TLKM,2945.0,3010.0,2870.0,2945.0,1671.3612060546875,115537500,0.0,0.0
2014-09-22,TLKM,2870.0,2935.0,2860.0,2870.0,1628.7965087890625,103910900,0.0,0.0
2014-09-23,TLKM,2890.0,2910.0,2865.0,2890.0,1640.1468505859375,94035800,0.0,0.0
2014-09-24,TLKM,2870.0,2895.0,2870.0,2870.0,1628.7965087890625,55014300,0.0,0.0
2014-09-25,TLKM,2885.0,2895.0,2840.0,2885.0,1637.3094482421875,69377000,0.0,0.0
2014-09-26,TLKM,2880.0,2890.0,2825.0,2880.0,1634.471923828125,71164500,0.0,0.0
2014-09-29,TLKM,2910.0,2910.0,2850.0,2910.0,1651.4974365234375,52134000,0.0,0.0
2014-09-30,TLKM,2915.0,2960.0,2900.0,2915.0,1654.335205078125,94734300,0.0,0.0
2014-10-01,TLKM,2865.0,2930.0,2865.0,2865.0,1625.9588623046875,94794900,0.0,0.0
2014-10-02,TLKM,2760.0,2850.0,2740.0,2760.0,1566.3685302734375,153859200,0.0,0.0
2014-10-03,TLKM,2790.0,2810.0,2765.0,2790.0,1583.3946533203125,88591000,0.0,0.0
2014-10-06,TLKM,2845.0,2850.0,2805.0,2845.0,1614.6082763671875,50846100,0.0,0.0
2014-10-07,TLKM,2860.0,2900.0,2835.0,2860.0,1623.1217041015625,83200800,0.0,0.0
2014-10-08,TLKM,2800.0,2860.0,2800.0,2800.0,1589.06982421875,78467600,0.0,0.0
2014-10-09,TLKM,2800.0,2825.0,2790.0,2800.0,1589.06982421875,60567100,0.0,0.0
2014-10-10,TLKM,2775.0,2795.0,2750.0,2775.0,1574.881591796875,91031000,0.0,0.0
2014-10-13,TLKM,2775.0,2825.0,2755.0,2775.0,1574.881591796875,85519000,0.0,0.0
2014-10-14,TLKM,2775.0,2800.0,2755.0,2775.0,1574.881591796875,65617400,0.0,0.0
2014-10-15,TLKM,2855.0,2860.0,2795.0,2855.0,1620.28369140625,181364400,0.0,0.0
2014-10-16,TLKM,2805.0,2850.0,2805.0,2805.0,1591.9073486328125,124799700,0.0,0.0
2014-10-17,TLKM,2805.0,2830.0,2800.0,2805.0,1591.9073486328125,156781200,0.0,0.0
2014-10-20,TLKM,2845.0,2900.0,2820.0,2845.0,1614.6082763671875,168034000,0.0,0.0
2014-10-21,TLKM,2850.0,2890.0,2820.0,2850.0,1617.4461669921875,97679500,0.0,0.0
2014-10-22,TLKM,2860.0,2900.0,2860.0,2860.0,1623.1217041015625,91730800,0.0,0.0
2014-10-23,TLKM,2880.0,2890.0,2850.0,2880.0,1634.471923828125,47414900,0.0,0.0
2014-10-24,TLKM,2870.0,2880.0,2860.0,2870.0,1628.7965087890625,59625800,0.0,0.0
2014-10-27,TLKM,2805.0,2880.0,2805.0,2805.0,1591.9073486328125,74077900,0.0,0.0
2014-10-28,TLKM,2685.0,2765.0,2680.0,2685.0,1523.804443359375,254463000,0.0,0.0
2014-10-29,TLKM,2720.0,2730.0,2690.0,2720.0,1543.6680908203125,158998500,0.0,0.0
2014-10-30,TLKM,2760.0,2765.0,2730.0,2760.0,1566.3685302734375,111621300,0.0,0.0
2014-10-31,TLKM,2750.0,2790.0,2735.0,2750.0,1560.693359375,103439800,0.0,0.0
2014-11-03,TLKM,2760.0,2775.0,2720.0,2760.0,1566.3685302734375,84382000,0.0,0.0
2014-11-04,TLKM,2740.0,2760.0,2735.0,2740.0,1555.0184326171875,68740200,0.0,0.0
2014-11-05,TLKM,2740.0,2770.0,2735.0,2740.0,1555.0184326171875,66505800,0.0,0.0
2014-11-06,TLKM,2710.0,2750.0,2710.0,2710.0,1537.9925537109375,83250500,0.0,0.0
2014-11-07,TLKM,2615.0,2705.0,2590.0,2615.0,1484.077880859375,178677800,0.0,0.0
2014-11-10,TLKM,2630.0,2660.0,2620.0,2630.0,1492.590576171875,54606100,0.0,0.0
2014-11-11,TLKM,2715.0,2730.0,2630.0,2715.0,1540.8302001953125,102320000,0.0,0.0
2014-11-12,TLKM,2730.0,2760.0,2730.0,2730.0,1549.343017578125,70895600,0.0,0.0
2014-11-13,TLKM,2735.0,2740.0,2710.0,2735.0,1552.1807861328125,54327800,0.0,0.0
2014-11-14,TLKM,2740.0,2760.0,2725.0,2740.0,1555.0184326171875,53677200,0.0,0.0
2014-11-17,TLKM,2740.0,2760.0,2700.0,2750.0,1560.693359375,85231600,0.0,0.0
2014-11-18,TLKM,2755.0,2760.0,2745.0,2755.0,1563.531005859375,49793900,0.0,0.0
2014-11-19,TLKM,2775.0,2780.0,2755.0,2775.0,1574.881591796875,99747600,0.0,0.0
2014-11-20,TLKM,2720.0,2780.0,2720.0,2720.0,1543.6680908203125,136427900,0.0,0.0
2014-11-21,TLKM,2765.0,2770.0,2715.0,2765.0,1569.206787109375,44937600,0.0,0.0
2014-11-24,TLKM,2815.0,2815.0,2775.0,2815.0,1597.582763671875,94476900,0.0,0.0
2014-11-25,TLKM,2785.0,2805.0,2775.0,2785.0,1580.55712890625,86579400,0.0,0.0
2014-11-26,TLKM,2815.0,2825.0,2785.0,2815.0,1597.582763671875,67759400,0.0,0.0
2014-11-27,TLKM,2810.0,2825.0,2790.0,2810.0,1594.7451171875,33290800,0.0,0.0
2014-11-28,TLKM,2825.0,2830.0,2800.0,2825.0,1603.2581787109375,43622400,0.0,0.0
2014-12-01,TLKM,2835.0,2885.0,2825.0,2880.0,1634.471923828125,101929900,0.0,0.0
2014-12-02,TLKM,2885.0,2890.0,2850.0,2875.0,1631.63427734375,52989900,0.0,0.0
2014-12-03,TLKM,2890.0,2890.0,2850.0,2850.0,1617.4461669921875,41398100,0.0,0.0
2014-12-04,TLKM,2875.0,2875.0,2830.0,2845.0,1614.6082763671875,43817900,0.0,0.0
2014-12-05,TLKM,2865.0,2865.0,2840.0,2840.0,1611.77099609375,19174900,0.0,0.0
2014-12-08,TLKM,2875.0,2875.0,2795.0,2805.0,1591.9073486328125,48968000,0.0,0.0
2014-12-09,TLKM,2790.0,2815.0,2780.0,2795.0,1586.2322998046875,66592500,0.0,0.0
2014-12-10,TLKM,2785.0,2840.0,2785.0,2835.0,1608.93310546875,46563600,0.0,0.0
2014-12-11,TLKM,2805.0,2850.0,2805.0,2835.0,1608.93310546875,95382900,0.0,0.0
2014-12-12,TLKM,2835.0,2840.0,2815.0,2825.0,1603.2581787109375,83571700,0.0,0.0
2014-12-15,TLKM,2790.0,2815.0,2765.0,2785.0,1580.55712890625,87239500,0.0,0.0
2014-12-16,TLKM,2750.0,2765.0,2730.0,2745.0,1557.85595703125,98264700,0.0,0.0
2014-12-17,TLKM,2775.0,2775.0,2725.0,2725.0,1546.505615234375,83776100,0.0,0.0
2014-12-18,TLKM,2775.0,2805.0,2765.0,2800.0,1589.06982421875,59245400,0.0,0.0
2014-12-19,TLKM,2840.0,2855.0,2815.0,2815.0,1597.582763671875,83810000,0.0,0.0
2014-12-22,TLKM,2845.0,2850.0,2815.0,2825.0,1603.2581787109375,80557400,0.0,0.0
2014-12-23,TLKM,2805.0,2835.0,2805.0,2825.0,1603.2581787109375,74379400,0.0,0.0
2014-12-24,TLKM,2820.0,2850.0,2820.0,2845.0,1614.6082763671875,37565300,0.0,0.0
2014-12-29,TLKM,2840.0,2860.0,2840.0,2850.0,1617.4461669921875,26201100,0.0,0.0
2014-12-30,TLKM,2830.0,2870.0,2830.0,2865.0,1625.9588623046875,65397600,0.0,0.0
2015-01-02,TLKM,2885.0,2885.0,2850.0,2860.0,1623.1217041015625,18992100,0.0,0.0
2015-01-05,TLKM,2850.0,2850.0,2820.0,2835.0,1608.93310546875,49940700,0.0,0.0
2015-01-06,TLKM,2810.0,2835.0,2800.0,2815.0,1597.582763671875,47892100,0.0,0.0
2015-01-07,TLKM,2865.0,2870.0,2795.0,2810.0,1594.7451171875,70076600,0.0,0.0
2015-01-08,TLKM,2840.0,2845.0,2825.0,2835.0,1608.93310546875,56582500,0.0,0.0
2015-01-09,TLKM,2840.0,2865.0,2840.0,2860.0,1623.1217041015625,71331300,0.0,0.0
2015-01-12,TLKM,2840.0,2855.0,2835.0,2835.0,1608.93310546875,62085500,0.0,0.0
2015-01-13,TLKM,2830.0,2845.0,2825.0,2840.0,1611.77099609375,64069900,0.0,0.0
2015-01-14,TLKM,2845.0,2845.0,2825.0,2825.0,1603.2581787109375,39651700,0.0,0.0
2015-01-15,TLKM,2830.0,2840.0,2810.0,2830.0,1606.095458984375,42518800,0.0,0.0
2015-01-16,TLKM,2845.0,2845.0,2825.0,2845.0,1614.6082763671875,24697100,0.0,0.0
2015-01-19,TLKM,2850.0,2855.0,2845.0,2855.0,1620.28369140625,25072900,0.0,0.0
2015-01-20,TLKM,2860.0,2900.0,2845.0,2900.0,1645.8223876953125,64564800,0.0,0.0
2015-01-21,TLKM,2900.0,2920.0,2890.0,2915.0,1654.335205078125,71615600,0.0,0.0
2015-01-22,TLKM,2925.0,2930.0,2870.0,2880.0,1634.471923828125,59087800,0.0,0.0
2015-01-23,TLKM,2900.0,2905.0,2870.0,2890.0,1640.1468505859375,86233100,0.0,0.0
2015-01-26,TLKM,2895.0,2895.0,2795.0,2820.0,1600.42041015625,199320200,0.0,0.0
2015-01-27,TLKM,2820.0,2835.0,2780.0,2830.0,1606.095458984375,118430700,0.0,0.0
2015-01-28,TLKM,2840.0,2855.0,2825.0,2845.0,1614.6082763671875,104502400,0.0,0.0
2015-01-29,TLKM,2855.0,2865.0,2845.0,2860.0,1623.1217041015625,47048700,0.0,0.0
2015-01-30,TLKM,2875.0,2875.0,2830.0,2830.0,1606.095458984375,80087700,0.0,0.0
2015-02-02,TLKM,2830.0,2830.0,2800.0,2805.0,1591.9073486328125,125835700,0.0,0.0
2015-02-03,TLKM,2825.0,2825.0,2805.0,2825.0,1603.2581787109375,73596500,0.0,0.0
2015-02-04,TLKM,2850.0,2850.0,2830.0,2845.0,1614.6082763671875,110119200,0.0,0.0
2015-02-05,TLKM,2840.0,2845.0,2800.0,2815.0,1597.582763671875,127917300,0.0,0.0
2015-02-06,TLKM,2820.0,2845.0,2805.0,2830.0,1606.095458984375,89312200,0.0,0.0
2015-02-09,TLKM,2830.0,2875.0,2820.0,2860.0,1623.1217041015625,99107100,0.0,0.0
2015-02-10,TLKM,2875.0,2875.0,2835.0,2845.0,1614.6082763671875,70239800,0.0,0.0
2015-02-11,TLKM,2860.0,2870.0,2850.0,2860.0,1623.1217041015625,94908700,0.0,0.0
2015-02-12,TLKM,2865.0,2905.0,2860.0,2895.0,1642.9847412109375,132387000,0.0,0.0
2015-02-13,TLKM,2915.0,3020.0,2915.0,2980.0,1691.22412109375,183459600,0.0,0.0
2015-02-16,TLKM,2970.0,2995.0,2880.0,2890.0,1640.1468505859375,100706300,0.0,0.0
2015-02-17,TLKM,2870.0,2905.0,2870.0,2895.0,1642.9847412109375,42045700,0.0,0.0
2015-02-18,TLKM,2915.0,2925.0,2890.0,2895.0,1642.9847412109375,57476200,0.0,0.0
2015-02-20,TLKM,2920.0,2940.0,2890.0,2890.0,1640.1468505859375,68329800,0.0,0.0
2015-02-23,TLKM,2920.0,2925.0,2900.0,2910.0,1651.4974365234375,67998800,0.0,0.0
2015-02-24,TLKM,2900.0,2935.0,2890.0,2905.0,1648.6600341796875,65077400,0.0,0.0
2015-02-25,TLKM,2920.0,2970.0,2910.0,2970.0,1685.5489501953125,102010900,0.0,0.0
2015-02-26,TLKM,2955.0,2990.0,2945.0,2975.0,1688.38671875,86738700,0.0,0.0
2015-02-27,TLKM,2985.0,2990.0,2935.0,2935.0,1665.68603515625,88614600,0.0,0.0
2015-03-02,TLKM,2945.0,2960.0,2935.0,2950.0,1674.1986083984375,114431500,0.0,0.0
2015-03-03,TLKM,2960.0,2965.0,2930.0,2945.0,1671.3612060546875,78333100,0.0,0.0
2015-03-04,TLKM,2945.0,2945.0,2900.0,2910.0,1651.4974365234375,58543500,0.0,0.0
2015-03-05,TLKM,2910.0,2945.0,2900.0,2910.0,1651.4974365234375,73255400,0.0,0.0
2015-03-06,TLKM,2945.0,2985.0,2935.0,2985.0,1694.06201171875,129544600,0.0,0.0
2015-03-09,TLKM,2975.0,2975.0,2915.0,2945.0,1671.3612060546875,85028700,0.0,0.0
2015-03-10,TLKM,2925.0,2970.0,2915.0,2945.0,1671.3612060546875,85398800,0.0,0.0
2015-03-11,TLKM,2940.0,2975.0,2930.0,2940.0,1668.523193359375,89149900,0.0,0.0
2015-03-12,TLKM,2925.0,2945.0,2920.0,2925.0,1660.0108642578125,54873400,0.0,0.0
2015-03-13,TLKM,2960.0,2980.0,2935.0,2955.0,1677.0361328125,80727100,0.0,0.0
2015-03-16,TLKM,2945.0,2995.0,2945.0,2975.0,1688.38671875,66012100,0.0,0.0
2015-03-17,TLKM,2980.0,2995.0,2950.0,2955.0,1677.0361328125,98966500,0.0,0.0
2015-03-18,TLKM,2940.0,2965.0,2935.0,2950.0,1674.1986083984375,61172400,0.0,0.0
2015-03-19,TLKM,2965.0,2970.0,2940.0,2950.0,1674.1986083984375,120859000,0.0,0.0
2015-03-20,TLKM,2930.0,2945.0,2915.0,2920.0,1657.1729736328125,122734000,0.0,0.0
2015-03-23,TLKM,2940.0,2940.0,2920.0,2920.0,1657.1729736328125,46260000,0.0,0.0
2015-03-24,TLKM,2920.0,2940.0,2915.0,2920.0,1657.1729736328125,84436600,0.0,0.0
2015-03-25,TLKM,2920.0,2920.0,2870.0,2880.0,1634.471923828125,90305000,0.0,0.0
2015-03-26,TLKM,2850.0,2860.0,2805.0,2810.0,1594.7451171875,143902100,0.0,0.0
2015-03-27,TLKM,2785.0,2855.0,2770.0,2810.0,1594.7451171875,89433400,0.0,0.0
2015-03-30,TLKM,2840.0,2895.0,2835.0,2865.0,1625.9588623046875,94090000,0.0,0.0
2015-03-31,TLKM,2895.0,2920.0,2850.0,2890.0,1640.1468505859375,152587300,0.0,0.0
2015-04-01,TLKM,2885.0,2890.0,2810.0,2835.0,1608.93310546875,121823100,0.0,0.0
2015-04-02,TLKM,2815.0,2850.0,2815.0,2825.0,1603.2581787109375,58307700,0.0,0.0
2015-04-06,TLKM,2845.0,2850.0,2825.0,2835.0,1608.93310546875,37566400,0.0,0.0
2015-04-07,TLKM,2845.0,2870.0,2825.0,2855.0,1620.28369140625,42248600,0.0,0.0
2015-04-08,TLKM,2855.0,2870.0,2850.0,2860.0,1623.1217041015625,75592900,0.0,0.0
2015-04-09,TLKM,2860.0,2860.0,2825.0,2840.0,1611.77099609375,54399400,0.0,0.0
2015-04-10,TLKM,2840.0,2840.0,2815.0,2825.0,1603.2581787109375,96568900,0.0,0.0
2015-04-13,TLKM,2795.0,2825.0,2795.0,2795.0,1586.2322998046875,100020600,0.0,0.0
2015-04-14,TLKM,2805.0,2815.0,2785.0,2795.0,1586.2322998046875,95556600,0.0,0.0
2015-04-15,TLKM,2795.0,2810.0,2785.0,2805.0,1591.9073486328125,71986200,0.0,0.0
2015-04-16,TLKM,2820.0,2820.0,2800.0,2810.0,1594.7451171875,68907100,0.0,0.0
2015-04-17,TLKM,2805.0,2815.0,2800.0,2805.0,1591.9073486328125,92635400,0.0,0.0
2015-04-20,TLKM,2815.0,2835.0,2795.0,2835.0,1608.93310546875,99750500,0.0,0.0
2015-04-21,TLKM,2825.0,2835.0,2805.0,2835.0,1608.93310546875,64048600,0.0,0.0
2015-04-22,TLKM,2820.0,2840.0,2815.0,2830.0,1606.095458984375,71023000,0.0,0.0
2015-04-23,TLKM,2835.0,2870.0,2830.0,2855.0,1620.28369140625,132575300,0.0,0.0
2015-04-24,TLKM,2855.0,2910.0,2855.0,2905.0,1648.6600341796875,139047700,0.0,0.0
2015-04-27,TLKM,2860.0,2860.0,2805.0,2810.0,1645.416015625,104273400,89.46,0.0
2015-04-28,TLKM,2790.0,2795.0,2750.0,2790.0,1633.7047119140625,87476800,0.0,0.0
2015-04-29,TLKM,2780.0,2790.0,2595.0,2700.0,1581.0047607421875,162306400,0.0,0.0
2015-04-30,TLKM,2715.0,2730.0,2615.0,2615.0,1531.2325439453125,219284700,0.0,0.0
2015-05-04,TLKM,2620.0,2775.0,2620.0,2765.0,1619.0660400390625,108362400,0.0,0.0
2015-05-05,TLKM,2760.0,2785.0,2725.0,2750.0,1610.282470703125,111364100,0.0,0.0
2015-05-06,TLKM,2735.0,2770.0,2695.0,2770.0,1621.9937744140625,96327600,0.0,0.0
2015-05-07,TLKM,2745.0,2850.0,2745.0,2830.0,1657.127197265625,90057500,0.0,0.0
2015-05-08,TLKM,2840.0,2885.0,2830.0,2860.0,1674.69384765625,85973400,0.0,0.0
2015-05-11,TLKM,2880.0,2895.0,2845.0,2845.0,1665.91015625,71652100,0.0,0.0
2015-05-12,TLKM,2840.0,2865.0,2795.0,2800.0,1639.560302734375,78810300,0.0,0.0
2015-05-13,TLKM,2800.0,2850.0,2785.0,2835.0,1660.0550537109375,55295400,0.0,0.0
2015-05-15,TLKM,2810.0,2840.0,2785.0,2840.0,1662.982666015625,104423300,0.0,0.0
2015-05-18,TLKM,2800.0,2830.0,2795.0,2830.0,1657.127197265625,81337900,0.0,0.0
2015-05-19,TLKM,2825.0,2835.0,2800.0,2830.0,1657.127197265625,85492700,0.0,0.0
2015-05-20,TLKM,2835.0,2850.0,2830.0,2835.0,1660.0550537109375,71445300,0.0,0.0
2015-05-21,TLKM,2850.0,2880.0,2835.0,2850.0,1668.83837890625,85759800,0.0,0.0
2015-05-22,TLKM,2860.0,2880.0,2840.0,2870.0,1680.5494384765625,44371000,0.0,0.0
2015-05-25,TLKM,2840.0,2865.0,2830.0,2830.0,1657.127197265625,13907600,0.0,0.0
2015-05-26,TLKM,2830.0,2880.0,2830.0,2870.0,1680.5494384765625,47703000,0.0,0.0
2015-05-27,TLKM,2845.0,2865.0,2830.0,2830.0,1657.127197265625,46538800,0.0,0.0
2015-05-28,TLKM,2835.0,2870.0,2835.0,2855.0,1671.765869140625,59956100,0.0,0.0
2015-05-29,TLKM,2840.0,2870.0,2835.0,2845.0,1665.91015625,96994900,0.0,0.0
2015-06-01,TLKM,2870.0,2870.0,2845.0,2845.0,1665.91015625,27010300,0.0,0.0
2015-06-03,TLKM,2880.0,2890.0,2830.0,2875.0,1683.477294921875,81717400,0.0,0.0
2015-06-04,TLKM,2830.0,2865.0,2825.0,2825.0,1654.1993408203125,61656400,0.0,0.0
2015-06-05,TLKM,2810.0,2870.0,2810.0,2855.0,1671.765869140625,50196500,0.0,0.0
2015-06-08,TLKM,2840.0,2855.0,2825.0,2855.0,1671.765869140625,43379600,0.0,0.0
2015-06-09,TLKM,2850.0,2850.0,2815.0,2830.0,1657.127197265625,75284400,0.0,0.0
2015-06-10,TLKM,2870.0,2880.0,2855.0,2860.0,1674.69384765625,100286700,0.0,0.0
2015-06-11,TLKM,2870.0,2880.0,2865.0,2870.0,1680.5494384765625,41701100,0.0,0.0
2015-06-12,TLKM,2870.0,2875.0,2840.0,2850.0,1668.83837890625,26165000,0.0,0.0
2015-06-15,TLKM,2855.0,2855.0,2810.0,2810.0,1645.416015625,29292300,0.0,0.0
2015-06-16,TLKM,2805.0,2885.0,2800.0,2870.0,1680.5494384765625,81858300,0.0,0.0
2015-06-17,TLKM,2870.0,2890.0,2865.0,2875.0,1683.477294921875,74970300,0.0,0.0
2015-06-18,TLKM,2865.0,2885.0,2865.0,2880.0,1686.405029296875,44777300,0.0,0.0
2015-06-19,TLKM,2870.0,2890.0,2870.0,2890.0,1692.2606201171875,54274000,0.0,0.0
2015-06-22,TLKM,2875.0,2885.0,2830.0,2835.0,1660.0550537109375,51148100,0.0,0.0
2015-06-23,TLKM,2850.0,2885.0,2845.0,2850.0,1668.83837890625,61388100,0.0,0.0
2015-06-24,TLKM,2875.0,2880.0,2860.0,2880.0,1686.405029296875,62913100,0.0,0.0
2015-06-25,TLKM,2895.0,2950.0,2875.0,2905.0,1701.0438232421875,168574700,0.0,0.0
2015-06-26,TLKM,2940.0,2945.0,2920.0,2935.0,1718.610595703125,77630800,0.0,0.0
2015-06-29,TLKM,2925.0,2925.0,2865.0,2905.0,1701.0438232421875,38632500,0.0,0.0
2015-06-30,TLKM,2900.0,2955.0,2895.0,2930.0,1715.68310546875,132127400,0.0,0.0
2015-07-01,TLKM,2935.0,2950.0,2920.0,2920.0,1709.8272705078125,53547000,0.0,0.0
2015-07-02,TLKM,2930.0,2945.0,2925.0,2930.0,1715.68310546875,74803300,0.0,0.0
2015-07-03,TLKM,2910.0,2935.0,2910.0,2930.0,1715.68310546875,24948900,0.0,0.0
2015-07-06,TLKM,2925.0,2940.0,2895.0,2930.0,1715.68310546875,32652400,0.0,0.0
2015-07-07,TLKM,2930.0,2930.0,2870.0,2870.0,1680.5494384765625,44500500,0.0,0.0
2015-07-08,TLKM,2950.0,2950.0,2890.0,2900.0,1698.115966796875,100674400,0.0,0.0
2015-07-09,TLKM,2925.0,2925.0,2845.0,2875.0,1683.477294921875,45051300,0.0,0.0
2015-07-10,TLKM,2900.0,2900.0,2865.0,2875.0,1683.477294921875,56693900,0.0,0.0
2015-07-13,TLKM,2895.0,2895.0,2875.0,2890.0,1692.2606201171875,43617400,0.0,0.0
2015-07-14,TLKM,2900.0,2900.0,2880.0,2880.0,1686.405029296875,35288900,0.0,0.0
2015-07-15,TLKM,2870.0,2890.0,2800.0,2825.0,1654.1993408203125,84776900,0.0,0.0
2015-07-22,TLKM,2880.0,2920.0,2835.0,2865.0,1677.6217041015625,161757100,0.0,0.0
2015-07-23,TLKM,2855.0,2855.0,2830.0,2845.0,1665.91015625,43284000,0.0,0.0
2015-07-24,TLKM,2835.0,2865.0,2830.0,2855.0,1671.765869140625,50080200,0.0,0.0
2015-07-27,TLKM,2855.0,2855.0,2820.0,2825.0,1654.1993408203125,67065700,0.0,0.0
2015-07-28,TLKM,2840.0,2865.0,2825.0,2845.0,1665.91015625,56580900,0.0,0.0
2015-07-29,TLKM,2865.0,2870.0,2845.0,2855.0,1671.765869140625,43291300,0.0,0.0
2015-07-30,TLKM,2875.0,2895.0,2865.0,2870.0,1680.5494384765625,63805300,0.0,0.0
2015-07-31,TLKM,2880.0,2950.0,2870.0,2940.0,1721.538330078125,87348300,0.0,0.0
2015-08-03,TLKM,2940.0,2940.0,2880.0,2920.0,1709.8272705078125,86428100,0.0,0.0
2015-08-04,TLKM,2880.0,2925.0,2875.0,2875.0,1683.477294921875,53123700,0.0,0.0
2015-08-05,TLKM,2920.0,2940.0,2895.0,2940.0,1721.538330078125,75991400,0.0,0.0
2015-08-06,TLKM,2950.0,2960.0,2930.0,2930.0,1715.68310546875,69266700,0.0,0.0
2015-08-07,TLKM,2945.0,2965.0,2935.0,2955.0,1730.321533203125,67858700,0.0,0.0
2015-08-10,TLKM,2970.0,2970.0,2935.0,2965.0,1736.177001953125,53349200,0.0,0.0
2015-08-11,TLKM,2950.0,2965.0,2905.0,2940.0,1721.538330078125,61717200,0.0,0.0
2015-08-12,TLKM,2900.0,2900.0,2785.0,2800.0,1639.560302734375,89375300,0.0,0.0
2015-08-13,TLKM,2810.0,2860.0,2805.0,2825.0,1654.1993408203125,77677400,0.0,0.0
2015-08-14,TLKM,2825.0,2900.0,2825.0,2875.0,1683.477294921875,56381100,0.0,0.0
2015-08-18,TLKM,2870.0,2890.0,2850.0,2875.0,1683.477294921875,93592100,0.0,0.0
2015-08-19,TLKM,2860.0,2900.0,2860.0,2880.0,1686.405029296875,62106400,0.0,0.0
2015-08-20,TLKM,2875.0,2880.0,2835.0,2870.0,1680.5494384765625,57510300,0.0,0.0
2015-08-21,TLKM,2850.0,2850.0,2730.0,2730.0,1598.571533203125,98927300,0.0,0.0
2015-08-24,TLKM,2625.0,2750.0,2600.0,2660.0,1557.5821533203125,92467600,0.0,0.0
2015-08-25,TLKM,2650.0,2770.0,2650.0,2705.0,1583.932373046875,98001800,0.0,0.0
2015-08-26,TLKM,2690.0,2695.0,2590.0,2690.0,1575.149169921875,174946300,0.0,0.0
2015-08-27,TLKM,2700.0,2840.0,2700.0,2830.0,1657.127197265625,116570700,0.0,0.0
2015-08-28,TLKM,2835.0,2870.0,2820.0,2865.0,1677.6217041015625,121094900,0.0,0.0
2015-08-31,TLKM,2855.0,2885.0,2840.0,2870.0,1680.5494384765625,128880800,0.0,0.0
2015-09-01,TLKM,2865.0,2875.0,2830.0,2830.0,1657.127197265625,47176700,0.0,0.0
2015-09-02,TLKM,2790.0,2810.0,2765.0,2775.0,1624.92138671875,84858200,0.0,0.0
2015-09-03,TLKM,2805.0,2820.0,2785.0,2800.0,1639.560302734375,29988900,0.0,0.0
2015-09-04,TLKM,2800.0,2820.0,2800.0,2810.0,1645.416015625,38478400,0.0,0.0
2015-09-07,TLKM,2760.0,2765.0,2695.0,2700.0,1581.0047607421875,53535900,0.0,0.0
2015-09-08,TLKM,2680.0,2740.0,2680.0,2730.0,1598.571533203125,35420600,0.0,0.0
2015-09-09,TLKM,2750.0,2755.0,2730.0,2730.0,1598.571533203125,77359400,0.0,0.0
2015-09-10,TLKM,2720.0,2785.0,2705.0,2765.0,1619.0660400390625,64256500,0.0,0.0
2015-09-11,TLKM,2800.0,2800.0,2760.0,2760.0,1616.1378173828125,28864200,0.0,0.0
2015-09-14,TLKM,2800.0,2800.0,2765.0,2785.0,1630.777099609375,34577600,0.0,0.0
2015-09-15,TLKM,2755.0,2770.0,2710.0,2710.0,1586.8603515625,28528700,0.0,0.0
2015-09-16,TLKM,2720.0,2745.0,2700.0,2720.0,1592.7158203125,32023700,0.0,0.0
2015-09-17,TLKM,2700.0,2710.0,2655.0,2680.0,1569.2935791015625,110693400,0.0,0.0
2015-09-18,TLKM,2690.0,2720.0,2675.0,2690.0,1575.149169921875,119461900,0.0,0.0
2015-09-21,TLKM,2690.0,2735.0,2680.0,2730.0,1598.571533203125,39502900,0.0,0.0
2015-09-22,TLKM,2735.0,2745.0,2695.0,2700.0,1581.0047607421875,52305600,0.0,0.0
2015-09-23,TLKM,2665.0,2700.0,2655.0,2655.0,1554.6544189453125,36091900,0.0,0.0
2015-09-25,TLKM,2720.0,2775.0,2640.0,2655.0,1554.6544189453125,63639600,0.0,0.0
2015-09-28,TLKM,2620.0,2645.0,2600.0,2600.0,1522.448974609375,20695500,0.0,0.0
2015-09-29,TLKM,2550.0,2605.0,2485.0,2605.0,1525.376708984375,69456600,0.0,0.0
2015-09-30,TLKM,2580.0,2645.0,2565.0,2645.0,1548.799072265625,89608600,0.0,0.0
2015-10-01,TLKM,2640.0,2665.0,2610.0,2630.0,1540.0157470703125,53417800,0.0,0.0
2015-10-02,TLKM,2605.0,2635.0,2600.0,2620.0,1534.1600341796875,41421500,0.0,0.0
2015-10-05,TLKM,2620.0,2755.0,2615.0,2720.0,1592.7158203125,71562100,0.0,0.0
2015-10-06,TLKM,2770.0,2830.0,2735.0,2790.0,1633.7047119140625,119008800,0.0,0.0
2015-10-07,TLKM,2775.0,2790.0,2700.0,2740.0,1604.4271240234375,129685800,0.0,0.0
2015-10-08,TLKM,2735.0,2745.0,2710.0,2710.0,1586.8603515625,55225400,0.0,0.0
2015-10-09,TLKM,2730.0,2750.0,2695.0,2700.0,1581.0047607421875,75397000,0.0,0.0
2015-10-12,TLKM,2695.0,2720.0,2680.0,2695.0,1578.076904296875,79379100,0.0,0.0
2015-10-13,TLKM,2695.0,2700.0,2635.0,2640.0,1545.871337890625,93278200,0.0,0.0
2015-10-15,TLKM,2660.0,2730.0,2660.0,2685.0,1572.221435546875,87325900,0.0,0.0
2015-10-16,TLKM,2725.0,2725.0,2675.0,2680.0,1569.2935791015625,73264100,0.0,0.0
2015-10-19,TLKM,2700.0,2730.0,2685.0,2720.0,1592.7158203125,54806100,0.0,0.0
2015-10-20,TLKM,2680.0,2760.0,2680.0,2710.0,1586.8603515625,68821200,0.0,0.0
2015-10-21,TLKM,2745.0,2765.0,2715.0,2730.0,1598.571533203125,44455600,0.0,0.0
2015-10-22,TLKM,2720.0,2755.0,2710.0,2740.0,1604.4271240234375,37608800,0.0,0.0
2015-10-23,TLKM,2780.0,2785.0,2730.0,2760.0,1616.1378173828125,84717200,0.0,0.0
2015-10-26,TLKM,2790.0,2825.0,2770.0,2805.0,1642.4881591796875,74714100,0.0,0.0
2015-10-27,TLKM,2800.0,2800.0,2755.0,2795.0,1636.6328125,36482200,0.0,0.0
2015-10-28,TLKM,2765.0,2805.0,2765.0,2795.0,1636.6328125,46129600,0.0,0.0
2015-10-29,TLKM,2795.0,2795.0,2720.0,2730.0,1598.571533203125,100875400,0.0,0.0
2015-10-30,TLKM,2750.0,2760.0,2680.0,2680.0,1569.2935791015625,97802800,0.0,0.0
2015-11-02,TLKM,2700.0,2765.0,2700.0,2740.0,1604.4271240234375,47693000,0.0,0.0
2015-11-03,TLKM,2720.0,2750.0,2715.0,2740.0,1604.4271240234375,52631300,0.0,0.0
2015-11-04,TLKM,2740.0,2755.0,2725.0,2730.0,1598.571533203125,62262700,0.0,0.0
2015-11-05,TLKM,2740.0,2750.0,2705.0,2705.0,1583.932373046875,40649100,0.0,0.0
2015-11-06,TLKM,2735.0,2765.0,2730.0,2735.0,1601.4993896484375,42300300,0.0,0.0
2015-11-09,TLKM,2740.0,2740.0,2700.0,2730.0,1598.571533203125,28610100,0.0,0.0
2015-11-10,TLKM,2700.0,2725.0,2695.0,2695.0,1578.076904296875,71540600,0.0,0.0
2015-11-11,TLKM,2680.0,2700.0,2660.0,2665.0,1560.5103759765625,45329300,0.0,0.0
2015-11-12,TLKM,2700.0,2740.0,2675.0,2715.0,1589.7880859375,67582900,0.0,0.0
2015-11-13,TLKM,2705.0,2780.0,2700.0,2755.0,1613.2103271484375,85542600,0.0,0.0
2015-11-16,TLKM,2730.0,2740.0,2720.0,2720.0,1592.7158203125,39014100,0.0,0.0
2015-11-17,TLKM,2750.0,2850.0,2740.0,2815.0,1648.3436279296875,107165000,0.0,0.0
2015-11-18,TLKM,2840.0,2865.0,2825.0,2850.0,1668.83837890625,83841800,0.0,0.0
2015-11-19,TLKM,2865.0,2880.0,2805.0,2815.0,1648.3436279296875,74695200,0.0,0.0
2015-11-20,TLKM,2805.0,2920.0,2805.0,2915.0,1706.8992919921875,80693900,0.0,0.0
2015-11-23,TLKM,2935.0,2950.0,2800.0,2800.0,1639.560302734375,58469900,0.0,0.0
2015-11-24,TLKM,2880.0,2890.0,2850.0,2870.0,1680.5494384765625,52299500,0.0,0.0
2015-11-25,TLKM,2890.0,2925.0,2860.0,2900.0,1698.115966796875,72999200,0.0,0.0
2015-11-26,TLKM,2895.0,2955.0,2890.0,2950.0,1727.3939208984375,79959900,0.0,0.0
2015-11-27,TLKM,2960.0,2970.0,2945.0,2960.0,1733.24951171875,64313600,0.0,0.0
2015-11-30,TLKM,2900.0,2980.0,2900.0,2930.0,1715.68310546875,248674100,0.0,0.0
2015-12-01,TLKM,2955.0,2990.0,2925.0,2940.0,1721.538330078125,114946900,0.0,0.0
2015-12-02,TLKM,2935.0,2980.0,2935.0,2970.0,1739.1048583984375,79848900,0.0,0.0
2015-12-03,TLKM,2955.0,3095.0,2955.0,3035.0,1777.166015625,126393400,0.0,0.0
2015-12-04,TLKM,3005.0,3020.0,2990.0,3000.0,1756.6717529296875,94131500,0.0,0.0
2015-12-07,TLKM,3000.0,3060.0,3000.0,3030.0,1774.2384033203125,78108300,0.0,0.0
2015-12-08,TLKM,3015.0,3070.0,3000.0,3015.0,1765.4554443359375,129096000,0.0,0.0
2015-12-09,TLKM,3015.0,3015.0,3015.0,3015.0,1765.4554443359375,0,0.0,0.0
2015-12-10,TLKM,2950.0,3020.0,2950.0,3010.0,1762.5274658203125,144523200,0.0,0.0
2015-12-11,TLKM,3020.0,3025.0,2950.0,2950.0,1727.3939208984375,77701000,0.0,0.0
2015-12-14,TLKM,2900.0,2955.0,2900.0,2930.0,1715.68310546875,83862900,0.0,0.0
2015-12-15,TLKM,2930.0,2955.0,2910.0,2940.0,1721.538330078125,54346400,0.0,0.0
2015-12-16,TLKM,3085.0,3085.0,2960.0,3040.0,1780.0941162109375,96852000,0.0,0.0
2015-12-17,TLKM,3100.0,3125.0,3040.0,3125.0,1829.8665771484375,85716700,0.0,0.0
2015-12-18,TLKM,3080.0,3090.0,3050.0,3060.0,1791.8050537109375,89447600,0.0,0.0
2015-12-21,TLKM,3060.0,3115.0,3040.0,3110.0,1821.0830078125,80764000,0.0,0.0
2015-12-22,TLKM,3100.0,3135.0,3100.0,3135.0,1835.7220458984375,68929200,0.0,0.0
2015-12-23,TLKM,3075.0,3145.0,3020.0,3110.0,1821.0830078125,92014400,0.0,0.0
2015-12-28,TLKM,3090.0,3170.0,3090.0,3120.0,1826.9384765625,47634200,0.0,0.0
2015-12-29,TLKM,3100.0,3120.0,3075.0,3095.0,1812.299560546875,38486500,0.0,0.0
2015-12-30,TLKM,3100.0,3135.0,3100.0,3105.0,1818.1552734375,40956100,0.0,0.0
2016-01-04,TLKM,3080.0,3175.0,3080.0,3140.0,1838.649658203125,53937600,0.0,0.0
2016-01-05,TLKM,3125.0,3225.0,3125.0,3195.0,1870.85546875,111298000,0.0,0.0
2016-01-06,TLKM,3250.0,3385.0,3220.0,3250.0,1903.0611572265625,126669200,0.0,0.0
2016-01-07,TLKM,3200.0,3250.0,3155.0,3210.0,1879.6387939453125,106056300,0.0,0.0
2016-01-08,TLKM,3170.0,3190.0,3130.0,3145.0,1841.5777587890625,121217800,0.0,0.0
2016-01-11,TLKM,3090.0,3125.0,3060.0,3060.0,1791.8050537109375,89758100,0.0,0.0
2016-01-12,TLKM,3085.0,3205.0,3080.0,3145.0,1841.5777587890625,116904200,0.0,0.0
2016-01-13,TLKM,3195.0,3250.0,3170.0,3190.0,1867.927734375,74269100,0.0,0.0
2016-01-14,TLKM,3100.0,3215.0,3100.0,3135.0,1835.7220458984375,106684400,0.0,0.0
2016-01-15,TLKM,3135.0,3155.0,3085.0,3085.0,1806.444091796875,88290900,0.0,0.0
2016-01-18,TLKM,3060.0,3130.0,3045.0,3085.0,1806.444091796875,37695300,0.0,0.0
2016-01-19,TLKM,3075.0,3135.0,3075.0,3110.0,1821.0830078125,57336800,0.0,0.0
2016-01-20,TLKM,3095.0,3130.0,3090.0,3090.0,1809.3720703125,65971300,0.0,0.0
2016-01-21,TLKM,3110.0,3155.0,3090.0,3095.0,1812.299560546875,75613700,0.0,0.0
2016-01-22,TLKM,3155.0,3185.0,3115.0,3185.0,1865.0,83961900,0.0,0.0
2016-01-25,TLKM,3230.0,3250.0,3185.0,3205.0,1876.7113037109375,85792900,0.0,0.0
2016-01-26,TLKM,3205.0,3230.0,3190.0,3225.0,1888.421875,88825300,0.0,0.0
2016-01-27,TLKM,3235.0,3270.0,3215.0,3270.0,1914.7724609375,58542700,0.0,0.0
2016-01-28,TLKM,3270.0,3280.0,3210.0,3260.0,1908.9166259765625,76642400,0.0,0.0
2016-01-29,TLKM,3290.0,3340.0,3230.0,3340.0,1955.760986328125,123511400,0.0,0.0
2016-02-01,TLKM,3290.0,3375.0,3290.0,3330.0,1949.9058837890625,132389600,0.0,0.0
2016-02-02,TLKM,3280.0,3320.0,3235.0,3235.0,1894.27783203125,85894700,0.0,0.0
2016-02-03,TLKM,3200.0,3275.0,3180.0,3275.0,1917.69970703125,65149900,0.0,0.0
2016-02-04,TLKM,3310.0,3455.0,3305.0,3350.0,1961.61669921875,121904700,0.0,0.0
2016-02-05,TLKM,3370.0,3510.0,3370.0,3500.0,2049.4501953125,110951000,0.0,0.0
2016-02-09,TLKM,3430.0,3430.0,3360.0,3375.0,1976.2559814453125,71371200,0.0,0.0
2016-02-10,TLKM,3320.0,3390.0,3320.0,3385.0,1982.111328125,83792500,0.0,0.0
2016-02-11,TLKM,3385.0,3450.0,3365.0,3430.0,2008.4613037109375,109097100,0.0,0.0
2016-02-12,TLKM,3405.0,3410.0,3260.0,3285.0,1923.5555419921875,153723600,0.0,0.0
2016-02-15,TLKM,3310.0,3340.0,3280.0,3325.0,1946.9779052734375,104800500,0.0,0.0
2016-02-16,TLKM,3310.0,3340.0,3305.0,3335.0,1952.8333740234375,43892400,0.0,0.0
2016-02-17,TLKM,3320.0,3355.0,3310.0,3335.0,1952.8333740234375,81659100,0.0,0.0
2016-02-18,TLKM,3335.0,3355.0,3295.0,3315.0,1941.122314453125,94576000,0.0,0.0
2016-02-19,TLKM,3315.0,3315.0,3160.0,3195.0,1870.85546875,179256500,0.0,0.0
2016-02-22,TLKM,3185.0,3210.0,3140.0,3180.0,1862.072509765625,105477300,0.0,0.0
2016-02-23,TLKM,3190.0,3250.0,3170.0,3220.0,1885.4942626953125,67743800,0.0,0.0
2016-02-24,TLKM,3195.0,3240.0,3175.0,3230.0,1891.35009765625,69789500,0.0,0.0
2016-02-25,TLKM,3245.0,3310.0,3210.0,3300.0,1932.3389892578125,95590800,0.0,0.0
2016-02-26,TLKM,3340.0,3340.0,3290.0,3310.0,1938.194580078125,53507400,0.0,0.0
2016-02-29,TLKM,3340.0,3340.0,3245.0,3250.0,1903.0611572265625,102104500,0.0,0.0
2016-03-01,TLKM,3250.0,3295.0,3250.0,3295.0,1929.4112548828125,63318600,0.0,0.0
2016-03-02,TLKM,3340.0,3370.0,3325.0,3340.0,1955.760986328125,110289200,0.0,0.0
2016-03-03,TLKM,3375.0,3430.0,3355.0,3430.0,2008.4613037109375,107648600,0.0,0.0
2016-03-04,TLKM,3435.0,3435.0,3330.0,3415.0,1999.677978515625,87747700,0.0,0.0
2016-03-07,TLKM,3400.0,3420.0,3360.0,3395.0,1987.967041015625,63623500,0.0,0.0
2016-03-08,TLKM,3380.0,3415.0,3330.0,3390.0,1985.039306640625,109167700,0.0,0.0
2016-03-10,TLKM,3345.0,3350.0,3265.0,3315.0,1941.122314453125,163244500,0.0,0.0
2016-03-11,TLKM,3315.0,3315.0,3315.0,3315.0,1941.122314453125,0,0.0,0.0
2016-03-14,TLKM,3315.0,3315.0,3315.0,3315.0,1941.122314453125,0,0.0,0.0
2016-03-15,TLKM,3440.0,3450.0,3350.0,3380.0,1979.183837890625,95058500,0.0,0.0
2016-03-16,TLKM,3390.0,3440.0,3370.0,3440.0,2014.3170166015625,45874600,0.0,0.0
2016-03-17,TLKM,3460.0,3470.0,3440.0,3455.0,2023.1005859375,81984200,0.0,0.0
2016-03-18,TLKM,3455.0,3500.0,3430.0,3460.0,2026.028564453125,141609900,0.0,0.0
2016-03-21,TLKM,3460.0,3485.0,3450.0,3470.0,2031.8836669921875,55410700,0.0,0.0
2016-03-22,TLKM,3440.0,3460.0,3385.0,3420.0,2002.605712890625,123088800,0.0,0.0
2016-03-23,TLKM,3380.0,3380.0,3300.0,3305.0,1935.266845703125,201671300,0.0,0.0
2016-03-24,TLKM,3300.0,3360.0,3295.0,3325.0,1946.9779052734375,106657100,0.0,0.0
2016-03-28,TLKM,3325.0,3340.0,3280.0,3305.0,1935.266845703125,60692300,0.0,0.0
2016-03-29,TLKM,3310.0,3335.0,3280.0,3300.0,1932.3389892578125,117103200,0.0,0.0
2016-03-30,TLKM,3330.0,3380.0,3330.0,3345.0,1958.689208984375,140480200,0.0,0.0
2016-03-31,TLKM,3345.0,3355.0,3300.0,3325.0,1946.9779052734375,120747500,0.0,0.0
2016-04-01,TLKM,3330.0,3350.0,3305.0,3350.0,1961.61669921875,79809200,0.0,0.0
2016-04-04,TLKM,3350.0,3380.0,3345.0,3380.0,1979.183837890625,69422300,0.0,0.0
2016-04-05,TLKM,3365.0,3400.0,3360.0,3375.0,1976.2559814453125,69798700,0.0,0.0
2016-04-06,TLKM,3385.0,3410.0,3370.0,3405.0,1993.8223876953125,63554500,0.0,0.0
2016-04-07,TLKM,3420.0,3430.0,3400.0,3400.0,1990.8946533203125,77205400,0.0,0.0
2016-04-08,TLKM,3350.0,3445.0,3350.0,3445.0,2017.2447509765625,54809700,0.0,0.0
2016-04-11,TLKM,3445.0,3445.0,3445.0,3445.0,2017.2447509765625,0,0.0,0.0
2016-04-12,TLKM,3375.0,3400.0,3350.0,3400.0,1990.8946533203125,52196200,0.0,0.0
2016-04-13,TLKM,3400.0,3400.0,3400.0,3400.0,1990.8946533203125,0,0.0,0.0
2016-04-14,TLKM,3400.0,3400.0,3400.0,3400.0,1990.8946533203125,0,0.0,0.0
2016-04-15,TLKM,3400.0,3400.0,3400.0,3400.0,1990.8946533203125,0,0.0,0.0
2016-04-18,TLKM,3400.0,3400.0,3400.0,3400.0,1990.8946533203125,0,0.0,0.0
2016-04-19,TLKM,3400.0,3400.0,3400.0,3400.0,1990.8946533203125,0,0.0,0.0
2016-04-20,TLKM,3650.0,3635.0,3555.0,3585.0,2099.22265625,94939200,0.0,0.0
2016-04-21,TLKM,3675.0,3675.0,3595.0,3630.0,2125.572998046875,94208900,0.0,0.0
2016-04-22,TLKM,3630.0,3745.0,3610.0,3685.0,2157.778564453125,145345500,0.0,0.0
2016-04-25,TLKM,3750.0,3810.0,3720.0,3780.0,2213.406494140625,114861000,0.0,0.0
2016-04-26,TLKM,3755.0,3755.0,3635.0,3645.0,2134.356201171875,122013000,0.0,0.0
2016-04-27,TLKM,3650.0,3705.0,3635.0,3700.0,2166.56201171875,74476000,0.0,0.0
2016-04-28,TLKM,3685.0,3720.0,3575.0,3595.0,2105.07861328125,160377500,0.0,0.0
2016-04-29,TLKM,3585.0,3595.0,3530.0,3550.0,2078.728271484375,225310200,0.0,0.0
2016-05-02,TLKM,3410.0,3500.0,3410.0,3450.0,2075.501953125,175519300,94.637,0.0
2016-05-03,TLKM,3460.0,3520.0,3440.0,3440.0,2069.48583984375,156357700,0.0,0.0
2016-05-04,TLKM,3460.0,3500.0,3420.0,3490.0,2099.56591796875,153451200,0.0,0.0
2016-05-09,TLKM,3550.0,3690.0,3540.0,3610.0,2171.757080078125,157422300,0.0,0.0
2016-05-10,TLKM,3690.0,3720.0,3660.0,3700.0,2225.90087890625,101558100,0.0,0.0
2016-05-11,TLKM,3720.0,3750.0,3690.0,3720.0,2237.9326171875,84834700,0.0,0.0
2016-05-12,TLKM,3710.0,3780.0,3700.0,3760.0,2261.996337890625,142320700,0.0,0.0
2016-05-13,TLKM,3790.0,3790.0,3690.0,3690.0,2219.88427734375,85983800,0.0,0.0
2016-05-16,TLKM,3720.0,3800.0,3690.0,3720.0,2237.9326171875,122085600,0.0,0.0
2016-05-17,TLKM,3750.0,3770.0,3710.0,3720.0,2237.9326171875,64899500,0.0,0.0
2016-05-18,TLKM,3740.0,3750.0,3720.0,3740.0,2249.96435546875,83954800,0.0,0.0
2016-05-19,TLKM,3720.0,3730.0,3580.0,3630.0,2183.7890625,116976600,0.0,0.0
2016-05-20,TLKM,3650.0,3700.0,3620.0,3640.0,2189.804931640625,90193000,0.0,0.0
2016-05-23,TLKM,3680.0,3730.0,3660.0,3710.0,2231.916748046875,50914600,0.0,0.0
2016-05-24,TLKM,3690.0,3760.0,3690.0,3730.0,2243.9482421875,57819500,0.0,0.0
2016-05-25,TLKM,3750.0,3780.0,3730.0,3780.0,2274.028076171875,58455600,0.0,0.0
2016-05-26,TLKM,3800.0,3800.0,3720.0,3770.0,2268.0126953125,37338500,0.0,0.0
2016-05-27,TLKM,3750.0,3760.0,3720.0,3760.0,2261.996337890625,31023300,0.0,0.0
2016-05-30,TLKM,3760.0,3790.0,3700.0,3700.0,2225.90087890625,23090100,0.0,0.0
2016-05-31,TLKM,3700.0,3750.0,3670.0,3700.0,2225.90087890625,182229000,0.0,0.0
2016-06-01,TLKM,3730.0,3770.0,3710.0,3720.0,2237.9326171875,67998100,0.0,0.0
2016-06-02,TLKM,3730.0,3820.0,3720.0,3770.0,2268.0126953125,87912100,0.0,0.0
2016-06-03,TLKM,3820.0,3840.0,3750.0,3800.0,2286.060302734375,62133700,0.0,0.0
2016-06-06,TLKM,3820.0,3880.0,3810.0,3880.0,2334.187744140625,72380600,0.0,0.0
2016-06-07,TLKM,3880.0,3930.0,3850.0,3910.0,2352.23583984375,86501400,0.0,0.0
2016-06-08,TLKM,3890.0,3910.0,3710.0,3790.0,2280.0439453125,193251000,0.0,0.0
2016-06-09,TLKM,3810.0,3820.0,3760.0,3770.0,2268.0126953125,113035900,0.0,0.0
2016-06-10,TLKM,3790.0,3800.0,3750.0,3750.0,2255.980224609375,53233600,0.0,0.0
2016-06-13,TLKM,3720.0,3770.0,3720.0,3760.0,2261.996337890625,51886300,0.0,0.0
2016-06-14,TLKM,3750.0,3780.0,3720.0,3770.0,2268.0126953125,43865800,0.0,0.0
2016-06-15,TLKM,3790.0,3810.0,3750.0,3810.0,2292.075927734375,59658600,0.0,0.0
2016-06-16,TLKM,3840.0,3880.0,3830.0,3880.0,2334.187744140625,90883500,0.0,0.0
2016-06-17,TLKM,3890.0,3920.0,3860.0,3890.0,2340.20361328125,80835200,0.0,0.0
2016-06-20,TLKM,3870.0,3890.0,3830.0,3850.0,2316.14013671875,54544000,0.0,0.0
2016-06-21,TLKM,3880.0,3880.0,3840.0,3870.0,2328.17138671875,53484100,0.0,0.0
2016-06-22,TLKM,3880.0,3890.0,3850.0,3870.0,2328.17138671875,62121300,0.0,0.0
2016-06-23,TLKM,3860.0,3870.0,3830.0,3860.0,2322.156005859375,37990600,0.0,0.0
2016-06-24,TLKM,3880.0,3890.0,3740.0,3820.0,2298.091796875,87594500,0.0,0.0
2016-06-27,TLKM,3790.0,3870.0,3780.0,3840.0,2310.1240234375,61613600,0.0,0.0
2016-06-28,TLKM,3860.0,3900.0,3780.0,3820.0,2298.091796875,169594500,0.0,0.0
2016-06-29,TLKM,3860.0,3970.0,3850.0,3970.0,2388.3310546875,121327700,0.0,0.0
2016-06-30,TLKM,3950.0,4010.0,3950.0,3980.0,2394.34716796875,96453900,0.0,0.0
2016-07-01,TLKM,4010.0,4050.0,3950.0,3970.0,2388.3310546875,98381900,0.0,0.0
2016-07-11,TLKM,4080.0,4250.0,4030.0,4070.0,2448.490478515625,270804800,0.0,0.0
2016-07-12,TLKM,4120.0,4180.0,4020.0,4100.0,2466.538330078125,143787700,0.0,0.0
2016-07-13,TLKM,4260.0,4260.0,4110.0,4260.0,2562.793212890625,95845300,0.0,0.0
2016-07-14,TLKM,4150.0,4170.0,4080.0,4110.0,2472.5546875,131505700,0.0,0.0
2016-07-15,TLKM,4090.0,4200.0,4090.0,4200.0,2526.69775390625,109258400,0.0,0.0
2016-07-18,TLKM,4180.0,4190.0,4110.0,4140.0,2490.6025390625,53918600,0.0,0.0
2016-07-19,TLKM,4170.0,4170.0,4130.0,4160.0,2502.63427734375,73777600,0.0,0.0
2016-07-20,TLKM,4180.0,4190.0,4140.0,4190.0,2520.68212890625,47233600,0.0,0.0
2016-07-21,TLKM,4200.0,4200.0,4120.0,4120.0,2478.5703125,69990500,0.0,0.0
2016-07-22,TLKM,4150.0,4150.0,4090.0,4110.0,2472.5546875,49795000,0.0,0.0
2016-07-25,TLKM,4130.0,4180.0,4120.0,4180.0,2514.666259765625,53817300,0.0,0.0
2016-07-26,TLKM,4200.0,4280.0,4170.0,4250.0,2556.77783203125,85360000,0.0,0.0
2016-07-27,TLKM,4300.0,4350.0,4260.0,4340.0,2610.92138671875,108887200,0.0,0.0
2016-07-28,TLKM,4340.0,4380.0,4320.0,4340.0,2610.92138671875,90945600,0.0,0.0
2016-07-29,TLKM,4340.0,4500.0,4230.0,4230.0,2544.74560546875,123234300,0.0,0.0
2016-08-01,TLKM,4350.0,4570.0,4350.0,4550.0,2737.25634765625,138151900,0.0,0.0
2016-08-02,TLKM,4450.0,4480.0,4370.0,4370.0,2628.969482421875,97621900,0.0,0.0
2016-08-03,TLKM,4350.0,4380.0,4270.0,4270.0,2568.809814453125,108295900,0.0,0.0
2016-08-04,TLKM,4320.0,4350.0,4280.0,4320.0,2598.8896484375,77484900,0.0,0.0
2016-08-05,TLKM,4340.0,4360.0,4300.0,4350.0,2616.9375,58295600,0.0,0.0
2016-08-08,TLKM,4360.0,4400.0,4340.0,4400.0,2647.01708984375,64572500,0.0,0.0
2016-08-09,TLKM,4410.0,4430.0,4330.0,4370.0,2628.969482421875,65888400,0.0,0.0
2016-08-10,TLKM,4330.0,4370.0,4270.0,4320.0,2598.8896484375,71874800,0.0,0.0
2016-08-11,TLKM,4350.0,4350.0,4260.0,4280.0,2574.82568359375,91165100,0.0,0.0
2016-08-12,TLKM,4280.0,4310.0,4170.0,4230.0,2544.74560546875,123190100,0.0,0.0
2016-08-15,TLKM,4210.0,4230.0,4060.0,4090.0,2460.522705078125,126444800,0.0,0.0
2016-08-16,TLKM,4140.0,4190.0,4090.0,4140.0,2490.6025390625,125421200,0.0,0.0
2016-08-18,TLKM,4190.0,4260.0,4160.0,4250.0,2556.77783203125,199163900,0.0,0.0
2016-08-19,TLKM,4250.0,4270.0,4120.0,4140.0,2490.6025390625,117134200,0.0,0.0
2016-08-22,TLKM,4160.0,4170.0,4110.0,4160.0,2502.63427734375,90760300,0.0,0.0
2016-08-23,TLKM,4190.0,4220.0,4080.0,4220.0,2538.72998046875,135968200,0.0,0.0
2016-08-24,TLKM,4180.0,4250.0,4160.0,4220.0,2538.72998046875,77672300,0.0,0.0
2016-08-25,TLKM,4220.0,4240.0,4200.0,4220.0,2538.72998046875,85476500,0.0,0.0
2016-08-26,TLKM,4200.0,4230.0,4170.0,4210.0,2532.714111328125,55203100,0.0,0.0
2016-08-29,TLKM,4200.0,4200.0,4120.0,4140.0,2490.6025390625,86940700,0.0,0.0
2016-08-30,TLKM,4140.0,4190.0,4120.0,4170.0,2508.64990234375,89405700,0.0,0.0
2016-08-31,TLKM,4160.0,4240.0,4150.0,4210.0,2532.714111328125,119001300,0.0,0.0
2016-09-01,TLKM,4150.0,4210.0,4130.0,4160.0,2502.63427734375,73019400,0.0,0.0
2016-09-02,TLKM,4120.0,4210.0,4120.0,4200.0,2526.69775390625,67797200,0.0,0.0
2016-09-05,TLKM,4200.0,4240.0,4180.0,4200.0,2526.69775390625,49860400,0.0,0.0
2016-09-06,TLKM,4210.0,4240.0,4190.0,4240.0,2550.761962890625,48004000,0.0,0.0
2016-09-07,TLKM,4240.0,4240.0,4140.0,4210.0,2532.714111328125,80888800,0.0,0.0
2016-09-08,TLKM,4200.0,4210.0,4160.0,4160.0,2502.63427734375,64125200,0.0,0.0
2016-09-09,TLKM,4150.0,4160.0,4030.0,4050.0,2436.458740234375,120404300,0.0,0.0
2016-09-13,TLKM,4050.0,4090.0,3980.0,4050.0,2436.458740234375,123714900,0.0,0.0
2016-09-14,TLKM,4050.0,4050.0,3950.0,3970.0,2388.3310546875,107944800,0.0,0.0
2016-09-15,TLKM,4000.0,4160.0,4000.0,4140.0,2490.6025390625,113131600,0.0,0.0
2016-09-16,TLKM,4140.0,4220.0,4080.0,4090.0,2460.522705078125,138669100,0.0,0.0
2016-09-19,TLKM,4130.0,4240.0,4130.0,4200.0,2526.69775390625,74240200,0.0,0.0
2016-09-20,TLKM,4150.0,4220.0,4150.0,4160.0,2502.63427734375,88244400,0.0,0.0
2016-09-21,TLKM,4160.0,4220.0,4100.0,4200.0,2526.69775390625,97627500,0.0,0.0
2016-09-22,TLKM,4250.0,4270.0,4200.0,4230.0,2544.74560546875,159174700,0.0,0.0
2016-09-23,TLKM,4230.0,4250.0,4170.0,4230.0,2544.74560546875,84251000,0.0,0.0
2016-09-26,TLKM,4200.0,4250.0,4190.0,4240.0,2550.761962890625,78037000,0.0,0.0
2016-09-27,TLKM,4190.0,4280.0,4170.0,4280.0,2574.82568359375,106582800,0.0,0.0
2016-09-28,TLKM,4220.0,4270.0,4220.0,4250.0,2556.77783203125,66963300,0.0,0.0
2016-09-29,TLKM,4230.0,4340.0,4230.0,4290.0,2580.841796875,130275100,0.0,0.0
2016-09-30,TLKM,4290.0,4400.0,4270.0,4310.0,2592.873291015625,137113000,0.0,0.0
2016-10-03,TLKM,4360.0,4390.0,4310.0,4380.0,2634.98486328125,58639700,0.0,0.0
2016-10-04,TLKM,4380.0,4400.0,4360.0,4360.0,2622.953125,69761200,0.0,0.0
2016-10-05,TLKM,4330.0,4350.0,4280.0,4300.0,2586.857666015625,64563500,0.0,0.0
2016-10-06,TLKM,4280.0,4300.0,4200.0,4210.0,2532.714111328125,83690900,0.0,0.0
2016-10-07,TLKM,4220.0,4240.0,4170.0,4200.0,2526.69775390625,50796000,0.0,0.0
2016-10-10,TLKM,4180.0,4230.0,4150.0,4160.0,2502.63427734375,33361000,0.0,0.0
2016-10-11,TLKM,4170.0,4180.0,4120.0,4160.0,2502.63427734375,95073200,0.0,0.0
2016-10-12,TLKM,4130.0,4160.0,4120.0,4140.0,2490.6025390625,77235200,0.0,0.0
2016-10-13,TLKM,4150.0,4190.0,4140.0,4180.0,2514.666259765625,95797800,0.0,0.0
2016-10-14,TLKM,4200.0,4250.0,4180.0,4210.0,2532.714111328125,127750100,0.0,0.0
2016-10-17,TLKM,4200.0,4250.0,4200.0,4240.0,2550.761962890625,62848500,0.0,0.0
2016-10-18,TLKM,4250.0,4260.0,4220.0,4230.0,2544.74560546875,47811100,0.0,0.0
2016-10-19,TLKM,4230.0,4250.0,4200.0,4200.0,2526.69775390625,39787500,0.0,0.0
2016-10-20,TLKM,4210.0,4240.0,4180.0,4200.0,2526.69775390625,49146300,0.0,0.0
2016-10-21,TLKM,4200.0,4240.0,4190.0,4210.0,2532.714111328125,32147200,0.0,0.0
2016-10-24,TLKM,4200.0,4240.0,4190.0,4220.0,2538.72998046875,44928300,0.0,0.0
2016-10-25,TLKM,4200.0,4220.0,4190.0,4200.0,2526.69775390625,70646400,0.0,0.0
2016-10-26,TLKM,4180.0,4220.0,4180.0,4190.0,2520.68212890625,51043000,0.0,0.0
2016-10-27,TLKM,4220.0,4260.0,4210.0,4240.0,2550.761962890625,59171100,0.0,0.0
2016-10-28,TLKM,4220.0,4250.0,4220.0,4230.0,2544.74560546875,63978700,0.0,0.0
2016-10-31,TLKM,4230.0,4250.0,4210.0,4220.0,2538.72998046875,87255800,0.0,0.0
2016-11-01,TLKM,4230.0,4240.0,4200.0,4200.0,2526.69775390625,40526400,0.0,0.0
2016-11-02,TLKM,4200.0,4240.0,4190.0,4200.0,2526.69775390625,65592600,0.0,0.0
2016-11-03,TLKM,4200.0,4210.0,4120.0,4150.0,2496.618408203125,142513800,0.0,0.0
2016-11-04,TLKM,4120.0,4160.0,4100.0,4150.0,2496.618408203125,94570400,0.0,0.0
2016-11-07,TLKM,4150.0,4200.0,4130.0,4150.0,2496.618408203125,56762000,0.0,0.0
2016-11-08,TLKM,4170.0,4300.0,4170.0,4280.0,2574.82568359375,73529000,0.0,0.0
2016-11-09,TLKM,4250.0,4290.0,4110.0,4120.0,2478.5703125,142550300,0.0,0.0
2016-11-10,TLKM,4180.0,4220.0,4130.0,4190.0,2520.68212890625,197201200,0.0,0.0
2016-11-11,TLKM,4050.0,4050.0,3910.0,3960.0,2382.315185546875,244873100,0.0,0.0
2016-11-14,TLKM,3850.0,3880.0,3640.0,3790.0,2280.0439453125,331538800,0.0,0.0
2016-11-15,TLKM,3830.0,3950.0,3760.0,3840.0,2310.1240234375,214754300,0.0,0.0
2016-11-16,TLKM,3900.0,4030.0,3900.0,4000.0,2406.37890625,195298100,0.0,0.0
2016-11-17,TLKM,3950.0,4040.0,3950.0,4000.0,2406.37890625,84236700,0.0,0.0
2016-11-18,TLKM,4020.0,4030.0,3960.0,3970.0,2388.3310546875,98115300,0.0,0.0
2016-11-21,TLKM,3950.0,3970.0,3920.0,3930.0,2364.267578125,82463000,0.0,0.0
2016-11-22,TLKM,3920.0,3970.0,3910.0,3950.0,2376.299072265625,69602800,0.0,0.0
2016-11-23,TLKM,3930.0,3970.0,3920.0,3940.0,2370.283447265625,108352600,0.0,0.0
2016-11-24,TLKM,3900.0,3930.0,3760.0,3810.0,2292.075927734375,91265600,0.0,0.0
2016-11-25,TLKM,3770.0,3830.0,3770.0,3830.0,2304.108154296875,65999500,0.0,0.0
2016-11-28,TLKM,3850.0,3860.0,3820.0,3840.0,2310.1240234375,61860400,0.0,0.0
2016-11-29,TLKM,3830.0,3880.0,3830.0,3840.0,2310.1240234375,73215900,0.0,0.0
2016-11-30,TLKM,3820.0,3900.0,3770.0,3780.0,2274.028076171875,145322000,0.0,0.0
2016-12-01,TLKM,3820.0,3900.0,3810.0,3860.0,2322.156005859375,96825100,0.0,0.0
2016-12-02,TLKM,3820.0,3960.0,3810.0,3910.0,2352.23583984375,68873200,0.0,0.0
2016-12-05,TLKM,3900.0,4000.0,3890.0,3960.0,2382.315185546875,56831800,0.0,0.0
2016-12-06,TLKM,3930.0,3960.0,3900.0,3910.0,2352.23583984375,67135100,0.0,0.0
2016-12-07,TLKM,3890.0,3890.0,3820.0,3850.0,2316.14013671875,74498300,0.0,0.0
2016-12-08,TLKM,3880.0,3940.0,3860.0,3940.0,2370.283447265625,80253900,0.0,0.0
2016-12-09,TLKM,3930.0,3980.0,3910.0,3960.0,2382.315185546875,73229000,0.0,0.0
2016-12-13,TLKM,3920.0,3970.0,3900.0,3970.0,2388.3310546875,85397800,0.0,0.0
2016-12-14,TLKM,3910.0,3970.0,3910.0,3920.0,2358.251220703125,53216800,0.0,0.0
2016-12-15,TLKM,3840.0,3940.0,3830.0,3910.0,2363.921630859375,58982800,19.379,0.0
2016-12-16,TLKM,3910.0,3910.0,3820.0,3820.0,2309.50927734375,111038700,0.0,0.0
2016-12-19,TLKM,3850.0,3890.0,3800.0,3800.0,2297.41748046875,64957800,0.0,0.0
2016-12-20,TLKM,3750.0,3800.0,3710.0,3730.0,2255.096435546875,88601300,0.0,0.0
2016-12-21,TLKM,3800.0,3850.0,3760.0,3780.0,2285.325927734375,65390700,0.0,0.0
2016-12-22,TLKM,3720.0,3780.0,3720.0,3750.0,2267.1884765625,53482700,0.0,0.0
2016-12-23,TLKM,3790.0,3790.0,3670.0,3690.0,2230.91357421875,46232300,0.0,0.0
2016-12-27,TLKM,3690.0,3760.0,3670.0,3730.0,2255.096435546875,48998200,0.0,0.0
2016-12-28,TLKM,3770.0,3840.0,3770.0,3830.0,2315.555419921875,39654200,0.0,0.0
2016-12-29,TLKM,3830.0,3960.0,3810.0,3940.0,2382.059814453125,126802300,0.0,0.0
2016-12-30,TLKM,3940.0,4020.0,3940.0,3980.0,2406.24267578125,128649100,0.0,0.0
2017-01-02,TLKM,3980.0,3980.0,3980.0,3980.0,2406.24267578125,0,0.0,0.0
2017-01-03,TLKM,3950.0,3990.0,3920.0,3950.0,2388.105224609375,71660600,0.0,0.0
2017-01-04,TLKM,3880.0,3980.0,3880.0,3950.0,2388.105224609375,68494500,0.0,0.0
2017-01-05,TLKM,3960.0,4030.0,3940.0,3950.0,2388.105224609375,74018400,0.0,0.0
2017-01-06,TLKM,3970.0,4010.0,3960.0,4000.0,2418.33447265625,44136900,0.0,0.0
2017-01-09,TLKM,4000.0,4030.0,3990.0,4020.0,2430.42578125,85713200,0.0,0.0
2017-01-10,TLKM,4030.0,4030.0,3960.0,4000.0,2418.33447265625,44608000,0.0,0.0
2017-01-11,TLKM,3960.0,4000.0,3950.0,3960.0,2394.15087890625,47226300,0.0,0.0
2017-01-12,TLKM,3920.0,3970.0,3920.0,3960.0,2394.15087890625,45738500,0.0,0.0
2017-01-13,TLKM,3930.0,3970.0,3930.0,3950.0,2388.105224609375,64704600,0.0,0.0
2017-01-16,TLKM,3970.0,4000.0,3950.0,3950.0,2388.105224609375,42188800,0.0,0.0
2017-01-17,TLKM,3980.0,4000.0,3960.0,3970.0,2400.19677734375,45793400,0.0,0.0
2017-01-18,TLKM,3960.0,4010.0,3950.0,3960.0,2394.15087890625,56558200,0.0,0.0
2017-01-19,TLKM,3940.0,3980.0,3920.0,3970.0,2400.19677734375,53435400,0.0,0.0
2017-01-20,TLKM,3920.0,3940.0,3820.0,3830.0,2315.555419921875,101523500,0.0,0.0
2017-01-23,TLKM,3800.0,3880.0,3780.0,3840.0,2321.60107421875,77653500,0.0,0.0
2017-01-24,TLKM,3850.0,3950.0,3850.0,3910.0,2363.921630859375,113430200,0.0,0.0
2017-01-25,TLKM,3940.0,3940.0,3890.0,3900.0,2357.8759765625,47799100,0.0,0.0
2017-01-26,TLKM,3900.0,3960.0,3860.0,3940.0,2382.059814453125,60944600,0.0,0.0
2017-01-27,TLKM,3900.0,3920.0,3880.0,3890.0,2351.830322265625,47240400,0.0,0.0
2017-01-30,TLKM,3860.0,3910.0,3860.0,3860.0,2333.69287109375,30060700,0.0,0.0
2017-01-31,TLKM,3870.0,3920.0,3860.0,3870.0,2339.738525390625,57849200,0.0,0.0
2017-02-01,TLKM,3910.0,3980.0,3900.0,3940.0,2382.059814453125,77648400,0.0,0.0
2017-02-02,TLKM,3940.0,3980.0,3900.0,3950.0,2388.105224609375,73895600,0.0,0.0
2017-02-03,TLKM,3900.0,3970.0,3900.0,3950.0,2388.105224609375,59225000,0.0,0.0
2017-02-06,TLKM,3940.0,3960.0,3910.0,3960.0,2394.15087890625,52999700,0.0,0.0
2017-02-07,TLKM,3930.0,3960.0,3920.0,3920.0,2369.9677734375,66017500,0.0,0.0
2017-02-08,TLKM,3900.0,3920.0,3860.0,3870.0,2339.738525390625,115706000,0.0,0.0
2017-02-09,TLKM,3870.0,3910.0,3860.0,3870.0,2339.738525390625,78090700,0.0,0.0
2017-02-10,TLKM,3870.0,3910.0,3860.0,3890.0,2351.830322265625,91636700,0.0,0.0
2017-02-13,TLKM,3920.0,3920.0,3900.0,3920.0,2369.9677734375,54547600,0.0,0.0
2017-02-14,TLKM,3900.0,3900.0,3840.0,3860.0,2333.69287109375,146309400,0.0,0.0
2017-02-15,TLKM,3860.0,3860.0,3860.0,3860.0,2333.69287109375,0,0.0,0.0
2017-02-16,TLKM,3880.0,3890.0,3840.0,3870.0,2339.738525390625,127779400,0.0,0.0
2017-02-17,TLKM,3890.0,3890.0,3850.0,3870.0,2339.738525390625,80814700,0.0,0.0
2017-02-20,TLKM,3860.0,3880.0,3850.0,3870.0,2339.738525390625,26820400,0.0,0.0
2017-02-21,TLKM,3880.0,3890.0,3860.0,3880.0,2345.7841796875,49368500,0.0,0.0
2017-02-22,TLKM,3880.0,3890.0,3850.0,3880.0,2345.7841796875,74260200,0.0,0.0
2017-02-23,TLKM,3860.0,3870.0,3830.0,3840.0,2321.60107421875,122760100,0.0,0.0
2017-02-24,TLKM,3830.0,3870.0,3830.0,3840.0,2321.60107421875,71119600,0.0,0.0
2017-02-27,TLKM,3850.0,3890.0,3850.0,3870.0,2339.738525390625,54712100,0.0,0.0
2017-02-28,TLKM,3860.0,3900.0,3850.0,3850.0,2327.647216796875,65928100,0.0,0.0
2017-03-01,TLKM,3870.0,3890.0,3840.0,3850.0,2327.647216796875,79662500,0.0,0.0
2017-03-02,TLKM,3870.0,3870.0,3830.0,3830.0,2315.555419921875,59748700,0.0,0.0
2017-03-03,TLKM,3820.0,3870.0,3810.0,3850.0,2327.647216796875,92350100,0.0,0.0
2017-03-06,TLKM,3860.0,3920.0,3850.0,3920.0,2369.9677734375,99064100,0.0,0.0
2017-03-07,TLKM,3920.0,3950.0,3890.0,3950.0,2388.105224609375,61945400,0.0,0.0
2017-03-08,TLKM,3920.0,3930.0,3880.0,3880.0,2345.7841796875,31336300,0.0,0.0
2017-03-09,TLKM,3960.0,3960.0,3880.0,3960.0,2394.15087890625,83224900,0.0,0.0
2017-03-10,TLKM,3970.0,3990.0,3910.0,3950.0,2388.105224609375,70318300,0.0,0.0
2017-03-13,TLKM,3940.0,3970.0,3920.0,3950.0,2388.105224609375,54433000,0.0,0.0
2017-03-14,TLKM,3950.0,4070.0,3950.0,4050.0,2448.5634765625,122779100,0.0,0.0
2017-03-15,TLKM,4030.0,4080.0,4010.0,4040.0,2442.517578125,80434200,0.0,0.0
2017-03-16,TLKM,4060.0,4150.0,4060.0,4140.0,2502.976318359375,123306900,0.0,0.0
2017-03-17,TLKM,4140.0,4140.0,4030.0,4110.0,2484.838623046875,123085600,0.0,0.0
2017-03-20,TLKM,4100.0,4110.0,4050.0,4100.0,2478.792724609375,87628300,0.0,0.0
2017-03-21,TLKM,4060.0,4120.0,4060.0,4090.0,2472.746826171875,75349600,0.0,0.0
2017-03-22,TLKM,4060.0,4080.0,4010.0,4070.0,2460.655029296875,110927600,0.0,0.0
2017-03-23,TLKM,4070.0,4100.0,4050.0,4090.0,2472.746826171875,72319900,0.0,0.0
2017-03-24,TLKM,4080.0,4110.0,4050.0,4080.0,2466.701416015625,71877500,0.0,0.0
2017-03-27,TLKM,4080.0,4090.0,4070.0,4080.0,2466.701416015625,56070700,0.0,0.0
2017-03-29,TLKM,4080.0,4150.0,4080.0,4150.0,2509.021728515625,84076600,0.0,0.0
2017-03-30,TLKM,4140.0,4170.0,4110.0,4140.0,2502.976318359375,61410200,0.0,0.0
2017-03-31,TLKM,4180.0,4190.0,4130.0,4130.0,2496.929931640625,88859000,0.0,0.0
2017-04-03,TLKM,4130.0,4200.0,4130.0,4170.0,2521.11376953125,66564400,0.0,0.0
2017-04-04,TLKM,4170.0,4290.0,4170.0,4250.0,2569.480224609375,108165500,0.0,0.0
2017-04-05,TLKM,4250.0,4250.0,4250.0,4250.0,2569.480224609375,0,0.0,0.0
2017-04-06,TLKM,4180.0,4200.0,4130.0,4170.0,2521.11376953125,79905800,0.0,0.0
2017-04-07,TLKM,4130.0,4140.0,4110.0,4130.0,2496.929931640625,72954300,0.0,0.0
2017-04-10,TLKM,4110.0,4140.0,4090.0,4100.0,2478.792724609375,53211800,0.0,0.0
2017-04-11,TLKM,4110.0,4180.0,4110.0,4150.0,2509.021728515625,54580200,0.0,0.0
2017-04-12,TLKM,4170.0,4170.0,4110.0,4150.0,2509.021728515625,33441400,0.0,0.0
2017-04-13,TLKM,4150.0,4170.0,4090.0,4090.0,2472.746826171875,47225000,0.0,0.0
2017-04-17,TLKM,4090.0,4090.0,4010.0,4010.0,2424.380126953125,51373500,0.0,0.0
2017-04-18,TLKM,4060.0,4120.0,4050.0,4070.0,2460.655029296875,68193500,0.0,0.0
2017-04-19,TLKM,4070.0,4070.0,4070.0,4070.0,2460.655029296875,0,0.0,0.0
2017-04-20,TLKM,4030.0,4150.0,4030.0,4110.0,2484.838623046875,110208600,0.0,0.0
2017-04-21,TLKM,4180.0,4420.0,4170.0,4420.0,2672.25927734375,237062100,0.0,0.0
2017-04-25,TLKM,4500.0,4520.0,4330.0,4420.0,2672.25927734375,213322700,0.0,0.0
2017-04-26,TLKM,4380.0,4410.0,4360.0,4400.0,2660.16748046875,103930700,0.0,0.0
2017-04-27,TLKM,4380.0,4400.0,4360.0,4370.0,2642.03076171875,78695300,0.0,0.0
2017-04-28,TLKM,4400.0,4410.0,4370.0,4370.0,2642.03076171875,124845700,0.0,0.0
2017-05-02,TLKM,4410.0,4450.0,4380.0,4410.0,2666.213623046875,140198900,0.0,0.0
2017-05-03,TLKM,4400.0,4400.0,4330.0,4340.0,2695.634033203125,92896600,117.3675,0.0
2017-05-04,TLKM,4360.0,4390.0,4340.0,4370.0,2714.267578125,100510700,0.0,0.0
2017-05-05,TLKM,4350.0,4360.0,4330.0,4340.0,2695.634033203125,43566800,0.0,0.0
2017-05-08,TLKM,4370.0,4380.0,4310.0,4340.0,2695.634033203125,85508700,0.0,0.0
2017-05-09,TLKM,4390.0,4450.0,4330.0,4340.0,2695.634033203125,90061700,0.0,0.0
2017-05-10,TLKM,4340.0,4410.0,4330.0,4370.0,2714.267578125,85484500,0.0,0.0
2017-05-12,TLKM,4410.0,4440.0,4380.0,4400.0,2732.90087890625,84813500,0.0,0.0
2017-05-15,TLKM,4420.0,4420.0,4320.0,4360.0,2708.056640625,88965200,0.0,0.0
2017-05-16,TLKM,4390.0,4390.0,4340.0,4340.0,2695.634033203125,79436500,0.0,0.0
2017-05-17,TLKM,4380.0,4380.0,4300.0,4340.0,2695.634033203125,65470700,0.0,0.0
2017-05-18,TLKM,4300.0,4340.0,4270.0,4310.0,2677.0009765625,78913600,0.0,0.0
2017-05-19,TLKM,4300.0,4650.0,4300.0,4530.0,2813.646240234375,140860000,0.0,0.0
2017-05-22,TLKM,4590.0,4670.0,4440.0,4470.0,2776.37890625,92800400,0.0,0.0
2017-05-23,TLKM,4500.0,4520.0,4370.0,4400.0,2732.90087890625,70551200,0.0,0.0
2017-05-24,TLKM,4360.0,4410.0,4330.0,4360.0,2708.056640625,76441800,0.0,0.0
2017-05-26,TLKM,4430.0,4490.0,4430.0,4470.0,2776.37890625,123903300,0.0,0.0
2017-05-29,TLKM,4470.0,4470.0,4360.0,4390.0,2726.690185546875,69694400,0.0,0.0
2017-05-30,TLKM,4350.0,4380.0,4330.0,4330.0,2689.42333984375,57720500,0.0,0.0
2017-05-31,TLKM,4350.0,4370.0,4300.0,4350.0,2701.845458984375,184808900,0.0,0.0
2017-06-01,TLKM,4350.0,4350.0,4350.0,4350.0,2701.845458984375,0,0.0,0.0
2017-06-02,TLKM,4400.0,4450.0,4340.0,4380.0,2720.478759765625,168414800,0.0,0.0
2017-06-05,TLKM,4340.0,4380.0,4300.0,4340.0,2695.634033203125,88200300,0.0,0.0
2017-06-06,TLKM,4350.0,4350.0,4300.0,4310.0,2677.0009765625,99538800,0.0,0.0
2017-06-07,TLKM,4350.0,4350.0,4290.0,4320.0,2683.2119140625,99176400,0.0,0.0
2017-06-08,TLKM,4320.0,4320.0,4300.0,4300.0,2670.789794921875,88979800,0.0,0.0
2017-06-09,TLKM,4370.0,4380.0,4320.0,4330.0,2689.42333984375,137960200,0.0,0.0
2017-06-12,TLKM,4320.0,4340.0,4310.0,4330.0,2689.42333984375,52481100,0.0,0.0
2017-06-13,TLKM,4340.0,4360.0,4330.0,4360.0,2708.056640625,61967400,0.0,0.0
2017-06-14,TLKM,4380.0,4380.0,4330.0,4360.0,2708.056640625,72198600,0.0,0.0
2017-06-15,TLKM,4350.0,4370.0,4330.0,4360.0,2708.056640625,50887900,0.0,0.0
2017-06-16,TLKM,4330.0,4440.0,4330.0,4370.0,2714.267578125,267351200,0.0,0.0
2017-06-19,TLKM,4400.0,4420.0,4390.0,4400.0,2732.90087890625,48458800,0.0,0.0
2017-06-20,TLKM,4420.0,4510.0,4400.0,4490.0,2788.801025390625,93396600,0.0,0.0
2017-06-21,TLKM,4480.0,4530.0,4460.0,4520.0,2807.43505859375,116596300,0.0,0.0
2017-06-22,TLKM,4540.0,4540.0,4500.0,4520.0,2807.43505859375,76420700,0.0,0.0
2017-06-23,TLKM,4520.0,4520.0,4520.0,4520.0,2807.43505859375,0,0.0,0.0
2017-06-26,TLKM,4520.0,4520.0,4520.0,4520.0,2807.43505859375,0,0.0,0.0
2017-06-27,TLKM,4520.0,4520.0,4520.0,4520.0,2807.43505859375,0,0.0,0.0
2017-06-28,TLKM,4520.0,4520.0,4520.0,4520.0,2807.43505859375,0,0.0,0.0
2017-06-29,TLKM,4520.0,4520.0,4520.0,4520.0,2807.43505859375,0,0.0,0.0
2017-06-30,TLKM,4520.0,4520.0,4520.0,4520.0,2807.43505859375,0,0.0,0.0
2017-07-03,TLKM,4530.0,4790.0,4520.0,4790.0,2975.135498046875,213322100,0.0,0.0
2017-07-04,TLKM,4710.0,4730.0,4590.0,4590.0,2850.912841796875,126977200,0.0,0.0
2017-07-05,TLKM,4550.0,4590.0,4530.0,4580.0,2844.701904296875,76950600,0.0,0.0
2017-07-06,TLKM,4570.0,4680.0,4570.0,4650.0,2888.1796875,74712800,0.0,0.0
2017-07-07,TLKM,4640.0,4690.0,4630.0,4630.0,2875.75732421875,74859600,0.0,0.0
2017-07-10,TLKM,4670.0,4670.0,4560.0,4570.0,2838.490234375,40905200,0.0,0.0
2017-07-11,TLKM,4590.0,4640.0,4560.0,4600.0,2857.1240234375,59015400,0.0,0.0
2017-07-12,TLKM,4580.0,4640.0,4580.0,4620.0,2869.546142578125,42386500,0.0,0.0
2017-07-13,TLKM,4660.0,4680.0,4580.0,4600.0,2857.1240234375,83010800,0.0,0.0
2017-07-14,TLKM,4580.0,4620.0,4570.0,4600.0,2857.1240234375,61198800,0.0,0.0
2017-07-17,TLKM,4570.0,4650.0,4570.0,4650.0,2888.1796875,53983200,0.0,0.0
2017-07-18,TLKM,4660.0,4660.0,4590.0,4630.0,2875.75732421875,63087200,0.0,0.0
2017-07-19,TLKM,4630.0,4630.0,4570.0,4600.0,2857.1240234375,31882000,0.0,0.0
2017-07-20,TLKM,4620.0,4650.0,4600.0,4630.0,2875.75732421875,65946300,0.0,0.0
2017-07-21,TLKM,4600.0,4620.0,4530.0,4560.0,2832.279052734375,61852600,0.0,0.0
2017-07-24,TLKM,4500.0,4650.0,4500.0,4650.0,2888.1796875,139361700,0.0,0.0
2017-07-25,TLKM,4680.0,4740.0,4640.0,4720.0,2931.657470703125,82776400,0.0,0.0
2017-07-26,TLKM,4700.0,4740.0,4650.0,4700.0,2919.2353515625,65286900,0.0,0.0
2017-07-27,TLKM,4700.0,4720.0,4650.0,4650.0,2888.1796875,79556300,0.0,0.0
2017-07-28,TLKM,4670.0,4720.0,4660.0,4700.0,2919.2353515625,77012600,0.0,0.0
2017-07-31,TLKM,4680.0,4750.0,4670.0,4690.0,2913.024169921875,105620500,0.0,0.0
2017-08-01,TLKM,4700.0,4820.0,4690.0,4770.0,2962.713134765625,98006400,0.0,0.0
2017-08-02,TLKM,4800.0,4840.0,4780.0,4800.0,2981.3466796875,76646000,0.0,0.0
2017-08-03,TLKM,4760.0,4790.0,4670.0,4700.0,2919.2353515625,57453500,0.0,0.0
2017-08-04,TLKM,4700.0,4710.0,4660.0,4670.0,2900.6015625,53596700,0.0,0.0
2017-08-07,TLKM,4670.0,4730.0,4660.0,4670.0,2900.6015625,50259300,0.0,0.0
2017-08-08,TLKM,4650.0,4690.0,4650.0,4690.0,2913.024169921875,55006100,0.0,0.0
2017-08-09,TLKM,4670.0,4720.0,4670.0,4710.0,2925.4462890625,67040700,0.0,0.0
2017-08-10,TLKM,4720.0,4730.0,4700.0,4710.0,2925.4462890625,36139000,0.0,0.0
2017-08-11,TLKM,4690.0,4700.0,4660.0,4680.0,2906.81298828125,61681900,0.0,0.0
2017-08-14,TLKM,4720.0,4730.0,4700.0,4710.0,2925.4462890625,45942500,0.0,0.0
2017-08-15,TLKM,4750.0,4750.0,4710.0,4730.0,2937.86865234375,62541500,0.0,0.0
2017-08-16,TLKM,4750.0,4780.0,4730.0,4770.0,2962.713134765625,72564900,0.0,0.0
2017-08-17,TLKM,4770.0,4770.0,4770.0,4770.0,2962.713134765625,0,0.0,0.0
2017-08-18,TLKM,4770.0,4820.0,4770.0,4780.0,2968.924560546875,72171800,0.0,0.0
2017-08-21,TLKM,4800.0,4800.0,4730.0,4770.0,2962.713134765625,36963300,0.0,0.0
2017-08-22,TLKM,4800.0,4810.0,4770.0,4790.0,2975.135498046875,45279100,0.0,0.0
2017-08-23,TLKM,4800.0,4810.0,4750.0,4800.0,2981.3466796875,55475800,0.0,0.0
2017-08-24,TLKM,4800.0,4800.0,4760.0,4780.0,2968.924560546875,59747100,0.0,0.0
2017-08-25,TLKM,4800.0,4810.0,4770.0,4770.0,2962.713134765625,34666200,0.0,0.0
2017-08-28,TLKM,4740.0,4770.0,4720.0,4750.0,2950.291015625,42681600,0.0,0.0
2017-08-29,TLKM,4740.0,4760.0,4710.0,4730.0,2937.86865234375,66770700,0.0,0.0
2017-08-30,TLKM,4720.0,4760.0,4720.0,4740.0,2944.07958984375,41010800,0.0,0.0
2017-08-31,TLKM,4740.0,4750.0,4690.0,4690.0,2913.024169921875,60803000,0.0,0.0
2017-09-01,TLKM,4690.0,4690.0,4690.0,4690.0,2913.024169921875,0,0.0,0.0
2017-09-04,TLKM,4710.0,4710.0,4660.0,4680.0,2906.81298828125,74663400,0.0,0.0
2017-09-05,TLKM,4670.0,4680.0,4620.0,4650.0,2888.1796875,71280300,0.0,0.0
2017-09-06,TLKM,4650.0,4730.0,4650.0,4710.0,2925.4462890625,60257800,0.0,0.0
2017-09-07,TLKM,4700.0,4730.0,4690.0,4700.0,2919.2353515625,47238900,0.0,0.0
2017-09-08,TLKM,4670.0,4720.0,4670.0,4720.0,2931.657470703125,40939600,0.0,0.0
2017-09-11,TLKM,4710.0,4720.0,4700.0,4710.0,2925.4462890625,45419200,0.0,0.0
2017-09-12,TLKM,4720.0,4730.0,4700.0,4720.0,2931.657470703125,68810000,0.0,0.0
2017-09-13,TLKM,4650.0,4730.0,4650.0,4690.0,2913.024169921875,55115400,0.0,0.0
2017-09-14,TLKM,4690.0,4700.0,4660.0,4670.0,2900.6015625,53421400,0.0,0.0
2017-09-15,TLKM,4650.0,4700.0,4650.0,4690.0,2913.024169921875,112759200,0.0,0.0
2017-09-18,TLKM,4680.0,4720.0,4660.0,4710.0,2925.4462890625,61345400,0.0,0.0
2017-09-19,TLKM,4690.0,4720.0,4680.0,4710.0,2925.4462890625,54676900,0.0,0.0
2017-09-20,TLKM,4690.0,4710.0,4680.0,4690.0,2913.024169921875,58141200,0.0,0.0
2017-09-21,TLKM,4690.0,4690.0,4690.0,4690.0,2913.024169921875,0,0.0,0.0
2017-09-22,TLKM,4690.0,4690.0,4610.0,4640.0,2881.96826171875,100046700,0.0,0.0
2017-09-25,TLKM,4620.0,4670.0,4610.0,4650.0,2888.1796875,33070000,0.0,0.0
2017-09-26,TLKM,4640.0,4710.0,4640.0,4690.0,2913.024169921875,83557100,0.0,0.0
2017-09-27,TLKM,4690.0,4710.0,4680.0,4700.0,2919.2353515625,60995800,0.0,0.0
2017-09-28,TLKM,4720.0,4740.0,4710.0,4710.0,2925.4462890625,105241200,0.0,0.0
2017-09-29,TLKM,4700.0,4750.0,4670.0,4680.0,2906.81298828125,202031900,0.0,0.0
2017-10-02,TLKM,4690.0,4690.0,4660.0,4680.0,2906.81298828125,79696400,0.0,0.0
2017-10-03,TLKM,4650.0,4700.0,4640.0,4690.0,2913.024169921875,113933700,0.0,0.0
2017-10-04,TLKM,4660.0,4710.0,4660.0,4690.0,2913.024169921875,101963100,0.0,0.0
2017-10-05,TLKM,4680.0,4690.0,4640.0,4660.0,2894.390625,164687600,0.0,0.0
2017-10-06,TLKM,4680.0,4680.0,4630.0,4660.0,2894.390625,83595800,0.0,0.0
2017-10-09,TLKM,4640.0,4660.0,4610.0,4620.0,2869.546142578125,73027700,0.0,0.0
2017-10-10,TLKM,4650.0,4650.0,4510.0,4530.0,2813.646240234375,95524700,0.0,0.0
2017-10-11,TLKM,4540.0,4550.0,4310.0,4400.0,2732.90087890625,365951800,0.0,0.0
2017-10-12,TLKM,4380.0,4490.0,4370.0,4440.0,2757.74560546875,163091000,0.0,0.0
2017-10-13,TLKM,4440.0,4450.0,4400.0,4430.0,2751.53466796875,122491000,0.0,0.0
2017-10-16,TLKM,4380.0,4480.0,4380.0,4450.0,2763.95703125,167517000,0.0,0.0
2017-10-17,TLKM,4400.0,4410.0,4320.0,4400.0,2732.90087890625,286827400,0.0,0.0
2017-10-18,TLKM,4400.0,4400.0,4190.0,4300.0,2670.789794921875,379725700,0.0,0.0
2017-10-19,TLKM,4230.0,4250.0,4180.0,4210.0,2614.889404296875,231274800,0.0,0.0
2017-10-20,TLKM,4250.0,4290.0,4200.0,4270.0,2652.15625,107642900,0.0,0.0
2017-10-23,TLKM,4270.0,4320.0,4240.0,4250.0,2639.734375,118213500,0.0,0.0
2017-10-24,TLKM,4270.0,4270.0,4230.0,4230.0,2627.311767578125,69942200,0.0,0.0
2017-10-25,TLKM,4210.0,4230.0,4060.0,4090.0,2540.355712890625,308355300,0.0,0.0
2017-10-26,TLKM,4010.0,4260.0,4010.0,4160.0,2583.83349609375,348271000,0.0,0.0
2017-10-27,TLKM,4190.0,4200.0,4080.0,4150.0,2577.622802734375,122923500,0.0,0.0
2017-10-30,TLKM,4150.0,4180.0,4080.0,4080.0,2534.14453125,140445100,0.0,0.0
2017-10-31,TLKM,4150.0,4150.0,4030.0,4030.0,2503.089111328125,111757900,0.0,0.0
2017-11-01,TLKM,4070.0,4080.0,3910.0,3950.0,2453.3994140625,267366500,0.0,0.0
2017-11-02,TLKM,3980.0,4110.0,3970.0,4030.0,2503.089111328125,154764900,0.0,0.0
2017-11-03,TLKM,4050.0,4100.0,4010.0,4090.0,2540.355712890625,80926400,0.0,0.0
2017-11-06,TLKM,4100.0,4210.0,4070.0,4190.0,2602.46728515625,177511800,0.0,0.0
2017-11-07,TLKM,4180.0,4210.0,4160.0,4190.0,2602.46728515625,84694700,0.0,0.0
2017-11-08,TLKM,4160.0,4160.0,4100.0,4100.0,2546.567138671875,145225500,0.0,0.0
2017-11-09,TLKM,4100.0,4180.0,4100.0,4160.0,2583.83349609375,91933800,0.0,0.0
2017-11-10,TLKM,4130.0,4160.0,4120.0,4120.0,2558.9892578125,56993800,0.0,0.0
2017-11-13,TLKM,4130.0,4160.0,4100.0,4100.0,2546.567138671875,92109100,0.0,0.0
2017-11-14,TLKM,4100.0,4110.0,4070.0,4080.0,2534.14453125,64809800,0.0,0.0
2017-11-15,TLKM,4090.0,4180.0,4080.0,4130.0,2565.200439453125,96128400,0.0,0.0
2017-11-16,TLKM,4150.0,4230.0,4150.0,4200.0,2608.67822265625,134137000,0.0,0.0
2017-11-17,TLKM,4200.0,4230.0,4200.0,4200.0,2608.67822265625,80261800,0.0,0.0
2017-11-20,TLKM,4220.0,4220.0,4150.0,4150.0,2577.622802734375,48453900,0.0,0.0
2017-11-21,TLKM,4170.0,4200.0,4150.0,4200.0,2608.67822265625,96842900,0.0,0.0
2017-11-22,TLKM,4220.0,4220.0,4190.0,4200.0,2608.67822265625,69602300,0.0,0.0
2017-11-23,TLKM,4200.0,4270.0,4200.0,4250.0,2639.734375,62887900,0.0,0.0
2017-11-24,TLKM,4220.0,4320.0,4220.0,4320.0,2683.2119140625,87879900,0.0,0.0
2017-11-27,TLKM,4320.0,4350.0,4280.0,4300.0,2670.789794921875,82769500,0.0,0.0
2017-11-28,TLKM,4270.0,4290.0,4230.0,4240.0,2633.52294921875,99928100,0.0,0.0
2017-11-29,TLKM,4220.0,4240.0,4180.0,4200.0,2608.67822265625,79872900,0.0,0.0
2017-11-30,TLKM,4200.0,4220.0,4150.0,4150.0,2577.622802734375,185905200,0.0,0.0
2017-12-01,TLKM,4150.0,4150.0,4150.0,4150.0,2577.622802734375,0,0.0,0.0
2017-12-04,TLKM,4180.0,4230.0,4160.0,4200.0,2608.67822265625,78040500,0.0,0.0
2017-12-05,TLKM,4210.0,4220.0,4180.0,4200.0,2608.67822265625,96504800,0.0,0.0
2017-12-06,TLKM,4160.0,4210.0,4160.0,4200.0,2608.67822265625,92126500,0.0,0.0
2017-12-07,TLKM,4200.0,4210.0,4160.0,4200.0,2608.67822265625,52703100,0.0,0.0
2017-12-08,TLKM,4150.0,4200.0,4120.0,4140.0,2571.41162109375,88536500,0.0,0.0
2017-12-11,TLKM,4110.0,4150.0,4110.0,4140.0,2571.41162109375,47625800,0.0,0.0
2017-12-12,TLKM,4150.0,4190.0,4150.0,4170.0,2590.044921875,63036000,0.0,0.0
2017-12-13,TLKM,4150.0,4200.0,4150.0,4200.0,2608.67822265625,49020200,0.0,0.0
2017-12-14,TLKM,4220.0,4250.0,4200.0,4250.0,2639.734375,61517800,0.0,0.0
2017-12-15,TLKM,4200.0,4240.0,4180.0,4230.0,2627.311767578125,77110600,0.0,0.0
2017-12-18,TLKM,4250.0,4250.0,4170.0,4240.0,2633.52294921875,47756500,0.0,0.0
2017-12-19,TLKM,4200.0,4200.0,4170.0,4190.0,2602.46728515625,85383600,0.0,0.0
2017-12-20,TLKM,4190.0,4200.0,4160.0,4160.0,2583.83349609375,87778400,0.0,0.0
2017-12-21,TLKM,4190.0,4250.0,4170.0,4250.0,2639.734375,83893400,0.0,0.0
2017-12-22,TLKM,4250.0,4300.0,4210.0,4300.0,2670.789794921875,50330400,0.0,0.0
2017-12-25,TLKM,4300.0,4300.0,4300.0,4300.0,2670.789794921875,0,0.0,0.0
2017-12-26,TLKM,4300.0,4300.0,4300.0,4300.0,2670.789794921875,0,0.0,0.0
2017-12-27,TLKM,4270.0,4310.0,4270.0,4300.0,2670.789794921875,32211800,0.0,0.0
2017-12-28,TLKM,4300.0,4390.0,4270.0,4390.0,2726.690185546875,88576700,0.0,0.0
2017-12-29,TLKM,4390.0,4460.0,4390.0,4440.0,2757.74560546875,110053200,0.0,0.0
2018-01-01,TLKM,4440.0,4440.0,4440.0,4440.0,2757.74560546875,0,0.0,0.0
2018-01-02,TLKM,4430.0,4460.0,4380.0,4410.0,2739.112548828125,66075600,0.0,0.0
2018-01-03,TLKM,4380.0,4380.0,4200.0,4230.0,2627.311767578125,129205000,0.0,0.0
2018-01-04,TLKM,4230.0,4250.0,4190.0,4220.0,2621.1005859375,77953300,0.0,0.0
2018-01-05,TLKM,4220.0,4280.0,4200.0,4280.0,2658.3671875,55863000,0.0,0.0
2018-01-08,TLKM,4250.0,4290.0,4250.0,4260.0,2645.945068359375,42916700,0.0,0.0
2018-01-09,TLKM,4240.0,4240.0,4180.0,4200.0,2608.67822265625,100497400,0.0,0.0
2018-01-10,TLKM,4200.0,4250.0,4180.0,4190.0,2602.46728515625,95004000,0.0,0.0
2018-01-11,TLKM,4200.0,4200.0,4150.0,4170.0,2590.044921875,80524900,0.0,0.0
2018-01-12,TLKM,4160.0,4190.0,4130.0,4130.0,2565.200439453125,70976800,0.0,0.0
2018-01-15,TLKM,4160.0,4170.0,4100.0,4120.0,2558.9892578125,71388000,0.0,0.0
2018-01-16,TLKM,4150.0,4220.0,4120.0,4210.0,2614.889404296875,84393300,0.0,0.0
2018-01-17,TLKM,4210.0,4220.0,4180.0,4200.0,2608.67822265625,77197700,0.0,0.0
2018-01-18,TLKM,4210.0,4240.0,4160.0,4170.0,2590.044921875,100089500,0.0,0.0
2018-01-19,TLKM,4190.0,4190.0,4120.0,4160.0,2583.83349609375,70890100,0.0,0.0
2018-01-22,TLKM,4120.0,4160.0,4120.0,4130.0,2565.200439453125,83090400,0.0,0.0
2018-01-23,TLKM,4160.0,4160.0,4030.0,4090.0,2540.355712890625,184176500,0.0,0.0
2018-01-24,TLKM,4090.0,4090.0,3970.0,3980.0,2472.033203125,241779600,0.0,0.0
2018-01-25,TLKM,3980.0,4020.0,3920.0,3970.0,2465.822021484375,232552500,0.0,0.0
2018-01-26,TLKM,3990.0,4160.0,3990.0,4150.0,2577.622802734375,246067800,0.0,0.0
2018-01-29,TLKM,4170.0,4180.0,4030.0,4070.0,2527.933349609375,156356300,0.0,0.0
2018-01-30,TLKM,4020.0,4040.0,3960.0,3970.0,2465.822021484375,140694300,0.0,0.0
2018-01-31,TLKM,3960.0,4060.0,3950.0,3990.0,2478.244384765625,112276200,0.0,0.0
2018-02-01,TLKM,4030.0,4070.0,3980.0,3980.0,2472.033203125,102291000,0.0,0.0
2018-02-02,TLKM,4030.0,4030.0,4000.0,4000.0,2484.455322265625,71707200,0.0,0.0
2018-02-05,TLKM,3950.0,4030.0,3920.0,4010.0,2490.66650390625,70792500,0.0,0.0
2018-02-06,TLKM,3950.0,3990.0,3930.0,3940.0,2447.188720703125,146207400,0.0,0.0
2018-02-07,TLKM,3990.0,4020.0,3950.0,3980.0,2472.033203125,120081100,0.0,0.0
2018-02-08,TLKM,3980.0,4040.0,3940.0,4020.0,2496.878173828125,101865000,0.0,0.0
2018-02-09,TLKM,3970.0,4000.0,3940.0,3950.0,2453.3994140625,78255000,0.0,0.0
2018-02-12,TLKM,3950.0,3990.0,3950.0,3960.0,2459.611083984375,58535200,0.0,0.0
2018-02-13,TLKM,3990.0,4060.0,3980.0,4040.0,2509.300048828125,79288000,0.0,0.0
2018-02-14,TLKM,4050.0,4080.0,3990.0,4040.0,2509.300048828125,63313200,0.0,0.0
2018-02-15,TLKM,4050.0,4060.0,4000.0,4010.0,2490.66650390625,32896000,0.0,0.0
2018-02-16,TLKM,4010.0,4010.0,4010.0,4010.0,2490.66650390625,0,0.0,0.0
2018-02-19,TLKM,4050.0,4080.0,4040.0,4050.0,2515.51123046875,89429500,0.0,0.0
2018-02-20,TLKM,4080.0,4080.0,4040.0,4070.0,2527.933349609375,53466600,0.0,0.0
2018-02-21,TLKM,4040.0,4080.0,4020.0,4070.0,2527.933349609375,74130200,0.0,0.0
2018-02-22,TLKM,4070.0,4070.0,4010.0,4010.0,2490.66650390625,91272600,0.0,0.0
2018-02-23,TLKM,4030.0,4040.0,4010.0,4030.0,2503.089111328125,59706400,0.0,0.0
2018-02-26,TLKM,4050.0,4050.0,4010.0,4030.0,2503.089111328125,56293900,0.0,0.0
2018-02-27,TLKM,4030.0,4030.0,3960.0,4020.0,2496.878173828125,81554100,0.0,0.0
2018-02-28,TLKM,3970.0,4050.0,3970.0,4000.0,2484.455322265625,94528200,0.0,0.0
2018-03-01,TLKM,4050.0,4090.0,4020.0,4060.0,2521.72216796875,84215600,0.0,0.0
2018-03-02,TLKM,4060.0,4070.0,4030.0,4070.0,2527.933349609375,61410200,0.0,0.0
2018-03-05,TLKM,4050.0,4060.0,4000.0,4020.0,2496.878173828125,56394900,0.0,0.0
2018-03-06,TLKM,4050.0,4060.0,4020.0,4020.0,2496.878173828125,59010500,0.0,0.0
2018-03-07,TLKM,4000.0,4040.0,3980.0,4000.0,2484.455322265625,100646000,0.0,0.0
2018-03-08,TLKM,4050.0,4140.0,4020.0,4140.0,2571.41162109375,152547000,0.0,0.0
2018-03-09,TLKM,4150.0,4160.0,4090.0,4150.0,2577.622802734375,97354700,0.0,0.0
2018-03-12,TLKM,4170.0,4200.0,4130.0,4200.0,2608.67822265625,87344000,0.0,0.0
2018-03-13,TLKM,4160.0,4180.0,4080.0,4090.0,2540.355712890625,96605900,0.0,0.0
2018-03-14,TLKM,4070.0,4090.0,4040.0,4060.0,2521.72216796875,74296000,0.0,0.0
2018-03-15,TLKM,4030.0,4040.0,3930.0,3930.0,2440.977783203125,133775500,0.0,0.0
2018-03-16,TLKM,3930.0,3950.0,3820.0,3820.0,2372.655029296875,208216200,0.0,0.0
2018-03-19,TLKM,3860.0,3900.0,3810.0,3820.0,2372.655029296875,111808000,0.0,0.0
2018-03-20,TLKM,3800.0,3810.0,3640.0,3660.0,2273.276611328125,254154700,0.0,0.0
2018-03-21,TLKM,3660.0,3720.0,3630.0,3710.0,2304.33251953125,152085900,0.0,0.0
2018-03-22,TLKM,3720.0,3810.0,3690.0,3700.0,2298.12109375,132850400,0.0,0.0
2018-03-23,TLKM,3520.0,3690.0,3520.0,3660.0,2273.276611328125,104485500,0.0,0.0
2018-03-26,TLKM,3600.0,3650.0,3580.0,3590.0,2229.799072265625,104993600,0.0,0.0
2018-03-27,TLKM,3630.0,3650.0,3540.0,3560.0,2211.165283203125,106157400,0.0,0.0
2018-03-28,TLKM,3570.0,3620.0,3540.0,3570.0,2217.376708984375,83907700,0.0,0.0
2018-03-29,TLKM,3580.0,3600.0,3530.0,3600.0,2236.010009765625,106930200,0.0,0.0
2018-03-30,TLKM,3600.0,3600.0,3600.0,3600.0,2236.010009765625,0,0.0,0.0
2018-04-02,TLKM,3640.0,3680.0,3600.0,3670.0,2279.488037109375,63944000,0.0,0.0
2018-04-03,TLKM,3640.0,3670.0,3620.0,3630.0,2254.643310546875,57234700,0.0,0.0
2018-04-04,TLKM,3630.0,3660.0,3570.0,3600.0,2236.010009765625,80976000,0.0,0.0
2018-04-05,TLKM,3650.0,3690.0,3650.0,3680.0,2285.69921875,102973700,0.0,0.0
2018-04-06,TLKM,3680.0,3690.0,3650.0,3650.0,2267.0654296875,62905500,0.0,0.0
2018-04-09,TLKM,3630.0,3780.0,3630.0,3770.0,2341.59912109375,114947800,0.0,0.0
2018-04-10,TLKM,3740.0,3880.0,3730.0,3860.0,2397.499755859375,138847700,0.0,0.0
2018-04-11,TLKM,3850.0,3890.0,3850.0,3870.0,2403.710693359375,58454500,0.0,0.0
2018-04-12,TLKM,3830.0,3860.0,3740.0,3750.0,2329.177001953125,76340800,0.0,0.0
2018-04-13,TLKM,3760.0,3780.0,3630.0,3660.0,2273.276611328125,88313600,0.0,0.0
2018-04-16,TLKM,3660.0,3660.0,3660.0,3660.0,2273.276611328125,0,0.0,0.0
2018-04-17,TLKM,3660.0,3660.0,3660.0,3660.0,2273.276611328125,0,0.0,0.0
2018-04-18,TLKM,3720.0,3770.0,3710.0,3770.0,2341.59912109375,65927000,0.0,0.0
2018-04-19,TLKM,3770.0,3770.0,3770.0,3770.0,2341.59912109375,0,0.0,0.0
2018-04-20,TLKM,3770.0,3770.0,3770.0,3770.0,2341.59912109375,0,0.0,0.0
2018-04-23,TLKM,3720.0,3780.0,3720.0,3750.0,2329.177001953125,72362700,0.0,0.0
2018-04-24,TLKM,3810.0,3830.0,3770.0,3830.0,2378.866455078125,81396500,0.0,0.0
2018-04-25,TLKM,3830.0,3830.0,3830.0,3830.0,2378.866455078125,0,0.0,0.0
2018-04-26,TLKM,3830.0,3830.0,3830.0,3830.0,2378.866455078125,0,0.0,0.0
2018-04-27,TLKM,3830.0,3830.0,3830.0,3830.0,2378.866455078125,0,0.0,0.0
2018-04-30,TLKM,3750.0,3870.0,3750.0,3830.0,2378.866455078125,95418200,0.0,0.0
2018-05-01,TLKM,3830.0,3830.0,3830.0,3830.0,2378.866455078125,0,0.0,0.0
2018-05-02,TLKM,3810.0,3880.0,3780.0,3870.0,2403.710693359375,118872100,0.0,0.0
2018-05-03,TLKM,3850.0,3860.0,3740.0,3740.0,2322.966064453125,91601300,0.0,0.0
2018-05-04,TLKM,3700.0,3750.0,3650.0,3730.0,2316.7548828125,80894300,0.0,0.0
2018-05-07,TLKM,3750.0,3820.0,3730.0,3800.0,2360.23291015625,97351600,0.0,0.0
2018-05-08,TLKM,3650.0,3670.0,3570.0,3620.0,2352.21435546875,107379900,167.6598,0.0
2018-05-09,TLKM,3600.0,3780.0,3530.0,3700.0,2404.197021484375,149687500,0.0,0.0
2018-05-10,TLKM,3700.0,3700.0,3700.0,3700.0,2404.197021484375,0,0.0,0.0
2018-05-11,TLKM,3700.0,3750.0,3620.0,3630.0,2358.712158203125,120995700,0.0,0.0
2018-05-14,TLKM,3560.0,3610.0,3500.0,3540.0,2300.23193359375,161018200,0.0,0.0
2018-05-15,TLKM,3520.0,3530.0,3350.0,3370.0,2189.768798828125,230994800,0.0,0.0
2018-05-16,TLKM,3280.0,3530.0,3250.0,3480.0,2261.244873046875,205406800,0.0,0.0
2018-05-17,TLKM,3510.0,3610.0,3490.0,3490.0,2267.742431640625,179026500,0.0,0.0
2018-05-18,TLKM,3520.0,3530.0,3400.0,3490.0,2267.742431640625,75748600,0.0,0.0
2018-05-21,TLKM,3490.0,3490.0,3410.0,3420.0,2222.2578125,57210900,0.0,0.0
2018-05-22,TLKM,3420.0,3500.0,3420.0,3470.0,2254.746826171875,78667200,0.0,0.0
2018-05-23,TLKM,3460.0,3530.0,3450.0,3470.0,2254.746826171875,110630200,0.0,0.0
2018-05-24,TLKM,3480.0,3590.0,3480.0,3560.0,2313.2275390625,84178300,0.0,0.0
2018-05-25,TLKM,3540.0,3590.0,3530.0,3560.0,2313.2275390625,66374400,0.0,0.0
2018-05-28,TLKM,3580.0,3700.0,3560.0,3690.0,2397.699462890625,90299200,0.0,0.0
2018-05-29,TLKM,3690.0,3690.0,3690.0,3690.0,2397.699462890625,0,0.0,0.0
2018-05-30,TLKM,3600.0,3730.0,3590.0,3600.0,2339.218505859375,148933500,0.0,0.0
2018-05-31,TLKM,3600.0,3610.0,3500.0,3520.0,2287.23583984375,255204300,0.0,0.0
2018-06-01,TLKM,3520.0,3520.0,3520.0,3520.0,2287.23583984375,0,0.0,0.0
2018-06-04,TLKM,3540.0,3660.0,3530.0,3640.0,2365.210205078125,141754800,0.0,0.0
2018-06-05,TLKM,3680.0,3860.0,3660.0,3830.0,2488.6689453125,181376800,0.0,0.0
2018-06-06,TLKM,3790.0,3830.0,3760.0,3790.0,2462.677734375,143554900,0.0,0.0
2018-06-07,TLKM,3800.0,3830.0,3770.0,3770.0,2449.681640625,122724300,0.0,0.0
2018-06-08,TLKM,3710.0,3730.0,3600.0,3610.0,2345.716552734375,260396300,0.0,0.0
2018-06-11,TLKM,3610.0,3610.0,3610.0,3610.0,2345.716552734375,0,0.0,0.0
2018-06-12,TLKM,3610.0,3610.0,3610.0,3610.0,2345.716552734375,0,0.0,0.0
2018-06-13,TLKM,3610.0,3610.0,3610.0,3610.0,2345.716552734375,0,0.0,0.0
2018-06-14,TLKM,3610.0,3610.0,3610.0,3610.0,2345.716552734375,0,0.0,0.0
2018-06-15,TLKM,3610.0,3610.0,3610.0,3610.0,2345.716552734375,0,0.0,0.0
2018-06-18,TLKM,3610.0,3610.0,3610.0,3610.0,2345.716552734375,0,0.0,0.0
2018-06-19,TLKM,3610.0,3610.0,3610.0,3610.0,2345.716552734375,0,0.0,0.0
2018-06-20,TLKM,3540.0,3710.0,3510.0,3710.0,2410.69482421875,295386100,0.0,0.0
2018-06-21,TLKM,3650.0,3700.0,3610.0,3610.0,2345.716552734375,123848500,0.0,0.0
2018-06-22,TLKM,3610.0,3630.0,3540.0,3580.0,2326.223388671875,121490900,0.0,0.0
2018-06-25,TLKM,3630.0,3690.0,3600.0,3660.0,2378.20556640625,97826600,0.0,0.0
2018-06-26,TLKM,3600.0,3700.0,3600.0,3690.0,2397.699462890625,91252300,0.0,0.0
2018-06-27,TLKM,3690.0,3780.0,3690.0,3710.0,2410.69482421875,106616500,0.0,0.0
2018-06-28,TLKM,3700.0,3720.0,3660.0,3660.0,2378.20556640625,133779300,0.0,0.0
2018-06-29,TLKM,3650.0,3750.0,3640.0,3750.0,2436.686279296875,79116600,0.0,0.0
2018-07-02,TLKM,3800.0,3800.0,3710.0,3750.0,2436.686279296875,55810800,0.0,0.0
2018-07-03,TLKM,3740.0,3740.0,3670.0,3700.0,2404.197021484375,79439500,0.0,0.0
2018-07-04,TLKM,3700.0,3810.0,3630.0,3760.0,2443.18359375,54884500,0.0,0.0
2018-07-05,TLKM,3800.0,3830.0,3760.0,3830.0,2488.6689453125,59717900,0.0,0.0
2018-07-06,TLKM,3850.0,3890.0,3830.0,3860.0,2508.162109375,67655200,0.0,0.0
2018-07-09,TLKM,3900.0,4000.0,3880.0,3980.0,2586.13623046875,68798500,0.0,0.0
2018-07-10,TLKM,3990.0,4050.0,3960.0,4030.0,2618.625732421875,118127300,0.0,0.0
2018-07-11,TLKM,4000.0,4080.0,3960.0,4060.0,2638.118896484375,144055300,0.0,0.0
2018-07-12,TLKM,4050.0,4110.0,4040.0,4100.0,2664.1103515625,114531700,0.0,0.0
2018-07-13,TLKM,4080.0,4100.0,3970.0,4020.0,2612.127685546875,120852800,0.0,0.0
2018-07-16,TLKM,3970.0,4030.0,3860.0,3940.0,2560.145263671875,66229700,0.0,0.0
2018-07-17,TLKM,3970.0,3970.0,3890.0,3940.0,2560.145263671875,53740400,0.0,0.0
2018-07-18,TLKM,3910.0,4030.0,3890.0,4010.0,2605.629638671875,75157800,0.0,0.0
2018-07-19,TLKM,4000.0,4000.0,3910.0,3910.0,2540.6513671875,65340900,0.0,0.0
2018-07-20,TLKM,3900.0,3990.0,3890.0,3990.0,2592.634033203125,66456000,0.0,0.0
2018-07-23,TLKM,4030.0,4090.0,4010.0,4060.0,2638.118896484375,74605900,0.0,0.0
2018-07-24,TLKM,4090.0,4090.0,4030.0,4030.0,2618.625732421875,64353800,0.0,0.0
2018-07-25,TLKM,4060.0,4060.0,3900.0,3900.0,2534.153564453125,55617500,0.0,0.0
2018-07-26,TLKM,3920.0,3940.0,3890.0,3930.0,2553.647216796875,55761900,0.0,0.0
2018-07-27,TLKM,3910.0,3950.0,3890.0,3940.0,2560.145263671875,52506800,0.0,0.0
2018-07-30,TLKM,3890.0,3950.0,3890.0,3910.0,2540.6513671875,49045100,0.0,0.0
2018-07-31,TLKM,3830.0,3830.0,3550.0,3570.0,2319.72509765625,339081700,0.0,0.0
2018-08-01,TLKM,3570.0,3600.0,3500.0,3550.0,2306.729736328125,190720900,0.0,0.0
2018-08-02,TLKM,3550.0,3590.0,3450.0,3500.0,2274.240478515625,171276100,0.0,0.0
2018-08-03,TLKM,3480.0,3490.0,3430.0,3460.0,2248.2490234375,224005400,0.0,0.0
2018-08-06,TLKM,3480.0,3670.0,3480.0,3650.0,2371.7080078125,231846400,0.0,0.0
2018-08-07,TLKM,3650.0,3670.0,3570.0,3580.0,2326.223388671875,111024900,0.0,0.0
2018-08-08,TLKM,3600.0,3600.0,3520.0,3550.0,2306.729736328125,109077400,0.0,0.0
2018-08-09,TLKM,3520.0,3550.0,3490.0,3490.0,2267.742431640625,110452900,0.0,0.0
2018-08-10,TLKM,3510.0,3540.0,3480.0,3500.0,2274.240478515625,79851700,0.0,0.0
2018-08-13,TLKM,3440.0,3450.0,3360.0,3370.0,2189.768798828125,106124800,0.0,0.0
2018-08-14,TLKM,3360.0,3440.0,3330.0,3350.0,2176.773193359375,108189200,0.0,0.0
2018-08-15,TLKM,3350.0,3450.0,3310.0,3430.0,2228.755615234375,95526000,0.0,0.0
2018-08-16,TLKM,3390.0,3430.0,3350.0,3350.0,2176.773193359375,112653900,0.0,0.0
2018-08-17,TLKM,3350.0,3350.0,3350.0,3350.0,2176.773193359375,0,0.0,0.0
2018-08-20,TLKM,3420.0,3450.0,3370.0,3390.0,2202.76416015625,163133800,0.0,0.0
2018-08-21,TLKM,3400.0,3440.0,3350.0,3350.0,2176.773193359375,126746000,0.0,0.0
2018-08-22,TLKM,3350.0,3350.0,3350.0,3350.0,2176.773193359375,0,0.0,0.0
2018-08-23,TLKM,3390.0,3390.0,3290.0,3300.0,2144.28369140625,209401300,0.0,0.0
2018-08-24,TLKM,3290.0,3340.0,3270.0,3290.0,2137.785888671875,103476200,0.0,0.0
2018-08-27,TLKM,3330.0,3480.0,3310.0,3460.0,2248.2490234375,142917000,0.0,0.0
2018-08-28,TLKM,3480.0,3600.0,3480.0,3580.0,2326.223388671875,224122500,0.0,0.0
2018-08-29,TLKM,3560.0,3610.0,3520.0,3580.0,2326.223388671875,126710100,0.0,0.0
2018-08-30,TLKM,3580.0,3590.0,3510.0,3510.0,2280.73828125,80352300,0.0,0.0
2018-08-31,TLKM,3500.0,3520.0,3460.0,3490.0,2267.742431640625,109920300,0.0,0.0
2018-09-03,TLKM,3520.0,3550.0,3480.0,3490.0,2267.742431640625,46014400,0.0,0.0
2018-09-04,TLKM,3500.0,3510.0,3410.0,3420.0,2222.2578125,77620800,0.0,0.0
2018-09-05,TLKM,3400.0,3400.0,3250.0,3270.0,2124.790283203125,183864900,0.0,0.0
2018-09-06,TLKM,3250.0,3380.0,3250.0,3360.0,2183.270751953125,172294300,0.0,0.0
2018-09-07,TLKM,3360.0,3390.0,3320.0,3390.0,2202.76416015625,99447200,0.0,0.0
2018-09-10,TLKM,3380.0,3400.0,3350.0,3380.0,2196.26611328125,48741600,0.0,0.0
2018-09-11,TLKM,3380.0,3380.0,3380.0,3380.0,2196.26611328125,0,0.0,0.0
2018-09-12,TLKM,3380.0,3390.0,3310.0,3320.0,2157.27978515625,81217700,0.0,0.0
2018-09-13,TLKM,3370.0,3470.0,3370.0,3450.0,2241.75146484375,115198100,0.0,0.0
2018-09-14,TLKM,3470.0,3600.0,3470.0,3590.0,2332.720947265625,156541000,0.0,0.0
2018-09-17,TLKM,3550.0,3570.0,3430.0,3470.0,2254.746826171875,95431800,0.0,0.0
2018-09-18,TLKM,3470.0,3590.0,3440.0,3570.0,2319.72509765625,132571400,0.0,0.0
2018-09-19,TLKM,3580.0,3610.0,3540.0,3550.0,2306.729736328125,88139600,0.0,0.0
2018-09-20,TLKM,3590.0,3640.0,3570.0,3600.0,2339.218505859375,80194400,0.0,0.0
2018-09-21,TLKM,3630.0,3630.0,3550.0,3600.0,2339.218505859375,98577800,0.0,0.0
2018-09-24,TLKM,3590.0,3600.0,3510.0,3540.0,2300.23193359375,48101000,0.0,0.0
2018-09-25,TLKM,3540.0,3560.0,3520.0,3560.0,2313.2275390625,25350200,0.0,0.0
2018-09-26,TLKM,3550.0,3590.0,3540.0,3540.0,2300.23193359375,51055900,0.0,0.0
2018-09-27,TLKM,3580.0,3590.0,3550.0,3580.0,2326.223388671875,49549400,0.0,0.0
2018-09-28,TLKM,3600.0,3670.0,3600.0,3640.0,2365.210205078125,116695900,0.0,0.0
2018-10-01,TLKM,3610.0,3690.0,3610.0,3670.0,2384.703369140625,45504900,0.0,0.0
2018-10-02,TLKM,3640.0,3670.0,3580.0,3620.0,2352.21435546875,61393800,0.0,0.0
2018-10-03,TLKM,3570.0,3640.0,3570.0,3600.0,2339.218505859375,46611900,0.0,0.0
2018-10-04,TLKM,3570.0,3600.0,3510.0,3600.0,2339.218505859375,82550500,0.0,0.0
2018-10-05,TLKM,3540.0,3600.0,3530.0,3530.0,2293.734130859375,59270300,0.0,0.0
2018-10-08,TLKM,3500.0,3530.0,3470.0,3520.0,2287.23583984375,71886100,0.0,0.0
2018-10-09,TLKM,3530.0,3620.0,3520.0,3590.0,2332.720947265625,58708100,0.0,0.0
2018-10-10,TLKM,3640.0,3640.0,3560.0,3600.0,2339.218505859375,31937500,0.0,0.0
2018-10-11,TLKM,3500.0,3640.0,3480.0,3570.0,2319.72509765625,114418300,0.0,0.0
2018-10-12,TLKM,3630.0,3700.0,3620.0,3680.0,2391.201171875,87991200,0.0,0.0
2018-10-15,TLKM,3700.0,3750.0,3650.0,3660.0,2378.20556640625,68466400,0.0,0.0
2018-10-16,TLKM,3680.0,3780.0,3680.0,3780.0,2456.1796875,98103600,0.0,0.0
2018-10-17,TLKM,3800.0,3910.0,3800.0,3900.0,2534.153564453125,122953700,0.0,0.0
2018-10-18,TLKM,3840.0,3880.0,3720.0,3760.0,2443.18359375,102322600,0.0,0.0
2018-10-19,TLKM,3700.0,3770.0,3690.0,3730.0,2423.6904296875,140162100,0.0,0.0
2018-10-22,TLKM,3730.0,3830.0,3730.0,3800.0,2469.17529296875,57680500,0.0,0.0
2018-10-23,TLKM,3800.0,3800.0,3670.0,3700.0,2404.197021484375,53266800,0.0,0.0
2018-10-24,TLKM,3700.0,3710.0,3520.0,3520.0,2287.23583984375,117672200,0.0,0.0
2018-10-25,TLKM,3490.0,3580.0,3460.0,3550.0,2306.729736328125,120108900,0.0,0.0
2018-10-26,TLKM,3580.0,3660.0,3580.0,3630.0,2358.712158203125,100554100,0.0,0.0
2018-10-29,TLKM,3630.0,3660.0,3580.0,3660.0,2378.20556640625,54304000,0.0,0.0
2018-10-30,TLKM,3640.0,3850.0,3630.0,3800.0,2469.17529296875,158933000,0.0,0.0
2018-10-31,TLKM,3850.0,3870.0,3730.0,3850.0,2501.664306640625,140351400,0.0,0.0
2018-11-01,TLKM,3850.0,3880.0,3810.0,3880.0,2521.157958984375,69586900,0.0,0.0
2018-11-02,TLKM,3900.0,3940.0,3880.0,3940.0,2560.145263671875,98072700,0.0,0.0
2018-11-05,TLKM,3850.0,3910.0,3850.0,3890.0,2527.655517578125,60121700,0.0,0.0
2018-11-06,TLKM,3930.0,3930.0,3820.0,3890.0,2527.655517578125,58088000,0.0,0.0
2018-11-07,TLKM,3900.0,3950.0,3870.0,3950.0,2566.64306640625,98350100,0.0,0.0
2018-11-08,TLKM,3970.0,4000.0,3920.0,4000.0,2599.131591796875,74004300,0.0,0.0
2018-11-09,TLKM,3960.0,3960.0,3920.0,3920.0,2547.1494140625,45243300,0.0,0.0
2018-11-12,TLKM,3890.0,3950.0,3860.0,3860.0,2508.162109375,57256000,0.0,0.0
2018-11-13,TLKM,3810.0,3850.0,3750.0,3830.0,2488.6689453125,89819400,0.0,0.0
2018-11-14,TLKM,3860.0,3880.0,3750.0,3750.0,2436.686279296875,72968500,0.0,0.0
2018-11-15,TLKM,3800.0,3940.0,3790.0,3910.0,2540.6513671875,71440400,0.0,0.0
2018-11-16,TLKM,3930.0,4110.0,3920.0,4050.0,2631.620849609375,128595600,0.0,0.0
2018-11-19,TLKM,4050.0,4050.0,3930.0,3950.0,2566.64306640625,72785900,0.0,0.0
2018-11-20,TLKM,3950.0,3950.0,3950.0,3950.0,2566.64306640625,0,0.0,0.0
2018-11-21,TLKM,3860.0,3960.0,3850.0,3960.0,2573.140625,97525800,0.0,0.0
2018-11-22,TLKM,3910.0,3990.0,3910.0,3980.0,2586.13623046875,52279900,0.0,0.0
2018-11-23,TLKM,3980.0,4000.0,3950.0,3990.0,2592.634033203125,35499400,0.0,0.0
2018-11-26,TLKM,3980.0,4000.0,3950.0,3990.0,2592.634033203125,43879100,0.0,0.0
2018-11-27,TLKM,3940.0,3950.0,3850.0,3880.0,2521.157958984375,116422400,0.0,0.0
2018-11-28,TLKM,3890.0,3900.0,3710.0,3720.0,2417.192626953125,195860500,0.0,0.0
2018-11-29,TLKM,3770.0,3810.0,3710.0,3740.0,2430.188720703125,120921500,0.0,0.0
2018-11-30,TLKM,3760.0,3780.0,3680.0,3680.0,2391.201171875,151545800,0.0,0.0
2018-12-03,TLKM,3740.0,3770.0,3700.0,3700.0,2404.197021484375,106891000,0.0,0.0
2018-12-04,TLKM,3720.0,3780.0,3720.0,3780.0,2456.1796875,121586400,0.0,0.0
2018-12-05,TLKM,3740.0,3800.0,3730.0,3770.0,2449.681640625,58424400,0.0,0.0
2018-12-06,TLKM,3740.0,3770.0,3700.0,3710.0,2410.69482421875,62164100,0.0,0.0
2018-12-07,TLKM,3700.0,3710.0,3660.0,3670.0,2384.703369140625,92902000,0.0,0.0
2018-12-10,TLKM,3650.0,3720.0,3610.0,3680.0,2391.201171875,70093700,0.0,0.0
2018-12-11,TLKM,3640.0,3670.0,3610.0,3620.0,2352.21435546875,88050700,0.0,0.0
2018-12-12,TLKM,3660.0,3670.0,3620.0,3650.0,2371.7080078125,87333000,0.0,0.0
2018-12-13,TLKM,3680.0,3780.0,3660.0,3750.0,2436.686279296875,118965900,0.0,0.0
2018-12-14,TLKM,3800.0,3840.0,3730.0,3730.0,2423.6904296875,139547100,0.0,0.0
2018-12-17,TLKM,3740.0,3770.0,3710.0,3710.0,2410.69482421875,86251600,0.0,0.0
2018-12-18,TLKM,3700.0,3740.0,3680.0,3740.0,2430.188720703125,79833100,0.0,0.0
2018-12-19,TLKM,3740.0,3810.0,3740.0,3810.0,2475.673095703125,81542500,0.0,0.0
2018-12-20,TLKM,3810.0,3810.0,3720.0,3740.0,2430.188720703125,100129200,0.0,0.0
2018-12-21,TLKM,3700.0,3770.0,3700.0,3760.0,2443.18359375,114752300,0.0,0.0
2018-12-24,TLKM,3760.0,3760.0,3760.0,3760.0,2443.18359375,0,0.0,0.0
2018-12-25,TLKM,3760.0,3760.0,3760.0,3760.0,2443.18359375,0,0.0,0.0
2018-12-26,TLKM,3730.0,3750.0,3700.0,3730.0,2423.6904296875,50416400,0.0,0.0
2018-12-27,TLKM,3780.0,3790.0,3730.0,3750.0,2436.686279296875,49980900,0.0,0.0
2018-12-28,TLKM,3770.0,3780.0,3750.0,3750.0,2436.686279296875,48224400,0.0,0.0
2018-12-31,TLKM,3750.0,3750.0,3750.0,3750.0,2436.686279296875,0,0.0,0.0
2019-01-01,TLKM,3750.0,3750.0,3750.0,3750.0,2436.686279296875,0,0.0,0.0
2019-01-02,TLKM,3750.0,3760.0,3700.0,3730.0,2423.6904296875,31355300,0.0,0.0
2019-01-03,TLKM,3710.0,3770.0,3690.0,3740.0,2430.188720703125,83842400,0.0,0.0
2019-01-04,TLKM,3690.0,3740.0,3690.0,3710.0,2410.69482421875,73936900,0.0,0.0
2019-01-07,TLKM,3760.0,3790.0,3750.0,3770.0,2449.681640625,83678100,0.0,0.0
2019-01-08,TLKM,3770.0,3800.0,3750.0,3800.0,2469.17529296875,67963700,0.0,0.0
2019-01-09,TLKM,3820.0,3830.0,3730.0,3730.0,2423.6904296875,98529400,0.0,0.0
2019-01-10,TLKM,3760.0,3800.0,3740.0,3800.0,2469.17529296875,126396700,0.0,0.0
2019-01-11,TLKM,3820.0,3860.0,3800.0,3860.0,2508.162109375,116753700,0.0,0.0
2019-01-14,TLKM,3810.0,3850.0,3790.0,3850.0,2501.664306640625,68487000,0.0,0.0
2019-01-15,TLKM,3860.0,3930.0,3850.0,3930.0,2553.647216796875,83464900,0.0,0.0
2019-01-16,TLKM,3940.0,4000.0,3920.0,3990.0,2592.634033203125,139056700,0.0,0.0
2019-01-17,TLKM,3970.0,3990.0,3960.0,3990.0,2592.634033203125,78766100,0.0,0.0
2019-01-18,TLKM,4010.0,4020.0,3970.0,4020.0,2612.127685546875,76350400,0.0,0.0
2019-01-21,TLKM,4040.0,4050.0,4020.0,4030.0,2618.625732421875,83317600,0.0,0.0
2019-01-22,TLKM,4000.0,4010.0,3930.0,4000.0,2599.131591796875,95420500,0.0,0.0
2019-01-23,TLKM,3950.0,3980.0,3920.0,3920.0,2547.1494140625,72518500,0.0,0.0
2019-01-24,TLKM,3900.0,3910.0,3830.0,3860.0,2508.162109375,118836500,0.0,0.0
2019-01-25,TLKM,3880.0,3930.0,3840.0,3880.0,2521.157958984375,75844000,0.0,0.0
2019-01-28,TLKM,3880.0,3890.0,3730.0,3780.0,2456.1796875,168983100,0.0,0.0
2019-01-29,TLKM,3780.0,3850.0,3780.0,3840.0,2495.16650390625,118131200,0.0,0.0
2019-01-30,TLKM,3850.0,3890.0,3830.0,3860.0,2508.162109375,85903100,0.0,0.0
2019-01-31,TLKM,3900.0,3920.0,3870.0,3900.0,2534.153564453125,110953700,0.0,0.0
2019-02-01,TLKM,3910.0,3930.0,3830.0,3870.0,2514.660400390625,79588900,0.0,0.0
2019-02-04,TLKM,3890.0,3890.0,3780.0,3780.0,2456.1796875,70070500,0.0,0.0
2019-02-05,TLKM,3780.0,3780.0,3780.0,3780.0,2456.1796875,0,0.0,0.0
2019-02-06,TLKM,3820.0,3870.0,3820.0,3860.0,2508.162109375,72180200,0.0,0.0
2019-02-07,TLKM,3890.0,3890.0,3830.0,3860.0,2508.162109375,39141500,0.0,0.0
2019-02-08,TLKM,3810.0,3850.0,3810.0,3850.0,2501.664306640625,32131700,0.0,0.0
2019-02-11,TLKM,3870.0,3940.0,3860.0,3930.0,2553.647216796875,88628900,0.0,0.0
2019-02-12,TLKM,3900.0,3910.0,3800.0,3820.0,2482.171142578125,92427800,0.0,0.0
2019-02-13,TLKM,3840.0,3850.0,3780.0,3790.0,2462.677734375,113161100,0.0,0.0
2019-02-14,TLKM,3790.0,3810.0,3740.0,3740.0,2430.188720703125,76939400,0.0,0.0
2019-02-15,TLKM,3770.0,3800.0,3730.0,3790.0,2462.677734375,67812600,0.0,0.0
2019-02-18,TLKM,3830.0,3920.0,3830.0,3900.0,2534.153564453125,80275800,0.0,0.0
2019-02-19,TLKM,3930.0,3940.0,3900.0,3920.0,2547.1494140625,82962700,0.0,0.0
2019-02-20,TLKM,3940.0,3940.0,3830.0,3870.0,2514.660400390625,87933000,0.0,0.0
2019-02-21,TLKM,3870.0,3890.0,3860.0,3870.0,2514.660400390625,48031100,0.0,0.0
2019-02-22,TLKM,3870.0,3870.0,3820.0,3840.0,2495.16650390625,61392700,0.0,0.0
2019-02-25,TLKM,3900.0,3920.0,3850.0,3910.0,2540.6513671875,53792400,0.0,0.0
2019-02-26,TLKM,3920.0,3930.0,3880.0,3930.0,2553.647216796875,49657300,0.0,0.0
2019-02-27,TLKM,3900.0,3940.0,3890.0,3910.0,2540.6513671875,48788200,0.0,0.0
2019-02-28,TLKM,3880.0,3900.0,3840.0,3860.0,2508.162109375,161156000,0.0,0.0
2019-03-01,TLKM,3890.0,3920.0,3880.0,3910.0,2540.6513671875,49810100,0.0,0.0
2019-03-04,TLKM,3910.0,3910.0,3850.0,3850.0,2501.664306640625,32250500,0.0,0.0
2019-03-05,TLKM,3890.0,3890.0,3820.0,3870.0,2514.660400390625,41171000,0.0,0.0
2019-03-06,TLKM,3860.0,3880.0,3820.0,3820.0,2482.171142578125,69927600,0.0,0.0
2019-03-07,TLKM,3820.0,3820.0,3820.0,3820.0,2482.171142578125,0,0.0,0.0
2019-03-08,TLKM,3810.0,3820.0,3740.0,3740.0,2430.188720703125,105963500,0.0,0.0
2019-03-11,TLKM,3780.0,3820.0,3760.0,3800.0,2469.17529296875,43971600,0.0,0.0
2019-03-12,TLKM,3800.0,3820.0,3730.0,3760.0,2443.18359375,43343700,0.0,0.0
2019-03-13,TLKM,3730.0,3770.0,3710.0,3720.0,2417.192626953125,45607600,0.0,0.0
2019-03-14,TLKM,3720.0,3760.0,3710.0,3740.0,2430.188720703125,62094100,0.0,0.0
2019-03-15,TLKM,3720.0,3760.0,3710.0,3750.0,2436.686279296875,68778100,0.0,0.0
2019-03-18,TLKM,3770.0,3820.0,3760.0,3820.0,2482.171142578125,44322600,0.0,0.0
2019-03-19,TLKM,3800.0,3820.0,3770.0,3780.0,2456.1796875,33156500,0.0,0.0
2019-03-20,TLKM,3810.0,3820.0,3750.0,3760.0,2443.18359375,42784600,0.0,0.0
2019-03-21,TLKM,3800.0,3810.0,3780.0,3790.0,2462.677734375,36527500,0.0,0.0
2019-03-22,TLKM,3800.0,3820.0,3790.0,3800.0,2469.17529296875,26772900,0.0,0.0
2019-03-25,TLKM,3730.0,3790.0,3720.0,3790.0,2462.677734375,49162900,0.0,0.0
2019-03-26,TLKM,3780.0,3820.0,3780.0,3820.0,2482.171142578125,23049100,0.0,0.0
2019-03-27,TLKM,3840.0,3840.0,3810.0,3820.0,2482.171142578125,35521900,0.0,0.0
2019-03-28,TLKM,3820.0,3890.0,3810.0,3880.0,2521.157958984375,55847200,0.0,0.0
2019-03-29,TLKM,3880.0,3970.0,3880.0,3960.0,2573.140625,82231400,0.0,0.0
2019-04-01,TLKM,3950.0,3960.0,3900.0,3930.0,2553.647216796875,28246400,0.0,0.0
2019-04-02,TLKM,3910.0,3950.0,3910.0,3930.0,2553.647216796875,35443400,0.0,0.0
2019-04-03,TLKM,3930.0,3930.0,3930.0,3930.0,2553.647216796875,0,0.0,0.0
2019-04-04,TLKM,3980.0,4040.0,3950.0,4030.0,2618.625732421875,96122100,0.0,0.0
2019-04-05,TLKM,4020.0,4090.0,4000.0,4060.0,2638.118896484375,66832600,0.0,0.0
2019-04-08,TLKM,4020.0,4030.0,3940.0,3950.0,2566.64306640625,73208300,0.0,0.0
2019-04-09,TLKM,3980.0,4000.0,3910.0,3950.0,2566.64306640625,88580200,0.0,0.0
2019-04-10,TLKM,3920.0,3950.0,3890.0,3930.0,2553.647216796875,52555500,0.0,0.0
2019-04-11,TLKM,3900.0,3930.0,3880.0,3890.0,2527.655517578125,51480700,0.0,0.0
2019-04-12,TLKM,3820.0,3870.0,3810.0,3830.0,2488.6689453125,45324300,0.0,0.0
2019-04-15,TLKM,3860.0,3860.0,3810.0,3830.0,2488.6689453125,44510600,0.0,0.0
2019-04-16,TLKM,3830.0,3880.0,3830.0,3870.0,2514.660400390625,62572100,0.0,0.0
2019-04-17,TLKM,3870.0,3870.0,3870.0,3870.0,2514.660400390625,0,0.0,0.0
2019-04-18,TLKM,3920.0,3950.0,3840.0,3860.0,2508.162109375,119263400,0.0,0.0
2019-04-19,TLKM,3860.0,3860.0,3860.0,3860.0,2508.162109375,0,0.0,0.0
2019-04-22,TLKM,3860.0,3860.0,3780.0,3780.0,2456.1796875,48671200,0.0,0.0
2019-04-23,TLKM,3780.0,3870.0,3730.0,3850.0,2501.664306640625,86443700,0.0,0.0
2019-04-24,TLKM,3850.0,3860.0,3780.0,3840.0,2495.16650390625,76660900,0.0,0.0
2019-04-25,TLKM,3800.0,3840.0,3790.0,3830.0,2488.6689453125,52775100,0.0,0.0
2019-04-26,TLKM,3800.0,3910.0,3800.0,3910.0,2540.6513671875,66452700,0.0,0.0
2019-04-29,TLKM,3850.0,3900.0,3850.0,3860.0,2508.162109375,50143700,0.0,0.0
2019-04-30,TLKM,3890.0,3890.0,3750.0,3790.0,2462.677734375,132318200,0.0,0.0
2019-05-01,TLKM,3790.0,3790.0,3790.0,3790.0,2462.677734375,0,0.0,0.0
2019-05-02,TLKM,3760.0,3880.0,3760.0,3830.0,2488.6689453125,136768800,0.0,0.0
2019-05-03,TLKM,3800.0,3830.0,3760.0,3820.0,2482.171142578125,101522800,0.0,0.0
2019-05-06,TLKM,3760.0,3840.0,3720.0,3840.0,2495.16650390625,107167400,0.0,0.0
2019-05-07,TLKM,3870.0,3910.0,3840.0,3900.0,2534.153564453125,74814500,0.0,0.0
2019-05-08,TLKM,3890.0,3920.0,3870.0,3900.0,2534.153564453125,77743400,0.0,0.0
2019-05-09,TLKM,3860.0,3900.0,3800.0,3800.0,2469.17529296875,74716500,0.0,0.0
2019-05-10,TLKM,3800.0,3840.0,3790.0,3790.0,2462.677734375,66672500,0.0,0.0
2019-05-13,TLKM,3820.0,3840.0,3760.0,3770.0,2449.681640625,47605100,0.0,0.0
2019-05-14,TLKM,3730.0,3800.0,3720.0,3760.0,2443.18359375,77483200,0.0,0.0
2019-05-15,TLKM,3770.0,3790.0,3660.0,3660.0,2378.20556640625,57596600,0.0,0.0
2019-05-16,TLKM,3660.0,3720.0,3530.0,3600.0,2339.218505859375,107366200,0.0,0.0
2019-05-17,TLKM,3610.0,3620.0,3500.0,3510.0,2280.73828125,94437400,0.0,0.0
2019-05-20,TLKM,3520.0,3620.0,3480.0,3600.0,2339.218505859375,82354400,0.0,0.0
2019-05-21,TLKM,3600.0,3630.0,3550.0,3600.0,2339.218505859375,106104000,0.0,0.0
2019-05-22,TLKM,3590.0,3600.0,3540.0,3540.0,2300.23193359375,63687000,0.0,0.0
2019-05-23,TLKM,3540.0,3690.0,3540.0,3660.0,2378.20556640625,113281100,0.0,0.0
2019-05-24,TLKM,3700.0,3780.0,3690.0,3750.0,2436.686279296875,87594500,0.0,0.0
2019-05-27,TLKM,3760.0,3830.0,3750.0,3820.0,2482.171142578125,87146600,0.0,0.0
2019-05-28,TLKM,3800.0,3820.0,3690.0,3690.0,2397.699462890625,322246900,0.0,0.0
2019-05-29,TLKM,3750.0,3830.0,3730.0,3780.0,2456.1796875,122534500,0.0,0.0
2019-05-30,TLKM,3780.0,3780.0,3780.0,3780.0,2456.1796875,0,0.0,0.0
2019-05-31,TLKM,3780.0,3930.0,3780.0,3900.0,2534.153564453125,194331700,0.0,0.0
2019-06-03,TLKM,3900.0,3900.0,3900.0,3900.0,2534.153564453125,0,0.0,0.0
2019-06-04,TLKM,3900.0,3900.0,3900.0,3900.0,2534.153564453125,0,0.0,0.0
2019-06-05,TLKM,3900.0,3900.0,3900.0,3900.0,2534.153564453125,0,0.0,0.0
2019-06-06,TLKM,3900.0,3900.0,3900.0,3900.0,2534.153564453125,0,0.0,0.0
2019-06-07,TLKM,3900.0,3900.0,3900.0,3900.0,2534.153564453125,0,0.0,0.0
2019-06-10,TLKM,4000.0,4060.0,3970.0,4040.0,2625.12353515625,222522800,0.0,0.0
2019-06-11,TLKM,4010.0,4060.0,4000.0,4020.0,2612.127685546875,88861700,0.0,0.0
2019-06-12,TLKM,3880.0,3950.0,3840.0,3940.0,2668.908203125,134724400,163.8225,0.0
2019-06-13,TLKM,3940.0,3990.0,3900.0,3990.0,2702.77734375,115734700,0.0,0.0
2019-06-14,TLKM,4020.0,4050.0,3970.0,3990.0,2702.77734375,92466800,0.0,0.0
2019-06-17,TLKM,3950.0,3970.0,3900.0,3900.0,2641.8125,60851700,0.0,0.0
2019-06-18,TLKM,3890.0,3990.0,3890.0,3980.0,2696.00341796875,66112800,0.0,0.0
2019-06-20,TLKM,4110.0,4110.0,4020.0,4040.0,2736.646728515625,57673700,0.0,0.0
2019-06-21,TLKM,4010.0,4040.0,3950.0,4040.0,2736.646728515625,154049700,0.0,0.0
2019-06-24,TLKM,4050.0,4050.0,3970.0,3980.0,2696.00341796875,50525100,0.0,0.0
2019-06-25,TLKM,4040.0,4040.0,4000.0,4010.0,2716.3251953125,42601100,0.0,0.0
2019-06-26,TLKM,4020.0,4050.0,3980.0,3980.0,2696.00341796875,56092200,0.0,0.0
2019-06-27,TLKM,4010.0,4120.0,4000.0,4090.0,2770.515869140625,94221200,0.0,0.0
2019-06-28,TLKM,4100.0,4200.0,4090.0,4140.0,2804.385498046875,130153100,0.0,0.0
2019-07-01,TLKM,4200.0,4240.0,4170.0,4220.0,2858.576416015625,79382300,0.0,0.0
2019-07-02,TLKM,4240.0,4250.0,4180.0,4250.0,2878.898193359375,87999800,0.0,0.0
2019-07-03,TLKM,4160.0,4240.0,4160.0,4240.0,2872.12451171875,63296200,0.0,0.0
2019-07-04,TLKM,4190.0,4260.0,4190.0,4250.0,2878.898193359375,38459300,0.0,0.0
2019-07-05,TLKM,4260.0,4280.0,4240.0,4280.0,2899.219970703125,50332800,0.0,0.0
2019-07-08,TLKM,4230.0,4290.0,4210.0,4270.0,2892.445556640625,57903400,0.0,0.0
2019-07-09,TLKM,4300.0,4370.0,4270.0,4350.0,2946.63720703125,124822400,0.0,0.0
2019-07-10,TLKM,4310.0,4320.0,4260.0,4290.0,2905.99365234375,62529900,0.0,0.0
2019-07-11,TLKM,4250.0,4280.0,4240.0,4270.0,2892.445556640625,25645900,0.0,0.0
2019-07-12,TLKM,4240.0,4250.0,4170.0,4180.0,2831.48095703125,57088600,0.0,0.0
2019-07-15,TLKM,4250.0,4290.0,4230.0,4280.0,2899.219970703125,66960500,0.0,0.0
2019-07-16,TLKM,4240.0,4280.0,4210.0,4240.0,2872.12451171875,45461500,0.0,0.0
2019-07-17,TLKM,4250.0,4260.0,4220.0,4230.0,2865.350341796875,32069800,0.0,0.0
2019-07-18,TLKM,4220.0,4250.0,4210.0,4240.0,2872.12451171875,45408100,0.0,0.0
2019-07-19,TLKM,4260.0,4280.0,4250.0,4270.0,2892.445556640625,60692800,0.0,0.0
2019-07-22,TLKM,4250.0,4270.0,4230.0,4260.0,2885.672119140625,37513700,0.0,0.0
2019-07-23,TLKM,4260.0,4270.0,4200.0,4250.0,2878.898193359375,62628100,0.0,0.0
2019-07-24,TLKM,4230.0,4240.0,4160.0,4190.0,2838.2548828125,73904300,0.0,0.0
2019-07-25,TLKM,4160.0,4240.0,4160.0,4210.0,2851.802490234375,49276300,0.0,0.0
2019-07-26,TLKM,4160.0,4210.0,4110.0,4160.0,2817.93310546875,70952400,0.0,0.0
2019-07-29,TLKM,4150.0,4240.0,4140.0,4200.0,2845.02880859375,54336900,0.0,0.0
2019-07-30,TLKM,4280.0,4300.0,4260.0,4270.0,2892.445556640625,88417200,0.0,0.0
2019-07-31,TLKM,4240.0,4300.0,4210.0,4300.0,2912.767822265625,175741000,0.0,0.0
2019-08-01,TLKM,4300.0,4300.0,4260.0,4280.0,2899.219970703125,94856600,0.0,0.0
2019-08-02,TLKM,4280.0,4300.0,4250.0,4280.0,2899.219970703125,82253800,0.0,0.0
2019-08-05,TLKM,4200.0,4220.0,4060.0,4080.0,2763.7421875,112253200,0.0,0.0
2019-08-06,TLKM,4060.0,4190.0,4050.0,4130.0,2797.611572265625,108890100,0.0,0.0
2019-08-07,TLKM,4230.0,4270.0,4170.0,4210.0,2851.802490234375,104785500,0.0,0.0
2019-08-08,TLKM,4270.0,4290.0,4240.0,4260.0,2885.672119140625,95204000,0.0,0.0
2019-08-09,TLKM,4300.0,4300.0,4240.0,4260.0,2885.672119140625,89600500,0.0,0.0
2019-08-12,TLKM,4300.0,4320.0,4230.0,4260.0,2885.672119140625,41817800,0.0,0.0
2019-08-13,TLKM,4290.0,4290.0,4230.0,4250.0,2878.898193359375,98757900,0.0,0.0
2019-08-14,TLKM,4300.0,4300.0,4270.0,4290.0,2905.99365234375,84928200,0.0,0.0
2019-08-15,TLKM,4200.0,4290.0,4200.0,4290.0,2905.99365234375,97255500,0.0,0.0
2019-08-16,TLKM,4300.0,4310.0,4220.0,4280.0,2899.219970703125,51853900,0.0,0.0
2019-08-19,TLKM,4340.0,4340.0,4290.0,4340.0,2939.86279296875,86011300,0.0,0.0
2019-08-20,TLKM,4350.0,4470.0,4340.0,4470.0,3027.92333984375,143171600,0.0,0.0
2019-08-21,TLKM,4460.0,4500.0,4390.0,4410.0,2987.2802734375,99649300,0.0,0.0
2019-08-22,TLKM,4380.0,4450.0,4320.0,4450.0,3014.375732421875,110968600,0.0,0.0
2019-08-23,TLKM,4390.0,4450.0,4340.0,4380.0,2966.958740234375,83823900,0.0,0.0
2019-08-26,TLKM,4280.0,4360.0,4280.0,4330.0,2933.089599609375,77603200,0.0,0.0
2019-08-27,TLKM,4390.0,4410.0,4320.0,4380.0,2966.958740234375,168209400,0.0,0.0
2019-08-28,TLKM,4430.0,4430.0,4350.0,4370.0,2960.1845703125,68091100,0.0,0.0
2019-08-29,TLKM,4370.0,4440.0,4370.0,4380.0,2966.958740234375,65718900,0.0,0.0
2019-08-30,TLKM,4430.0,4450.0,4420.0,4450.0,3014.375732421875,95138200,0.0,0.0
2019-09-02,TLKM,4440.0,4450.0,4400.0,4410.0,2987.2802734375,27531000,0.0,0.0
2019-09-03,TLKM,4440.0,4440.0,4330.0,4350.0,2946.63720703125,66884700,0.0,0.0
2019-09-04,TLKM,4310.0,4350.0,4280.0,4290.0,2905.99365234375,78905600,0.0,0.0
2019-09-05,TLKM,4290.0,4360.0,4290.0,4320.0,2926.315185546875,97098300,0.0,0.0
2019-09-06,TLKM,4360.0,4360.0,4210.0,4210.0,2851.802490234375,117223300,0.0,0.0
2019-09-09,TLKM,4280.0,4300.0,4240.0,4270.0,2892.445556640625,47057300,0.0,0.0
2019-09-10,TLKM,4300.0,4300.0,4250.0,4270.0,2892.445556640625,80403000,0.0,0.0
2019-09-11,TLKM,4300.0,4300.0,4210.0,4250.0,2878.898193359375,90211600,0.0,0.0
2019-09-12,TLKM,4220.0,4230.0,4160.0,4170.0,2824.70703125,70382200,0.0,0.0
2019-09-13,TLKM,4230.0,4230.0,4160.0,4160.0,2817.93310546875,64074800,0.0,0.0
2019-09-16,TLKM,4160.0,4260.0,4160.0,4220.0,2858.576416015625,85284700,0.0,0.0
2019-09-17,TLKM,4240.0,4280.0,4220.0,4270.0,2892.445556640625,86432000,0.0,0.0
2019-09-18,TLKM,4250.0,4280.0,4230.0,4250.0,2878.898193359375,72359600,0.0,0.0
2019-09-19,TLKM,4260.0,4260.0,4190.0,4210.0,2851.802490234375,58720600,0.0,0.0
2019-09-20,TLKM,4250.0,4300.0,4230.0,4290.0,2905.99365234375,132359100,0.0,0.0
2019-09-23,TLKM,4290.0,4300.0,4230.0,4250.0,2878.898193359375,70483600,0.0,0.0
2019-09-24,TLKM,4210.0,4240.0,4150.0,4210.0,2851.802490234375,88979100,0.0,0.0
2019-09-25,TLKM,4220.0,4250.0,4180.0,4220.0,2858.576416015625,84582300,0.0,0.0
2019-09-26,TLKM,4220.0,4370.0,4200.0,4360.0,2953.41064453125,79324000,0.0,0.0
2019-09-27,TLKM,4310.0,4350.0,4300.0,4310.0,2919.54150390625,52305800,0.0,0.0
2019-09-30,TLKM,4270.0,4330.0,4270.0,4310.0,2919.54150390625,111879100,0.0,0.0
2019-10-01,TLKM,4400.0,4400.0,4220.0,4250.0,2878.898193359375,60332400,0.0,0.0
2019-10-02,TLKM,4260.0,4300.0,4190.0,4200.0,2845.02880859375,51606300,0.0,0.0
2019-10-03,TLKM,4190.0,4250.0,4160.0,4200.0,2845.02880859375,56433000,0.0,0.0
2019-10-04,TLKM,4250.0,4250.0,4180.0,4190.0,2838.2548828125,34082000,0.0,0.0
2019-10-07,TLKM,4240.0,4240.0,4090.0,4110.0,2784.063720703125,42996900,0.0,0.0
2019-10-08,TLKM,4170.0,4170.0,4060.0,4090.0,2770.515869140625,74448900,0.0,0.0
2019-10-09,TLKM,4090.0,4170.0,4080.0,4120.0,2790.837890625,59314500,0.0,0.0
2019-10-10,TLKM,4060.0,4120.0,4060.0,4110.0,2784.063720703125,34345600,0.0,0.0
2019-10-11,TLKM,4100.0,4170.0,4100.0,4170.0,2824.70703125,42198800,0.0,0.0
2019-10-14,TLKM,4200.0,4210.0,4150.0,4190.0,2838.2548828125,52681800,0.0,0.0
2019-10-15,TLKM,4190.0,4190.0,4150.0,4170.0,2824.70703125,64670200,0.0,0.0
2019-10-16,TLKM,4170.0,4190.0,4140.0,4170.0,2824.70703125,70555700,0.0,0.0
2019-10-17,TLKM,4160.0,4180.0,4140.0,4170.0,2824.70703125,50695300,0.0,0.0
2019-10-18,TLKM,4170.0,4190.0,4160.0,4190.0,2838.2548828125,169540200,0.0,0.0
2019-10-21,TLKM,4200.0,4250.0,4190.0,4200.0,2845.02880859375,63797000,0.0,0.0
2019-10-22,TLKM,4200.0,4250.0,4200.0,4230.0,2865.350341796875,56711100,0.0,0.0
2019-10-23,TLKM,4210.0,4270.0,4210.0,4260.0,2885.672119140625,97971900,0.0,0.0
2019-10-24,TLKM,4300.0,4350.0,4250.0,4350.0,2946.63720703125,99213400,0.0,0.0
2019-10-25,TLKM,4320.0,4360.0,4270.0,4280.0,2899.219970703125,67661500,0.0,0.0
2019-10-28,TLKM,4280.0,4280.0,4220.0,4260.0,2885.672119140625,30710600,0.0,0.0
2019-10-29,TLKM,4230.0,4330.0,4220.0,4330.0,2933.089599609375,68715000,0.0,0.0
2019-10-30,TLKM,4290.0,4350.0,4210.0,4270.0,2892.445556640625,89575600,0.0,0.0
2019-10-31,TLKM,4220.0,4240.0,4080.0,4110.0,2784.063720703125,185713300,0.0,0.0
2019-11-01,TLKM,4090.0,4150.0,4060.0,4080.0,2763.7421875,107208500,0.0,0.0
2019-11-04,TLKM,4080.0,4160.0,4080.0,4150.0,2811.15966796875,65897700,0.0,0.0
2019-11-05,TLKM,4170.0,4200.0,4130.0,4200.0,2845.02880859375,109276000,0.0,0.0
2019-11-06,TLKM,4180.0,4190.0,4110.0,4120.0,2790.837890625,134618700,0.0,0.0
2019-11-07,TLKM,4150.0,4150.0,3990.0,4070.0,2756.968017578125,125291200,0.0,0.0
2019-11-08,TLKM,4010.0,4120.0,3990.0,4110.0,2784.063720703125,70404800,0.0,0.0
2019-11-11,TLKM,4040.0,4120.0,4040.0,4100.0,2777.290283203125,57079800,0.0,0.0
2019-11-12,TLKM,4050.0,4190.0,4050.0,4180.0,2831.48095703125,88251100,0.0,0.0
2019-11-13,TLKM,4130.0,4170.0,4100.0,4150.0,2811.15966796875,91925700,0.0,0.0
2019-11-14,TLKM,4110.0,4130.0,4010.0,4050.0,2743.420654296875,123468500,0.0,0.0
2019-11-15,TLKM,4080.0,4090.0,4030.0,4080.0,2763.7421875,50780500,0.0,0.0
2019-11-18,TLKM,4040.0,4060.0,3990.0,4000.0,2709.551025390625,104978700,0.0,0.0
2019-11-19,TLKM,4000.0,4020.0,3970.0,4020.0,2723.098876953125,113996600,0.0,0.0
2019-11-20,TLKM,4000.0,4090.0,4000.0,4090.0,2770.515869140625,149185500,0.0,0.0
2019-11-21,TLKM,4050.0,4090.0,4020.0,4020.0,2723.098876953125,64005900,0.0,0.0
2019-11-22,TLKM,4030.0,4050.0,4000.0,4050.0,2743.420654296875,76569400,0.0,0.0
2019-11-25,TLKM,4070.0,4070.0,3940.0,3950.0,2675.681884765625,107581200,0.0,0.0
2019-11-26,TLKM,3950.0,3960.0,3860.0,3860.0,2614.716552734375,281002600,0.0,0.0
2019-11-27,TLKM,3870.0,3930.0,3800.0,3880.0,2628.2646484375,97511300,0.0,0.0
2019-11-28,TLKM,3830.0,3900.0,3800.0,3820.0,2587.621337890625,70635000,0.0,0.0
2019-11-29,TLKM,3860.0,3950.0,3840.0,3930.0,2662.13427734375,72146900,0.0,0.0
2019-12-02,TLKM,3960.0,3960.0,3930.0,3950.0,2675.681884765625,74263500,0.0,0.0
2019-12-03,TLKM,3920.0,3940.0,3910.0,3920.0,2655.3603515625,74494000,0.0,0.0
2019-12-04,TLKM,3920.0,3990.0,3900.0,3990.0,2702.77734375,64948300,0.0,0.0
2019-12-05,TLKM,3990.0,4080.0,3990.0,4060.0,2750.194580078125,118494800,0.0,0.0
2019-12-06,TLKM,4040.0,4100.0,4020.0,4100.0,2777.290283203125,50682100,0.0,0.0
2019-12-09,TLKM,4080.0,4110.0,4050.0,4070.0,2756.968017578125,80864200,0.0,0.0
2019-12-10,TLKM,4050.0,4070.0,4010.0,4040.0,2736.646728515625,54824900,0.0,0.0
2019-12-11,TLKM,4010.0,4050.0,4000.0,4050.0,2743.420654296875,79749500,0.0,0.0
2019-12-12,TLKM,4040.0,4050.0,3950.0,3950.0,2675.681884765625,147627000,0.0,0.0
2019-12-13,TLKM,4000.0,4020.0,3960.0,3990.0,2702.77734375,81937300,0.0,0.0
2019-12-16,TLKM,3970.0,4020.0,3960.0,3970.0,2689.2294921875,86479200,0.0,0.0
2019-12-17,TLKM,3970.0,3990.0,3950.0,3980.0,2696.00341796875,91747200,0.0,0.0
2019-12-18,TLKM,3960.0,4000.0,3950.0,3990.0,2702.77734375,101569300,0.0,0.0
2019-12-19,TLKM,3970.0,3980.0,3900.0,3900.0,2641.8125,127316000,0.0,0.0
2019-12-20,TLKM,3900.0,4020.0,3900.0,4020.0,2723.098876953125,152132200,0.0,0.0
2019-12-23,TLKM,4020.0,4030.0,3980.0,4020.0,2723.098876953125,58715700,0.0,0.0
2019-12-26,TLKM,4020.0,4020.0,3980.0,4000.0,2709.551025390625,36935300,0.0,0.0
2019-12-27,TLKM,3990.0,4010.0,3980.0,3990.0,2702.77734375,52812000,0.0,0.0
2019-12-30,TLKM,3980.0,4030.0,3970.0,3970.0,2689.2294921875,67738300,0.0,0.0
2020-01-02,TLKM,3970.0,4000.0,3900.0,3910.0,2648.586181640625,52094000,0.0,0.0
2020-01-03,TLKM,3960.0,3980.0,3930.0,3980.0,2696.00341796875,70032900,0.0,0.0
2020-01-06,TLKM,3930.0,3970.0,3930.0,3960.0,2682.45556640625,42908900,0.0,0.0
2020-01-07,TLKM,3930.0,3970.0,3920.0,3940.0,2668.908203125,51837600,0.0,0.0
2020-01-08,TLKM,3920.0,3950.0,3900.0,3900.0,2641.8125,52402600,0.0,0.0
2020-01-09,TLKM,3920.0,3970.0,3920.0,3960.0,2682.45556640625,37580300,0.0,0.0
2020-01-10,TLKM,3980.0,3990.0,3950.0,3980.0,2696.00341796875,48099000,0.0,0.0
2020-01-13,TLKM,4000.0,4030.0,3990.0,4030.0,2729.873046875,61913800,0.0,0.0
2020-01-14,TLKM,3980.0,4000.0,3940.0,3950.0,2675.681884765625,95058600,0.0,0.0
2020-01-15,TLKM,3960.0,3960.0,3870.0,3880.0,2628.2646484375,147583300,0.0,0.0
2020-01-16,TLKM,3890.0,3890.0,3830.0,3850.0,2607.943115234375,118903100,0.0,0.0
2020-01-17,TLKM,3860.0,3870.0,3800.0,3810.0,2580.847412109375,119904100,0.0,0.0
2020-01-20,TLKM,3820.0,3840.0,3800.0,3810.0,2580.847412109375,73599200,0.0,0.0
2020-01-21,TLKM,3810.0,3900.0,3810.0,3890.0,2635.038330078125,78014400,0.0,0.0
2020-01-22,TLKM,3890.0,3890.0,3850.0,3860.0,2614.716552734375,45839800,0.0,0.0
2020-01-23,TLKM,3860.0,3880.0,3830.0,3880.0,2628.2646484375,41077400,0.0,0.0
2020-01-24,TLKM,3880.0,3930.0,3860.0,3920.0,2655.3603515625,58524000,0.0,0.0
2020-01-27,TLKM,3920.0,3920.0,3830.0,3840.0,2601.169189453125,33081800,0.0,0.0
2020-01-28,TLKM,3810.0,3840.0,3800.0,3830.0,2594.3955078125,56210000,0.0,0.0
2020-01-29,TLKM,3840.0,3900.0,3840.0,3900.0,2641.8125,51929800,0.0,0.0
2020-01-30,TLKM,3910.0,3910.0,3850.0,3860.0,2614.716552734375,60391600,0.0,0.0
2020-01-31,TLKM,3890.0,3890.0,3780.0,3800.0,2574.07373046875,120447900,0.0,0.0
2020-02-03,TLKM,3800.0,3820.0,3730.0,3740.0,2533.4306640625,68360600,0.0,0.0
2020-02-04,TLKM,3810.0,3810.0,3730.0,3760.0,2546.97802734375,77259600,0.0,0.0
2020-02-05,TLKM,3760.0,3780.0,3720.0,3770.0,2553.751708984375,68150800,0.0,0.0
2020-02-06,TLKM,3800.0,3800.0,3750.0,3760.0,2546.97802734375,56261500,0.0,0.0
2020-02-07,TLKM,3780.0,3820.0,3760.0,3790.0,2567.2998046875,53578900,0.0,0.0
2020-02-10,TLKM,3800.0,3850.0,3780.0,3810.0,2580.847412109375,86588500,0.0,0.0
2020-02-11,TLKM,3810.0,3830.0,3780.0,3790.0,2567.2998046875,50248200,0.0,0.0
2020-02-12,TLKM,3800.0,3850.0,3780.0,3820.0,2587.621337890625,73840300,0.0,0.0
2020-02-13,TLKM,3820.0,3830.0,3710.0,3730.0,2526.656494140625,66699800,0.0,0.0
2020-02-14,TLKM,3680.0,3730.0,3640.0,3640.0,2465.691650390625,108793300,0.0,0.0
2020-02-17,TLKM,3630.0,3660.0,3590.0,3610.0,2445.369873046875,94887800,0.0,0.0
2020-02-18,TLKM,3590.0,3660.0,3590.0,3620.0,2452.143798828125,94382900,0.0,0.0
2020-02-19,TLKM,3620.0,3640.0,3590.0,3620.0,2452.143798828125,63717800,0.0,0.0
2020-02-20,TLKM,3620.0,3650.0,3600.0,3630.0,2458.917724609375,53035400,0.0,0.0
2020-02-21,TLKM,3650.0,3710.0,3640.0,3690.0,2499.561279296875,86862600,0.0,0.0
2020-02-24,TLKM,3670.0,3720.0,3630.0,3640.0,2465.691650390625,72610600,0.0,0.0
2020-02-25,TLKM,3600.0,3670.0,3590.0,3590.0,2431.822265625,73990700,0.0,0.0
2020-02-26,TLKM,3530.0,3550.0,3450.0,3510.0,2377.63134765625,133449900,0.0,0.0
2020-02-27,TLKM,3510.0,3550.0,3420.0,3470.0,2350.53564453125,88389400,0.0,0.0
2020-02-28,TLKM,3390.0,3490.0,3340.0,3490.0,2364.083251953125,151751800,0.0,0.0
2020-03-02,TLKM,3470.0,3550.0,3440.0,3440.0,2330.214111328125,96802900,0.0,0.0
2020-03-03,TLKM,3510.0,3660.0,3470.0,3620.0,2452.143798828125,114698200,0.0,0.0
2020-03-04,TLKM,3640.0,3840.0,3630.0,3830.0,2594.3955078125,136081000,0.0,0.0
2020-03-05,TLKM,3820.0,3880.0,3760.0,3830.0,2594.3955078125,101235000,0.0,0.0
2020-03-06,TLKM,3730.0,3790.0,3710.0,3750.0,2540.204345703125,86476000,0.0,0.0
2020-03-09,TLKM,3560.0,3620.0,3500.0,3500.0,2370.857177734375,109347300,0.0,0.0
2020-03-10,TLKM,3480.0,3620.0,3480.0,3490.0,2364.083251953125,119718000,0.0,0.0
2020-03-11,TLKM,3470.0,3480.0,3370.0,3400.0,2303.118408203125,115486900,0.0,0.0
2020-03-12,TLKM,3300.0,3440.0,3270.0,3310.0,2242.153564453125,84363800,0.0,0.0
2020-03-13,TLKM,3310.0,3310.0,3310.0,3310.0,2242.153564453125,0,0.0,0.0
2020-03-16,TLKM,3300.0,3300.0,3160.0,3160.0,2140.54541015625,115972300,0.0,0.0
2020-03-17,TLKM,3160.0,3160.0,2940.0,2940.0,1991.5201416015625,150122700,0.0,0.0
2020-03-18,TLKM,3010.0,3080.0,2740.0,2810.0,1903.459716796875,150147300,0.0,0.0
2020-03-19,TLKM,2810.0,2810.0,2620.0,2620.0,1774.7562255859375,138987300,0.0,0.0
2020-03-20,TLKM,2660.0,2990.0,2450.0,2880.0,1950.876708984375,267694700,0.0,0.0
2020-03-23,TLKM,2880.0,2880.0,2680.0,2680.0,1815.3992919921875,86157200,0.0,0.0
2020-03-24,TLKM,2700.0,2880.0,2570.0,2620.0,1774.7562255859375,243778900,0.0,0.0
2020-03-26,TLKM,2550.0,3080.0,2550.0,2980.0,2018.6158447265625,267369500,0.0,0.0
2020-03-27,TLKM,3050.0,3270.0,3050.0,3090.0,2093.128173828125,200952500,0.0,0.0
2020-03-30,TLKM,3060.0,3180.0,2880.0,3140.0,2126.997802734375,134474300,0.0,0.0
2020-03-31,TLKM,3180.0,3300.0,3120.0,3160.0,2140.54541015625,151302900,0.0,0.0
2020-04-01,TLKM,3180.0,3200.0,3040.0,3100.0,2099.90234375,104550600,0.0,0.0
2020-04-02,TLKM,3100.0,3130.0,3020.0,3130.0,2120.223876953125,92893600,0.0,0.0
2020-04-03,TLKM,3150.0,3220.0,3120.0,3200.0,2167.640869140625,83469200,0.0,0.0
2020-04-06,TLKM,3280.0,3330.0,3180.0,3330.0,2255.70166015625,115495000,0.0,0.0
2020-04-07,TLKM,3390.0,3500.0,3200.0,3220.0,2181.188720703125,166425600,0.0,0.0
2020-04-08,TLKM,3220.0,3220.0,3050.0,3110.0,2106.676025390625,124553900,0.0,0.0
2020-04-09,TLKM,3110.0,3180.0,3030.0,3120.0,2113.4501953125,122622400,0.0,0.0
2020-04-13,TLKM,3140.0,3230.0,3130.0,3180.0,2154.09326171875,45469500,0.0,0.0
2020-04-14,TLKM,3200.0,3250.0,3160.0,3240.0,2194.736328125,79114600,0.0,0.0
2020-04-15,TLKM,3250.0,3300.0,3090.0,3110.0,2106.676025390625,69832000,0.0,0.0
2020-04-16,TLKM,3110.0,3110.0,3000.0,3000.0,2032.16357421875,109582500,0.0,0.0
2020-04-17,TLKM,3050.0,3250.0,3050.0,3230.0,2187.962890625,127860400,0.0,0.0
2020-04-20,TLKM,3270.0,3270.0,3120.0,3120.0,2113.4501953125,77306900,0.0,0.0
2020-04-21,TLKM,3120.0,3130.0,3050.0,3070.0,2079.58056640625,43239400,0.0,0.0
2020-04-22,TLKM,3050.0,3270.0,3030.0,3160.0,2140.54541015625,126278300,0.0,0.0
2020-04-23,TLKM,3200.0,3240.0,3070.0,3070.0,2079.58056640625,117391500,0.0,0.0
2020-04-24,TLKM,3100.0,3160.0,3080.0,3090.0,2093.128173828125,84061400,0.0,0.0
2020-04-27,TLKM,3120.0,3200.0,3100.0,3150.0,2133.771484375,85475400,0.0,0.0
2020-04-28,TLKM,3170.0,3200.0,3140.0,3160.0,2140.54541015625,80212700,0.0,0.0
2020-04-29,TLKM,3200.0,3390.0,3100.0,3350.0,2269.24951171875,154902100,0.0,0.0
2020-04-30,TLKM,3400.0,3540.0,3350.0,3500.0,2370.857177734375,163170100,0.0,0.0
2020-05-04,TLKM,3400.0,3400.0,3260.0,3320.0,2248.927490234375,108988600,0.0,0.0
2020-05-05,TLKM,3320.0,3390.0,3320.0,3320.0,2248.927490234375,74036700,0.0,0.0
2020-05-06,TLKM,3300.0,3340.0,3220.0,3240.0,2194.736328125,86395000,0.0,0.0
2020-05-08,TLKM,3270.0,3290.0,3150.0,3190.0,2160.8671875,143584400,0.0,0.0
2020-05-11,TLKM,3220.0,3250.0,3210.0,3220.0,2181.188720703125,58473100,0.0,0.0
2020-05-12,TLKM,3270.0,3270.0,3100.0,3150.0,2133.771484375,138978700,0.0,0.0
2020-05-13,TLKM,3150.0,3170.0,3080.0,3160.0,2140.54541015625,73238700,0.0,0.0
2020-05-14,TLKM,3110.0,3140.0,3060.0,3070.0,2079.58056640625,101581300,0.0,0.0
2020-05-15,TLKM,3100.0,3130.0,3020.0,3100.0,2099.90234375,114753900,0.0,0.0
2020-05-18,TLKM,3100.0,3220.0,3100.0,3220.0,2181.188720703125,108828800,0.0,0.0
2020-05-19,TLKM,3250.0,3330.0,3250.0,3270.0,2215.057861328125,97387100,0.0,0.0
2020-05-20,TLKM,3200.0,3260.0,3180.0,3180.0,2154.09326171875,76086600,0.0,0.0
2020-05-26,TLKM,3150.0,3280.0,3130.0,3250.0,2201.51025390625,105792900,0.0,0.0
2020-05-27,TLKM,3250.0,3270.0,3150.0,3170.0,2147.3193359375,128693900,0.0,0.0
2020-05-28,TLKM,3180.0,3210.0,3130.0,3130.0,2120.223876953125,177385100,0.0,0.0
2020-05-29,TLKM,3100.0,3150.0,3080.0,3150.0,2133.771484375,276092100,0.0,0.0
2020-06-02,TLKM,3160.0,3270.0,3120.0,3250.0,2201.51025390625,174790600,0.0,0.0
2020-06-03,TLKM,3280.0,3320.0,3230.0,3290.0,2228.60546875,216200900,0.0,0.0
2020-06-04,TLKM,3320.0,3390.0,3250.0,3300.0,2235.3798828125,167708600,0.0,0.0
2020-06-05,TLKM,3360.0,3360.0,3200.0,3230.0,2187.962890625,188420700,0.0,0.0
2020-06-08,TLKM,3250.0,3290.0,3220.0,3230.0,2187.962890625,221641600,0.0,0.0
2020-06-09,TLKM,3250.0,3270.0,3140.0,3140.0,2126.997802734375,171214500,0.0,0.0
2020-06-10,TLKM,3150.0,3190.0,3100.0,3110.0,2106.676025390625,263483700,0.0,0.0
2020-06-11,TLKM,3120.0,3150.0,3060.0,3080.0,2086.3544921875,175767800,0.0,0.0
2020-06-12,TLKM,3080.0,3080.0,2970.0,3030.0,2052.4853515625,260087300,0.0,0.0
2020-06-15,TLKM,3060.0,3150.0,3030.0,3090.0,2093.128173828125,241625700,0.0,0.0
2020-06-16,TLKM,3150.0,3220.0,3130.0,3200.0,2167.640869140625,194424800,0.0,0.0
2020-06-17,TLKM,3210.0,3230.0,3140.0,3210.0,2174.4150390625,177784900,0.0,0.0
2020-06-18,TLKM,3210.0,3350.0,3180.0,3280.0,2221.832275390625,235586600,0.0,0.0
2020-06-19,TLKM,3300.0,3340.0,3250.0,3280.0,2221.832275390625,227358800,0.0,0.0
2020-06-22,TLKM,3290.0,3300.0,3180.0,3200.0,2167.640869140625,159776500,0.0,0.0
2020-06-23,TLKM,3200.0,3200.0,3120.0,3130.0,2120.223876953125,167271000,0.0,0.0
2020-06-24,TLKM,3150.0,3230.0,3140.0,3180.0,2154.09326171875,170895600,0.0,0.0
2020-06-25,TLKM,3160.0,3220.0,3140.0,3160.0,2140.54541015625,100882600,0.0,0.0
2020-06-26,TLKM,3190.0,3220.0,3180.0,3190.0,2160.8671875,100784500,0.0,0.0
2020-06-29,TLKM,3200.0,3250.0,3160.0,3180.0,2154.09326171875,156613200,0.0,0.0
2020-06-30,TLKM,3090.0,3100.0,3050.0,3050.0,2171.226806640625,258068400,154.0682,0.0
2020-07-01,TLKM,3070.0,3100.0,3010.0,3040.0,2164.10791015625,148037400,0.0,0.0
2020-07-02,TLKM,3040.0,3140.0,3040.0,3140.0,2235.295654296875,178357900,0.0,0.0
2020-07-03,TLKM,3150.0,3180.0,3110.0,3120.0,2221.058349609375,102033100,0.0,0.0
2020-07-06,TLKM,3130.0,3150.0,3040.0,3050.0,2171.226806640625,248572600,0.0,0.0
2020-07-07,TLKM,3060.0,3120.0,3050.0,3120.0,2221.058349609375,169104200,0.0,0.0
2020-07-08,TLKM,3130.0,3160.0,3110.0,3150.0,2242.41455078125,158166300,0.0,0.0
2020-07-09,TLKM,3170.0,3190.0,3110.0,3110.0,2213.939453125,125940800,0.0,0.0
2020-07-10,TLKM,3110.0,3130.0,3100.0,3110.0,2213.939453125,95422400,0.0,0.0
2020-07-13,TLKM,3120.0,3130.0,3080.0,3090.0,2199.701904296875,77733900,0.0,0.0
2020-07-14,TLKM,3100.0,3110.0,3070.0,3080.0,2192.58349609375,111442600,0.0,0.0
2020-07-15,TLKM,3120.0,3130.0,3080.0,3090.0,2199.701904296875,102304100,0.0,0.0
2020-07-16,TLKM,3090.0,3110.0,3080.0,3100.0,2206.820556640625,91951000,0.0,0.0
2020-07-17,TLKM,3100.0,3110.0,3060.0,3060.0,2178.345458984375,112416300,0.0,0.0
2020-07-20,TLKM,3080.0,3080.0,3040.0,3060.0,2178.345458984375,64735500,0.0,0.0
2020-07-21,TLKM,3050.0,3110.0,3050.0,3060.0,2178.345458984375,101283800,0.0,0.0
2020-07-22,TLKM,3070.0,3090.0,3060.0,3070.0,2185.46435546875,69462100,0.0,0.0
2020-07-23,TLKM,3070.0,3090.0,3060.0,3070.0,2185.46435546875,70482100,0.0,0.0
2020-07-24,TLKM,3080.0,3080.0,3020.0,3020.0,2149.870361328125,137265100,0.0,0.0
2020-07-27,TLKM,3020.0,3050.0,3020.0,3040.0,2164.10791015625,58708800,0.0,0.0
2020-07-28,TLKM,3050.0,3050.0,3010.0,3020.0,2149.870361328125,102705300,0.0,0.0
2020-07-29,TLKM,3030.0,3050.0,3000.0,3000.0,2135.633056640625,114352000,0.0,0.0
2020-07-30,TLKM,3040.0,3050.0,3000.0,3050.0,2171.226806640625,95785000,0.0,0.0
2020-08-03,TLKM,3060.0,3060.0,2850.0,2920.0,2078.6826171875,255659800,0.0,0.0
2020-08-04,TLKM,2970.0,2970.0,2920.0,2950.0,2100.0390625,96018000,0.0,0.0
2020-08-05,TLKM,2960.0,3040.0,2920.0,3020.0,2149.870361328125,120719100,0.0,0.0
2020-08-06,TLKM,3050.0,3050.0,3000.0,3020.0,2149.870361328125,71699000,0.0,0.0
2020-08-07,TLKM,3020.0,3030.0,2970.0,2980.0,2121.3955078125,78347200,0.0,0.0
2020-08-10,TLKM,3000.0,3020.0,2970.0,2970.0,2114.27685546875,65485400,0.0,0.0
2020-08-11,TLKM,2980.0,3000.0,2930.0,2930.0,2085.80126953125,175693000,0.0,0.0
2020-08-12,TLKM,2930.0,2960.0,2920.0,2950.0,2100.0390625,110934800,0.0,0.0
2020-08-13,TLKM,2950.0,3020.0,2950.0,3010.0,2142.751708984375,160906600,0.0,0.0
2020-08-14,TLKM,3020.0,3040.0,3000.0,3030.0,2156.989501953125,93007500,0.0,0.0
2020-08-18,TLKM,3030.0,3060.0,3000.0,3050.0,2171.226806640625,139358500,0.0,0.0
2020-08-19,TLKM,3050.0,3050.0,3000.0,3000.0,2135.633056640625,103980600,0.0,0.0
2020-08-24,TLKM,3010.0,3020.0,2990.0,3000.0,2135.633056640625,76713900,0.0,0.0
2020-08-25,TLKM,3010.0,3010.0,2980.0,2980.0,2121.3955078125,100013600,0.0,0.0
2020-08-26,TLKM,2980.0,3050.0,2980.0,3020.0,2149.870361328125,122465300,0.0,0.0
2020-08-27,TLKM,3020.0,3040.0,2970.0,2990.0,2128.513916015625,102787800,0.0,0.0
2020-08-28,TLKM,2990.0,2990.0,2940.0,2960.0,2107.15771484375,160569500,0.0,0.0
2020-08-31,TLKM,2960.0,2980.0,2860.0,2860.0,2035.9700927734375,204261100,0.0,0.0
2020-09-01,TLKM,2900.0,2910.0,2860.0,2900.0,2064.445068359375,90565400,0.0,0.0
2020-09-02,TLKM,2900.0,2970.0,2900.0,2950.0,2100.0390625,107589800,0.0,0.0
2020-09-03,TLKM,2950.0,2960.0,2880.0,2900.0,2064.445068359375,123106100,0.0,0.0
2020-09-04,TLKM,2850.0,2890.0,2840.0,2860.0,2035.9700927734375,143569100,0.0,0.0
2020-09-07,TLKM,2870.0,2910.0,2870.0,2900.0,2064.445068359375,62206600,0.0,0.0
2020-09-08,TLKM,2890.0,2900.0,2860.0,2860.0,2035.9700927734375,80068200,0.0,0.0
2020-09-09,TLKM,2850.0,2860.0,2800.0,2800.0,1993.2574462890625,108397400,0.0,0.0
2020-09-10,TLKM,2800.0,2800.0,2620.0,2700.0,1922.0697021484375,287496300,0.0,0.0
2020-09-11,TLKM,2670.0,2840.0,2650.0,2810.0,2000.3760986328125,197756800,0.0,0.0
2020-09-14,TLKM,2830.0,2890.0,2820.0,2890.0,2057.326416015625,127562700,0.0,0.0
2020-09-15,TLKM,2890.0,2900.0,2810.0,2830.0,2014.6136474609375,106215900,0.0,0.0
2020-09-16,TLKM,2810.0,2830.0,2770.0,2790.0,1986.138427734375,68113400,0.0,0.0
2020-09-17,TLKM,2810.0,2850.0,2780.0,2820.0,2007.4951171875,97257400,0.0,0.0
2020-09-18,TLKM,2850.0,2890.0,2840.0,2890.0,2057.326416015625,162116700,0.0,0.0
2020-09-21,TLKM,2890.0,2910.0,2800.0,2810.0,2000.3760986328125,100305100,0.0,0.0
2020-09-22,TLKM,2790.0,2810.0,2750.0,2780.0,1979.0198974609375,75891600,0.0,0.0
2020-09-23,TLKM,2770.0,2810.0,2740.0,2800.0,1993.2574462890625,85953300,0.0,0.0
2020-09-24,TLKM,2750.0,2760.0,2710.0,2730.0,1943.4259033203125,74516800,0.0,0.0
2020-09-25,TLKM,2720.0,2740.0,2670.0,2690.0,1914.9505615234375,180968900,0.0,0.0
2020-09-28,TLKM,2710.0,2730.0,2660.0,2660.0,1893.5947265625,89256700,0.0,0.0
2020-09-29,TLKM,2690.0,2690.0,2630.0,2630.0,1872.238037109375,155853900,0.0,0.0
2020-09-30,TLKM,2630.0,2650.0,2540.0,2560.0,1822.406982421875,235611600,0.0,0.0
2020-10-01,TLKM,2600.0,2760.0,2600.0,2750.0,1957.6634521484375,225006000,0.0,0.0
2020-10-02,TLKM,2750.0,2750.0,2650.0,2680.0,1907.83203125,140161900,0.0,0.0
2020-10-05,TLKM,2690.0,2710.0,2640.0,2650.0,1886.4755859375,124720200,0.0,0.0
2020-10-06,TLKM,2680.0,2700.0,2620.0,2650.0,1886.4755859375,148977400,0.0,0.0
2020-10-07,TLKM,2650.0,2670.0,2620.0,2660.0,1893.5947265625,110186000,0.0,0.0
2020-10-08,TLKM,2670.0,2720.0,2650.0,2700.0,1922.0697021484375,154587800,0.0,0.0
2020-10-09,TLKM,2710.0,2750.0,2700.0,2730.0,1943.4259033203125,109122300,0.0,0.0
2020-10-12,TLKM,2750.0,2760.0,2710.0,2730.0,1943.4259033203125,77479100,0.0,0.0
2020-10-13,TLKM,2730.0,2740.0,2680.0,2730.0,1943.4259033203125,97205500,0.0,0.0
2020-10-14,TLKM,2730.0,2830.0,2710.0,2810.0,2000.3760986328125,183236500,0.0,0.0
2020-10-15,TLKM,2800.0,2850.0,2760.0,2780.0,1979.0198974609375,138462900,0.0,0.0
2020-10-16,TLKM,2780.0,2780.0,2720.0,2750.0,1957.6634521484375,135175000,0.0,0.0
2020-10-19,TLKM,2800.0,2810.0,2710.0,2710.0,1929.1884765625,187840500,0.0,0.0
2020-10-20,TLKM,2710.0,2740.0,2670.0,2670.0,1900.7132568359375,168211100,0.0,0.0
2020-10-21,TLKM,2680.0,2710.0,2670.0,2680.0,1907.83203125,142146300,0.0,0.0
2020-10-22,TLKM,2670.0,2720.0,2650.0,2700.0,1922.0697021484375,257179400,0.0,0.0
2020-10-23,TLKM,2710.0,2720.0,2630.0,2630.0,1872.238037109375,166356000,0.0,0.0
2020-10-26,TLKM,2630.0,2680.0,2630.0,2650.0,1886.4755859375,97523200,0.0,0.0
2020-10-27,TLKM,2640.0,2690.0,2620.0,2620.0,1865.119384765625,146366600,0.0,0.0
2020-11-02,TLKM,2590.0,2620.0,2550.0,2560.0,1822.406982421875,391510600,0.0,0.0
2020-11-03,TLKM,2570.0,2590.0,2540.0,2580.0,1836.6444091796875,188874000,0.0,0.0
2020-11-04,TLKM,2600.0,2640.0,2580.0,2580.0,1836.6444091796875,150678200,0.0,0.0
2020-11-05,TLKM,2630.0,2810.0,2620.0,2770.0,1971.901123046875,369260400,0.0,0.0
2020-11-06,TLKM,2800.0,2840.0,2750.0,2830.0,2014.6136474609375,243865800,0.0,0.0
2020-11-09,TLKM,2860.0,2900.0,2840.0,2880.0,2050.20751953125,208192700,0.0,0.0
2020-11-10,TLKM,2950.0,2950.0,2860.0,2860.0,2035.9700927734375,195337300,0.0,0.0
2020-11-11,TLKM,2900.0,3100.0,2880.0,3080.0,2192.58349609375,480530200,0.0,0.0
2020-11-12,TLKM,3080.0,3080.0,3010.0,3040.0,2164.10791015625,169609900,0.0,0.0
2020-11-13,TLKM,3010.0,3010.0,2950.0,2990.0,2128.513916015625,186708800,0.0,0.0
2020-11-16,TLKM,3040.0,3100.0,3020.0,3070.0,2185.46435546875,206145500,0.0,0.0
2020-11-17,TLKM,3100.0,3270.0,3100.0,3220.0,2292.245849609375,527501800,0.0,0.0
2020-11-18,TLKM,3200.0,3250.0,3160.0,3180.0,2263.770751953125,239122600,0.0,0.0
2020-11-19,TLKM,3150.0,3220.0,3140.0,3170.0,2256.652099609375,185558800,0.0,0.0
2020-11-20,TLKM,3190.0,3270.0,3180.0,3220.0,2292.245849609375,211892500,0.0,0.0
2020-11-23,TLKM,3230.0,3340.0,3220.0,3320.0,2363.43359375,260752200,0.0,0.0
2020-11-24,TLKM,3350.0,3380.0,3330.0,3350.0,2384.790283203125,207503900,0.0,0.0
2020-11-25,TLKM,3370.0,3390.0,3280.0,3280.0,2334.958740234375,253156200,0.0,0.0
2020-11-26,TLKM,3280.0,3480.0,3280.0,3470.0,2470.21533203125,374185400,0.0,0.0
2020-11-27,TLKM,3480.0,3500.0,3420.0,3460.0,2463.0966796875,163651600,0.0,0.0
2020-11-30,TLKM,3460.0,3470.0,3220.0,3230.0,2299.364990234375,624142600,0.0,0.0
2020-12-01,TLKM,3230.0,3320.0,3160.0,3240.0,2306.4833984375,277929200,0.0,0.0
2020-12-02,TLKM,3270.0,3330.0,3240.0,3330.0,2370.552490234375,187276600,0.0,0.0
2020-12-03,TLKM,3330.0,3360.0,3280.0,3300.0,2349.196044921875,121434200,0.0,0.0
2020-12-04,TLKM,3270.0,3280.0,3210.0,3250.0,2313.602294921875,170418900,0.0,0.0
2020-12-07,TLKM,3280.0,3330.0,3260.0,3330.0,2370.552490234375,175436900,0.0,0.0
2020-12-08,TLKM,3350.0,3350.0,3290.0,3300.0,2349.196044921875,113775100,0.0,0.0
2020-12-10,TLKM,3270.0,3290.0,3250.0,3260.0,2320.720703125,229380200,0.0,0.0
2020-12-11,TLKM,3270.0,3330.0,3250.0,3280.0,2334.958740234375,154365400,0.0,0.0
2020-12-14,TLKM,3300.0,3340.0,3250.0,3320.0,2363.43359375,281474900,0.0,0.0
2020-12-15,TLKM,3320.0,3490.0,3290.0,3450.0,2455.9775390625,410175700,0.0,0.0
2020-12-16,TLKM,3500.0,3640.0,3500.0,3610.0,2569.878173828125,455088400,0.0,0.0
2020-12-17,TLKM,3610.0,3620.0,3520.0,3540.0,2520.047119140625,249797800,0.0,0.0
2020-12-18,TLKM,3500.0,3540.0,3500.0,3510.0,2498.6904296875,187856600,0.0,0.0
2020-12-21,TLKM,3530.0,3610.0,3510.0,3520.0,2505.809326171875,267970200,0.0,0.0
2020-12-22,TLKM,3500.0,3540.0,3340.0,3360.0,2391.908935546875,311860000,0.0,0.0
2020-12-23,TLKM,3350.0,3420.0,3240.0,3320.0,2363.43359375,240067600,0.0,0.0
2020-12-28,TLKM,3370.0,3460.0,3280.0,3430.0,2441.740478515625,178138100,0.0,0.0
2020-12-29,TLKM,3500.0,3530.0,3400.0,3420.0,2434.621826171875,184525500,0.0,0.0
2020-12-30,TLKM,3420.0,3420.0,3310.0,3310.0,2356.31494140625,150844500,0.0,0.0
2021-01-04,TLKM,3320.0,3500.0,3310.0,3490.0,2484.45263671875,165339800,0.0,0.0
2021-01-05,TLKM,3480.0,3480.0,3420.0,3470.0,2470.21533203125,157800700,0.0,0.0
2021-01-06,TLKM,3470.0,3490.0,3330.0,3370.0,2399.027587890625,177877900,0.0,0.0
2021-01-07,TLKM,3390.0,3450.0,3380.0,3390.0,2413.26513671875,140221900,0.0,0.0
2021-01-08,TLKM,3450.0,3620.0,3440.0,3570.0,2541.403076171875,492643700,0.0,0.0
2021-01-11,TLKM,3590.0,3640.0,3570.0,3600.0,2562.759521484375,271231200,0.0,0.0
2021-01-12,TLKM,3600.0,3620.0,3500.0,3510.0,2498.6904296875,189779500,0.0,0.0
2021-01-13,TLKM,3550.0,3550.0,3460.0,3480.0,2477.333984375,162329300,0.0,0.0
2021-01-14,TLKM,3480.0,3590.0,3470.0,3500.0,2491.57177734375,187448400,0.0,0.0
2021-01-15,TLKM,3510.0,3540.0,3450.0,3480.0,2477.333984375,133304300,0.0,0.0
2021-01-18,TLKM,3480.0,3520.0,3430.0,3450.0,2455.9775390625,138913100,0.0,0.0
2021-01-19,TLKM,3470.0,3490.0,3370.0,3410.0,2427.502685546875,144100700,0.0,0.0
2021-01-20,TLKM,3420.0,3480.0,3380.0,3470.0,2470.21533203125,116098100,0.0,0.0
2021-01-21,TLKM,3500.0,3520.0,3460.0,3480.0,2477.333984375,81801900,0.0,0.0
2021-01-22,TLKM,3420.0,3440.0,3360.0,3390.0,2413.26513671875,165024200,0.0,0.0
2021-01-25,TLKM,3370.0,3410.0,3310.0,3370.0,2399.027587890625,118131800,0.0,0.0
2021-01-26,TLKM,3360.0,3390.0,3260.0,3260.0,2320.720703125,111414500,0.0,0.0
2021-01-27,TLKM,3340.0,3380.0,3260.0,3380.0,2406.146728515625,159144700,0.0,0.0
2021-01-28,TLKM,3280.0,3330.0,3230.0,3240.0,2306.4833984375,142648800,0.0,0.0
2021-01-29,TLKM,3290.0,3290.0,3110.0,3110.0,2213.939453125,191915100,0.0,0.0
2021-02-01,TLKM,3130.0,3250.0,3040.0,3230.0,2299.364990234375,133929600,0.0,0.0
2021-02-02,TLKM,3300.0,3330.0,3250.0,3270.0,2327.840087890625,114734600,0.0,0.0
2021-02-03,TLKM,3250.0,3330.0,3220.0,3240.0,2306.4833984375,86433900,0.0,0.0
2021-02-04,TLKM,3270.0,3330.0,3260.0,3290.0,2342.0771484375,80319500,0.0,0.0
2021-02-05,TLKM,3320.0,3320.0,3270.0,3290.0,2342.0771484375,52630500,0.0,0.0
2021-02-08,TLKM,3300.0,3370.0,3270.0,3280.0,2334.958740234375,96635600,0.0,0.0
2021-02-09,TLKM,3250.0,3300.0,3180.0,3200.0,2278.00830078125,157479200,0.0,0.0
2021-02-10,TLKM,3180.0,3220.0,3160.0,3190.0,2270.8896484375,125221400,0.0,0.0
2021-02-11,TLKM,3220.0,3230.0,3170.0,3190.0,2270.8896484375,79940700,0.0,0.0
2021-02-15,TLKM,3200.0,3260.0,3200.0,3220.0,2292.245849609375,88883300,0.0,0.0
2021-02-16,TLKM,3200.0,3250.0,3190.0,3210.0,2285.126953125,82026300,0.0,0.0
2021-02-17,TLKM,3220.0,3250.0,3140.0,3150.0,2242.41455078125,121105300,0.0,0.0
2021-02-18,TLKM,3190.0,3270.0,3180.0,3180.0,2263.770751953125,151200300,0.0,0.0
2021-02-19,TLKM,3180.0,3220.0,3170.0,3210.0,2285.126953125,63214600,0.0,0.0
2021-02-22,TLKM,3210.0,3240.0,3170.0,3170.0,2256.652099609375,100425500,0.0,0.0
2021-02-23,TLKM,3200.0,3480.0,3200.0,3470.0,2470.21533203125,354966200,0.0,0.0
2021-02-24,TLKM,3490.0,3550.0,3460.0,3480.0,2477.333984375,303017100,0.0,0.0
2021-02-25,TLKM,3510.0,3570.0,3450.0,3490.0,2484.45263671875,226833000,0.0,0.0
2021-02-26,TLKM,3450.0,3510.0,3410.0,3490.0,2484.45263671875,230007700,0.0,0.0
2021-03-01,TLKM,3490.0,3510.0,3470.0,3490.0,2484.45263671875,91513500,0.0,0.0
2021-03-02,TLKM,3490.0,3500.0,3440.0,3460.0,2463.0966796875,169061400,0.0,0.0
2021-03-03,TLKM,3480.0,3480.0,3420.0,3440.0,2448.859130859375,82610700,0.0,0.0
2021-03-04,TLKM,3420.0,3430.0,3350.0,3360.0,2391.908935546875,142322100,0.0,0.0
2021-03-05,TLKM,3340.0,3370.0,3320.0,3320.0,2363.43359375,128546000,0.0,0.0
2021-03-08,TLKM,3360.0,3400.0,3330.0,3340.0,2377.671142578125,80094900,0.0,0.0
2021-03-09,TLKM,3370.0,3390.0,3280.0,3290.0,2342.0771484375,110090800,0.0,0.0
2021-03-10,TLKM,3340.0,3420.0,3310.0,3400.0,2420.384033203125,91631900,0.0,0.0
2021-03-12,TLKM,3440.0,3480.0,3430.0,3450.0,2455.9775390625,100195200,0.0,0.0
2021-03-15,TLKM,3440.0,3450.0,3380.0,3380.0,2406.146728515625,50077300,0.0,0.0
2021-03-16,TLKM,3400.0,3410.0,3360.0,3360.0,2391.908935546875,60111200,0.0,0.0
2021-03-17,TLKM,3410.0,3430.0,3370.0,3390.0,2413.26513671875,61701400,0.0,0.0
2021-03-18,TLKM,3450.0,3480.0,3430.0,3450.0,2455.9775390625,101896400,0.0,0.0
2021-03-19,TLKM,3410.0,3440.0,3380.0,3440.0,2448.859130859375,140000000,0.0,0.0
2021-03-22,TLKM,3440.0,3440.0,3380.0,3380.0,2406.146728515625,53870300,0.0,0.0
2021-03-23,TLKM,3390.0,3420.0,3350.0,3360.0,2391.908935546875,55323200,0.0,0.0
2021-03-24,TLKM,3320.0,3390.0,3320.0,3370.0,2399.027587890625,67173200,0.0,0.0
2021-03-25,TLKM,3400.0,3430.0,3380.0,3410.0,2427.502685546875,107607200,0.0,0.0
2021-03-26,TLKM,3410.0,3500.0,3390.0,3490.0,2484.45263671875,106810400,0.0,0.0
2021-03-29,TLKM,3470.0,3490.0,3400.0,3410.0,2427.502685546875,72214100,0.0,0.0
2021-03-30,TLKM,3420.0,3430.0,3360.0,3380.0,2406.146728515625,66491800,0.0,0.0
2021-03-31,TLKM,3380.0,3420.0,3330.0,3420.0,2434.621826171875,134671900,0.0,0.0
2021-04-01,TLKM,3390.0,3440.0,3380.0,3390.0,2413.26513671875,73332000,0.0,0.0
2021-04-05,TLKM,3430.0,3430.0,3370.0,3380.0,2406.146728515625,36029200,0.0,0.0
2021-04-06,TLKM,3400.0,3410.0,3370.0,3370.0,2399.027587890625,40566400,0.0,0.0
2021-04-07,TLKM,3410.0,3430.0,3380.0,3400.0,2420.384033203125,84754300,0.0,0.0
2021-04-08,TLKM,3380.0,3400.0,3380.0,3390.0,2413.26513671875,59079700,0.0,0.0
2021-04-09,TLKM,3390.0,3390.0,3360.0,3360.0,2391.908935546875,56861400,0.0,0.0
2021-04-12,TLKM,3340.0,3390.0,3300.0,3310.0,2356.31494140625,79003200,0.0,0.0
2021-04-13,TLKM,3340.0,3340.0,3300.0,3330.0,2370.552490234375,51300200,0.0,0.0
2021-04-14,TLKM,3360.0,3360.0,3320.0,3340.0,2377.671142578125,52587500,0.0,0.0
2021-04-15,TLKM,3340.0,3360.0,3320.0,3360.0,2391.908935546875,65669100,0.0,0.0
2021-04-16,TLKM,3370.0,3370.0,3320.0,3360.0,2391.908935546875,52517800,0.0,0.0
2021-04-19,TLKM,3330.0,3360.0,3330.0,3340.0,2377.671142578125,44899700,0.0,0.0
2021-04-20,TLKM,3330.0,3350.0,3300.0,3320.0,2363.43359375,55700100,0.0,0.0
2021-04-21,TLKM,3290.0,3330.0,3280.0,3280.0,2334.958740234375,47167800,0.0,0.0
2021-04-22,TLKM,3290.0,3340.0,3290.0,3330.0,2370.552490234375,54970000,0.0,0.0
2021-04-23,TLKM,3330.0,3330.0,3290.0,3310.0,2356.31494140625,39798400,0.0,0.0
2021-04-26,TLKM,3280.0,3300.0,3250.0,3250.0,2313.602294921875,55076200,0.0,0.0
2021-04-27,TLKM,3240.0,3250.0,3140.0,3160.0,2249.533447265625,166985400,0.0,0.0
2021-04-28,TLKM,3160.0,3170.0,3130.0,3140.0,2235.295654296875,91596300,0.0,0.0
2021-04-29,TLKM,3150.0,3210.0,3140.0,3200.0,2278.00830078125,111785100,0.0,0.0
2021-04-30,TLKM,3220.0,3260.0,3200.0,3200.0,2278.00830078125,143840800,0.0,0.0
2021-05-03,TLKM,3200.0,3210.0,3130.0,3170.0,2256.652099609375,124724400,0.0,0.0
2021-05-04,TLKM,3180.0,3210.0,3170.0,3210.0,2285.126953125,60180600,0.0,0.0
2021-05-05,TLKM,3210.0,3210.0,3180.0,3200.0,2278.00830078125,76480300,0.0,0.0
2021-05-06,TLKM,3200.0,3200.0,3150.0,3190.0,2270.8896484375,91955600,0.0,0.0
2021-05-07,TLKM,3200.0,3220.0,3180.0,3190.0,2270.8896484375,98099900,0.0,0.0
2021-05-10,TLKM,3190.0,3200.0,3160.0,3170.0,2256.652099609375,104121900,0.0,0.0
2021-05-11,TLKM,3170.0,3200.0,3150.0,3180.0,2263.770751953125,94281900,0.0,0.0
2021-05-17,TLKM,3190.0,3190.0,3150.0,3190.0,2270.8896484375,114071400,0.0,0.0
2021-05-18,TLKM,3190.0,3190.0,3150.0,3180.0,2263.770751953125,77310400,0.0,0.0
2021-05-19,TLKM,3150.0,3220.0,3150.0,3160.0,2249.533447265625,48958100,0.0,0.0
2021-05-20,TLKM,3190.0,3320.0,3180.0,3310.0,2356.31494140625,197430900,0.0,0.0
2021-05-21,TLKM,3340.0,3350.0,3270.0,3270.0,2327.840087890625,104101400,0.0,0.0
2021-05-24,TLKM,3290.0,3330.0,3220.0,3260.0,2320.720703125,64347100,0.0,0.0
2021-05-25,TLKM,3290.0,3320.0,3270.0,3300.0,2349.196044921875,62218300,0.0,0.0
2021-05-27,TLKM,3350.0,3400.0,3330.0,3380.0,2406.146728515625,233551300,0.0,0.0
2021-05-28,TLKM,3380.0,3400.0,3260.0,3270.0,2327.840087890625,87439800,0.0,0.0
2021-05-31,TLKM,3300.0,3460.0,3300.0,3440.0,2448.859130859375,155768200,0.0,0.0
2021-06-02,TLKM,3490.0,3500.0,3420.0,3450.0,2455.9775390625,108933400,0.0,0.0
2021-06-03,TLKM,3420.0,3490.0,3420.0,3490.0,2484.45263671875,77627900,0.0,0.0
2021-06-04,TLKM,3490.0,3510.0,3450.0,3500.0,2491.57177734375,70624200,0.0,0.0
2021-06-07,TLKM,3540.0,3570.0,3500.0,3550.0,2527.16552734375,124440300,0.0,0.0
2021-06-08,TLKM,3550.0,3550.0,3470.0,3500.0,2491.57177734375,132409400,0.0,0.0
2021-06-09,TLKM,3340.0,3400.0,3310.0,3390.0,2534.9501953125,112204200,168.01,0.0
2021-06-10,TLKM,3350.0,3500.0,3340.0,3480.0,2602.24951171875,137713700,0.0,0.0
2021-06-11,TLKM,3490.0,3500.0,3420.0,3470.0,2594.77197265625,82336600,0.0,0.0
2021-06-14,TLKM,3460.0,3470.0,3400.0,3410.0,2549.905517578125,46016500,0.0,0.0
2021-06-15,TLKM,3410.0,3440.0,3380.0,3440.0,2572.338623046875,60528600,0.0,0.0
2021-06-16,TLKM,3380.0,3430.0,3380.0,3410.0,2549.905517578125,39149800,0.0,0.0
2021-06-17,TLKM,3370.0,3420.0,3350.0,3350.0,2505.0390625,50286100,0.0,0.0
2021-06-18,TLKM,3350.0,3400.0,3290.0,3350.0,2505.0390625,168414300,0.0,0.0
2021-06-21,TLKM,3280.0,3340.0,3260.0,3300.0,2467.650634765625,74248200,0.0,0.0
2021-06-22,TLKM,3300.0,3370.0,3290.0,3300.0,2467.650634765625,89349200,0.0,0.0
2021-06-23,TLKM,3310.0,3420.0,3310.0,3370.0,2519.994384765625,81901000,0.0,0.0
2021-06-24,TLKM,3330.0,3360.0,3240.0,3250.0,2430.26171875,101334200,0.0,0.0
2021-06-25,TLKM,3250.0,3300.0,3240.0,3250.0,2430.26171875,58330700,0.0,0.0
2021-06-28,TLKM,3250.0,3260.0,3170.0,3170.0,2370.439697265625,66338900,0.0,0.0
2021-06-29,TLKM,3190.0,3260.0,3150.0,3160.0,2362.96240234375,123411200,0.0,0.0
2021-06-30,TLKM,3150.0,3180.0,3130.0,3150.0,2355.484375,142204500,0.0,0.0
2021-07-01,TLKM,3160.0,3170.0,3090.0,3110.0,2325.57373046875,143665900,0.0,0.0
2021-07-02,TLKM,3110.0,3130.0,3060.0,3070.0,2295.662841796875,161855700,0.0,0.0
2021-07-05,TLKM,3070.0,3090.0,3010.0,3040.0,2273.2294921875,133815000,0.0,0.0
2021-07-06,TLKM,3050.0,3070.0,3000.0,3010.0,2250.79638671875,151573500,0.0,0.0
2021-07-07,TLKM,3030.0,3070.0,3010.0,3030.0,2265.75146484375,110215500,0.0,0.0
2021-07-08,TLKM,3060.0,3060.0,3000.0,3010.0,2250.79638671875,132576600,0.0,0.0
2021-07-09,TLKM,3040.0,3170.0,3030.0,3160.0,2362.96240234375,222916400,0.0,0.0
2021-07-12,TLKM,3190.0,3190.0,3110.0,3130.0,2340.529052734375,86268000,0.0,0.0
2021-07-13,TLKM,3160.0,3160.0,3050.0,3070.0,2295.662841796875,82856600,0.0,0.0
2021-07-14,TLKM,3050.0,3070.0,3020.0,3060.0,2288.1845703125,84993400,0.0,0.0
2021-07-15,TLKM,3110.0,3140.0,3080.0,3130.0,2340.529052734375,88092800,0.0,0.0
2021-07-16,TLKM,3140.0,3170.0,3110.0,3170.0,2370.439697265625,63626300,0.0,0.0
2021-07-19,TLKM,3160.0,3230.0,3150.0,3220.0,2407.82861328125,116219500,0.0,0.0
2021-07-21,TLKM,3190.0,3240.0,3180.0,3210.0,2400.35107421875,115099400,0.0,0.0
2021-07-22,TLKM,3210.0,3260.0,3210.0,3260.0,2437.739501953125,48865700,0.0,0.0
2021-07-23,TLKM,3250.0,3250.0,3150.0,3170.0,2370.439697265625,67128400,0.0,0.0
2021-07-26,TLKM,3140.0,3200.0,3140.0,3190.0,2385.3955078125,55525800,0.0,0.0
2021-07-27,TLKM,3210.0,3270.0,3160.0,3270.0,2445.21728515625,62673400,0.0,0.0
2021-07-28,TLKM,3250.0,3250.0,3150.0,3190.0,2385.3955078125,103282300,0.0,0.0
2021-07-29,TLKM,3210.0,3290.0,3200.0,3230.0,2415.305908203125,126542400,0.0,0.0
2021-07-30,TLKM,3200.0,3290.0,3200.0,3240.0,2422.7841796875,95143100,0.0,0.0
2021-08-02,TLKM,3240.0,3310.0,3210.0,3310.0,2475.1279296875,60368200,0.0,0.0
2021-08-03,TLKM,3310.0,3360.0,3290.0,3330.0,2490.08349609375,89712500,0.0,0.0
2021-08-04,TLKM,3330.0,3370.0,3310.0,3370.0,2519.994384765625,63108600,0.0,0.0
2021-08-05,TLKM,3360.0,3400.0,3320.0,3340.0,2497.561279296875,89742800,0.0,0.0
2021-08-06,TLKM,3360.0,3380.0,3310.0,3320.0,2482.60595703125,31664200,0.0,0.0
2021-08-09,TLKM,3260.0,3300.0,3220.0,3250.0,2430.26171875,70299500,0.0,0.0
2021-08-10,TLKM,3240.0,3270.0,3190.0,3230.0,2415.305908203125,57658000,0.0,0.0
2021-08-12,TLKM,3260.0,3350.0,3240.0,3350.0,2505.0390625,93133400,0.0,0.0
2021-08-13,TLKM,3370.0,3380.0,3260.0,3300.0,2467.650634765625,59903600,0.0,0.0
2021-08-16,TLKM,3300.0,3340.0,3290.0,3340.0,2497.561279296875,38661800,0.0,0.0
2021-08-18,TLKM,3360.0,3440.0,3350.0,3420.0,2557.383056640625,162921300,0.0,0.0
2021-08-19,TLKM,3410.0,3430.0,3360.0,3390.0,2534.9501953125,100851800,0.0,0.0
2021-08-20,TLKM,3390.0,3430.0,3370.0,3400.0,2542.427734375,113411000,0.0,0.0
2021-08-23,TLKM,3420.0,3440.0,3400.0,3440.0,2572.338623046875,64122400,0.0,0.0
2021-08-24,TLKM,3410.0,3420.0,3310.0,3400.0,2542.427734375,69338100,0.0,0.0
2021-08-25,TLKM,3390.0,3390.0,3330.0,3370.0,2519.994384765625,66618200,0.0,0.0
2021-08-26,TLKM,3330.0,3360.0,3320.0,3360.0,2512.51708984375,55756100,0.0,0.0
2021-08-27,TLKM,3370.0,3370.0,3310.0,3320.0,2482.60595703125,62419000,0.0,0.0
2021-08-30,TLKM,3330.0,3400.0,3330.0,3400.0,2542.427734375,64177700,0.0,0.0
2021-08-31,TLKM,3400.0,3420.0,3360.0,3400.0,2542.427734375,130019000,0.0,0.0
2021-09-01,TLKM,3420.0,3420.0,3330.0,3340.0,2497.561279296875,85135200,0.0,0.0
2021-09-02,TLKM,3350.0,3390.0,3350.0,3370.0,2519.994384765625,51633800,0.0,0.0
2021-09-03,TLKM,3400.0,3420.0,3370.0,3390.0,2534.9501953125,65479800,0.0,0.0
2021-09-06,TLKM,3410.0,3410.0,3380.0,3390.0,2534.9501953125,52640400,0.0,0.0
2021-09-07,TLKM,3410.0,3410.0,3360.0,3380.0,2527.472412109375,42617400,0.0,0.0
2021-09-08,TLKM,3400.0,3400.0,3310.0,3330.0,2490.08349609375,80636800,0.0,0.0
2021-09-09,TLKM,3360.0,3390.0,3330.0,3390.0,2534.9501953125,82214400,0.0,0.0
2021-09-10,TLKM,3380.0,3390.0,3320.0,3330.0,2490.08349609375,52115300,0.0,0.0
2021-09-13,TLKM,3310.0,3350.0,3300.0,3350.0,2505.0390625,45547200,0.0,0.0
2021-09-14,TLKM,3380.0,3450.0,3350.0,3440.0,2572.338623046875,166002100,0.0,0.0
2021-09-15,TLKM,3430.0,3450.0,3410.0,3450.0,2579.816162109375,73158300,0.0,0.0
2021-09-16,TLKM,3470.0,3470.0,3400.0,3440.0,2572.338623046875,58318700,0.0,0.0
2021-09-17,TLKM,3400.0,3530.0,3390.0,3530.0,2639.638427734375,117573100,0.0,0.0
2021-09-20,TLKM,3500.0,3520.0,3460.0,3520.0,2632.160400390625,83985100,0.0,0.0
2021-09-21,TLKM,3500.0,3560.0,3480.0,3530.0,2639.638427734375,95848100,0.0,0.0
2021-09-22,TLKM,3530.0,3590.0,3520.0,3590.0,2684.50439453125,66835200,0.0,0.0
2021-09-23,TLKM,3600.0,3610.0,3550.0,3560.0,2662.071533203125,104737500,0.0,0.0
2021-09-24,TLKM,3560.0,3580.0,3540.0,3560.0,2662.071533203125,72224500,0.0,0.0
2021-09-27,TLKM,3530.0,3560.0,3480.0,3520.0,2632.160400390625,87303000,0.0,0.0
2021-09-28,TLKM,3510.0,3540.0,3490.0,3530.0,2639.638427734375,54671700,0.0,0.0
2021-09-29,TLKM,3490.0,3540.0,3490.0,3530.0,2639.638427734375,53170100,0.0,0.0
2021-09-30,TLKM,3550.0,3690.0,3540.0,3690.0,2759.28173828125,153853900,0.0,0.0
2021-10-01,TLKM,3680.0,3690.0,3610.0,3660.0,2736.8486328125,109898400,0.0,0.0
2021-10-04,TLKM,3620.0,3670.0,3600.0,3670.0,2744.326416015625,82205100,0.0,0.0
2021-10-05,TLKM,3670.0,3680.0,3620.0,3670.0,2744.326416015625,140488300,0.0,0.0
2021-10-06,TLKM,3690.0,3770.0,3650.0,3760.0,2811.6259765625,153535700,0.0,0.0
2021-10-07,TLKM,3720.0,3740.0,3690.0,3720.0,2781.715087890625,56837600,0.0,0.0
2021-10-08,TLKM,3730.0,3800.0,3720.0,3800.0,2841.536865234375,91361800,0.0,0.0
2021-10-11,TLKM,3800.0,3850.0,3770.0,3810.0,2849.0146484375,78865000,0.0,0.0
2021-10-12,TLKM,3780.0,3840.0,3770.0,3780.0,2826.58154296875,69866300,0.0,0.0
2021-10-13,TLKM,3750.0,3820.0,3750.0,3770.0,2819.103515625,87143900,0.0,0.0
2021-10-14,TLKM,3770.0,3830.0,3770.0,3830.0,2863.969970703125,95817900,0.0,0.0
2021-10-15,TLKM,3840.0,3840.0,3750.0,3810.0,2849.0146484375,69707700,0.0,0.0
2021-10-18,TLKM,3840.0,3840.0,3790.0,3790.0,2834.058837890625,78580700,0.0,0.0
2021-10-19,TLKM,3750.0,3800.0,3720.0,3740.0,2796.67041015625,61095700,0.0,0.0
2021-10-21,TLKM,3780.0,3880.0,3760.0,3850.0,2878.925537109375,169659500,0.0,0.0
2021-10-22,TLKM,3860.0,3880.0,3820.0,3870.0,2893.880859375,59640700,0.0,0.0
2021-10-25,TLKM,3800.0,3840.0,3780.0,3780.0,2826.58154296875,58246300,0.0,0.0
2021-10-26,TLKM,3800.0,3830.0,3780.0,3800.0,2841.536865234375,58615100,0.0,0.0
2021-10-27,TLKM,3820.0,3830.0,3770.0,3790.0,2834.058837890625,52210100,0.0,0.0
2021-10-28,TLKM,3820.0,3820.0,3710.0,3750.0,2804.1484375,61151100,0.0,0.0
2021-10-29,TLKM,3750.0,3810.0,3730.0,3800.0,2841.536865234375,70430900,0.0,0.0
2021-11-01,TLKM,3810.0,3820.0,3700.0,3700.0,2766.759521484375,65447100,0.0,0.0
2021-11-02,TLKM,3700.0,3710.0,3640.0,3660.0,2736.8486328125,170260000,0.0,0.0
2021-11-03,TLKM,3620.0,3740.0,3620.0,3720.0,2781.715087890625,48810500,0.0,0.0
2021-11-04,TLKM,3750.0,3780.0,3720.0,3770.0,2819.103515625,53494200,0.0,0.0
2021-11-05,TLKM,3760.0,3770.0,3710.0,3770.0,2819.103515625,43133000,0.0,0.0
2021-11-08,TLKM,3780.0,3780.0,3710.0,3750.0,2804.1484375,58758600,0.0,0.0
2021-11-09,TLKM,3730.0,3740.0,3680.0,3710.0,2774.237060546875,92427800,0.0,0.0
2021-11-10,TLKM,3670.0,3720.0,3670.0,3700.0,2766.759521484375,53511200,0.0,0.0
2021-11-11,TLKM,3700.0,3730.0,3640.0,3650.0,2729.370849609375,95789600,0.0,0.0
2021-11-12,TLKM,3660.0,3660.0,3600.0,3600.0,2691.98193359375,115142400,0.0,0.0
2021-11-15,TLKM,3600.0,3650.0,3600.0,3600.0,2691.98193359375,91001800,0.0,0.0
2021-11-16,TLKM,3590.0,3680.0,3590.0,3670.0,2744.326416015625,99590700,0.0,0.0
2021-11-17,TLKM,3690.0,3690.0,3600.0,3630.0,2714.41552734375,82023300,0.0,0.0
2021-11-18,TLKM,3630.0,3640.0,3600.0,3630.0,2714.41552734375,53290400,0.0,0.0
2021-11-19,TLKM,3660.0,3920.0,3660.0,3900.0,2916.314208984375,310615000,0.0,0.0
2021-11-22,TLKM,3920.0,3930.0,3780.0,3800.0,2841.536865234375,206683100,0.0,0.0
2021-11-23,TLKM,3800.0,3850.0,3780.0,3800.0,2841.536865234375,67778800,0.0,0.0
2021-11-24,TLKM,3840.0,3840.0,3790.0,3800.0,2841.536865234375,67303800,0.0,0.0
2021-11-25,TLKM,3880.0,4090.0,3850.0,4000.0,2991.09130859375,264897100,0.0,0.0
2021-11-26,TLKM,4040.0,4050.0,3970.0,4010.0,2998.5693359375,231870300,0.0,0.0
2021-11-29,TLKM,4010.0,4170.0,3980.0,4140.0,3095.779541015625,228774600,0.0,0.0
2021-11-30,TLKM,4150.0,4170.0,3990.0,3990.0,2983.613525390625,435800600,0.0,0.0
2021-12-01,TLKM,4040.0,4150.0,4020.0,4080.0,3050.9130859375,200699200,0.0,0.0
2021-12-02,TLKM,4140.0,4190.0,4100.0,4160.0,3110.73486328125,116093100,0.0,0.0
2021-12-03,TLKM,4130.0,4180.0,4050.0,4070.0,3043.435546875,96760700,0.0,0.0
2021-12-06,TLKM,4060.0,4250.0,4050.0,4170.0,3118.212890625,106756900,0.0,0.0
2021-12-07,TLKM,4180.0,4200.0,4120.0,4150.0,3103.257568359375,121543400,0.0,0.0
2021-12-08,TLKM,4100.0,4120.0,4010.0,4090.0,3058.39111328125,113845600,0.0,0.0
2021-12-09,TLKM,4090.0,4150.0,4080.0,4150.0,3103.257568359375,86985800,0.0,0.0
2021-12-10,TLKM,4070.0,4150.0,4070.0,4150.0,3103.257568359375,90725000,0.0,0.0
2021-12-13,TLKM,4150.0,4150.0,4080.0,4080.0,3050.9130859375,65533000,0.0,0.0
2021-12-14,TLKM,4120.0,4120.0,4070.0,4100.0,3065.86865234375,75736900,0.0,0.0
2021-12-15,TLKM,4060.0,4140.0,4060.0,4080.0,3050.9130859375,84424500,0.0,0.0
2021-12-16,TLKM,4110.0,4150.0,4060.0,4100.0,3065.86865234375,98164300,0.0,0.0
2021-12-17,TLKM,4010.0,4100.0,4010.0,4100.0,3065.86865234375,149615800,0.0,0.0
2021-12-20,TLKM,4070.0,4110.0,4040.0,4080.0,3050.9130859375,72794200,0.0,0.0
2021-12-21,TLKM,4110.0,4190.0,4100.0,4160.0,3110.73486328125,98039300,0.0,0.0
2021-12-22,TLKM,4160.0,4170.0,4110.0,4110.0,3073.346435546875,50574500,0.0,0.0
2021-12-23,TLKM,4110.0,4160.0,4100.0,4160.0,3110.73486328125,54508200,0.0,0.0
2021-12-24,TLKM,4160.0,4170.0,4100.0,4110.0,3073.346435546875,29075600,0.0,0.0
2021-12-27,TLKM,4150.0,4150.0,4070.0,4080.0,3050.9130859375,30748000,0.0,0.0
2021-12-28,TLKM,4080.0,4130.0,4050.0,4090.0,3058.39111328125,39443300,0.0,0.0
2021-12-29,TLKM,4100.0,4130.0,4080.0,4080.0,3050.9130859375,25596100,0.0,0.0
2021-12-30,TLKM,4130.0,4130.0,4040.0,4040.0,3021.00244140625,50575100,0.0,0.0
2022-01-03,TLKM,4060.0,4180.0,4050.0,4180.0,3125.690673828125,65937900,0.0,0.0
2022-01-04,TLKM,4180.0,4200.0,4150.0,4170.0,3118.212890625,42984700,0.0,0.0
2022-01-05,TLKM,4150.0,4190.0,4030.0,4050.0,3028.480224609375,119584700,0.0,0.0
2022-01-06,TLKM,4090.0,4120.0,4030.0,4120.0,3080.824462890625,89197500,0.0,0.0
2022-01-07,TLKM,4120.0,4190.0,4090.0,4170.0,3118.212890625,68415100,0.0,0.0
2022-01-10,TLKM,4180.0,4190.0,4100.0,4100.0,3065.86865234375,44921200,0.0,0.0
2022-01-11,TLKM,4120.0,4160.0,4090.0,4090.0,3058.39111328125,61890200,0.0,0.0
2022-01-12,TLKM,4110.0,4140.0,4070.0,4110.0,3073.346435546875,45132700,0.0,0.0
2022-01-13,TLKM,4170.0,4180.0,4110.0,4180.0,3125.690673828125,84148400,0.0,0.0
2022-01-14,TLKM,4140.0,4190.0,4130.0,4190.0,3133.168212890625,28193100,0.0,0.0
2022-01-17,TLKM,4200.0,4200.0,4140.0,4180.0,3125.690673828125,39816300,0.0,0.0
2022-01-18,TLKM,4200.0,4250.0,4160.0,4250.0,3178.034423828125,112212200,0.0,0.0
2022-01-19,TLKM,4260.0,4260.0,4230.0,4250.0,3178.034423828125,88713900,0.0,0.0
2022-01-20,TLKM,4300.0,4300.0,4190.0,4220.0,3155.6015625,100014500,0.0,0.0
2022-01-21,TLKM,4240.0,4330.0,4190.0,4330.0,3237.8564453125,75534800,0.0,0.0
2022-01-24,TLKM,4260.0,4310.0,4250.0,4300.0,3215.42333984375,70404500,0.0,0.0
2022-01-25,TLKM,4310.0,4320.0,4250.0,4290.0,3207.945556640625,116353600,0.0,0.0
2022-01-26,TLKM,4380.0,4390.0,4290.0,4390.0,3282.722900390625,127641400,0.0,0.0
2022-01-27,TLKM,4400.0,4400.0,4260.0,4270.0,3192.989990234375,98613900,0.0,0.0
2022-01-28,TLKM,4260.0,4300.0,4230.0,4260.0,3185.512451171875,61686700,0.0,0.0
2022-01-31,TLKM,4210.0,4250.0,4190.0,4190.0,3133.168212890625,88735900,0.0,0.0
2022-02-02,TLKM,4170.0,4200.0,4150.0,4170.0,3118.212890625,144006000,0.0,0.0
2022-02-03,TLKM,4200.0,4210.0,4160.0,4200.0,3140.64599609375,58212400,0.0,0.0
2022-02-04,TLKM,4260.0,4260.0,4180.0,4230.0,3163.0791015625,98728700,0.0,0.0
2022-02-07,TLKM,4230.0,4290.0,4210.0,4290.0,3207.945556640625,90285800,0.0,0.0
2022-02-08,TLKM,4280.0,4280.0,4230.0,4230.0,3163.0791015625,71210400,0.0,0.0
2022-02-09,TLKM,4280.0,4280.0,4210.0,4280.0,3200.4677734375,95375000,0.0,0.0
2022-02-10,TLKM,4400.0,4470.0,4340.0,4460.0,3335.067138671875,233984700,0.0,0.0
2022-02-11,TLKM,4500.0,4550.0,4410.0,4450.0,3327.589111328125,130081900,0.0,0.0
2022-02-14,TLKM,4380.0,4400.0,4310.0,4400.0,3290.20068359375,104903700,0.0,0.0
2022-02-15,TLKM,4400.0,4440.0,4360.0,4410.0,3297.67822265625,75305900,0.0,0.0
2022-02-16,TLKM,4420.0,4460.0,4380.0,4400.0,3290.20068359375,90121200,0.0,0.0
2022-02-17,TLKM,4400.0,4440.0,4360.0,4410.0,3297.67822265625,72970200,0.0,0.0
2022-02-18,TLKM,4420.0,4440.0,4370.0,4400.0,3290.20068359375,71111300,0.0,0.0
2022-02-21,TLKM,4370.0,4420.0,4340.0,4370.0,3267.767333984375,58883000,0.0,0.0
2022-02-22,TLKM,4320.0,4360.0,4250.0,4300.0,3215.42333984375,106985800,0.0,0.0
2022-02-23,TLKM,4280.0,4370.0,4270.0,4350.0,3252.811767578125,110562400,0.0,0.0
2022-02-24,TLKM,4280.0,4320.0,4200.0,4240.0,3170.556884765625,126158600,0.0,0.0
2022-02-25,TLKM,4240.0,4350.0,4240.0,4340.0,3245.334228515625,208757000,0.0,0.0
2022-03-01,TLKM,4640.0,4650.0,4350.0,4350.0,3252.811767578125,206416900,0.0,0.0
2022-03-02,TLKM,4400.0,4400.0,4270.0,4290.0,3207.945556640625,152165300,0.0,0.0
2022-03-04,TLKM,4440.0,4440.0,4300.0,4400.0,3290.20068359375,155369100,0.0,0.0
2022-03-07,TLKM,4400.0,4530.0,4370.0,4510.0,3372.45556640625,177360400,0.0,0.0
2022-03-08,TLKM,4600.0,4700.0,4540.0,4620.0,3454.71044921875,234086000,0.0,0.0
2022-03-09,TLKM,4550.0,4620.0,4420.0,4440.0,3320.111328125,145145900,0.0,0.0
2022-03-10,TLKM,4500.0,4500.0,4380.0,4410.0,3297.67822265625,130830800,0.0,0.0
2022-03-11,TLKM,4410.0,4590.0,4400.0,4590.0,3432.277587890625,143446200,0.0,0.0
2022-03-14,TLKM,4650.0,4670.0,4540.0,4580.0,3424.799560546875,166572700,0.0,0.0
2022-03-15,TLKM,4630.0,4630.0,4570.0,4620.0,3454.71044921875,231077800,0.0,0.0
2022-03-16,TLKM,4660.0,4660.0,4550.0,4630.0,3462.1884765625,109961900,0.0,0.0
2022-03-17,TLKM,4550.0,4580.0,4450.0,4480.0,3350.022216796875,246300800,0.0,0.0
2022-03-18,TLKM,4490.0,4540.0,4470.0,4540.0,3394.888427734375,210266100,0.0,0.0
2022-03-21,TLKM,4550.0,4570.0,4520.0,4550.0,3402.366455078125,79691600,0.0,0.0
2022-03-22,TLKM,4550.0,4580.0,4540.0,4550.0,3402.366455078125,98699900,0.0,0.0
2022-03-23,TLKM,4550.0,4570.0,4500.0,4550.0,3402.366455078125,78299500,0.0,0.0
2022-03-24,TLKM,4500.0,4570.0,4500.0,4560.0,3409.84423828125,89578400,0.0,0.0
2022-03-25,TLKM,4510.0,4540.0,4480.0,4520.0,3379.93310546875,90053700,0.0,0.0
2022-03-28,TLKM,4510.0,4600.0,4500.0,4600.0,3439.75537109375,184131000,0.0,0.0
2022-03-29,TLKM,4600.0,4620.0,4560.0,4560.0,3409.84423828125,77920800,0.0,0.0
2022-03-30,TLKM,4620.0,4620.0,4560.0,4580.0,3424.799560546875,118749100,0.0,0.0
2022-03-31,TLKM,4620.0,4640.0,4560.0,4580.0,3424.799560546875,108109700,0.0,0.0
2022-04-01,TLKM,4550.0,4580.0,4530.0,4580.0,3424.799560546875,86590300,0.0,0.0
2022-04-04,TLKM,4560.0,4570.0,4490.0,4540.0,3394.888427734375,103480300,0.0,0.0
2022-04-05,TLKM,4550.0,4550.0,4500.0,4520.0,3379.93310546875,52172300,0.0,0.0
2022-04-06,TLKM,4490.0,4500.0,4420.0,4430.0,3312.6337890625,108368800,0.0,0.0
2022-04-07,TLKM,4450.0,4540.0,4440.0,4540.0,3394.888427734375,143921800,0.0,0.0
2022-04-08,TLKM,4580.0,4610.0,4560.0,4580.0,3424.799560546875,161974500,0.0,0.0
2022-04-11,TLKM,4610.0,4610.0,4550.0,4590.0,3432.277587890625,90521500,0.0,0.0
2022-04-12,TLKM,4620.0,4630.0,4580.0,4630.0,3462.1884765625,187948000,0.0,0.0
2022-04-13,TLKM,4700.0,4720.0,4650.0,4690.0,3507.054931640625,196864200,0.0,0.0
2022-04-14,TLKM,4700.0,4730.0,4660.0,4680.0,3499.576904296875,112735200,0.0,0.0
2022-04-18,TLKM,4720.0,4730.0,4690.0,4710.0,3522.009765625,120778200,0.0,0.0
2022-04-19,TLKM,4740.0,4750.0,4680.0,4680.0,3499.576904296875,92268300,0.0,0.0
2022-04-20,TLKM,4680.0,4690.0,4620.0,4630.0,3462.1884765625,88360900,0.0,0.0
2022-04-21,TLKM,4620.0,4670.0,4600.0,4620.0,3454.71044921875,97575800,0.0,0.0
2022-04-22,TLKM,4620.0,4680.0,4580.0,4620.0,3454.71044921875,101299100,0.0,0.0
2022-04-25,TLKM,4610.0,4720.0,4580.0,4710.0,3522.009765625,92045500,0.0,0.0
2022-04-26,TLKM,4680.0,4760.0,4670.0,4760.0,3559.398681640625,85945800,0.0,0.0
2022-04-27,TLKM,4720.0,4790.0,4720.0,4770.0,3566.87646484375,136485600,0.0,0.0
2022-04-28,TLKM,4850.0,4850.0,4620.0,4620.0,3454.71044921875,198484800,0.0,0.0
2022-05-09,TLKM,4560.0,4560.0,4300.0,4310.0,3222.90087890625,343682000,0.0,0.0
2022-05-10,TLKM,4120.0,4380.0,4120.0,4340.0,3245.334228515625,281386300,0.0,0.0
2022-05-11,TLKM,4400.0,4480.0,4330.0,4330.0,3237.8564453125,154455400,0.0,0.0
2022-05-12,TLKM,4340.0,4390.0,4250.0,4300.0,3215.42333984375,233518500,0.0,0.0
2022-05-13,TLKM,4250.0,4350.0,4230.0,4260.0,3185.512451171875,190889200,0.0,0.0
2022-05-17,TLKM,4250.0,4290.0,4180.0,4180.0,3125.690673828125,170880700,0.0,0.0
2022-05-18,TLKM,4230.0,4290.0,4190.0,4250.0,3178.034423828125,185359500,0.0,0.0
2022-05-19,TLKM,4180.0,4230.0,4150.0,4210.0,3148.12353515625,112679300,0.0,0.0
2022-05-20,TLKM,4220.0,4230.0,4170.0,4170.0,3118.212890625,141701800,0.0,0.0
2022-05-23,TLKM,4160.0,4180.0,4070.0,4110.0,3073.346435546875,196569900,0.0,0.0
2022-05-24,TLKM,4120.0,4200.0,4120.0,4150.0,3103.257568359375,151693700,0.0,0.0
2022-05-25,TLKM,4200.0,4210.0,4150.0,4200.0,3140.64599609375,166595400,0.0,0.0
2022-05-27,TLKM,4260.0,4300.0,4210.0,4300.0,3215.42333984375,186513500,0.0,0.0
2022-05-30,TLKM,4340.0,4340.0,4200.0,4250.0,3178.034423828125,107614100,0.0,0.0
2022-05-31,TLKM,4270.0,4330.0,4230.0,4310.0,3222.90087890625,469620300,0.0,0.0
2022-06-02,TLKM,4390.0,4390.0,4270.0,4290.0,3207.945556640625,164481100,0.0,0.0
2022-06-03,TLKM,4310.0,4390.0,4300.0,4310.0,3222.90087890625,108852800,0.0,0.0
2022-06-06,TLKM,4310.0,4340.0,4270.0,4340.0,3245.334228515625,79319400,0.0,0.0
2022-06-07,TLKM,4340.0,4340.0,4250.0,4250.0,3178.034423828125,142504000,0.0,0.0
2022-06-08,TLKM,4150.0,4170.0,4080.0,4100.0,3178.0078125,202555900,149.9656,0.0
2022-06-09,TLKM,4080.0,4130.0,4050.0,4050.0,3139.251953125,148580200,0.0,0.0
2022-06-10,TLKM,4040.0,4080.0,4000.0,4020.0,3115.998046875,189186700,0.0,0.0
2022-06-13,TLKM,3950.0,4100.0,3930.0,4080.0,3162.50537109375,156054900,0.0,0.0
2022-06-14,TLKM,4050.0,4120.0,4020.0,4110.0,3185.759033203125,117325600,0.0,0.0
2022-06-15,TLKM,4060.0,4080.0,4030.0,4060.0,3147.0029296875,94848800,0.0,0.0
2022-06-16,TLKM,4120.0,4120.0,4030.0,4040.0,3131.50048828125,96042200,0.0,0.0
2022-06-17,TLKM,4010.0,4120.0,3980.0,4120.0,3193.510498046875,169375800,0.0,0.0
2022-06-20,TLKM,4050.0,4060.0,4000.0,4040.0,3131.50048828125,82101200,0.0,0.0
2022-06-21,TLKM,4060.0,4120.0,4030.0,4110.0,3185.759033203125,77489000,0.0,0.0
2022-06-22,TLKM,4090.0,4090.0,4040.0,4050.0,3139.251953125,60907800,0.0,0.0
2022-06-23,TLKM,4030.0,4160.0,4030.0,4160.0,3224.51513671875,101065400,0.0,0.0
2022-06-24,TLKM,4230.0,4230.0,4100.0,4150.0,3216.76416015625,81050700,0.0,0.0
2022-06-27,TLKM,4110.0,4120.0,4040.0,4070.0,3154.754150390625,71574300,0.0,0.0
2022-06-28,TLKM,4010.0,4050.0,4000.0,4030.0,3123.749267578125,128618800,0.0,0.0
2022-06-29,TLKM,4000.0,4080.0,4000.0,4040.0,3131.50048828125,72888100,0.0,0.0
2022-06-30,TLKM,4110.0,4110.0,4000.0,4000.0,3100.49560546875,116718900,0.0,0.0
2022-07-01,TLKM,4010.0,4040.0,4000.0,4020.0,3115.998046875,39572500,0.0,0.0
2022-07-04,TLKM,4020.0,4040.0,3840.0,3990.0,3092.744140625,115885200,0.0,0.0
2022-07-05,TLKM,4010.0,4070.0,3950.0,3990.0,3092.744140625,72329600,0.0,0.0
2022-07-06,TLKM,4050.0,4050.0,3970.0,4020.0,3115.998046875,62679000,0.0,0.0
2022-07-07,TLKM,4040.0,4050.0,4010.0,4040.0,3131.50048828125,42393800,0.0,0.0
2022-07-08,TLKM,4050.0,4060.0,4000.0,4010.0,3108.246826171875,64049000,0.0,0.0
2022-07-11,TLKM,4100.0,4100.0,4000.0,4040.0,3131.50048828125,42258000,0.0,0.0
2022-07-12,TLKM,4060.0,4060.0,4010.0,4010.0,3108.246826171875,43399800,0.0,0.0
2022-07-13,TLKM,4010.0,4030.0,3930.0,3940.0,3053.988037109375,96218200,0.0,0.0
2022-07-14,TLKM,3940.0,4020.0,3900.0,4020.0,3115.998046875,68708500,0.0,0.0
2022-07-15,TLKM,4040.0,4210.0,4010.0,4150.0,3216.76416015625,146093800,0.0,0.0
2022-07-18,TLKM,4110.0,4190.0,4070.0,4190.0,3247.76904296875,84009400,0.0,0.0
2022-07-19,TLKM,4190.0,4190.0,4130.0,4160.0,3224.51513671875,91367900,0.0,0.0
2022-07-20,TLKM,4140.0,4220.0,4140.0,4210.0,3263.271484375,82344000,0.0,0.0
2022-07-21,TLKM,4210.0,4260.0,4180.0,4260.0,3302.027587890625,107234600,0.0,0.0
2022-07-22,TLKM,4240.0,4240.0,4190.0,4230.0,3278.774169921875,59792300,0.0,0.0
2022-07-25,TLKM,4240.0,4260.0,4220.0,4240.0,3286.525146484375,37218000,0.0,0.0
2022-07-26,TLKM,4240.0,4250.0,4190.0,4250.0,3294.2763671875,49786900,0.0,0.0
2022-07-27,TLKM,4230.0,4300.0,4210.0,4300.0,3333.03271484375,60672300,0.0,0.0
2022-07-28,TLKM,4310.0,4320.0,4190.0,4240.0,3286.525146484375,110767300,0.0,0.0
2022-07-29,TLKM,4280.0,4300.0,4210.0,4230.0,3278.774169921875,108823600,0.0,0.0
2022-08-01,TLKM,4230.0,4300.0,4230.0,4300.0,3333.03271484375,104724300,0.0,0.0
2022-08-02,TLKM,4350.0,4450.0,4250.0,4450.0,3449.30126953125,112228800,0.0,0.0
2022-08-03,TLKM,4450.0,4590.0,4410.0,4500.0,3488.0576171875,251825000,0.0,0.0
2022-08-04,TLKM,4450.0,4550.0,4450.0,4550.0,3526.8134765625,186881500,0.0,0.0
2022-08-05,TLKM,4590.0,4650.0,4530.0,4650.0,3604.325927734375,268967200,0.0,0.0
2022-08-08,TLKM,4700.0,4700.0,4650.0,4700.0,3643.08251953125,191023500,0.0,0.0
2022-08-09,TLKM,4700.0,4700.0,4630.0,4640.0,3596.574462890625,164453900,0.0,0.0
2022-08-10,TLKM,4530.0,4590.0,4490.0,4560.0,3534.56494140625,162061400,0.0,0.0
2022-08-11,TLKM,4550.0,4610.0,4520.0,4570.0,3542.31591796875,123629000,0.0,0.0
2022-08-12,TLKM,4570.0,4600.0,4530.0,4550.0,3526.8134765625,124552500,0.0,0.0
2022-08-15,TLKM,4540.0,4570.0,4440.0,4450.0,3449.30126953125,136882800,0.0,0.0
2022-08-16,TLKM,4530.0,4580.0,4410.0,4410.0,3418.296142578125,127710800,0.0,0.0
2022-08-18,TLKM,4360.0,4550.0,4350.0,4550.0,3526.8134765625,182044300,0.0,0.0
2022-08-19,TLKM,4560.0,4610.0,4460.0,4600.0,3565.5703125,177623900,0.0,0.0
2022-08-22,TLKM,4550.0,4660.0,4530.0,4650.0,3604.325927734375,202320400,0.0,0.0
2022-08-23,TLKM,4680.0,4710.0,4610.0,4660.0,3612.077392578125,229431400,0.0,0.0
2022-08-24,TLKM,4660.0,4770.0,4600.0,4750.0,3681.838623046875,189007900,0.0,0.0
2022-08-25,TLKM,4680.0,4700.0,4560.0,4570.0,3542.31591796875,179495700,0.0,0.0
2022-08-26,TLKM,4510.0,4540.0,4480.0,4490.0,3480.306396484375,184317100,0.0,0.0
2022-08-29,TLKM,4370.0,4550.0,4360.0,4520.0,3503.559814453125,101529800,0.0,0.0
2022-08-30,TLKM,4580.0,4620.0,4480.0,4480.0,3472.554931640625,118884300,0.0,0.0
2022-08-31,TLKM,4420.0,4600.0,4420.0,4560.0,3534.56494140625,175300400,0.0,0.0
2022-09-01,TLKM,4560.0,4650.0,4530.0,4580.0,3550.0673828125,120871700,0.0,0.0
2022-09-02,TLKM,4540.0,4620.0,4540.0,4600.0,3565.5703125,106985000,0.0,0.0
2022-09-05,TLKM,4560.0,4630.0,4550.0,4620.0,3581.072265625,77323800,0.0,0.0
2022-09-06,TLKM,4610.0,4620.0,4510.0,4510.0,3495.808837890625,61970100,0.0,0.0
2022-09-07,TLKM,4500.0,4560.0,4480.0,4490.0,3480.306396484375,106145700,0.0,0.0
2022-09-08,TLKM,4500.0,4640.0,4500.0,4560.0,3534.56494140625,123389200,0.0,0.0
2022-09-09,TLKM,4550.0,4600.0,4530.0,4600.0,3565.5703125,50307800,0.0,0.0
2022-09-12,TLKM,4600.0,4600.0,4530.0,4540.0,3519.062255859375,74820600,0.0,0.0
2022-09-13,TLKM,4540.0,4560.0,4520.0,4520.0,3503.559814453125,91510200,0.0,0.0
2022-09-14,TLKM,4490.0,4530.0,4460.0,4480.0,3472.554931640625,97919200,0.0,0.0
2022-09-15,TLKM,4540.0,4600.0,4500.0,4500.0,3488.0576171875,125599900,0.0,0.0
2022-09-16,TLKM,4500.0,4500.0,4410.0,4410.0,3418.296142578125,210277300,0.0,0.0
2022-09-19,TLKM,4460.0,4560.0,4440.0,4500.0,3488.0576171875,116164500,0.0,0.0
2022-09-20,TLKM,4530.0,4540.0,4480.0,4480.0,3472.554931640625,100743700,0.0,0.0
2022-09-21,TLKM,4450.0,4470.0,4410.0,4430.0,3433.799072265625,91363200,0.0,0.0
2022-09-22,TLKM,4400.0,4450.0,4380.0,4430.0,3433.799072265625,89922900,0.0,0.0
2022-09-23,TLKM,4400.0,4430.0,4380.0,4380.0,3395.04248046875,95911400,0.0,0.0
2022-09-26,TLKM,4390.0,4510.0,4300.0,4460.0,3457.052734375,132185400,0.0,0.0
2022-09-27,TLKM,4450.0,4470.0,4380.0,4440.0,3441.5498046875,123113800,0.0,0.0
2022-09-28,TLKM,4430.0,4530.0,4400.0,4470.0,3464.803466796875,104385500,0.0,0.0
2022-09-29,TLKM,4460.0,4500.0,4420.0,4440.0,3441.5498046875,90290400,0.0,0.0
2022-09-30,TLKM,4400.0,4500.0,4390.0,4460.0,3457.052734375,111482000,0.0,0.0
2022-10-03,TLKM,4460.0,4470.0,4380.0,4460.0,3457.052734375,77569100,0.0,0.0
2022-10-04,TLKM,4460.0,4510.0,4430.0,4440.0,3441.5498046875,87832800,0.0,0.0
2022-10-05,TLKM,4490.0,4540.0,4460.0,4460.0,3457.052734375,61888400,0.0,0.0
2022-10-06,TLKM,4460.0,4480.0,4420.0,4430.0,3433.799072265625,60464300,0.0,0.0
2022-10-07,TLKM,4400.0,4430.0,4350.0,4350.0,3371.788818359375,102570000,0.0,0.0
2022-10-10,TLKM,4340.0,4420.0,4330.0,4420.0,3426.047607421875,72389100,0.0,0.0
2022-10-11,TLKM,4360.0,4380.0,4310.0,4310.0,3340.783935546875,108794500,0.0,0.0
2022-10-12,TLKM,4300.0,4350.0,4280.0,4340.0,3364.03759765625,107938600,0.0,0.0
2022-10-13,TLKM,4330.0,4350.0,4290.0,4300.0,3333.03271484375,70034500,0.0,0.0
2022-10-14,TLKM,4360.0,4360.0,4290.0,4290.0,3325.281494140625,68096300,0.0,0.0
2022-10-17,TLKM,4200.0,4330.0,4200.0,4330.0,3356.286376953125,90321700,0.0,0.0
2022-10-18,TLKM,4310.0,4340.0,4250.0,4250.0,3294.2763671875,72516000,0.0,0.0
2022-10-19,TLKM,4220.0,4300.0,4200.0,4200.0,3255.5205078125,65848300,0.0,0.0
2022-10-20,TLKM,4200.0,4350.0,4200.0,4350.0,3371.788818359375,165391500,0.0,0.0
2022-10-21,TLKM,4300.0,4390.0,4300.0,4360.0,3379.5400390625,79825700,0.0,0.0
2022-10-24,TLKM,4380.0,4450.0,4380.0,4410.0,3418.296142578125,76777200,0.0,0.0
2022-10-25,TLKM,4430.0,4470.0,4390.0,4390.0,3402.7939453125,109154300,0.0,0.0
2022-10-26,TLKM,4420.0,4430.0,4330.0,4370.0,3387.29150390625,97320500,0.0,0.0
2022-10-27,TLKM,4390.0,4410.0,4340.0,4370.0,3387.29150390625,80270300,0.0,0.0
2022-10-28,TLKM,4420.0,4450.0,4380.0,4450.0,3449.30126953125,91101500,0.0,0.0
2022-10-31,TLKM,4460.0,4460.0,4360.0,4390.0,3402.7939453125,162753500,0.0,0.0
2022-11-01,TLKM,4420.0,4420.0,4360.0,4420.0,3426.047607421875,108592900,0.0,0.0
2022-11-02,TLKM,4400.0,4420.0,4220.0,4220.0,3271.02294921875,217855200,0.0,0.0
2022-11-03,TLKM,4140.0,4170.0,4050.0,4130.0,3201.26171875,231475000,0.0,0.0
2022-11-04,TLKM,4070.0,4210.0,4070.0,4210.0,3263.271484375,201183100,0.0,0.0
2022-11-07,TLKM,4250.0,4280.0,4160.0,4280.0,3317.5302734375,129868800,0.0,0.0
2022-11-08,TLKM,4270.0,4280.0,4200.0,4220.0,3271.02294921875,110546800,0.0,0.0
2022-11-09,TLKM,4200.0,4230.0,4180.0,4190.0,3247.76904296875,145833200,0.0,0.0
2022-11-10,TLKM,4110.0,4210.0,4110.0,4170.0,3232.2666015625,81249200,0.0,0.0
2022-11-11,TLKM,4160.0,4180.0,4140.0,4150.0,3216.76416015625,227799300,0.0,0.0
2022-11-14,TLKM,4090.0,4120.0,4030.0,4050.0,3139.251953125,188771200,0.0,0.0
2022-11-15,TLKM,4050.0,4080.0,4030.0,4050.0,3139.251953125,88570400,0.0,0.0
2022-11-16,TLKM,4000.0,4070.0,3960.0,4050.0,3139.251953125,149512300,0.0,0.0
2022-11-17,TLKM,4020.0,4070.0,4020.0,4040.0,3131.50048828125,68616700,0.0,0.0
2022-11-18,TLKM,4070.0,4080.0,4010.0,4010.0,3108.246826171875,115907900,0.0,0.0
2022-11-21,TLKM,4020.0,4060.0,4010.0,4030.0,3123.749267578125,45277400,0.0,0.0
2022-11-22,TLKM,4020.0,4040.0,4000.0,4000.0,3100.49560546875,83888300,0.0,0.0
2022-11-23,TLKM,3990.0,4030.0,3970.0,3970.0,3077.24169921875,95750400,0.0,0.0
2022-11-24,TLKM,3980.0,4040.0,3980.0,4030.0,3123.749267578125,50741600,0.0,0.0
2022-11-25,TLKM,4010.0,4040.0,3980.0,4030.0,3123.749267578125,73305800,0.0,0.0
2022-11-28,TLKM,4030.0,4040.0,3980.0,3980.0,3084.9931640625,94063100,0.0,0.0
2022-11-29,TLKM,3980.0,4020.0,3980.0,3980.0,3084.9931640625,94389800,0.0,0.0
2022-11-30,TLKM,3970.0,4050.0,3970.0,4040.0,3131.50048828125,585687400,0.0,0.0
2022-12-01,TLKM,4020.0,4040.0,3960.0,3960.0,3069.490478515625,230066600,0.0,0.0
2022-12-02,TLKM,3950.0,4020.0,3930.0,4000.0,3100.49560546875,113336600,0.0,0.0
2022-12-05,TLKM,3980.0,3990.0,3820.0,3840.0,2976.475830078125,148751200,0.0,0.0
2022-12-06,TLKM,3640.0,3720.0,3580.0,3600.0,2790.44580078125,416468700,0.0,0.0
2022-12-07,TLKM,3600.0,3700.0,3570.0,3680.0,2852.455810546875,278572200,0.0,0.0
2022-12-08,TLKM,3700.0,3780.0,3620.0,3740.0,2898.96337890625,245646400,0.0,0.0
2022-12-09,TLKM,3680.0,3720.0,3630.0,3650.0,2829.201904296875,164606100,0.0,0.0
2022-12-12,TLKM,3670.0,3710.0,3640.0,3700.0,2867.958251953125,170545000,0.0,0.0
2022-12-13,TLKM,3690.0,3790.0,3680.0,3750.0,2906.71484375,231127000,0.0,0.0
2022-12-14,TLKM,3820.0,3820.0,3740.0,3750.0,2906.71484375,107175700,0.0,0.0
2022-12-15,TLKM,3680.0,3720.0,3670.0,3670.0,2844.704833984375,143233600,0.0,0.0
2022-12-16,TLKM,3610.0,3740.0,3610.0,3680.0,2852.455810546875,310944500,0.0,0.0
2022-12-19,TLKM,3740.0,3790.0,3680.0,3720.0,2883.460693359375,119137700,0.0,0.0
2022-12-20,TLKM,3730.0,3750.0,3700.0,3720.0,2883.460693359375,55351300,0.0,0.0
2022-12-21,TLKM,3690.0,3790.0,3670.0,3790.0,2937.71923828125,98741000,0.0,0.0
2022-12-22,TLKM,3800.0,3810.0,3740.0,3750.0,2906.71484375,68702100,0.0,0.0
2022-12-23,TLKM,3710.0,3780.0,3700.0,3780.0,2929.96826171875,45179400,0.0,0.0
2022-12-26,TLKM,3780.0,3800.0,3730.0,3750.0,2906.71484375,19216700,0.0,0.0
2022-12-27,TLKM,3770.0,3840.0,3750.0,3810.0,2953.22216796875,49816500,0.0,0.0
2022-12-28,TLKM,3800.0,3810.0,3710.0,3730.0,2891.212158203125,65006300,0.0,0.0
2022-12-29,TLKM,3720.0,3790.0,3710.0,3780.0,2929.96826171875,51703500,0.0,0.0
2022-12-30,TLKM,3760.0,3800.0,3750.0,3750.0,2906.71484375,79677300,0.0,0.0
2023-01-02,TLKM,3750.0,3800.0,3750.0,3800.0,2945.470703125,7959900,0.0,0.0
2023-01-03,TLKM,3790.0,3890.0,3770.0,3860.0,2991.978271484375,64235000,0.0,0.0
2023-01-04,TLKM,3840.0,3860.0,3810.0,3820.0,2960.97314453125,56785600,0.0,0.0
2023-01-05,TLKM,3800.0,3820.0,3720.0,3770.0,2922.217041015625,135167000,0.0,0.0
2023-01-06,TLKM,3750.0,3770.0,3710.0,3710.0,2875.70947265625,65207400,0.0,0.0
2023-01-09,TLKM,3730.0,3790.0,3730.0,3790.0,2937.71923828125,46616400,0.0,0.0
2023-01-10,TLKM,3810.0,3850.0,3750.0,3830.0,2968.724609375,80009900,0.0,0.0
2023-01-11,TLKM,3820.0,3900.0,3790.0,3870.0,2999.729248046875,75139300,0.0,0.0
2023-01-12,TLKM,3790.0,3900.0,3780.0,3860.0,2991.978271484375,105775500,0.0,0.0
2023-01-13,TLKM,3820.0,3860.0,3770.0,3780.0,2929.96826171875,85780600,0.0,0.0
2023-01-16,TLKM,3780.0,3850.0,3780.0,3850.0,2984.22705078125,58918700,0.0,0.0
2023-01-17,TLKM,3870.0,3990.0,3860.0,3950.0,3061.739501953125,132256600,0.0,0.0
2023-01-18,TLKM,4010.0,4010.0,3900.0,3930.0,3046.23681640625,94772000,0.0,0.0
2023-01-19,TLKM,3900.0,3980.0,3880.0,3890.0,3015.23193359375,109555200,0.0,0.0
2023-01-20,TLKM,3910.0,3920.0,3850.0,3870.0,2999.729248046875,88457800,0.0,0.0
2023-01-24,TLKM,3890.0,3910.0,3850.0,3850.0,2984.22705078125,45504900,0.0,0.0
2023-01-25,TLKM,3850.0,3880.0,3810.0,3840.0,2976.475830078125,80575100,0.0,0.0
2023-01-26,TLKM,3850.0,4000.0,3850.0,3970.0,3077.24169921875,117238000,0.0,0.0
2023-01-27,TLKM,3970.0,3990.0,3950.0,3960.0,3069.490478515625,100769500,0.0,0.0
2023-01-30,TLKM,3960.0,3970.0,3910.0,3960.0,3069.490478515625,59425300,0.0,0.0
2023-01-31,TLKM,3940.0,3950.0,3850.0,3850.0,2984.22705078125,179726700,0.0,0.0
2023-02-01,TLKM,3850.0,3900.0,3840.0,3870.0,2999.729248046875,70997300,0.0,0.0
2023-02-02,TLKM,3850.0,3900.0,3840.0,3890.0,3015.23193359375,78852300,0.0,0.0
2023-02-03,TLKM,3910.0,3920.0,3870.0,3880.0,3007.48046875,55154800,0.0,0.0
2023-02-06,TLKM,3860.0,3910.0,3850.0,3880.0,3007.48046875,58861300,0.0,0.0
2023-02-07,TLKM,3880.0,3880.0,3800.0,3800.0,2945.470703125,76254900,0.0,0.0
2023-02-08,TLKM,3800.0,3850.0,3790.0,3840.0,2976.475830078125,65856500,0.0,0.0
2023-02-09,TLKM,3840.0,3840.0,3760.0,3770.0,2922.217041015625,91337300,0.0,0.0
2023-02-10,TLKM,3750.0,3800.0,3690.0,3800.0,2945.470703125,88759600,0.0,0.0
2023-02-13,TLKM,3800.0,3810.0,3750.0,3790.0,2937.71923828125,69004400,0.0,0.0
2023-02-14,TLKM,3830.0,3830.0,3760.0,3800.0,2945.470703125,80331100,0.0,0.0
2023-02-15,TLKM,3810.0,3820.0,3730.0,3790.0,2937.71923828125,59028200,0.0,0.0
2023-02-16,TLKM,3800.0,3800.0,3750.0,3770.0,2922.217041015625,49869900,0.0,0.0
2023-02-17,TLKM,3770.0,3770.0,3720.0,3760.0,2914.4658203125,50369000,0.0,0.0
2023-02-20,TLKM,3760.0,3820.0,3760.0,3820.0,2960.97314453125,57438900,0.0,0.0
2023-02-21,TLKM,3850.0,3870.0,3830.0,3840.0,2976.475830078125,63880300,0.0,0.0
2023-02-22,TLKM,3850.0,3870.0,3800.0,3860.0,2991.978271484375,48505600,0.0,0.0
2023-02-23,TLKM,3950.0,3970.0,3890.0,3970.0,3077.24169921875,109147100,0.0,0.0
2023-02-24,TLKM,4000.0,4040.0,3950.0,4040.0,3131.50048828125,142165700,0.0,0.0
2023-02-27,TLKM,3990.0,4000.0,3920.0,3960.0,3069.490478515625,66461600,0.0,0.0
2023-02-28,TLKM,3930.0,3970.0,3880.0,3880.0,3007.48046875,115766900,0.0,0.0
2023-03-01,TLKM,3930.0,3990.0,3910.0,3930.0,3046.23681640625,47395200,0.0,0.0
2023-03-02,TLKM,3900.0,3930.0,3880.0,3880.0,3007.48046875,43208800,0.0,0.0
2023-03-03,TLKM,3880.0,3920.0,3870.0,3900.0,3022.983154296875,49796000,0.0,0.0
2023-03-06,TLKM,3940.0,3950.0,3870.0,3880.0,3007.48046875,50103800,0.0,0.0
2023-03-07,TLKM,3890.0,3910.0,3850.0,3880.0,3007.48046875,59086800,0.0,0.0
2023-03-08,TLKM,3850.0,3940.0,3850.0,3940.0,3053.988037109375,78551000,0.0,0.0
2023-03-09,TLKM,3970.0,4000.0,3960.0,3970.0,3077.24169921875,68725500,0.0,0.0
2023-03-10,TLKM,3960.0,4020.0,3930.0,4010.0,3108.246826171875,76136200,0.0,0.0
2023-03-13,TLKM,4020.0,4090.0,3980.0,4070.0,3154.754150390625,104663300,0.0,0.0
2023-03-14,TLKM,4030.0,4090.0,4000.0,4020.0,3115.998046875,111430100,0.0,0.0
2023-03-15,TLKM,4050.0,4050.0,3990.0,4010.0,3108.246826171875,65025400,0.0,0.0
2023-03-16,TLKM,4040.0,4060.0,3980.0,4050.0,3139.251953125,96707900,0.0,0.0
2023-03-17,TLKM,4090.0,4100.0,4030.0,4050.0,3139.251953125,232270900,0.0,0.0
2023-03-20,TLKM,4050.0,4050.0,3940.0,3990.0,3092.744140625,105982700,0.0,0.0
2023-03-21,TLKM,4000.0,4120.0,4000.0,4120.0,3193.510498046875,88808200,0.0,0.0
2023-03-24,TLKM,4100.0,4120.0,4060.0,4070.0,3154.754150390625,96214700,0.0,0.0
2023-03-27,TLKM,4100.0,4120.0,4030.0,4050.0,3139.251953125,71556400,0.0,0.0
2023-03-28,TLKM,4100.0,4100.0,4030.0,4050.0,3139.251953125,87955300,0.0,0.0
2023-03-29,TLKM,4090.0,4120.0,4070.0,4100.0,3178.0078125,113504700,0.0,0.0
2023-03-30,TLKM,4050.0,4130.0,4040.0,4090.0,3170.256591796875,87690800,0.0,0.0
2023-03-31,TLKM,4110.0,4120.0,4040.0,4060.0,3147.0029296875,93699000,0.0,0.0
2023-04-03,TLKM,4100.0,4100.0,4070.0,4080.0,3162.50537109375,56896200,0.0,0.0
2023-04-04,TLKM,4080.0,4100.0,4040.0,4060.0,3147.0029296875,82969200,0.0,0.0
2023-04-05,TLKM,4100.0,4170.0,4080.0,4150.0,3216.76416015625,70419100,0.0,0.0
2023-04-06,TLKM,4200.0,4270.0,4170.0,4250.0,3294.2763671875,125329700,0.0,0.0
2023-04-10,TLKM,4250.0,4300.0,4190.0,4300.0,3333.03271484375,85757900,0.0,0.0
2023-04-11,TLKM,4290.0,4300.0,4250.0,4300.0,3333.03271484375,84322900,0.0,0.0
2023-04-12,TLKM,4320.0,4350.0,4260.0,4310.0,3340.783935546875,178923700,0.0,0.0
2023-04-13,TLKM,4340.0,4350.0,4290.0,4340.0,3364.03759765625,119431600,0.0,0.0
2023-04-14,TLKM,4340.0,4360.0,4320.0,4340.0,3364.03759765625,117305500,0.0,0.0
2023-04-17,TLKM,4340.0,4340.0,4250.0,4270.0,3309.779052734375,59688000,0.0,0.0
2023-04-18,TLKM,4240.0,4280.0,4230.0,4270.0,3309.779052734375,65644600,0.0,0.0
2023-04-26,TLKM,4480.0,4500.0,4330.0,4400.0,3410.545166015625,198984100,0.0,0.0
2023-04-27,TLKM,4450.0,4450.0,4300.0,4320.0,3348.535400390625,58407000,0.0,0.0
2023-04-28,TLKM,4270.0,4320.0,4220.0,4250.0,3294.2763671875,112116900,0.0,0.0
2023-05-02,TLKM,4210.0,4220.0,4130.0,4190.0,3247.76904296875,117097400,0.0,0.0
2023-05-03,TLKM,4200.0,4200.0,4080.0,4150.0,3216.76416015625,158597800,0.0,0.0
2023-05-04,TLKM,4170.0,4190.0,4140.0,4150.0,3216.76416015625,98421300,0.0,0.0
2023-05-05,TLKM,4160.0,4170.0,4080.0,4170.0,3232.2666015625,113408100,0.0,0.0
2023-05-08,TLKM,4170.0,4180.0,4040.0,4060.0,3147.0029296875,121002600,0.0,0.0
2023-05-09,TLKM,4050.0,4090.0,4030.0,4070.0,3154.754150390625,105907900,0.0,0.0
2023-05-10,TLKM,4050.0,4130.0,4040.0,4130.0,3201.26171875,84306600,0.0,0.0
2023-05-11,TLKM,4100.0,4120.0,4060.0,4090.0,3170.256591796875,74171300,0.0,0.0
2023-05-12,TLKM,4050.0,4050.0,3950.0,3980.0,3084.9931640625,236777600,0.0,0.0
2023-05-15,TLKM,3990.0,3990.0,3930.0,3980.0,3084.9931640625,113329300,0.0,0.0
2023-05-16,TLKM,4020.0,4020.0,3940.0,3980.0,3084.9931640625,68777200,0.0,0.0
2023-05-17,TLKM,3980.0,4020.0,3960.0,3990.0,3092.744140625,83183300,0.0,0.0
2023-05-19,TLKM,3990.0,4060.0,3970.0,4020.0,3115.998046875,95986000,0.0,0.0
2023-05-22,TLKM,4000.0,4080.0,3980.0,4040.0,3131.50048828125,115578100,0.0,0.0
2023-05-23,TLKM,4030.0,4080.0,4030.0,4040.0,3131.50048828125,132751000,0.0,0.0
2023-05-24,TLKM,4020.0,4200.0,4020.0,4160.0,3224.51513671875,194127500,0.0,0.0
2023-05-25,TLKM,4190.0,4220.0,4120.0,4120.0,3193.510498046875,122121000,0.0,0.0
2023-05-26,TLKM,4140.0,4160.0,4110.0,4130.0,3201.26171875,62211800,0.0,0.0
2023-05-29,TLKM,4120.0,4200.0,4090.0,4200.0,3255.5205078125,77540300,0.0,0.0
2023-05-30,TLKM,4140.0,4190.0,4120.0,4120.0,3193.510498046875,78924700,0.0,0.0
2023-05-31,TLKM,4120.0,4160.0,4040.0,4040.0,3131.50048828125,1155861400,0.0,0.0
2023-06-05,TLKM,4060.0,4130.0,4020.0,4080.0,3162.50537109375,189129300,0.0,0.0
2023-06-06,TLKM,4090.0,4130.0,4050.0,4090.0,3170.256591796875,95792700,0.0,0.0
2023-06-07,TLKM,4100.0,4150.0,4080.0,4150.0,3216.76416015625,127707400,0.0,0.0
2023-06-08,TLKM,4160.0,4180.0,4120.0,4170.0,3232.2666015625,78989700,0.0,0.0
2023-06-09,TLKM,4170.0,4170.0,4140.0,4150.0,3216.76416015625,83014700,0.0,0.0
2023-06-12,TLKM,4040.0,4050.0,4010.0,4050.0,3271.36669921875,94687300,167.5987,0.0
2023-06-13,TLKM,4040.0,4060.0,4030.0,4030.0,3255.2119140625,69609000,0.0,0.0
2023-06-14,TLKM,4020.0,4040.0,3990.0,4000.0,3230.9794921875,110730800,0.0,0.0
2023-06-15,TLKM,3990.0,4040.0,3980.0,4020.0,3247.13427734375,85391800,0.0,0.0
2023-06-16,TLKM,4020.0,4030.0,3960.0,3970.0,3206.7470703125,160978900,0.0,0.0
2023-06-19,TLKM,3960.0,3990.0,3950.0,3960.0,3198.66943359375,54934100,0.0,0.0
2023-06-20,TLKM,3980.0,3990.0,3950.0,3990.0,3222.90185546875,55155600,0.0,0.0
2023-06-21,TLKM,3970.0,3980.0,3950.0,3980.0,3214.82470703125,60191300,0.0,0.0
2023-06-22,TLKM,3980.0,3990.0,3940.0,3940.0,3182.5146484375,56150900,0.0,0.0
2023-06-23,TLKM,3940.0,3960.0,3940.0,3950.0,3190.59228515625,41812400,0.0,0.0
2023-06-26,TLKM,3940.0,3990.0,3940.0,3990.0,3222.90185546875,36011500,0.0,0.0
2023-06-27,TLKM,4030.0,4030.0,3990.0,4000.0,3230.9794921875,64879900,0.0,0.0
2023-07-03,TLKM,4030.0,4030.0,3970.0,4000.0,3230.9794921875,75193200,0.0,0.0
2023-07-04,TLKM,4000.0,4010.0,3970.0,3970.0,3206.7470703125,33974300,0.0,0.0
2023-07-05,TLKM,3970.0,3980.0,3950.0,3980.0,3214.82470703125,43303000,0.0,0.0
2023-07-06,TLKM,3970.0,3990.0,3960.0,3960.0,3198.66943359375,68088900,0.0,0.0
2023-07-07,TLKM,3960.0,3980.0,3950.0,3960.0,3198.66943359375,50474800,0.0,0.0
2023-07-10,TLKM,3960.0,3980.0,3940.0,3950.0,3190.59228515625,65643300,0.0,0.0
2023-07-11,TLKM,3950.0,3990.0,3950.0,3980.0,3214.82470703125,89768500,0.0,0.0
2023-07-12,TLKM,3980.0,4010.0,3970.0,3980.0,3214.82470703125,73770400,0.0,0.0
2023-07-13,TLKM,3960.0,3970.0,3910.0,3920.0,3166.35986328125,83009900,0.0,0.0
2023-07-14,TLKM,3960.0,3960.0,3920.0,3930.0,3174.437255859375,64886900,0.0,0.0
2023-07-17,TLKM,3950.0,3970.0,3910.0,3910.0,3158.282470703125,81399700,0.0,0.0
2023-07-18,TLKM,3930.0,3930.0,3820.0,3850.0,3109.817626953125,135860500,0.0,0.0
2023-07-20,TLKM,3820.0,3860.0,3810.0,3850.0,3109.817626953125,88907600,0.0,0.0
2023-07-21,TLKM,3840.0,3870.0,3840.0,3860.0,3117.895263671875,53955100,0.0,0.0
2023-07-24,TLKM,3880.0,3930.0,3870.0,3900.0,3150.204833984375,80710100,0.0,0.0
2023-07-25,TLKM,3920.0,3920.0,3880.0,3880.0,3134.050048828125,66434400,0.0,0.0
2023-07-26,TLKM,3890.0,3900.0,3830.0,3880.0,3134.050048828125,86732900,0.0,0.0
2023-07-27,TLKM,3840.0,3860.0,3720.0,3720.0,3004.810791015625,235026400,0.0,0.0
2023-07-28,TLKM,3710.0,3750.0,3690.0,3720.0,3004.810791015625,181626700,0.0,0.0
2023-07-31,TLKM,3700.0,3750.0,3670.0,3720.0,3004.810791015625,153583300,0.0,0.0
2023-08-01,TLKM,3700.0,3780.0,3700.0,3750.0,3029.04345703125,97680500,0.0,0.0
2023-08-02,TLKM,3740.0,3740.0,3680.0,3690.0,2980.57861328125,121333500,0.0,0.0
2023-08-03,TLKM,3670.0,3760.0,3670.0,3720.0,3004.810791015625,82013300,0.0,0.0
2023-08-04,TLKM,3720.0,3730.0,3690.0,3690.0,2980.57861328125,67746800,0.0,0.0
2023-08-07,TLKM,3700.0,3720.0,3680.0,3680.0,2972.5009765625,94909700,0.0,0.0
2023-08-08,TLKM,3680.0,3760.0,3680.0,3730.0,3012.888427734375,116329400,0.0,0.0
2023-08-09,TLKM,3750.0,3800.0,3740.0,3770.0,3045.197998046875,129416100,0.0,0.0
2023-08-10,TLKM,3800.0,3830.0,3800.0,3800.0,3069.4306640625,140158900,0.0,0.0
2023-08-11,TLKM,3830.0,3840.0,3790.0,3810.0,3077.508056640625,109714400,0.0,0.0
2023-08-14,TLKM,3810.0,3830.0,3760.0,3830.0,3093.662841796875,86871800,0.0,0.0
2023-08-15,TLKM,3800.0,3830.0,3800.0,3820.0,3085.585205078125,80015200,0.0,0.0
2023-08-16,TLKM,3790.0,3830.0,3750.0,3830.0,3093.662841796875,81507800,0.0,0.0
2023-08-18,TLKM,3790.0,3800.0,3760.0,3760.0,3037.12060546875,108780100,0.0,0.0
2023-08-21,TLKM,3760.0,3780.0,3720.0,3740.0,3020.9658203125,64449000,0.0,0.0
2023-08-22,TLKM,3740.0,3780.0,3730.0,3750.0,3029.04345703125,98059600,0.0,0.0
2023-08-23,TLKM,3750.0,3770.0,3730.0,3740.0,3020.9658203125,84842500,0.0,0.0
2023-08-24,TLKM,3730.0,3770.0,3720.0,3720.0,3004.810791015625,82789700,0.0,0.0
2023-08-25,TLKM,3700.0,3730.0,3700.0,3720.0,3004.810791015625,42049200,0.0,0.0
2023-08-28,TLKM,3730.0,3740.0,3700.0,3700.0,2988.656005859375,37727500,0.0,0.0
2023-08-29,TLKM,3700.0,3720.0,3700.0,3720.0,3004.810791015625,53453600,0.0,0.0
2023-08-30,TLKM,3730.0,3850.0,3720.0,3810.0,3077.508056640625,130027200,0.0,0.0
2023-08-31,TLKM,3810.0,3820.0,3700.0,3730.0,3012.888427734375,227635800,0.0,0.0
2023-09-01,TLKM,3710.0,3740.0,3710.0,3720.0,3004.810791015625,82253200,0.0,0.0
2023-09-04,TLKM,3720.0,3750.0,3710.0,3730.0,3012.888427734375,55881900,0.0,0.0
2023-09-05,TLKM,3730.0,3750.0,3710.0,3740.0,3020.9658203125,62933300,0.0,0.0
2023-09-06,TLKM,3750.0,3810.0,3740.0,3790.0,3061.352783203125,98673400,0.0,0.0
2023-09-07,TLKM,3780.0,3790.0,3730.0,3760.0,3037.12060546875,63054500,0.0,0.0
2023-09-08,TLKM,3770.0,3770.0,3670.0,3690.0,2980.57861328125,143090100,0.0,0.0
2023-09-11,TLKM,3710.0,3710.0,3680.0,3700.0,2988.656005859375,76577500,0.0,0.0
2023-09-12,TLKM,3700.0,3740.0,3700.0,3710.0,2996.7333984375,72170600,0.0,0.0
2023-09-13,TLKM,3720.0,3720.0,3670.0,3710.0,2996.7333984375,82635900,0.0,0.0
2023-09-14,TLKM,3710.0,3720.0,3680.0,3680.0,2972.5009765625,55532900,0.0,0.0
2023-09-15,TLKM,3680.0,3780.0,3670.0,3720.0,3004.810791015625,147757300,0.0,0.0
2023-09-18,TLKM,3700.0,3720.0,3680.0,3680.0,2972.5009765625,40645900,0.0,0.0
2023-09-19,TLKM,3690.0,3740.0,3690.0,3730.0,3012.888427734375,38375000,0.0,0.0
2023-09-20,TLKM,3740.0,3850.0,3740.0,3810.0,3077.508056640625,171751900,0.0,0.0
2023-09-21,TLKM,3810.0,3840.0,3790.0,3810.0,3077.508056640625,94880700,0.0,0.0
2023-09-22,TLKM,3830.0,3880.0,3810.0,3860.0,3117.895263671875,101185700,0.0,0.0
2023-09-25,TLKM,3810.0,3830.0,3770.0,3770.0,3045.197998046875,125817700,0.0,0.0
2023-09-26,TLKM,3770.0,3800.0,3750.0,3760.0,3037.12060546875,74734500,0.0,0.0
2023-09-27,TLKM,3750.0,3780.0,3720.0,3720.0,3004.810791015625,83337700,0.0,0.0
2023-09-29,TLKM,3730.0,3800.0,3730.0,3750.0,3029.04345703125,66219300,0.0,0.0
2023-10-02,TLKM,3750.0,3780.0,3730.0,3750.0,3029.04345703125,71945000,0.0,0.0
2023-10-03,TLKM,3750.0,3800.0,3740.0,3770.0,3045.197998046875,61155100,0.0,0.0
2023-10-04,TLKM,3800.0,3800.0,3740.0,3780.0,3053.275634765625,77527700,0.0,0.0
2023-10-05,TLKM,3790.0,3800.0,3720.0,3720.0,3004.810791015625,81258900,0.0,0.0
2023-10-06,TLKM,3780.0,3800.0,3770.0,3780.0,3053.275634765625,60156100,0.0,0.0
2023-10-09,TLKM,3770.0,3780.0,3750.0,3760.0,3037.12060546875,37711400,0.0,0.0
2023-10-10,TLKM,3780.0,3820.0,3770.0,3810.0,3077.508056640625,51167900,0.0,0.0
2023-10-11,TLKM,3780.0,3810.0,3780.0,3780.0,3053.275634765625,83154300,0.0,0.0
2023-10-12,TLKM,3820.0,3870.0,3800.0,3830.0,3093.662841796875,101645100,0.0,0.0
2023-10-13,TLKM,3820.0,3850.0,3810.0,3850.0,3109.817626953125,48856500,0.0,0.0
2023-10-16,TLKM,3850.0,3850.0,3740.0,3760.0,3037.12060546875,117472800,0.0,0.0
2023-10-17,TLKM,3780.0,3810.0,3770.0,3790.0,3061.352783203125,57046900,0.0,0.0
2023-10-18,TLKM,3770.0,3780.0,3730.0,3750.0,3029.04345703125,64910600,0.0,0.0
2023-10-19,TLKM,3730.0,3760.0,3720.0,3730.0,3012.888427734375,62296900,0.0,0.0
2023-10-20,TLKM,3720.0,3730.0,3690.0,3700.0,2988.656005859375,38978200,0.0,0.0
2023-10-23,TLKM,3710.0,3720.0,3610.0,3610.0,2915.958984375,69428400,0.0,0.0
2023-10-24,TLKM,3640.0,3670.0,3600.0,3650.0,2948.2685546875,67041700,0.0,0.0
2023-10-25,TLKM,3650.0,3680.0,3580.0,3600.0,2907.88134765625,89567900,0.0,0.0
2023-10-26,TLKM,3600.0,3610.0,3460.0,3480.0,2810.9521484375,141139700,0.0,0.0
2023-10-27,TLKM,3480.0,3530.0,3440.0,3500.0,2827.10693359375,99607000,0.0,0.0
2023-10-30,TLKM,3500.0,3500.0,3390.0,3420.0,2762.487548828125,82945500,0.0,0.0
2023-10-31,TLKM,3400.0,3510.0,3400.0,3490.0,2819.029541015625,66801600,0.0,0.0
2023-11-01,TLKM,3600.0,3700.0,3600.0,3620.0,2924.0361328125,154441100,0.0,0.0
2023-11-02,TLKM,3690.0,3690.0,3620.0,3620.0,2924.0361328125,69582500,0.0,0.0
2023-11-03,TLKM,3590.0,3630.0,3540.0,3570.0,2883.64892578125,85146800,0.0,0.0
2023-11-06,TLKM,3610.0,3650.0,3600.0,3650.0,2948.2685546875,66902400,0.0,0.0
2023-11-07,TLKM,3600.0,3610.0,3550.0,3570.0,2883.64892578125,103642200,0.0,0.0
2023-11-08,TLKM,3520.0,3540.0,3500.0,3520.0,2843.261962890625,103415400,0.0,0.0
2023-11-09,TLKM,3500.0,3570.0,3500.0,3530.0,2851.339599609375,96594900,0.0,0.0
2023-11-10,TLKM,3520.0,3550.0,3490.0,3550.0,2867.494140625,48619500,0.0,0.0
2023-11-13,TLKM,3570.0,3570.0,3510.0,3520.0,2843.261962890625,37975400,0.0,0.0
2023-11-14,TLKM,3500.0,3540.0,3500.0,3500.0,2827.10693359375,45987000,0.0,0.0
2023-11-15,TLKM,3520.0,3570.0,3520.0,3550.0,2867.494140625,114104500,0.0,0.0
2023-11-16,TLKM,3550.0,3550.0,3510.0,3540.0,2859.416748046875,41789400,0.0,0.0
2023-11-17,TLKM,3530.0,3550.0,3480.0,3550.0,2867.494140625,55585600,0.0,0.0
2023-11-20,TLKM,3560.0,3600.0,3540.0,3590.0,2899.803955078125,39932700,0.0,0.0
2023-11-21,TLKM,3590.0,3620.0,3580.0,3620.0,2924.0361328125,68255800,0.0,0.0
2023-11-22,TLKM,3610.0,3630.0,3590.0,3610.0,2915.958984375,34555300,0.0,0.0
2023-11-23,TLKM,3610.0,3630.0,3590.0,3600.0,2907.88134765625,57385100,0.0,0.0
2023-11-24,TLKM,3600.0,3620.0,3570.0,3620.0,2924.0361328125,34583700,0.0,0.0
2023-11-27,TLKM,3640.0,3730.0,3640.0,3680.0,2972.5009765625,73888700,0.0,0.0
2023-11-28,TLKM,3680.0,3800.0,3680.0,3770.0,3045.197998046875,106829100,0.0,0.0
2023-11-29,TLKM,3750.0,3770.0,3700.0,3720.0,3004.810791015625,56467400,0.0,0.0
2023-11-30,TLKM,3750.0,3820.0,3740.0,3760.0,3037.12060546875,258522400,0.0,0.0
2023-12-01,TLKM,3790.0,3840.0,3790.0,3830.0,3093.662841796875,81037200,0.0,0.0
2023-12-04,TLKM,3840.0,3860.0,3780.0,3810.0,3077.508056640625,118483900,0.0,0.0
2023-12-05,TLKM,3830.0,3850.0,3800.0,3850.0,3109.817626953125,74608900,0.0,0.0
2023-12-06,TLKM,3900.0,3950.0,3870.0,3920.0,3166.35986328125,149345100,0.0,0.0
2023-12-07,TLKM,3950.0,3950.0,3880.0,3910.0,3158.282470703125,91076200,0.0,0.0
2023-12-08,TLKM,3940.0,3940.0,3900.0,3940.0,3182.5146484375,61476300,0.0,0.0
2023-12-11,TLKM,3870.0,3980.0,3850.0,3980.0,3214.82470703125,99365500,0.0,0.0
2023-12-12,TLKM,3940.0,3950.0,3890.0,3910.0,3158.282470703125,58707700,0.0,0.0
2023-12-13,TLKM,3870.0,3920.0,3870.0,3920.0,3166.35986328125,54386800,0.0,0.0
2023-12-14,TLKM,3880.0,3960.0,3880.0,3940.0,3182.5146484375,70705300,0.0,0.0
2023-12-15,TLKM,3940.0,3980.0,3900.0,3980.0,3214.82470703125,109064200,0.0,0.0
2023-12-18,TLKM,3940.0,3970.0,3930.0,3970.0,3206.7470703125,60940400,0.0,0.0
2023-12-19,TLKM,3950.0,3970.0,3940.0,3970.0,3206.7470703125,32984500,0.0,0.0
2023-12-20,TLKM,3960.0,3990.0,3960.0,3960.0,3198.66943359375,59574800,0.0,0.0
2023-12-21,TLKM,3960.0,3970.0,3930.0,3950.0,3190.59228515625,48242100,0.0,0.0
2023-12-22,TLKM,3980.0,3980.0,3950.0,3960.0,3198.66943359375,28222700,0.0,0.0
2023-12-27,TLKM,3990.0,4000.0,3920.0,3940.0,3182.5146484375,73157200,0.0,0.0
2023-12-28,TLKM,3960.0,3970.0,3940.0,3960.0,3198.66943359375,34024400,0.0,0.0
2023-12-29,TLKM,3960.0,3980.0,3940.0,3950.0,3190.59228515625,27497600,0.0,0.0
2024-01-02,TLKM,3950.0,3990.0,3940.0,3990.0,3222.90185546875,23774100,0.0,0.0
2024-01-03,TLKM,3990.0,3990.0,3950.0,3960.0,3198.66943359375,22018500,0.0,0.0
2024-01-04,TLKM,3980.0,3990.0,3960.0,3970.0,3206.7470703125,33922400,0.0,0.0
2024-01-05,TLKM,3950.0,3970.0,3880.0,3890.0,3142.12744140625,69268000,0.0,0.0
2024-01-08,TLKM,3890.0,3920.0,3860.0,3890.0,3142.12744140625,61064100,0.0,0.0
2024-01-09,TLKM,3930.0,3980.0,3920.0,3960.0,3198.66943359375,64015400,0.0,0.0
2024-01-10,TLKM,4000.0,4030.0,3980.0,4000.0,3230.9794921875,99083600,0.0,0.0
2024-01-11,TLKM,4040.0,4040.0,3990.0,3990.0,3222.90185546875,36333300,0.0,0.0
2024-01-12,TLKM,3970.0,4010.0,3970.0,4010.0,3239.056884765625,53685600,0.0,0.0
2024-01-15,TLKM,4040.0,4040.0,3980.0,4000.0,3230.9794921875,38339500,0.0,0.0
2024-01-16,TLKM,4020.0,4030.0,3980.0,4010.0,3239.056884765625,44782300,0.0,0.0
2024-01-17,TLKM,4000.0,4010.0,3970.0,3990.0,3222.90185546875,62728400,0.0,0.0
2024-01-18,TLKM,3990.0,4010.0,3930.0,3950.0,3190.59228515625,73029300,0.0,0.0
2024-01-19,TLKM,3950.0,3960.0,3890.0,3940.0,3182.5146484375,67016100,0.0,0.0
2024-01-22,TLKM,3980.0,4010.0,3960.0,3980.0,3214.82470703125,50643700,0.0,0.0
2024-01-23,TLKM,4000.0,4010.0,3910.0,3950.0,3190.59228515625,72595400,0.0,0.0
2024-01-24,TLKM,3950.0,3980.0,3930.0,3970.0,3206.7470703125,38732000,0.0,0.0
2024-01-25,TLKM,3980.0,4000.0,3960.0,3980.0,3214.82470703125,58541300,0.0,0.0
2024-01-26,TLKM,3940.0,3990.0,3930.0,3980.0,3214.82470703125,65272600,0.0,0.0
2024-01-29,TLKM,4000.0,4010.0,3970.0,4010.0,3239.056884765625,59150000,0.0,0.0
2024-01-30,TLKM,4000.0,4020.0,3980.0,4000.0,3230.9794921875,66906900,0.0,0.0
2024-01-31,TLKM,4000.0,4020.0,3960.0,3960.0,3198.66943359375,100403700,0.0,0.0
2024-02-01,TLKM,3970.0,4050.0,3970.0,4040.0,3263.289306640625,105414400,0.0,0.0
2024-02-02,TLKM,4030.0,4030.0,3930.0,3990.0,3222.90185546875,96180000,0.0,0.0
2024-02-05,TLKM,4010.0,4010.0,3970.0,3980.0,3214.82470703125,57789500,0.0,0.0
2024-02-06,TLKM,3970.0,4000.0,3970.0,3980.0,3214.82470703125,65167500,0.0,0.0
2024-02-07,TLKM,4010.0,4020.0,3980.0,3980.0,3214.82470703125,53084600,0.0,0.0
2024-02-12,TLKM,4000.0,4020.0,3970.0,4000.0,3230.9794921875,85763200,0.0,0.0
2024-02-13,TLKM,4010.0,4010.0,3980.0,3980.0,3214.82470703125,52020300,0.0,0.0
2024-02-15,TLKM,4040.0,4080.0,3980.0,4030.0,3255.2119140625,129347900,0.0,0.0
2024-02-16,TLKM,4050.0,4160.0,4050.0,4160.0,3360.218505859375,244064200,0.0,0.0
2024-02-19,TLKM,4130.0,4170.0,4130.0,4160.0,3360.218505859375,82867500,0.0,0.0
2024-02-20,TLKM,4200.0,4210.0,4160.0,4210.0,3400.605712890625,267636700,0.0,0.0
2024-02-21,TLKM,4190.0,4240.0,4070.0,4180.0,3376.37353515625,152787100,0.0,0.0
2024-02-22,TLKM,4130.0,4150.0,4070.0,4090.0,3303.676513671875,93555100,0.0,0.0
2024-02-23,TLKM,4070.0,4100.0,4040.0,4100.0,3311.75390625,87665800,0.0,0.0
2024-02-26,TLKM,4060.0,4100.0,4050.0,4090.0,3303.676513671875,55761700,0.0,0.0
2024-02-27,TLKM,4050.0,4060.0,3990.0,3990.0,3222.90185546875,119637000,0.0,0.0
2024-02-28,TLKM,3980.0,4020.0,3950.0,3990.0,3222.90185546875,77255300,0.0,0.0
2024-02-29,TLKM,4020.0,4040.0,3950.0,4000.0,3230.9794921875,157431900,0.0,0.0
2024-03-01,TLKM,3950.0,3990.0,3860.0,3920.0,3166.35986328125,139582000,0.0,0.0
2024-03-04,TLKM,3960.0,3960.0,3900.0,3940.0,3182.5146484375,81580800,0.0,0.0
2024-03-05,TLKM,3880.0,3900.0,3860.0,3870.0,3125.97265625,100671500,0.0,0.0
2024-03-06,TLKM,3870.0,3920.0,3860.0,3900.0,3150.204833984375,83251500,0.0,0.0
2024-03-07,TLKM,3900.0,3930.0,3900.0,3900.0,3150.204833984375,86888100,0.0,0.0
2024-03-08,TLKM,3900.0,3910.0,3840.0,3860.0,3117.895263671875,101556500,0.0,0.0
2024-03-13,TLKM,3910.0,3910.0,3890.0,3900.0,3150.204833984375,106191400,0.0,0.0
2024-03-14,TLKM,3930.0,3980.0,3920.0,3960.0,3198.66943359375,122570700,0.0,0.0
2024-03-15,TLKM,4000.0,4000.0,3900.0,3970.0,3206.7470703125,184885900,0.0,0.0
2024-03-18,TLKM,3960.0,3970.0,3920.0,3920.0,3166.35986328125,57508300,0.0,0.0
2024-03-19,TLKM,3980.0,3980.0,3940.0,3940.0,3182.5146484375,51629700,0.0,0.0
2024-03-20,TLKM,3910.0,3940.0,3910.0,3930.0,3174.437255859375,84777400,0.0,0.0
2024-03-21,TLKM,3930.0,3960.0,3890.0,3890.0,3142.12744140625,81520900,0.0,0.0
2024-03-22,TLKM,3900.0,3920.0,3890.0,3900.0,3150.204833984375,44501700,0.0,0.0
2024-03-25,TLKM,3890.0,3890.0,3700.0,3730.0,3012.888427734375,313394400,0.0,0.0
2024-03-26,TLKM,3680.0,3680.0,3610.0,3620.0,2924.0361328125,354086400,0.0,0.0
2024-03-27,TLKM,3610.0,3630.0,3490.0,3490.0,2819.029541015625,496202800,0.0,0.0
2024-03-28,TLKM,3470.0,3520.0,3430.0,3470.0,2802.874755859375,258985200,0.0,0.0
2024-04-01,TLKM,3480.0,3520.0,3420.0,3510.0,2835.184326171875,248116300,0.0,0.0
2024-04-02,TLKM,3460.0,3500.0,3410.0,3490.0,2819.029541015625,233017700,0.0,0.0
2024-04-03,TLKM,3450.0,3490.0,3420.0,3420.0,2762.487548828125,150265700,0.0,0.0
2024-04-04,TLKM,3410.0,3460.0,3410.0,3450.0,2786.719482421875,205184000,0.0,0.0
2024-04-05,TLKM,3440.0,3450.0,3420.0,3430.0,2770.56494140625,116051700,0.0,0.0
2024-04-16,TLKM,3260.0,3280.0,3150.0,3220.0,2600.9384765625,490658200,0.0,0.0
2024-04-17,TLKM,3220.0,3240.0,3200.0,3200.0,2584.783447265625,187876400,0.0,0.0
2024-04-18,TLKM,3190.0,3310.0,3110.0,3250.0,2625.1708984375,337490100,0.0,0.0
2024-04-19,TLKM,3230.0,3230.0,3130.0,3150.0,2544.396240234375,149997000,0.0,0.0
2024-04-22,TLKM,3150.0,3200.0,3130.0,3170.0,2560.551025390625,140971800,0.0,0.0
2024-04-23,TLKM,3180.0,3190.0,3080.0,3100.0,2504.009033203125,312052300,0.0,0.0
2024-04-24,TLKM,3100.0,3110.0,3040.0,3040.0,2455.54443359375,327330800,0.0,0.0
2024-04-25,TLKM,3010.0,3060.0,2990.0,3040.0,2455.54443359375,369525200,0.0,0.0
2024-04-26,TLKM,2980.0,3060.0,2960.0,3030.0,2447.466796875,442527900,0.0,0.0
2024-04-29,TLKM,3030.0,3090.0,3010.0,3080.0,2487.854248046875,172773600,0.0,0.0
2024-04-30,TLKM,3120.0,3200.0,3110.0,3170.0,2560.551025390625,273121800,0.0,0.0
2024-05-02,TLKM,3170.0,3200.0,3120.0,3120.0,2520.163818359375,157637100,0.0,0.0
2024-05-03,TLKM,3180.0,3180.0,3120.0,3160.0,2552.473876953125,127945300,0.0,0.0
2024-05-06,TLKM,3180.0,3200.0,3040.0,3050.0,2463.621826171875,221330900,0.0,0.0
2024-05-07,TLKM,3070.0,3110.0,3060.0,3090.0,2495.931640625,124914600,0.0,0.0
2024-05-08,TLKM,3130.0,3150.0,3050.0,3080.0,2487.854248046875,120622600,0.0,0.0
2024-05-13,TLKM,3070.0,3100.0,3040.0,3090.0,2495.931640625,133048300,0.0,0.0
2024-05-14,TLKM,3100.0,3120.0,3080.0,3120.0,2520.163818359375,104126800,0.0,0.0
2024-05-15,TLKM,3120.0,3130.0,3070.0,3100.0,2504.009033203125,149143600,0.0,0.0
2024-05-16,TLKM,2960.0,3050.0,2960.0,3010.0,2579.86572265625,196239200,178.50418,0.0
2024-05-17,TLKM,3050.0,3050.0,2980.0,2990.0,2562.72412109375,120345300,0.0,0.0
2024-05-20,TLKM,2950.0,3000.0,2950.0,2990.0,2562.72412109375,215877500,0.0,0.0
2024-05-21,TLKM,2990.0,2990.0,2920.0,2950.0,2528.43994140625,138864400,0.0,0.0
2024-05-22,TLKM,2980.0,2980.0,2910.0,2940.0,2519.869140625,145109200,0.0,0.0
2024-05-27,TLKM,2900.0,2920.0,2780.0,2810.0,2408.4462890625,246979600,0.0,0.0
2024-05-28,TLKM,2810.0,2880.0,2810.0,2860.0,2451.301025390625,113093300,0.0,0.0
2024-05-29,TLKM,2850.0,2860.0,2810.0,2810.0,2408.4462890625,148952900,0.0,0.0
2024-05-30,TLKM,2810.0,2870.0,2720.0,2810.0,2408.4462890625,253471800,0.0,0.0
2024-05-31,TLKM,2840.0,2920.0,2810.0,2900.0,2485.585205078125,411324600,0.0,0.0
2024-06-03,TLKM,2930.0,2970.0,2900.0,2930.0,2511.298095703125,124570400,0.0,0.0
2024-06-04,TLKM,2980.0,3060.0,2940.0,3000.0,2571.294921875,130203100,0.0,0.0
2024-06-05,TLKM,3000.0,3080.0,3000.0,3060.0,2622.720703125,141157300,0.0,0.0
2024-06-06,TLKM,3100.0,3100.0,3030.0,3050.0,2614.14990234375,107996900,0.0,0.0
2024-06-07,TLKM,3050.0,3090.0,3050.0,3050.0,2614.14990234375,67191100,0.0,0.0
2024-06-10,TLKM,3050.0,3050.0,2980.0,3010.0,2579.86572265625,66983900,0.0,0.0
2024-06-11,TLKM,2960.0,2980.0,2880.0,2880.0,2468.443115234375,172688100,0.0,0.0
2024-06-12,TLKM,2890.0,2970.0,2890.0,2920.0,2502.72705078125,91584500,0.0,0.0
2024-06-13,TLKM,2940.0,2940.0,2830.0,2840.0,2434.159423828125,95740000,0.0,0.0
2024-06-14,TLKM,2820.0,2830.0,2700.0,2720.0,2331.307373046875,202750500,0.0,0.0
2024-06-19,TLKM,2780.0,2850.0,2760.0,2830.0,2425.588134765625,128843500,0.0,0.0
2024-06-20,TLKM,2850.0,2850.0,2800.0,2840.0,2434.159423828125,55434800,0.0,0.0
2024-06-21,TLKM,2850.0,2960.0,2840.0,2950.0,2528.43994140625,184918000,0.0,0.0
2024-06-24,TLKM,2930.0,2980.0,2910.0,2950.0,2528.43994140625,111618800,0.0,0.0
2024-06-25,TLKM,2950.0,2990.0,2930.0,2990.0,2562.72412109375,89913400,0.0,0.0
2024-06-26,TLKM,2990.0,3020.0,2980.0,3000.0,2571.294921875,73994000,0.0,0.0
2024-06-27,TLKM,3030.0,3030.0,2990.0,3030.0,2597.0078125,70154600,0.0,0.0
2024-06-28,TLKM,3030.0,3140.0,3030.0,3130.0,2682.717529296875,213539300,0.0,0.0
2024-07-01,TLKM,3130.0,3130.0,3080.0,3090.0,2648.433837890625,134082800,0.0,0.0
2024-07-02,TLKM,3070.0,3090.0,3030.0,3040.0,2605.578857421875,79024200,0.0,0.0
2024-07-03,TLKM,3040.0,3050.0,3020.0,3030.0,2597.0078125,51977100,0.0,0.0
2024-07-04,TLKM,3000.0,3050.0,2960.0,2960.0,2537.010986328125,93100500,0.0,0.0
2024-07-05,TLKM,2970.0,3020.0,2960.0,3020.0,2588.43701171875,69339200,0.0,0.0
2024-07-08,TLKM,3040.0,3090.0,3000.0,3080.0,2639.86279296875,125004600,0.0,0.0
2024-07-09,TLKM,3050.0,3120.0,3040.0,3080.0,2639.86279296875,118245600,0.0,0.0
2024-07-10,TLKM,3090.0,3180.0,3090.0,3160.0,2708.4306640625,120007400,0.0,0.0
2024-07-11,TLKM,3200.0,3200.0,3160.0,3180.0,2725.572509765625,126490000,0.0,0.0
2024-07-12,TLKM,3230.0,3270.0,3210.0,3220.0,2759.8564453125,135830300,0.0,0.0
2024-07-15,TLKM,3220.0,3220.0,3130.0,3160.0,2708.4306640625,100918500,0.0,0.0
2024-07-16,TLKM,3180.0,3180.0,3090.0,3100.0,2657.004638671875,78769700,0.0,0.0
2024-07-17,TLKM,3190.0,3270.0,3160.0,3250.0,2785.569580078125,167149300,0.0,0.0
2024-07-18,TLKM,3260.0,3280.0,3190.0,3210.0,2751.28564453125,98903500,0.0,0.0
2024-07-19,TLKM,3200.0,3210.0,3120.0,3140.0,2691.288818359375,138117200,0.0,0.0
2024-07-22,TLKM,3180.0,3210.0,3090.0,3100.0,2657.004638671875,139383000,0.0,0.0
2024-07-23,TLKM,3140.0,3160.0,3100.0,3160.0,2708.4306640625,74338000,0.0,0.0
2024-07-24,TLKM,3140.0,3150.0,3040.0,3060.0,2622.720703125,98752100,0.0,0.0
2024-07-25,TLKM,3080.0,3090.0,3030.0,3090.0,2648.433837890625,67060000,0.0,0.0
2024-07-26,TLKM,3110.0,3110.0,3060.0,3100.0,2657.004638671875,94900300,0.0,0.0
2024-07-29,TLKM,3090.0,3120.0,3040.0,3050.0,2614.14990234375,90885600,0.0,0.0
2024-07-30,TLKM,3000.0,3000.0,2880.0,2880.0,2468.443115234375,321472800,0.0,0.0
2024-07-31,TLKM,2880.0,2920.0,2840.0,2880.0,2468.443115234375,207440800,0.0,0.0
2024-08-01,TLKM,2890.0,2930.0,2880.0,2880.0,2468.443115234375,121021800,0.0,0.0
2024-08-02,TLKM,2880.0,2880.0,2820.0,2850.0,2442.730224609375,105816800,0.0,0.0
2024-08-05,TLKM,2820.0,2830.0,2760.0,2790.0,2391.30419921875,105246400,0.0,0.0
2024-08-06,TLKM,2800.0,2840.0,2790.0,2790.0,2391.30419921875,98524200,0.0,0.0
2024-08-07,TLKM,2800.0,2840.0,2790.0,2820.0,2417.017333984375,77263000,0.0,0.0
2024-08-08,TLKM,2800.0,2880.0,2800.0,2850.0,2442.730224609375,99533000,0.0,0.0
2024-08-09,TLKM,2860.0,2880.0,2830.0,2830.0,2425.588134765625,80800300,0.0,0.0
2024-08-12,TLKM,2850.0,2910.0,2840.0,2870.0,2459.872314453125,62746600,0.0,0.0
2024-08-13,TLKM,2900.0,2900.0,2840.0,2850.0,2442.730224609375,82063600,0.0,0.0
2024-08-14,TLKM,2850.0,2890.0,2850.0,2860.0,2451.301025390625,70188800,0.0,0.0
2024-08-15,TLKM,2870.0,2880.0,2820.0,2870.0,2459.872314453125,79724100,0.0,0.0
2024-08-16,TLKM,2910.0,2990.0,2900.0,2960.0,2537.010986328125,207060000,0.0,0.0
2024-08-19,TLKM,2960.0,2970.0,2910.0,2930.0,2511.298095703125,68692700,0.0,0.0
2024-08-20,TLKM,2990.0,3000.0,2960.0,2980.0,2554.15283203125,100434600,0.0,0.0
2024-08-21,TLKM,2980.0,3010.0,2960.0,2970.0,2545.58203125,111842200,0.0,0.0
2024-08-22,TLKM,2940.0,2970.0,2920.0,2920.0,2502.72705078125,90336300,0.0,0.0
2024-08-23,TLKM,2970.0,3010.0,2950.0,2950.0,2528.43994140625,86092500,0.0,0.0
2024-08-26,TLKM,2940.0,2990.0,2930.0,2980.0,2554.15283203125,88941900,0.0,0.0
2024-08-27,TLKM,2990.0,3000.0,2950.0,2990.0,2562.72412109375,71223800,0.0,0.0
2024-08-28,TLKM,3000.0,3000.0,2960.0,2980.0,2554.15283203125,68736300,0.0,0.0
2024-08-29,TLKM,2980.0,3080.0,2980.0,3030.0,2597.0078125,160714800,0.0,0.0
2024-08-30,TLKM,3030.0,3070.0,3010.0,3060.0,2622.720703125,195809000,0.0,0.0
2024-09-02,TLKM,3090.0,3150.0,3080.0,3140.0,2691.288818359375,118928500,0.0,0.0
2024-09-03,TLKM,3140.0,3150.0,3080.0,3080.0,2639.86279296875,82172000,0.0,0.0
2024-09-04,TLKM,3060.0,3100.0,3040.0,3080.0,2639.86279296875,81041700,0.0,0.0
2024-09-05,TLKM,3080.0,3090.0,3020.0,3020.0,2588.43701171875,78989400,0.0,0.0
2024-09-06,TLKM,3010.0,3050.0,3010.0,3040.0,2605.578857421875,82391200,0.0,0.0
2024-09-09,TLKM,3050.0,3080.0,3000.0,3030.0,2597.0078125,69264400,0.0,0.0
2024-09-10,TLKM,3060.0,3060.0,3020.0,3030.0,2597.0078125,46436100,0.0,0.0
2024-09-11,TLKM,3030.0,3050.0,3020.0,3040.0,2605.578857421875,62899600,0.0,0.0
2024-09-12,TLKM,3060.0,3070.0,3050.0,3050.0,2614.14990234375,85785000,0.0,0.0
2024-09-13,TLKM,3080.0,3120.0,3070.0,3110.0,2665.57568359375,125032200,0.0,0.0
2024-09-17,TLKM,3120.0,3130.0,3080.0,3090.0,2648.433837890625,56181000,0.0,0.0
2024-09-18,TLKM,3120.0,3130.0,3100.0,3120.0,2674.146728515625,87120700,0.0,0.0
2024-09-19,TLKM,3140.0,3150.0,3120.0,3140.0,2691.288818359375,130418300,0.0,0.0
2024-09-20,TLKM,3150.0,3170.0,3120.0,3150.0,2699.859619140625,152477400,0.0,0.0
2024-09-23,TLKM,3150.0,3180.0,3130.0,3170.0,2717.001708984375,82274400,0.0,0.0
2024-09-24,TLKM,3180.0,3180.0,3150.0,3160.0,2708.4306640625,92256900,0.0,0.0
2024-09-25,TLKM,3100.0,3190.0,3060.0,3190.0,2734.1435546875,215241700,0.0,0.0
2024-09-26,TLKM,3170.0,3180.0,3120.0,3170.0,2717.001708984375,120042500,0.0,0.0
2024-09-27,TLKM,3130.0,3140.0,3010.0,3050.0,2614.14990234375,291217300,0.0,0.0
2024-09-30,TLKM,3030.0,3030.0,2990.0,2990.0,2562.72412109375,150844800,0.0,0.0
2024-10-01,TLKM,2990.0,3040.0,2990.0,3020.0,2588.43701171875,77208500,0.0,0.0
2024-10-02,TLKM,2950.0,2980.0,2920.0,2920.0,2502.72705078125,124629400,0.0,0.0
2024-10-03,TLKM,2950.0,2950.0,2890.0,2890.0,2477.01416015625,92510900,0.0,0.0
2024-10-04,TLKM,2900.0,2930.0,2860.0,2880.0,2468.443115234375,76757200,0.0,0.0
2024-10-07,TLKM,2910.0,2910.0,2870.0,2900.0,2485.585205078125,84507100,0.0,0.0
2024-10-08,TLKM,2890.0,2990.0,2870.0,2990.0,2562.72412109375,135357200,0.0,0.0
2024-10-09,TLKM,2980.0,3010.0,2960.0,2960.0,2537.010986328125,69435900,0.0,0.0
2024-10-10,TLKM,2960.0,2980.0,2940.0,2950.0,2528.43994140625,57867000,0.0,0.0
2024-10-11,TLKM,3000.0,3000.0,2920.0,2940.0,2519.869140625,40454300,0.0,0.0
2024-10-14,TLKM,2930.0,2970.0,2900.0,2900.0,2485.585205078125,66631500,0.0,0.0
2024-10-15,TLKM,2920.0,2970.0,2910.0,2940.0,2519.869140625,74529600,0.0,0.0
2024-10-16,TLKM,2970.0,3000.0,2930.0,3000.0,2571.294921875,163988000,0.0,0.0
2024-10-17,TLKM,3000.0,3060.0,2980.0,3040.0,2605.578857421875,107040100,0.0,0.0
2024-10-18,TLKM,3050.0,3130.0,3040.0,3100.0,2657.004638671875,138783600,0.0,0.0
2024-10-21,TLKM,3100.0,3130.0,3060.0,3100.0,2657.004638671875,92240300,0.0,0.0
2024-10-22,TLKM,3060.0,3070.0,3010.0,3010.0,2579.86572265625,93662500,0.0,0.0
2024-10-23,TLKM,2940.0,2980.0,2930.0,2940.0,2519.869140625,99423700,0.0,0.0
2024-10-24,TLKM,2940.0,2960.0,2900.0,2900.0,2485.585205078125,72559000,0.0,0.0
2024-10-25,TLKM,2900.0,2950.0,2900.0,2910.0,2494.156005859375,50694200,0.0,0.0
2024-10-28,TLKM,2920.0,2940.0,2900.0,2920.0,2502.72705078125,38720700,0.0,0.0
2024-10-29,TLKM,2910.0,2930.0,2880.0,2900.0,2485.585205078125,67727500,0.0,0.0
2024-10-30,TLKM,2880.0,2900.0,2850.0,2900.0,2485.585205078125,123573100,0.0,0.0
2024-10-31,TLKM,2860.0,2870.0,2820.0,2820.0,2417.017333984375,139590300,0.0,0.0
2024-11-01,TLKM,2820.0,2840.0,2760.0,2780.0,2382.7333984375,99364500,0.0,0.0
2024-11-04,TLKM,2780.0,2810.0,2750.0,2800.0,2399.875244140625,63112300,0.0,0.0
2024-11-05,TLKM,2800.0,2810.0,2730.0,2770.0,2374.162353515625,96721100,0.0,0.0
2024-11-06,TLKM,2780.0,2800.0,2740.0,2740.0,2348.44921875,66808900,0.0,0.0
2024-11-07,TLKM,2760.0,2790.0,2740.0,2760.0,2365.59130859375,79485800,0.0,0.0
2024-11-08,TLKM,2760.0,2780.0,2750.0,2750.0,2357.020263671875,66113200,0.0,0.0
2024-11-11,TLKM,2720.0,2730.0,2650.0,2690.0,2305.59423828125,108153500,0.0,0.0
2024-11-12,TLKM,2660.0,2670.0,2600.0,2600.0,2228.45556640625,215910600,0.0,0.0
2024-11-13,TLKM,2610.0,2630.0,2570.0,2580.0,2211.313720703125,142812600,0.0,0.0
2024-11-14,TLKM,2550.0,2590.0,2530.0,2530.0,2168.458740234375,185269500,0.0,0.0
2024-11-15,TLKM,2500.0,2580.0,2500.0,2540.0,2177.029541015625,103680400,0.0,0.0
2024-11-18,TLKM,2540.0,2610.0,2520.0,2590.0,2219.884521484375,119481300,0.0,0.0
2024-11-19,TLKM,2610.0,2850.0,2590.0,2780.0,2382.7333984375,275670300,0.0,0.0
2024-11-20,TLKM,2740.0,2750.0,2640.0,2680.0,2297.0234375,150242900,0.0,0.0
2024-11-21,TLKM,2680.0,2810.0,2680.0,2770.0,2374.162353515625,128294600,0.0,0.0
2024-11-22,TLKM,2750.0,2790.0,2720.0,2750.0,2357.020263671875,135265300,0.0,0.0
2024-11-25,TLKM,2740.0,2780.0,2720.0,2740.0,2348.44921875,358617100,0.0,0.0
2024-11-26,TLKM,2770.0,2800.0,2680.0,2710.0,2322.736328125,106721000,0.0,0.0
2024-11-28,TLKM,2680.0,2750.0,2680.0,2720.0,2331.307373046875,102808400,0.0,0.0
2024-11-29,TLKM,2700.0,2760.0,2700.0,2710.0,2322.736328125,103162000,0.0,0.0
2024-12-02,TLKM,2720.0,2730.0,2680.0,2680.0,2297.0234375,66025900,0.0,0.0
2024-12-03,TLKM,2760.0,2830.0,2710.0,2820.0,2417.017333984375,167603900,0.0,0.0
2024-12-04,TLKM,2820.0,2850.0,2800.0,2840.0,2434.159423828125,83412800,0.0,0.0
2024-12-05,TLKM,2840.0,2840.0,2730.0,2770.0,2374.162353515625,96025400,0.0,0.0
2024-12-06,TLKM,2740.0,2780.0,2740.0,2760.0,2365.59130859375,48179800,0.0,0.0
2024-12-09,TLKM,2760.0,2770.0,2730.0,2740.0,2348.44921875,63671900,0.0,0.0
2024-12-10,TLKM,2770.0,2830.0,2750.0,2770.0,2374.162353515625,124138200,0.0,0.0
2024-12-11,TLKM,2770.0,2880.0,2770.0,2860.0,2451.301025390625,140611400,0.0,0.0
2024-12-12,TLKM,2830.0,2850.0,2780.0,2820.0,2417.017333984375,66977700,0.0,0.0
2024-12-13,TLKM,2770.0,2790.0,2750.0,2790.0,2391.30419921875,77540100,0.0,0.0
2024-12-16,TLKM,2760.0,2760.0,2650.0,2660.0,2279.88134765625,147655600,0.0,0.0
2024-12-17,TLKM,2630.0,2650.0,2600.0,2620.0,2245.59765625,113785500,0.0,0.0
2024-12-18,TLKM,2620.0,2660.0,2570.0,2570.0,2202.74267578125,79565300,0.0,0.0
2024-12-19,TLKM,2510.0,2560.0,2500.0,2530.0,2168.458740234375,123504200,0.0,0.0
2024-12-20,TLKM,2530.0,2570.0,2520.0,2550.0,2185.600830078125,110308800,0.0,0.0
2024-12-23,TLKM,2580.0,2670.0,2580.0,2650.0,2271.310546875,72113700,0.0,0.0
2024-12-24,TLKM,2680.0,2750.0,2620.0,2740.0,2348.44921875,117582400,0.0,0.0
2024-12-27,TLKM,2770.0,2800.0,2710.0,2750.0,2357.020263671875,92727600,0.0,0.0
2024-12-30,TLKM,2720.0,2760.0,2700.0,2710.0,2322.736328125,74279200,0.0,0.0
2025-01-02,TLKM,2710.0,2740.0,2680.0,2700.0,2314.16552734375,38776700,0.0,0.0
2025-01-03,TLKM,2740.0,2770.0,2730.0,2750.0,2357.020263671875,49907500,0.0,0.0
2025-01-06,TLKM,2760.0,2770.0,2660.0,2690.0,2305.59423828125,54087800,0.0,0.0
2025-01-07,TLKM,2670.0,2680.0,2570.0,2570.0,2202.74267578125,109758000,0.0,0.0
2025-01-08,TLKM,2590.0,2700.0,2590.0,2650.0,2271.310546875,100688500,0.0,0.0
2025-01-09,TLKM,2690.0,2700.0,2620.0,2620.0,2245.59765625,55206700,0.0,0.0
2025-01-10,TLKM,2640.0,2690.0,2630.0,2680.0,2297.0234375,54496800,0.0,0.0
2025-01-13,TLKM,2670.0,2740.0,2650.0,2670.0,2288.45263671875,90816500,0.0,0.0
2025-01-14,TLKM,2670.0,2690.0,2610.0,2620.0,2245.59765625,53116800,0.0,0.0
2025-01-15,TLKM,2640.0,2670.0,2620.0,2630.0,2254.16845703125,52867900,0.0,0.0
2025-01-16,TLKM,2660.0,2660.0,2590.0,2590.0,2219.884521484375,118890200,0.0,0.0
2025-01-17,TLKM,2630.0,2680.0,2610.0,2660.0,2279.88134765625,107245400,0.0,0.0
2025-01-20,TLKM,2670.0,2690.0,2610.0,2610.0,2237.026611328125,49752300,0.0,0.0
2025-01-21,TLKM,2630.0,2660.0,2600.0,2630.0,2254.16845703125,86549000,0.0,0.0
2025-01-22,TLKM,2680.0,2750.0,2650.0,2730.0,2339.87841796875,128617700,0.0,0.0
2025-01-23,TLKM,2730.0,2750.0,2710.0,2710.0,2322.736328125,63216100,0.0,0.0
2025-01-24,TLKM,2740.0,2750.0,2690.0,2690.0,2305.59423828125,49844700,0.0,0.0
2025-01-30,TLKM,2690.0,2710.0,2610.0,2640.0,2262.739501953125,89736900,0.0,0.0
2025-01-31,TLKM,2660.0,2710.0,2660.0,2660.0,2279.88134765625,83736900,0.0,0.0
2025-02-03,TLKM,2620.0,2630.0,2560.0,2630.0,2254.16845703125,91801900,0.0,0.0
2025-02-04,TLKM,2640.0,2660.0,2590.0,2640.0,2262.739501953125,95311100,0.0,0.0
2025-02-05,TLKM,2600.0,2640.0,2590.0,2620.0,2245.59765625,110400300,0.0,0.0
2025-02-06,TLKM,2630.0,2630.0,2520.0,2560.0,2194.171630859375,90471900,0.0,0.0
2025-02-07,TLKM,2550.0,2590.0,2510.0,2590.0,2219.884521484375,105020200,0.0,0.0
2025-02-10,TLKM,2520.0,2550.0,2440.0,2440.0,2091.31982421875,153328500,0.0,0.0
2025-02-11,TLKM,2430.0,2450.0,2300.0,2320.0,1988.468017578125,254907800,0.0,0.0
2025-02-12,TLKM,2360.0,2480.0,2350.0,2480.0,2125.603759765625,173407600,0.0,0.0
2025-02-13,TLKM,2370.0,2420.0,2310.0,2420.0,2074.177734375,219425500,0.0,0.0
2025-02-14,TLKM,2460.0,2530.0,2440.0,2530.0,2168.458740234375,156474300,0.0,0.0
2025-02-17,TLKM,2570.0,2650.0,2530.0,2650.0,2271.310546875,113998200,0.0,0.0
2025-02-18,TLKM,2660.0,2710.0,2630.0,2680.0,2297.0234375,115881200,0.0,0.0
2025-02-19,TLKM,2680.0,2690.0,2600.0,2670.0,2288.45263671875,119388200,0.0,0.0
2025-02-20,TLKM,2650.0,2680.0,2620.0,2670.0,2288.45263671875,90411700,0.0,0.0
2025-02-21,TLKM,2670.0,2680.0,2630.0,2650.0,2271.310546875,75110600,0.0,0.0
2025-02-24,TLKM,2630.0,2640.0,2570.0,2600.0,2228.45556640625,42327600,0.0,0.0
2025-02-25,TLKM,2560.0,2580.0,2460.0,2460.0,2108.4619140625,111687700,0.0,0.0
2025-02-26,TLKM,2500.0,2520.0,2460.0,2520.0,2159.8876953125,65752000,0.0,0.0
2025-02-27,TLKM,2520.0,2560.0,2430.0,2490.0,2134.1748046875,88741400,0.0,0.0
2025-02-28,TLKM,2470.0,2470.0,2350.0,2350.0,2014.18115234375,249795300,0.0,0.0
2025-03-03,TLKM,2400.0,2420.0,2370.0,2400.0,2057.0361328125,178833400,0.0,0.0
2025-03-04,TLKM,2400.0,2440.0,2350.0,2380.0,2039.89404296875,131347800,0.0,0.0
2025-03-05,TLKM,2420.0,2470.0,2410.0,2450.0,2099.890869140625,167407400,0.0,0.0
2025-03-06,TLKM,2490.0,2510.0,2400.0,2400.0,2057.0361328125,131136100,0.0,0.0
2025-03-07,TLKM,2430.0,2470.0,2350.0,2410.0,2065.60693359375,182407000,0.0,0.0
2025-03-10,TLKM,2430.0,2430.0,2370.0,2390.0,2048.46484375,88949400,0.0,0.0
2025-03-11,TLKM,2380.0,2390.0,2350.0,2370.0,2031.3228759765625,102235600,0.0,0.0
2025-03-12,TLKM,2410.0,2490.0,2400.0,2450.0,2099.890869140625,98938700,0.0,0.0
2025-03-13,TLKM,2470.0,2490.0,2420.0,2430.0,2082.7490234375,66706500,0.0,0.0
2025-03-14,TLKM,2450.0,2480.0,2410.0,2420.0,2074.177734375,107627100,0.0,0.0
2025-03-17,TLKM,2420.0,2450.0,2410.0,2420.0,2074.177734375,58129400,0.0,0.0
2025-03-18,TLKM,2450.0,2470.0,2300.0,2420.0,2074.177734375,139758600,0.0,0.0
2025-03-19,TLKM,2420.0,2440.0,2380.0,2430.0,2082.7490234375,96825800,0.0,0.0
2025-03-20,TLKM,2440.0,2440.0,2350.0,2390.0,2048.46484375,94823100,0.0,0.0
2025-03-21,TLKM,2370.0,2380.0,2300.0,2310.0,1979.8970947265625,204534000,0.0,0.0
2025-03-24,TLKM,2320.0,2360.0,2240.0,2330.0,1997.0390625,105865000,0.0,0.0
2025-03-25,TLKM,2340.0,2360.0,2300.0,2340.0,2005.6099853515625,107964200,0.0,0.0
2025-03-26,TLKM,2360.0,2460.0,2350.0,2440.0,2091.31982421875,215856700,0.0,0.0
2025-03-27,TLKM,2430.0,2430.0,2390.0,2410.0,2065.60693359375,120411200,0.0,0.0
2025-04-08,TLKM,2050.0,2300.0,2050.0,2290.0,1962.755126953125,409973200,0.0,0.0
2025-04-09,TLKM,2440.0,2440.0,2300.0,2320.0,1988.468017578125,120363300,0.0,0.0
2025-04-10,TLKM,2450.0,2470.0,2320.0,2350.0,2014.18115234375,139327100,0.0,0.0
2025-04-11,TLKM,2320.0,2350.0,2300.0,2330.0,1997.0390625,60214100,0.0,0.0
2025-04-14,TLKM,2320.0,2430.0,2310.0,2430.0,2082.7490234375,116968600,0.0,0.0
2025-04-15,TLKM,2460.0,2470.0,2420.0,2450.0,2099.890869140625,99064500,0.0,0.0
2025-04-16,TLKM,2490.0,2510.0,2450.0,2480.0,2125.603759765625,121853000,0.0,0.0
2025-04-17,TLKM,2500.0,2660.0,2490.0,2550.0,2185.600830078125,195577900,0.0,0.0
2025-04-21,TLKM,2600.0,2610.0,2510.0,2570.0,2202.74267578125,84209300,0.0,0.0
2025-04-22,TLKM,2570.0,2570.0,2520.0,2550.0,2185.600830078125,44958000,0.0,0.0
2025-04-23,TLKM,2580.0,2640.0,2570.0,2630.0,2254.16845703125,128704200,0.0,0.0
2025-04-24,TLKM,2630.0,2650.0,2600.0,2630.0,2254.16845703125,75733400,0.0,0.0
2025-04-25,TLKM,2630.0,2650.0,2570.0,2600.0,2228.45556640625,93439600,0.0,0.0
2025-04-28,TLKM,2600.0,2610.0,2560.0,2560.0,2194.171630859375,51086400,0.0,0.0
2025-04-29,TLKM,2570.0,2600.0,2560.0,2590.0,2219.884521484375,56546100,0.0,0.0
2025-04-30,TLKM,2600.0,2640.0,2600.0,2640.0,2262.739501953125,96333300,0.0,0.0
2025-05-02,TLKM,2640.0,2720.0,2620.0,2680.0,2297.0234375,132357600,0.0,0.0
2025-05-05,TLKM,2710.0,2710.0,2670.0,2700.0,2314.16552734375,85592500,0.0,0.0
2025-05-06,TLKM,2720.0,2730.0,2680.0,2680.0,2297.0234375,76948300,0.0,0.0
2025-05-07,TLKM,2680.0,2690.0,2620.0,2620.0,2245.59765625,100293700,0.0,0.0
2025-05-08,TLKM,2630.0,2640.0,2570.0,2570.0,2202.74267578125,122965300,0.0,0.0
2025-05-09,TLKM,2570.0,2630.0,2570.0,2600.0,2228.45556640625,59433500,0.0,0.0
2025-05-14,TLKM,2530.0,2620.0,2530.0,2590.0,2219.884521484375,132760900,0.0,0.0
2025-05-15,TLKM,2580.0,2690.0,2580.0,2660.0,2279.88134765625,120039700,0.0,0.0
2025-05-16,TLKM,2710.0,2750.0,2680.0,2740.0,2348.44921875,101569600,0.0,0.0
2025-05-19,TLKM,2760.0,2860.0,2740.0,2820.0,2417.017333984375,164194700,0.0,0.0
2025-05-20,TLKM,2830.0,2840.0,2740.0,2740.0,2348.44921875,129805200,0.0,0.0
2025-05-21,TLKM,2710.0,2780.0,2690.0,2750.0,2357.020263671875,120242100,0.0,0.0
2025-05-22,TLKM,2750.0,2850.0,2750.0,2800.0,2399.875244140625,131277300,0.0,0.0
2025-05-23,TLKM,2710.0,2720.0,2690.0,2690.0,2305.59423828125,141199500,0.0,0.0
2025-05-26,TLKM,2720.0,2820.0,2700.0,2800.0,2399.875244140625,186806300,0.0,0.0
2025-05-27,TLKM,2840.0,2880.0,2790.0,2830.0,2425.588134765625,279180500,0.0,0.0
2025-05-28,TLKM,2860.0,2870.0,2800.0,2820.0,2417.017333984375,531309500,0.0,0.0
2025-06-02,TLKM,2780.0,2820.0,2750.0,2780.0,2382.7333984375,211393400,0.0,0.0
2025-06-03,TLKM,2780.0,2830.0,2730.0,2800.0,2399.875244140625,142896600,0.0,0.0
2025-06-04,TLKM,2810.0,2860.0,2810.0,2820.0,2417.017333984375,125006700,0.0,0.0
2025-06-05,TLKM,2850.0,2850.0,2820.0,2840.0,2434.159423828125,95008500,0.0,0.0
2025-06-10,TLKM,2920.0,2920.0,2880.0,2910.0,2494.156005859375,213564000,0.0,0.0
2025-06-11,TLKM,2750.0,2810.0,2730.0,2800.0,2588.897216796875,200609800,212.4665,0.0
2025-06-12,TLKM,2830.0,2830.0,2750.0,2780.0,2570.405029296875,97099100,0.0,0.0
2025-06-13,TLKM,2770.0,2770.0,2720.0,2740.0,2533.4208984375,81111300,0.0,0.0
2025-06-16,TLKM,2740.0,2770.0,2730.0,2740.0,2533.4208984375,46641000,0.0,0.0
2025-06-17,TLKM,2800.0,2800.0,2760.0,2760.0,2551.912841796875,59643500,0.0,0.0
2025-06-18,TLKM,2770.0,2800.0,2760.0,2770.0,2561.158935546875,70757600,0.0,0.0
2025-06-19,TLKM,2740.0,2780.0,2630.0,2690.0,2487.1904296875,98911200,0.0,0.0
2025-06-20,TLKM,2700.0,2710.0,2640.0,2640.0,2440.960205078125,243027500,0.0,0.0
2025-06-23,TLKM,2610.0,2610.0,2560.0,2580.0,2385.48388671875,73554200,0.0,0.0
2025-06-24,TLKM,2600.0,2670.0,2580.0,2590.0,2394.72998046875,107300200,0.0,0.0
2025-06-25,TLKM,2650.0,2650.0,2560.0,2620.0,2422.468017578125,79958900,0.0,0.0
2025-06-26,TLKM,2620.0,2710.0,2590.0,2710.0,2505.6826171875,132868200,0.0,0.0
2025-06-30,TLKM,2780.0,2790.0,2730.0,2780.0,2570.405029296875,124299500,0.0,0.0
2025-07-01,TLKM,2800.0,2810.0,2760.0,2810.0,2598.143310546875,73006700,0.0,0.0
2025-07-02,TLKM,2820.0,2820.0,2730.0,2780.0,2570.405029296875,92321600,0.0,0.0
2025-07-03,TLKM,2780.0,2810.0,2690.0,2710.0,2505.6826171875,69094400,0.0,0.0
2025-07-04,TLKM,2710.0,2720.0,2620.0,2630.0,2431.714111328125,53587300,0.0,0.0
2025-07-07,TLKM,2630.0,2700.0,2610.0,2700.0,2496.4365234375,33446600,0.0,0.0
2025-07-08,TLKM,2680.0,2700.0,2640.0,2650.0,2450.206298828125,45926000,0.0,0.0
2025-07-09,TLKM,2650.0,2680.0,2640.0,2670.0,2468.698486328125,44897100,0.0,0.0
2025-07-10,TLKM,2690.0,2710.0,2650.0,2690.0,2487.1904296875,41108700,0.0,0.0
2025-07-11,TLKM,2710.0,2730.0,2690.0,2730.0,2524.1748046875,47851300,0.0,0.0
2025-07-14,TLKM,2700.0,2710.0,2640.0,2690.0,2487.1904296875,60458400,0.0,0.0
2025-07-15,TLKM,2690.0,2690.0,2640.0,2640.0,2440.960205078125,35309100,0.0,0.0
2025-07-16,TLKM,2660.0,2680.0,2650.0,2650.0,2450.206298828125,43385900,0.0,0.0
2025-07-17,TLKM,2700.0,2770.0,2660.0,2770.0,2561.158935546875,102642100,0.0,0.0
2025-07-18,TLKM,2800.0,2800.0,2750.0,2770.0,2561.158935546875,83762800,0.0,0.0
2025-07-21,TLKM,2800.0,2800.0,2750.0,2800.0,2588.897216796875,52553200,0.0,0.0
2025-07-22,TLKM,2800.0,2850.0,2800.0,2850.0,2635.12744140625,108243300,0.0,0.0
2025-07-23,TLKM,2870.0,2870.0,2840.0,2850.0,2635.12744140625,86077600,0.0,0.0
2025-07-24,TLKM,2860.0,2870.0,2800.0,2840.0,2625.88134765625,74224200,0.0,0.0
2025-07-25,TLKM,2810.0,2830.0,2780.0,2820.0,2607.389404296875,41296200,0.0,0.0
2025-07-28,TLKM,2870.0,2870.0,2830.0,2860.0,2644.37353515625,40193800,0.0,0.0
2025-07-29,TLKM,2870.0,2880.0,2840.0,2880.0,2662.86572265625,46357400,0.0,0.0
2025-07-30,TLKM,2890.0,2890.0,2850.0,2880.0,2662.86572265625,99062400,0.0,0.0
2025-07-31,TLKM,2890.0,2930.0,2860.0,2880.0,2662.86572265625,201065700,0.0,0.0
2025-08-01,TLKM,2960.0,2990.0,2910.0,2980.0,2755.326416015625,130977000,0.0,0.0
2025-08-04,TLKM,3000.0,3030.0,2990.0,3030.0,2801.556640625,96385300,0.0,0.0
2025-08-05,TLKM,3050.0,3050.0,2990.0,3030.0,2801.556640625,99396900,0.0,0.0
2025-08-06,TLKM,3000.0,3010.0,2960.0,2990.0,2764.572265625,86215200,0.0,0.0
2025-08-07,TLKM,2990.0,2990.0,2930.0,2950.0,2727.588134765625,46506200,0.0,0.0
2025-08-08,TLKM,2950.0,2960.0,2930.0,2940.0,2718.342041015625,46945800,0.0,0.0
2025-08-11,TLKM,2990.0,3010.0,2970.0,2990.0,2764.572265625,74978300,0.0,0.0
2025-08-12,TLKM,3050.0,3200.0,3010.0,3180.0,2940.24755859375,217607800,0.0,0.0
2025-08-13,TLKM,3220.0,3420.0,3210.0,3360.0,3106.6767578125,465722400,0.0,0.0
2025-08-14,TLKM,3370.0,3490.0,3370.0,3420.0,3162.153076171875,232557200,0.0,0.0
2025-08-15,TLKM,3360.0,3410.0,3310.0,3310.0,3060.4462890625,182893900,0.0,0.0
2025-08-19,TLKM,3260.0,3330.0,3240.0,3250.0,3004.969970703125,164921000,0.0,0.0
2025-08-20,TLKM,3220.0,3290.0,3220.0,3220.0,2977.231689453125,80084600,0.0,0.0
2025-08-21,TLKM,3210.0,3270.0,3210.0,3250.0,3004.969970703125,63861900,0.0,0.0
2025-08-22,TLKM,3270.0,3290.0,3220.0,3240.0,2995.723876953125,61351700,0.0,0.0
2025-08-25,TLKM,3280.0,3350.0,3250.0,3310.0,3060.4462890625,93221500,0.0,0.0
2025-08-26,TLKM,3310.0,3320.0,3230.0,3260.0,3014.216064453125,227364800,0.0,0.0
2025-08-27,TLKM,3200.0,3250.0,3100.0,3170.0,2931.00146484375,118158900,0.0,0.0
2025-08-28,TLKM,3160.0,3220.0,3150.0,3180.0,2940.24755859375,55940600,0.0,0.0
2025-08-29,TLKM,3180.0,3210.0,3100.0,3130.0,2894.017333984375,72585500,0.0,0.0
2025-09-01,TLKM,3080.0,3110.0,2960.0,3110.0,2875.525146484375,130027900,0.0,0.0
2025-09-02,TLKM,3120.0,3140.0,3050.0,3070.0,2838.540771484375,64402900,0.0,0.0
2025-09-03,TLKM,3080.0,3170.0,3070.0,3110.0,2875.525146484375,113875700,0.0,0.0
2025-09-04,TLKM,3090.0,3170.0,3090.0,3150.0,2912.50927734375,37223800,0.0,0.0
2025-09-08,TLKM,3300.0,3300.0,3090.0,3090.0,2857.032958984375,93725000,0.0,0.0
2025-09-09,TLKM,3100.0,3130.0,3000.0,3050.0,2820.048828125,104463400,0.0,0.0
2025-09-10,TLKM,3070.0,3180.0,3050.0,3150.0,2912.50927734375,49840200,0.0,0.0
2025-09-11,TLKM,3180.0,3190.0,3070.0,3080.0,2847.786865234375,71919900,0.0,0.0
2025-09-12,TLKM,3090.0,3110.0,3050.0,3100.0,2866.279052734375,61521400,0.0,0.0
2025-09-15,TLKM,3150.0,3260.0,3130.0,3260.0,3014.216064453125,115361300,0.0,0.0
2025-09-16,TLKM,3300.0,3300.0,3260.0,3300.0,3051.2001953125,80642900,0.0,0.0
2025-09-17,TLKM,3300.0,3340.0,3210.0,3340.0,3088.1845703125,73539700,0.0,0.0
2025-09-18,TLKM,3400.0,3400.0,3230.0,3250.0,3004.969970703125,99501600,0.0,0.0
2025-09-19,TLKM,3210.0,3300.0,3160.0,3230.0,2986.477783203125,113834400,0.0,0.0
2025-09-22,TLKM,3300.0,3300.0,3190.0,3220.0,2977.231689453125,53704700,0.0,0.0
2025-09-23,TLKM,3240.0,3260.0,3130.0,3190.0,2949.49365234375,40100300,0.0,0.0
2025-09-24,TLKM,3190.0,3190.0,3150.0,3160.0,2921.75537109375,37086500,0.0,0.0
2025-09-25,TLKM,3160.0,3200.0,3110.0,3120.0,2884.771240234375,37627500,0.0,0.0
2025-09-26,TLKM,3100.0,3160.0,3090.0,3110.0,2875.525146484375,66789300,0.0,0.0
2025-09-29,TLKM,3110.0,3130.0,3050.0,3080.0,2847.786865234375,85911300,0.0,0.0
2025-09-30,TLKM,3090.0,3140.0,3060.0,3060.0,2829.294921875,117025800,0.0,0.0
2025-10-01,TLKM,3060.0,3100.0,3060.0,3060.0,2829.294921875,59779700,0.0,0.0
2025-10-02,TLKM,3070.0,3200.0,3060.0,3130.0,2894.017333984375,113431700,0.0,0.0
2025-10-03,TLKM,3110.0,3130.0,3050.0,3070.0,2838.540771484375,59116700,0.0,0.0
2025-10-06,TLKM,3080.0,3090.0,2960.0,3010.0,2783.064453125,59707600,0.0,0.0
2025-10-07,TLKM,3030.0,3050.0,3000.0,3010.0,2783.064453125,30353000,0.0,0.0
2025-10-08,TLKM,3030.0,3040.0,2940.0,2990.0,2764.572265625,66090700,0.0,0.0
2025-10-09,TLKM,2950.0,3020.0,2950.0,3010.0,2783.064453125,54769300,0.0,0.0
2025-10-10,TLKM,3030.0,3080.0,3000.0,3040.0,2810.802734375,62254500,0.0,0.0
2025-10-13,TLKM,3020.0,3070.0,2980.0,3020.0,2792.310546875,46978500,0.0,0.0
2025-10-14,TLKM,3050.0,3070.0,2960.0,2960.0,2736.834228515625,38518800,0.0,0.0
2025-10-15,TLKM,3000.0,3090.0,2950.0,3080.0,2847.786865234375,67503700,0.0,0.0
2025-10-16,TLKM,2970.0,3020.0,2900.0,2950.0,2727.588134765625,103687000,0.0,0.0
2025-10-17,TLKM,2950.0,2960.0,2850.0,2880.0,2662.86572265625,82482200,0.0,0.0
2025-10-20,TLKM,2930.0,2970.0,2900.0,2940.0,2718.342041015625,96029300,0.0,0.0
2025-10-21,TLKM,2970.0,3290.0,2970.0,3280.0,3032.708251953125,223104600,0.0,0.0
2025-10-22,TLKM,3220.0,3220.0,3120.0,3150.0,2912.50927734375,128796800,0.0,0.0
2025-10-23,TLKM,3180.0,3400.0,3170.0,3360.0,3106.6767578125,218967200,0.0,0.0
2025-10-24,TLKM,3370.0,3440.0,3290.0,3290.0,3041.9541015625,115104000,0.0,0.0
2025-10-27,TLKM,3320.0,3360.0,3280.0,3330.0,3078.9384765625,105683900,0.0,0.0
2025-10-28,TLKM,3330.0,3480.0,3270.0,3400.0,3143.660888671875,143082100,0.0,0.0
2025-10-29,TLKM,3390.0,3390.0,3270.0,3290.0,3041.9541015625,93073800,0.0,0.0
2025-10-30,TLKM,3290.0,3310.0,3200.0,3250.0,3004.969970703125,83523100,0.0,0.0
2025-10-31,TLKM,3200.0,3250.0,3150.0,3210.0,2967.98583984375,126790400,0.0,0.0
2025-11-03,TLKM,3210.0,3380.0,3210.0,3350.0,3097.4306640625,107151300,0.0,0.0
2025-11-04,TLKM,3360.0,3590.0,3360.0,3500.0,3236.12158203125,227450800,0.0,0.0
2025-11-05,TLKM,3600.0,3630.0,3510.0,3540.0,3273.105712890625,182624300,0.0,0.0
2025-11-06,TLKM,3540.0,3550.0,3470.0,3480.0,3217.62939453125,71766000,0.0,0.0
2025-11-07,TLKM,3460.0,3490.0,3420.0,3470.0,3208.38330078125,58917900,0.0,0.0
2025-11-10,TLKM,3490.0,3550.0,3440.0,3440.0,3180.64501953125,88941900,0.0,0.0
2025-11-11,TLKM,3500.0,3530.0,3470.0,3520.0,3254.613525390625,63130300,0.0,0.0
2025-11-12,TLKM,3540.0,3590.0,3510.0,3560.0,3291.597900390625,61339600,0.0,0.0
2025-11-13,TLKM,3570.0,3570.0,3480.0,3500.0,3236.12158203125,57467900,0.0,0.0
2025-11-14,TLKM,3530.0,3560.0,3510.0,3550.0,3282.351806640625,55079600,0.0,0.0
2025-11-17,TLKM,3570.0,3630.0,3560.0,3610.0,3337.828125,76833800,0.0,0.0
2025-11-18,TLKM,3610.0,3630.0,3540.0,3620.0,3347.07421875,97747000,0.0,0.0
2025-11-19,TLKM,3620.0,3690.0,3620.0,3650.0,3374.8125,109911100,0.0,0.0
2025-11-20,TLKM,3650.0,3660.0,3620.0,3640.0,3365.56640625,52200700,0.0,0.0
2025-11-21,TLKM,3590.0,3610.0,3460.0,3500.0,3236.12158203125,93181600,0.0,0.0
2025-11-24,TLKM,3560.0,3700.0,3540.0,3700.0,3421.042724609375,241304000,0.0,0.0
2025-11-25,TLKM,3690.0,3690.0,3560.0,3650.0,3374.8125,84816600,0.0,0.0
2025-11-26,TLKM,3600.0,3720.0,3600.0,3720.0,3439.534912109375,111114600,0.0,0.0
2025-11-27,TLKM,3700.0,3700.0,3560.0,3570.0,3300.843994140625,48436500,0.0,0.0
2025-11-28,TLKM,3600.0,3630.0,3500.0,3510.0,3245.36767578125,70943000,0.0,0.0
2025-12-01,TLKM,3530.0,3650.0,3520.0,3650.0,3374.8125,89045500,0.0,0.0
2025-12-02,TLKM,3660.0,3670.0,3560.0,3560.0,3291.597900390625,62155900,0.0,0.0
2025-12-03,TLKM,3590.0,3650.0,3580.0,3580.0,3310.090087890625,60429900,0.0,0.0
2025-12-04,TLKM,3660.0,3660.0,3580.0,3630.0,3356.3203125,38947500,0.0,0.0
2025-12-05,TLKM,3630.0,3700.0,3610.0,3700.0,3421.042724609375,50641400,0.0,0.0
2025-12-08,TLKM,3700.0,3700.0,3600.0,3630.0,3356.3203125,64911000,0.0,0.0
2025-12-09,TLKM,3650.0,3650.0,3520.0,3570.0,3300.843994140625,94381800,0.0,0.0
2025-12-10,TLKM,3620.0,3700.0,3590.0,3640.0,3365.56640625,68644900,0.0,0.0
2025-12-11,TLKM,3670.0,3690.0,3500.0,3570.0,3300.843994140625,84823100,0.0,0.0
2025-12-12,TLKM,3630.0,3630.0,3500.0,3550.0,3282.351806640625,67076200,0.0,0.0
2025-12-15,TLKM,3550.0,3560.0,3460.0,3470.0,3208.38330078125,121707400,0.0,0.0
2025-12-16,TLKM,3490.0,3550.0,3470.0,3520.0,3254.613525390625,120576700,0.0,0.0
2025-12-17,TLKM,3540.0,3590.0,3490.0,3500.0,3236.12158203125,118452300,0.0,0.0
2025-12-18,TLKM,3540.0,3580.0,3460.0,3460.0,3199.13720703125,111042200,0.0,0.0
2025-12-19,TLKM,3520.0,3520.0,3390.0,3410.0,3152.906982421875,236770700,0.0,0.0
2025-12-22,TLKM,3440.0,3490.0,3420.0,3470.0,3208.38330078125,113720300,0.0,0.0
2025-12-23,TLKM,3470.0,3470.0,3420.0,3470.0,3208.38330078125,39083700,0.0,0.0
2025-12-24,TLKM,3480.0,3500.0,3440.0,3460.0,3199.13720703125,30919800,0.0,0.0
2025-12-29,TLKM,3480.0,3530.0,3460.0,3490.0,3226.87548828125,53079900,0.0,0.0
2025-12-30,TLKM,3490.0,3510.0,3480.0,3480.0,3217.62939453125,48019100,0.0,0.0
2026-01-02,TLKM,3510.0,3510.0,3450.0,3470.0,3208.38330078125,34812500,0.0,0.0
2026-01-05,TLKM,3490.0,3590.0,3480.0,3580.0,3310.090087890625,77224000,0.0,0.0
2026-01-06,TLKM,3600.0,3600.0,3490.0,3520.0,3254.613525390625,77477100,0.0,0.0
2026-01-07,TLKM,3540.0,3550.0,3500.0,3540.0,3273.105712890625,60466200,0.0,0.0
2026-01-08,TLKM,3540.0,3580.0,3520.0,3530.0,3263.859619140625,61219400,0.0,0.0
2026-01-09,TLKM,3550.0,3560.0,3450.0,3450.0,3189.89111328125,82708700,0.0,0.0
2026-01-12,TLKM,3470.0,3530.0,3460.0,3520.0,3254.613525390625,89165400,0.0,0.0
2026-01-13,TLKM,3600.0,3660.0,3550.0,3620.0,3347.07421875,129812000,0.0,0.0
2026-01-14,TLKM,3690.0,3700.0,3610.0,3650.0,3374.8125,98179400,0.0,0.0
2026-01-15,TLKM,3650.0,3680.0,3610.0,3660.0,3384.05859375,83981800,0.0,0.0
2026-01-19,TLKM,3590.0,3630.0,3490.0,3620.0,3347.07421875,147127900,0.0,0.0
2026-01-20,TLKM,3550.0,3680.0,3550.0,3600.0,3328.58203125,89987800,0.0,0.0
2026-01-21,TLKM,3670.0,3700.0,3570.0,3600.0,3328.58203125,104120400,0.0,0.0
2026-01-22,TLKM,3670.0,3790.0,3660.0,3740.0,3458.027099609375,149259700,0.0,0.0
2026-01-23,TLKM,3790.0,3800.0,3730.0,3770.0,3485.76513671875,109079700,0.0,0.0
2026-01-26,TLKM,3780.0,3850.0,3750.0,3850.0,3559.733642578125,91258600,0.0,0.0
2026-01-27,TLKM,3850.0,3990.0,3730.0,3940.0,3642.9482421875,161704800,0.0,0.0
2026-01-28,TLKM,3800.0,3800.0,3390.0,3470.0,3208.38330078125,439277400,0.0,0.0
2026-01-29,TLKM,3420.0,3500.0,3100.0,3450.0,3189.89111328125,582049700,0.0,0.0
2026-01-30,TLKM,3550.0,3740.0,3540.0,3600.0,3328.58203125,332372800,0.0,0.0
2026-02-02,TLKM,3670.0,3700.0,3430.0,3500.0,3236.12158203125,157041400,0.0,0.0
2026-02-03,TLKM,3540.0,3550.0,3420.0,3450.0,3189.89111328125,155611200,0.0,0.0
2026-02-04,TLKM,3420.0,3440.0,3260.0,3330.0,3078.9384765625,215692700,0.0,0.0
2026-02-05,TLKM,3350.0,3360.0,3260.0,3290.0,3041.9541015625,148908600,0.0,0.0
2026-02-06,TLKM,3310.0,3390.0,3270.0,3380.0,3125.168701171875,137552600,0.0,0.0
2026-02-09,TLKM,3430.0,3430.0,3340.0,3350.0,3097.4306640625,109053400,0.0,0.0
2026-02-10,TLKM,3380.0,3430.0,3360.0,3400.0,3143.660888671875,129254100,0.0,0.0
2026-02-11,TLKM,3430.0,3530.0,3420.0,3530.0,3263.859619140625,151785400,0.0,0.0
2026-02-12,TLKM,3500.0,3560.0,3470.0,3560.0,3291.597900390625,114656400,0.0,0.0
2026-02-13,TLKM,3540.0,3550.0,3440.0,3450.0,3189.89111328125,102244000,0.0,0.0
2026-02-18,TLKM,3470.0,3510.0,3460.0,3490.0,3226.87548828125,82797000,0.0,0.0
2026-02-19,TLKM,3500.0,3500.0,3460.0,3480.0,3217.62939453125,70690600,0.0,0.0
2026-02-20,TLKM,3490.0,3510.0,3430.0,3480.0,3217.62939453125,75231500,0.0,0.0
2026-02-23,TLKM,3480.0,3550.0,3480.0,3550.0,3282.351806640625,59621900,0.0,0.0
2026-02-24,TLKM,3600.0,3600.0,3510.0,3580.0,3310.090087890625,119024300,0.0,0.0
2026-02-25,TLKM,3580.0,3660.0,3580.0,3600.0,3328.58203125,66237300,0.0,0.0
2026-02-26,TLKM,3560.0,3650.0,3510.0,3650.0,3374.8125,111136200,0.0,0.0
2026-02-27,TLKM,3630.0,3630.0,3530.0,3540.0,3273.105712890625,140862100,0.0,0.0
2026-03-02,TLKM,3440.0,3490.0,3410.0,3450.0,3189.89111328125,80022100,0.0,0.0
2026-03-03,TLKM,3520.0,3530.0,3440.0,3450.0,3189.89111328125,125403800,0.0,0.0
2026-03-04,TLKM,3430.0,3450.0,3110.0,3200.0,2958.73974609375,206478300,0.0,0.0
2026-03-05,TLKM,3300.0,3350.0,3210.0,3260.0,3014.216064453125,137853600,0.0,0.0
2026-03-06,TLKM,3270.0,3290.0,3180.0,3190.0,2949.49365234375,84932600,0.0,0.0
2026-03-09,TLKM,3160.0,3160.0,3000.0,3100.0,2866.279052734375,126776600,0.0,0.0
2026-03-10,TLKM,3120.0,3150.0,2930.0,2960.0,2736.834228515625,288339600,0.0,0.0
2026-03-11,TLKM,3000.0,3020.0,2930.0,3000.0,2773.818359375,209073500,0.0,0.0
2026-03-12,TLKM,3020.0,3060.0,2980.0,3020.0,2792.310546875,100856000,0.0,0.0
2026-03-13,TLKM,3030.0,3050.0,2920.0,2970.0,2746.080322265625,102546800,0.0,0.0
2026-03-16,TLKM,2970.0,2980.0,2830.0,2960.0,2736.834228515625,95426400,0.0,0.0
2026-03-17,TLKM,3050.0,3050.0,2960.0,3050.0,2820.048828125,164842700,0.0,0.0
2026-03-25,TLKM,3140.0,3300.0,3130.0,3300.0,3051.2001953125,228354400,0.0,0.0
2026-03-26,TLKM,3240.0,3260.0,3130.0,3170.0,2931.00146484375,130477500,0.0,0.0
2026-03-27,TLKM,3150.0,3160.0,3050.0,3050.0,2820.048828125,72337500,0.0,0.0
2026-03-30,TLKM,3050.0,3110.0,3030.0,3040.0,2810.802734375,115529200,0.0,0.0
2026-03-31,TLKM,3130.0,3130.0,3040.0,3060.0,2829.294921875,95463800,0.0,0.0
2026-04-01,TLKM,3150.0,3150.0,3100.0,3150.0,2912.50927734375,68303100,0.0,0.0
2026-04-02,TLKM,3150.0,3160.0,3080.0,3130.0,2894.017333984375,56283200,0.0,0.0
2026-04-06,TLKM,3200.0,3200.0,3100.0,3160.0,2921.75537109375,37192400,0.0,0.0
2026-04-07,TLKM,3150.0,3160.0,3060.0,3100.0,2866.279052734375,49528200,0.0,0.0
2026-04-08,TLKM,3150.0,3180.0,3110.0,3160.0,2921.75537109375,78411200,0.0,0.0
2026-04-09,TLKM,3170.0,3190.0,3120.0,3190.0,2949.49365234375,58857300,0.0,0.0
2026-04-10,TLKM,3190.0,3220.0,3170.0,3210.0,2967.98583984375,70335700,0.0,0.0
2026-04-13,TLKM,3130.0,3200.0,3130.0,3190.0,2949.49365234375,77410000,0.0,0.0
2026-04-14,TLKM,3190.0,3200.0,3110.0,3120.0,2884.771240234375,92852900,0.0,0.0
2026-04-15,TLKM,3120.0,3150.0,3060.0,3090.0,2857.032958984375,89181500,0.0,0.0
2026-04-16,TLKM,3100.0,3150.0,3100.0,3120.0,2884.771240234375,57013000,0.0,0.0
2026-04-17,TLKM,3120.0,3150.0,3080.0,3100.0,2866.279052734375,96349500,0.0,0.0
2026-04-20,TLKM,3130.0,3160.0,3050.0,3100.0,2866.279052734375,142308900,0.0,0.0
2026-04-21,TLKM,3050.0,3070.0,2980.0,3010.0,2783.064453125,137586500,0.0,0.0
2026-04-22,TLKM,3010.0,3030.0,2990.0,3000.0,2773.818359375,57088500,0.0,0.0
2026-04-23,TLKM,3010.0,3020.0,2880.0,2880.0,2662.86572265625,164145000,0.0,0.0
2026-04-24,TLKM,2880.0,2940.0,2750.0,2810.0,2598.143310546875,254588000,0.0,0.0
2026-04-27,TLKM,2850.0,2850.0,2810.0,2830.0,2616.635498046875,77838700,0.0,0.0
2026-04-28,TLKM,2790.0,2820.0,2750.0,2820.0,2607.389404296875,146311100,0.0,0.0
2026-04-29,TLKM,2820.0,2880.0,2800.0,2870.0,2653.61962890625,144598700,0.0,0.0
2026-04-30,TLKM,2860.0,2870.0,2810.0,2810.0,2598.143310546875,134260800,0.0,0.0
2026-05-04,TLKM,2840.0,2890.0,2840.0,2890.0,2672.11181640625,81120300,0.0,0.0
2026-05-05,TLKM,2910.0,2940.0,2870.0,2880.0,2662.86572265625,71127200,0.0,0.0
2026-05-06,TLKM,2890.0,2910.0,2870.0,2900.0,2681.35791015625,82205900,0.0,0.0
2026-05-07,TLKM,2950.0,2980.0,2920.0,2930.0,2709.095947265625,102205600,0.0,0.0
2026-05-08,TLKM,2930.0,3000.0,2900.0,2960.0,2736.834228515625,102107300,0.0,0.0
2026-05-11,TLKM,2990.0,3010.0,2920.0,2960.0,2736.834228515625,58491000,0.0,0.0
2026-05-12,TLKM,3000.0,3000.0,2860.0,2950.0,2727.588134765625,91619700,0.0,0.0
2026-05-13,TLKM,2950.0,2970.0,2920.0,2960.0,2736.834228515625,62623700,0.0,0.0
2026-05-14,TLKM,2960.0,2960.0,2960.0,2960.0,2736.834228515625,0,0.0,0.0
2026-05-15,TLKM,2960.0,2960.0,2960.0,2960.0,2736.834228515625,0,0.0,0.0
2026-05-18,TLKM,2910.0,3080.0,2860.0,3080.0,2847.786865234375,148994300,0.0,0.0
2026-05-19,TLKM,3080.0,3130.0,3030.0,3080.0,2847.786865234375,147808100,0.0,0.0
2026-05-20,TLKM,3130.0,3190.0,3100.0,3100.0,2866.279052734375,191400600,0.0,0.0
2026-05-21,TLKM,3100.0,3120.0,2950.0,3000.0,2773.818359375,141907000,0.0,0.0
2026-05-22,TLKM,3000.0,3010.0,2850.0,2920.0,2699.849853515625,138085300,0.0,0.0
2026-05-25,TLKM,2880.0,2960.0,2870.0,2930.0,2709.095947265625,88999600,0.0,0.0
2026-05-26,TLKM,2950.0,3100.0,2940.0,3090.0,2857.032958984375,136083800,0.0,0.0
2026-05-27,TLKM,3090.0,3090.0,3090.0,3090.0,2857.032958984375,0,0.0,0.0
2026-05-28,TLKM,3090.0,3090.0,3090.0,3090.0,2857.032958984375,0,0.0,0.0
2026-05-29,TLKM,2900.0,3170.0,2900.0,3030.0,2801.556640625,835364400,0.0,0.0
2026-06-02,TLKM,2990.0,3020.0,2910.0,2950.0,2727.588134765625,242446000,0.0,0.0
2026-06-03,TLKM,2900.0,2950.0,2850.0,2850.0,2635.12744140625,168085400,0.0,0.0
2026-06-04,TLKM,2900.0,2950.0,2680.0,2900.0,2681.35791015625,197151900,0.0,0.0
2026-06-05,TLKM,2900.0,2930.0,2760.0,2760.0,2551.912841796875,105040300,0.0,0.0
2026-06-08,TLKM,2620.0,2650.0,2350.0,2350.0,2172.824462890625,331947700,0.0,0.0
2026-06-09,TLKM,2510.0,2620.0,2510.0,2620.0,2422.468017578125,371055600,0.0,0.0
2026-06-10,TLKM,2500.0,2810.0,2500.0,2810.0,2598.143310546875,391732600,0.0,0.0
2026-06-11,TLKM,2870.0,2970.0,2810.0,2870.0,2653.61962890625,274793100,0.0,0.0
2026-06-12,TLKM,2910.0,2980.0,2860.0,2860.0,2644.37353515625,181531900,0.0,0.0
2026-06-15,TLKM,2900.0,2970.0,2890.0,2930.0,2709.095947265625,156789000,0.0,0.0
2026-06-17,TLKM,2950.0,3030.0,2940.0,2960.0,2736.834228515625,200799700,0.0,0.0
2026-06-18,TLKM,2800.0,2800.0,2670.0,2780.0,2780.0,210813900,223.16588,0.0
2026-06-19,TLKM,2700.0,2710.0,2580.0,2580.0,2580.0,374544500,0.0,0.0
2026-06-22,TLKM,2580.0,2590.0,2500.0,2510.0,2510.0,194270900,0.0,0.0
2026-06-23,TLKM,2500.0,2610.0,2500.0,2540.0,2540.0,173184800,0.0,0.0
2026-06-24,TLKM,2570.0,2590.0,2480.0,2500.0,2500.0,173348900,0.0,0.0
2026-06-25,TLKM,2530.0,2540.0,2500.0,2500.0,2500.0,94937900,0.0,0.0
2026-06-26,TLKM,2420.0,2480.0,2370.0,2480.0,2480.0,220918000,0.0,0.0
2026-06-29,TLKM,2470.0,2470.0,2410.0,2410.0,2410.0,124858100,0.0,0.0
2026-06-30,TLKM,2390.0,2400.0,2350.0,2350.0,2350.0,318664200,0.0,0.0
2026-07-01,TLKM,2380.0,2450.0,2350.0,2440.0,2440.0,111997100,0.0,0.0
2026-07-02,TLKM,2470.0,2490.0,2420.0,2450.0,2450.0,112046100,0.0,0.0
2026-07-03,TLKM,2480.0,2540.0,2470.0,2520.0,2520.0,83587600,0.0,0.0
2026-07-06,TLKM,2520.0,2530.0,2470.0,2480.0,2480.0,48614200,0.0,0.0
2026-07-07,TLKM,2460.0,2480.0,2420.0,2480.0,2480.0,119404100,0.0,0.0
2026-07-08,TLKM,2480.0,2540.0,2470.0,2510.0,2510.0,98228500,0.0,0.0
2026-07-09,TLKM,2500.0,2510.0,2450.0,2510.0,2510.0,68742100,0.0,0.0
2026-07-10,TLKM,2480.0,2500.0,2440.0,2480.0,2480.0,129033800,0.0,0.0
2026-07-13,TLKM,2480.0,2520.0,2460.0,2510.0,2510.0,80358400,0.0,0.0
2026-07-14,TLKM,2500.0,2600.0,2490.0,2560.0,2560.0,118565500,0.0,0.0
2026-07-15,TLKM,2560.0,2570.0,2490.0,2520.0,2520.0,142706600,0.0,0.0
2026-07-16,TLKM,2520.0,2560.0,2510.0,2530.0,2530.0,56858100,0.0,0.0
2026-07-17,TLKM,2550.0,2670.0,2540.0,2660.0,2660.0,143963900,0.0,0.0
2026-07-20,TLKM,2670.0,2750.0,2660.0,2710.0,2710.0,146905500,0.0,0.0
2026-07-21,TLKM,2770.0,2770.0,2700.0,2750.0,2750.0,140279600,0.0,0.0
2026-07-22,TLKM,2730.0,2730.0,2670.0,2700.0,2700.0,122114100,0.0,0.0
2026-07-23,TLKM,2710.0,2710.0,2650.0,2650.0,2650.0,91296700,0.0,0.0
2026-07-24,TLKM,2600.0,2630.0,2580.0,2630.0,2630.0,92442500,0.0,0.0
2026-07-27,TLKM,2670.0,2670.0,2560.0,2590.0,2590.0,60467000,0.0,0.0
2026-07-28,TLKM,2580.0,2620.0,2560.0,2560.0,2560.0,69694800,0.0,0.0
2026-07-29,TLKM,2560.0,2610.0,2540.0,2560.0,2560.0,76414900,0.0,0.0
2026-07-30,TLKM,2600.0,2670.0,2590.0,2670.0,2670.0,103302600,0.0,0.0
2026-07-31,TLKM,2670.0,2680.0,2600.0,2630.0,2630.0,91987400,0.0,0.0
2026-08-03,TLKM,2600.0,2740.0,2600.0,2740.0,2740.0,112278700,0.0,0.0
2026-08-04,TLKM,2740.0,2790.0,2710.0,2790.0,2790.0,90753600,0.0,0.0
2026-08-05,TLKM,2780.0,2780.0,2700.0,2710.0,2710.0,109494500,0.0,0.0
2026-08-06,TLKM,2710.0,2720.0,2650.0,2650.0,2650.0,138223900,0.0,0.0
2026-08-07,TLKM,2650.0,2720.0,2650.0,2710.0,2710.0,66412400,0.0,0.0
2026-08-10,TLKM,2720.0,2730.0,2620.0,2620.0,2620.0,93974000,0.0,0.0
2026-08-11,TLKM,2640.0,2650.0,2570.0,2610.0,2610.0,84124100,0.0,0.0
2026-08-12,TLKM,2610.0,2620.0,2570.0,2590.0,2590.0,120373100,0.0,0.0
2026-08-13,TLKM,2600.0,2610.0,2570.0,2590.0,2590.0,76115000,0.0,0.0
2026-08-14,TLKM,2600.0,2630.0,2590.0,2620.0,2620.0,80799200,0.0,0.0
2026-08-18,TLKM,2640.0,2640.0,2600.0,2600.0,2600.0,80089000,0.0,0.0
2026-08-19,TLKM,2600.0,2610.0,2580.0,2600.0,2600.0,45580300,0.0,0.0
2026-08-20,TLKM,2610.0,2620.0,2590.0,2610.0,2610.0,86747700,0.0,0.0
2026-08-21,TLKM,2610.0,2640.0,2610.0,2610.0,2610.0,72276500,0.0,0.0
2026-08-24,TLKM,2620.0,2640.0,2600.0,2620.0,2620.0,46321100,0.0,0.0
2026-08-25,TLKM,2620.0,2620.0,2620.0,2620.0,2620.0,0,0.0,0.0
2026-08-26,TLKM,2630.0,2630.0,2590.0,2600.0,2600.0,82579200,0.0,0.0
2026-08-27,TLKM,2590.0,2610.0,2550.0,2610.0,2610.0,115845900,0.0,0.0
2026-08-28,TLKM,2620.0,2620.0,2570.0,2570.0,2570.0,78958600,0.0,0.0
2026-08-31,TLKM,2570.0,2600.0,2560.0,2600.0,2600.0,204591800,0.0,0.0
2026-09-01,TLKM,2600.0,2630.0,2590.0,2610.0,2610.0,82430900,0.0,0.0
2026-09-02,TLKM,2600.0,2610.0,2560.0,2590.0,2590.0,105899600,0.0,0.0
2026-09-03,TLKM,2600.0,2610.0,2580.0,2600.0,2600.0,76989700,0.0,0.0
2026-09-04,TLKM,2610.0,2630.0,2590.0,2610.0,2610.0,84953700,0.0,0.0
2026-09-07,TLKM,2610.0,2620.0,2600.0,2610.0,2610.0,42030200,0.0,0.0
2026-09-08,TLKM,2620.0,2670.0,2600.0,2650.0,2650.0,173160300,0.0,0.0
2026-09-09,TLKM,2650.0,2680.0,2630.0,2660.0,2660.0,119056300,0.0,0.0
