date,Ticker,open,high,low,close,adj_close,volume,dividends,stock_splits
2009-01-15,AMRT,39.5,42.0,39.5,39.5,31.856189727783203,313145000,0.0,0.0
2009-01-16,AMRT,40.0,40.0,39.5,40.0,32.25943374633789,47215000,0.0,0.0
2009-01-19,AMRT,40.0,40.0,39.5,40.0,32.25943374633789,11965000,0.0,0.0
2009-01-20,AMRT,39.5,39.5,32.5,39.5,31.856189727783203,5510000,0.0,0.0
2009-01-21,AMRT,33.5,39.0,33.5,39.0,31.45294761657715,3685000,0.0,0.0
2009-01-22,AMRT,39.0,39.0,36.0,39.0,31.45294761657715,4525000,0.0,0.0
2009-01-23,AMRT,37.0,38.0,37.0,37.0,29.83997344970703,95000,0.0,0.0
2009-01-27,AMRT,38.0,39.0,38.0,38.0,30.646465301513672,2420000,0.0,0.0
2009-01-28,AMRT,38.0,40.5,38.0,40.5,32.66267776489258,4185000,0.0,0.0
2009-01-29,AMRT,39.5,40.0,39.0,39.5,31.856189727783203,1130000,0.0,0.0
2009-01-30,AMRT,40.0,40.0,39.5,40.0,32.25943374633789,150000,0.0,0.0
2009-02-02,AMRT,40.0,40.0,39.0,40.0,32.25943374633789,3855000,0.0,0.0
2009-02-03,AMRT,40.0,40.0,39.5,40.0,32.25943374633789,205000,0.0,0.0
2009-02-04,AMRT,40.0,40.0,40.0,40.0,32.25943374633789,30,0.0,0.0
2009-02-05,AMRT,40.0,40.0,39.5,40.0,32.25943374633789,1215000,0.0,0.0
2009-02-06,AMRT,40.0,40.0,39.5,40.0,32.25943374633789,2825000,0.0,0.0
2009-02-09,AMRT,39.5,39.5,39.5,39.5,31.856189727783203,65000,0.0,0.0
2009-02-10,AMRT,39.0,41.5,39.0,41.5,33.46916580200195,1035000,0.0,0.0
2009-02-11,AMRT,39.5,42.0,39.5,39.5,31.856189727783203,1930000,0.0,0.0
2009-02-12,AMRT,40.0,40.0,38.5,40.0,32.25943374633789,5820000,0.0,0.0
2009-02-13,AMRT,40.0,40.0,40.0,40.0,32.25943374633789,30,0.0,0.0
2009-02-16,AMRT,40.0,40.0,40.0,40.0,32.25943374633789,20,0.0,0.0
2009-02-17,AMRT,40.0,40.0,40.0,40.0,32.25943374633789,20,0.0,0.0
2009-02-18,AMRT,40.0,40.0,40.0,40.0,32.25943374633789,20,0.0,0.0
2009-02-19,AMRT,40.0,40.0,40.0,40.0,32.25943374633789,20,0.0,0.0
2009-02-20,AMRT,40.0,40.0,40.0,40.0,32.25943374633789,20,0.0,0.0
2009-02-23,AMRT,40.0,40.0,40.0,40.0,32.25943374633789,20,0.0,0.0
2009-02-24,AMRT,40.0,40.0,40.0,40.0,32.25943374633789,20,0.0,0.0
2009-02-25,AMRT,40.0,40.0,40.0,40.0,32.25943374633789,20,0.0,0.0
2009-02-26,AMRT,40.0,40.0,40.0,40.0,32.25943374633789,20,0.0,0.0
2009-02-27,AMRT,40.0,40.0,40.0,40.0,32.25943374633789,20,0.0,0.0
2009-03-02,AMRT,40.0,40.0,40.0,40.0,32.25943374633789,0,0.0,0.0
2009-03-03,AMRT,40.0,40.0,40.0,40.0,32.25943374633789,20,0.0,0.0
2009-03-04,AMRT,40.0,40.0,40.0,40.0,32.25943374633789,20,0.0,0.0
2009-03-05,AMRT,40.0,40.0,40.0,40.0,32.25943374633789,20,0.0,0.0
2009-03-06,AMRT,35.0,37.0,35.0,37.0,29.83997344970703,255000,0.0,0.0
2009-03-10,AMRT,37.0,37.0,37.0,37.0,29.83997344970703,0,0.0,0.0
2009-03-11,AMRT,33.5,36.0,33.5,33.5,27.017274856567383,40000,0.0,0.0
2009-03-12,AMRT,33.5,39.5,33.5,37.5,30.243221282958984,4400000,0.0,0.0
2009-03-13,AMRT,38.0,38.0,37.5,38.0,30.646465301513672,270000,0.0,0.0
2009-03-16,AMRT,39.0,39.0,37.5,39.0,31.45294761657715,505000,0.0,0.0
2009-03-17,AMRT,38.0,38.0,38.0,38.0,30.646465301513672,185000,0.0,0.0
2009-03-18,AMRT,39.0,39.0,37.5,39.0,31.45294761657715,565000,0.0,0.0
2009-03-19,AMRT,39.0,39.0,39.0,39.0,31.45294761657715,0,0.0,0.0
2009-03-20,AMRT,39.5,39.5,38.5,39.5,31.856189727783203,445000,0.0,0.0
2009-03-23,AMRT,39.5,39.5,39.5,39.5,31.856189727783203,30,0.0,0.0
2009-03-24,AMRT,39.5,39.5,39.5,39.5,31.856189727783203,20,0.0,0.0
2009-03-25,AMRT,35.5,35.5,35.5,35.5,28.6302433013916,25000,0.0,0.0
2009-03-27,AMRT,35.5,35.5,35.5,35.5,28.6302433013916,10,0.0,0.0
2009-03-30,AMRT,35.5,35.5,35.5,35.5,28.6302433013916,20,0.0,0.0
2009-03-31,AMRT,35.5,35.5,35.5,35.5,28.6302433013916,10,0.0,0.0
2009-04-01,AMRT,35.5,38.0,35.5,38.0,30.646465301513672,75000,0.0,0.0
2009-04-02,AMRT,38.0,38.0,38.0,38.0,30.646465301513672,20,0.0,0.0
2009-04-03,AMRT,39.5,39.5,38.0,39.5,31.856189727783203,105000,0.0,0.0
2009-04-06,AMRT,39.5,39.5,39.5,39.5,31.856189727783203,20,0.0,0.0
2009-04-07,AMRT,39.5,39.5,39.5,39.5,31.856189727783203,20,0.0,0.0
2009-04-08,AMRT,39.5,39.5,39.5,39.5,31.856189727783203,20,0.0,0.0
2009-04-09,AMRT,39.5,39.5,39.5,39.5,31.856189727783203,0,0.0,0.0
2009-04-13,AMRT,38.5,38.5,38.5,38.5,31.049699783325195,2545000,0.0,0.0
2009-04-14,AMRT,39.0,39.0,38.5,39.0,31.45294761657715,205000,0.0,0.0
2009-04-15,AMRT,39.5,39.5,39.5,39.5,31.856189727783203,5000,0.0,0.0
2009-04-16,AMRT,39.5,39.5,39.5,39.5,31.856189727783203,20,0.0,0.0
2009-04-17,AMRT,39.5,39.5,39.5,39.5,31.856189727783203,0,0.0,0.0
2009-04-20,AMRT,39.5,39.5,39.5,39.5,31.856189727783203,20,0.0,0.0
2009-04-22,AMRT,35.0,35.0,35.0,35.0,28.22701072692871,40000,0.0,0.0
2009-04-23,AMRT,34.5,34.5,34.5,34.5,27.823759078979492,10000,0.0,0.0
2009-04-24,AMRT,34.5,34.5,34.5,34.5,27.823759078979492,10,0.0,0.0
2009-04-27,AMRT,37.5,37.5,37.5,37.5,30.243221282958984,4750000,0.0,0.0
2009-04-28,AMRT,37.5,37.5,37.5,37.5,30.243221282958984,20,0.0,0.0
2009-04-29,AMRT,37.5,37.5,37.5,37.5,30.243221282958984,0,0.0,0.0
2009-04-30,AMRT,35.0,35.0,35.0,35.0,28.22701072692871,5000,0.0,0.0
2009-05-01,AMRT,35.0,35.0,35.0,35.0,28.22701072692871,20,0.0,0.0
2009-05-04,AMRT,35.0,35.0,35.0,35.0,28.22701072692871,10,0.0,0.0
2009-05-05,AMRT,35.0,35.0,35.0,35.0,28.22701072692871,10,0.0,0.0
2009-05-06,AMRT,34.0,39.0,34.0,39.0,31.45294761657715,15000,0.0,0.0
2009-05-07,AMRT,37.5,39.0,37.5,37.5,30.243221282958984,25000,0.0,0.0
2009-05-08,AMRT,39.0,39.0,39.0,39.0,31.45294761657715,10000,0.0,0.0
2009-05-11,AMRT,34.5,35.0,34.5,34.5,27.823759078979492,40000,0.0,0.0
2009-05-12,AMRT,34.5,34.5,34.5,34.5,27.823759078979492,20,0.0,0.0
2009-05-13,AMRT,34.0,34.0,34.0,34.0,27.420520782470703,50000,0.0,0.0
2009-05-14,AMRT,34.5,34.5,34.5,34.5,27.823759078979492,10000,0.0,0.0
2009-05-15,AMRT,34.5,34.5,34.5,34.5,27.823759078979492,20,0.0,0.0
2009-05-18,AMRT,35.0,35.0,35.0,35.0,28.22701072692871,40000,0.0,0.0
2009-05-19,AMRT,34.5,34.5,34.5,34.5,27.823759078979492,10000,0.0,0.0
2009-05-20,AMRT,34.5,34.5,34.5,34.5,27.823759078979492,10,0.0,0.0
2009-05-21,AMRT,34.5,34.5,34.5,34.5,27.823759078979492,0,0.0,0.0
2009-05-22,AMRT,34.5,34.5,34.5,34.5,27.823759078979492,20,0.0,0.0
2009-05-25,AMRT,34.5,34.5,34.5,34.5,27.823759078979492,20,0.0,0.0
2009-05-26,AMRT,38.5,38.5,38.5,38.5,31.049699783325195,100000,0.0,0.0
2009-05-27,AMRT,38.5,38.5,38.5,38.5,31.049699783325195,20,0.0,0.0
2009-05-28,AMRT,33.5,33.5,33.5,33.5,27.017274856567383,5000,0.0,0.0
2009-05-29,AMRT,28.5,40.0,28.5,40.0,32.25943374633789,1160000,0.0,0.0
2009-06-01,AMRT,40.0,40.0,40.0,40.0,32.25943374633789,20,0.0,0.0
2009-06-02,AMRT,35.0,37.5,35.0,37.5,30.243221282958984,20000,0.0,0.0
2009-06-03,AMRT,37.5,37.5,37.5,37.5,30.243221282958984,20,0.0,0.0
2009-06-04,AMRT,37.5,37.5,37.5,37.5,30.243221282958984,20,0.0,0.0
2009-06-05,AMRT,37.5,37.5,37.5,37.5,30.243221282958984,490000,0.0,0.0
2009-06-08,AMRT,37.5,37.5,37.5,37.5,30.243221282958984,0,0.0,0.0
2009-06-09,AMRT,37.5,37.5,37.5,37.5,30.243221282958984,30,0.0,0.0
2009-06-10,AMRT,37.5,37.5,37.5,37.5,30.243221282958984,480000,0.0,0.0
2009-06-11,AMRT,35.5,35.5,35.5,35.5,28.6302433013916,500000,0.0,0.0
2009-06-12,AMRT,39.5,40.0,35.5,39.5,31.856189727783203,7380000,0.0,0.0
2009-06-15,AMRT,39.0,39.0,39.0,39.0,31.45294761657715,30000,0.0,0.0
2009-06-16,AMRT,39.0,39.0,39.0,39.0,31.45294761657715,0,0.0,0.0
2009-06-17,AMRT,41.0,41.0,41.0,41.0,33.065921783447266,5000,0.0,0.0
2009-06-18,AMRT,41.0,41.0,41.0,41.0,33.065921783447266,20,0.0,0.0
2009-06-19,AMRT,41.0,41.0,41.0,41.0,33.065921783447266,20,0.0,0.0
2009-06-22,AMRT,41.0,42.0,40.5,41.0,33.065921783447266,80925000,0.0,0.0
2009-06-23,AMRT,41.0,41.0,41.0,41.0,33.065921783447266,20,0.0,0.0
2009-06-24,AMRT,41.5,41.5,41.5,41.5,33.46916580200195,5005000,0.0,0.0
2009-06-25,AMRT,36.0,36.0,35.0,36.0,29.033493041992188,10000,0.0,0.0
2009-06-26,AMRT,38.5,38.5,38.5,38.5,31.049699783325195,5000,0.0,0.0
2009-06-29,AMRT,38.5,38.5,38.5,38.5,31.049699783325195,0,0.0,0.0
2009-06-30,AMRT,38.5,38.5,38.5,38.5,31.049699783325195,0,0.0,0.0
2009-07-01,AMRT,42.0,42.0,42.0,42.0,33.872398376464844,10000,0.0,0.0
2009-07-02,AMRT,41.0,41.0,41.0,41.0,33.065921783447266,75000,0.0,0.0
2009-07-03,AMRT,41.0,41.0,41.0,41.0,33.065921783447266,20,0.0,0.0
2009-07-06,AMRT,41.0,41.0,41.0,41.0,33.065921783447266,20,0.0,0.0
2009-07-07,AMRT,41.0,41.0,41.0,41.0,33.065921783447266,20,0.0,0.0
2009-07-08,AMRT,41.0,41.0,41.0,41.0,33.065921783447266,0,0.0,0.0
2009-07-09,AMRT,41.0,41.0,41.0,41.0,33.065921783447266,20,0.0,0.0
2009-07-10,AMRT,41.0,41.0,41.0,41.0,33.065921783447266,6000000,0.0,0.0
2009-07-13,AMRT,41.0,41.0,41.0,41.0,33.065921783447266,20,0.0,0.0
2009-07-14,AMRT,41.0,41.0,41.0,41.0,33.065921783447266,20,0.0,0.0
2009-07-15,AMRT,41.0,41.0,41.0,41.0,33.065921783447266,20,0.0,0.0
2009-07-16,AMRT,41.0,41.0,41.0,41.0,33.065921783447266,20,0.0,0.0
2009-07-17,AMRT,41.0,41.0,41.0,41.0,33.85871505737305,20,0.96,0.0
2009-07-20,AMRT,41.0,41.0,41.0,41.0,33.85871505737305,0,0.0,0.0
2009-07-21,AMRT,41.5,41.5,41.0,41.5,34.27162170410156,2005000,0.0,0.0
2009-07-22,AMRT,41.5,41.5,41.5,41.5,34.27162170410156,20,0.0,0.0
2009-07-23,AMRT,41.5,41.5,41.5,41.5,34.27162170410156,20,0.0,0.0
2009-07-24,AMRT,41.5,41.5,41.5,41.5,34.27162170410156,20,0.0,0.0
2009-07-27,AMRT,41.5,41.5,41.5,41.5,34.27162170410156,20,0.0,0.0
2009-07-28,AMRT,41.5,41.5,41.5,41.5,34.27162170410156,20,0.0,0.0
2009-07-29,AMRT,41.5,41.5,41.5,41.5,34.27162170410156,20,0.0,0.0
2009-07-30,AMRT,40.5,40.5,40.5,40.5,33.44579315185547,50000,0.0,0.0
2009-07-31,AMRT,41.0,41.0,40.5,41.0,33.85871505737305,1000000,0.0,0.0
2009-08-03,AMRT,41.0,41.0,41.0,41.0,33.85871505737305,30,0.0,0.0
2009-08-04,AMRT,41.0,41.0,41.0,41.0,33.85871505737305,20,0.0,0.0
2009-08-05,AMRT,41.0,41.0,41.0,41.0,33.85871505737305,20,0.0,0.0
2009-08-06,AMRT,41.5,41.5,41.0,41.5,34.27162170410156,200000,0.0,0.0
2009-08-07,AMRT,41.5,41.5,41.5,41.5,34.27162170410156,20,0.0,0.0
2009-08-10,AMRT,41.5,41.5,41.5,41.5,34.27162170410156,20,0.0,0.0
2009-08-11,AMRT,33.5,33.5,33.5,33.5,27.6650390625,5000,0.0,0.0
2009-08-12,AMRT,33.5,33.5,33.5,33.5,27.6650390625,0,0.0,0.0
2009-08-13,AMRT,40.0,40.0,40.0,40.0,33.03287887573242,5000,0.0,0.0
2009-08-14,AMRT,40.0,40.0,40.0,40.0,33.03287887573242,20,0.0,0.0
2009-08-18,AMRT,40.0,40.0,40.0,40.0,33.03287887573242,20,0.0,0.0
2009-08-19,AMRT,41.0,41.5,40.0,41.0,33.85871505737305,15070000,0.0,0.0
2009-08-20,AMRT,41.5,41.5,41.0,41.5,34.27162170410156,5385000,0.0,0.0
2009-08-21,AMRT,42.5,42.5,41.5,42.5,35.097442626953125,3850000,0.0,0.0
2009-08-24,AMRT,40.0,40.0,40.0,40.0,33.03287887573242,75000,0.0,0.0
2009-08-25,AMRT,40.0,40.0,40.0,40.0,33.03287887573242,20,0.0,0.0
2009-08-26,AMRT,40.0,40.0,40.0,40.0,33.03287887573242,20,0.0,0.0
2009-08-27,AMRT,40.0,40.0,40.0,40.0,33.03287887573242,20,0.0,0.0
2009-08-28,AMRT,41.0,41.0,41.0,41.0,33.85871505737305,5000,0.0,0.0
2009-08-31,AMRT,41.0,41.0,41.0,41.0,33.85871505737305,20,0.0,0.0
2009-09-01,AMRT,41.0,41.0,41.0,41.0,33.85871505737305,20,0.0,0.0
2009-09-02,AMRT,41.0,41.0,41.0,41.0,33.85871505737305,20,0.0,0.0
2009-09-03,AMRT,41.0,41.0,41.0,41.0,33.85871505737305,20,0.0,0.0
2009-09-04,AMRT,41.0,41.0,41.0,41.0,33.85871505737305,5000,0.0,0.0
2009-09-07,AMRT,41.0,41.0,41.0,41.0,33.85871505737305,20,0.0,0.0
2009-09-08,AMRT,41.0,41.0,41.0,41.0,33.85871505737305,20,0.0,0.0
2009-09-09,AMRT,41.0,41.0,41.0,41.0,33.85871505737305,20,0.0,0.0
2009-09-10,AMRT,40.5,41.0,37.5,37.5,30.968334197998047,20000,0.0,0.0
2009-09-11,AMRT,36.0,40.0,36.0,40.0,33.03287887573242,40000,0.0,0.0
2009-09-14,AMRT,36.5,40.5,36.5,40.5,33.44579315185547,20000,0.0,0.0
2009-09-15,AMRT,40.5,40.5,40.5,40.5,33.44579315185547,20,0.0,0.0
2009-09-16,AMRT,41.0,48.0,41.0,48.0,39.63945388793945,750000,0.0,0.0
2009-09-17,AMRT,48.0,48.0,48.0,48.0,39.63945388793945,20,0.0,0.0
2009-09-24,AMRT,48.0,48.0,48.0,48.0,39.63945388793945,20,0.0,0.0
2009-09-25,AMRT,48.0,48.0,48.0,48.0,39.63945388793945,20,0.0,0.0
2009-09-28,AMRT,48.0,48.0,48.0,48.0,39.63945388793945,20,0.0,0.0
2009-09-29,AMRT,48.0,48.0,48.0,48.0,39.63945388793945,20,0.0,0.0
2009-09-30,AMRT,42.0,42.0,41.5,42.0,34.68452835083008,8510000,0.0,0.0
2009-10-01,AMRT,42.0,42.0,42.0,42.0,34.68452835083008,20,0.0,0.0
2009-10-02,AMRT,35.0,41.5,35.0,41.5,34.27162170410156,435000,0.0,0.0
2009-10-05,AMRT,41.5,41.5,41.5,41.5,34.27162170410156,20,0.0,0.0
2009-10-06,AMRT,41.5,41.5,41.5,41.5,34.27162170410156,20,0.0,0.0
2009-10-07,AMRT,41.5,41.5,41.5,41.5,34.27162170410156,750000,0.0,0.0
2009-10-08,AMRT,41.5,41.5,41.5,41.5,34.27162170410156,65000,0.0,0.0
2009-10-09,AMRT,41.5,41.5,41.5,41.5,34.27162170410156,20,0.0,0.0
2009-10-12,AMRT,41.5,41.5,41.5,41.5,34.27162170410156,0,0.0,0.0
2009-10-13,AMRT,41.5,41.5,41.5,41.5,34.27162170410156,20,0.0,0.0
2009-10-14,AMRT,41.5,41.5,41.5,41.5,34.27162170410156,0,0.0,0.0
2009-10-15,AMRT,41.5,41.5,41.5,41.5,34.27162170410156,0,0.0,0.0
2009-10-16,AMRT,41.5,41.5,41.5,41.5,34.27162170410156,20,0.0,0.0
2009-10-19,AMRT,41.5,41.5,41.5,41.5,34.27162170410156,20,0.0,0.0
2009-10-20,AMRT,41.5,41.5,41.5,41.5,34.27162170410156,20,0.0,0.0
2009-10-21,AMRT,41.5,41.5,41.5,41.5,34.27162170410156,0,0.0,0.0
2009-10-22,AMRT,41.5,41.5,41.5,41.5,34.27162170410156,0,0.0,0.0
2009-10-23,AMRT,41.5,41.5,41.5,41.5,34.27162170410156,20,0.0,0.0
2009-10-26,AMRT,41.5,41.5,41.5,41.5,34.27162170410156,20,0.0,0.0
2009-10-27,AMRT,41.5,42.0,41.0,41.5,34.27162170410156,510000,0.0,0.0
2009-10-28,AMRT,41.5,41.5,41.5,41.5,34.27162170410156,295000,0.0,0.0
2009-10-29,AMRT,41.5,41.5,41.5,41.5,34.27162170410156,0,0.0,0.0
2009-10-30,AMRT,41.5,41.5,41.5,41.5,34.27162170410156,10,0.0,0.0
2009-11-02,AMRT,41.5,41.5,41.5,41.5,34.27162170410156,0,0.0,0.0
2009-11-03,AMRT,43.0,43.0,43.0,43.0,35.51036071777344,5000,0.0,0.0
2009-11-04,AMRT,42.0,43.5,42.0,42.0,34.68452835083008,25000,0.0,0.0
2009-11-05,AMRT,42.0,42.0,42.0,42.0,34.68452835083008,20,0.0,0.0
2009-11-06,AMRT,42.0,42.0,42.0,42.0,34.68452835083008,0,0.0,0.0
2009-11-09,AMRT,42.0,43.0,42.0,42.0,34.68452835083008,20000,0.0,0.0
2009-11-10,AMRT,41.5,41.5,41.5,41.5,34.27162170410156,5000,0.0,0.0
2009-11-11,AMRT,41.5,41.5,41.5,41.5,34.27162170410156,0,0.0,0.0
2009-11-12,AMRT,41.5,42.0,41.5,41.5,34.27162170410156,10000,0.0,0.0
2009-11-13,AMRT,43.0,43.0,43.0,43.0,35.51036071777344,5000,0.0,0.0
2009-11-16,AMRT,43.0,43.0,43.0,43.0,35.51036071777344,10,0.0,0.0
2009-11-17,AMRT,42.5,42.5,42.5,42.5,35.097442626953125,10000,0.0,0.0
2009-11-18,AMRT,43.0,43.0,41.5,43.0,35.51036071777344,15000,0.0,0.0
2009-11-19,AMRT,45.0,45.0,43.5,45.0,37.16199493408203,70000,0.0,0.0
2009-11-20,AMRT,45.0,45.0,45.0,45.0,37.16199493408203,20,0.0,0.0
2009-11-23,AMRT,45.0,45.0,45.0,45.0,37.16199493408203,10,0.0,0.0
2009-11-24,AMRT,45.0,45.0,43.0,45.0,37.16199493408203,255000,0.0,0.0
2009-11-25,AMRT,45.0,45.0,45.0,45.0,37.16199493408203,0,0.0,0.0
2009-11-26,AMRT,45.0,45.0,45.0,45.0,37.16199493408203,0,0.0,0.0
2009-11-30,AMRT,42.5,42.5,42.5,42.5,35.097442626953125,10000,0.0,0.0
2009-12-01,AMRT,42.0,42.5,41.0,42.0,34.68452835083008,600000,0.0,0.0
2009-12-02,AMRT,43.0,43.0,43.0,43.0,35.51036071777344,10000,0.0,0.0
2009-12-03,AMRT,45.0,45.0,45.0,45.0,37.16199493408203,10000,0.0,0.0
2009-12-04,AMRT,45.0,45.0,45.0,45.0,37.16199493408203,565000,0.0,0.0
2009-12-07,AMRT,45.0,45.0,45.0,45.0,37.16199493408203,12550000,0.0,0.0
2009-12-08,AMRT,45.0,45.0,45.0,45.0,37.16199493408203,0,0.0,0.0
2009-12-09,AMRT,45.0,45.0,45.0,45.0,37.16199493408203,20,0.0,0.0
2009-12-10,AMRT,45.0,45.0,45.0,45.0,37.16199493408203,20,0.0,0.0
2009-12-11,AMRT,45.0,45.0,45.0,45.0,37.16199493408203,10,0.0,0.0
2009-12-14,AMRT,45.0,45.0,45.0,45.0,37.16199493408203,0,0.0,0.0
2009-12-15,AMRT,45.0,45.0,45.0,45.0,37.16199493408203,20,0.0,0.0
2009-12-16,AMRT,46.5,46.5,46.0,46.5,38.400726318359375,50000,0.0,0.0
2009-12-17,AMRT,45.5,45.5,45.5,45.5,37.574913024902344,10000,0.0,0.0
2009-12-21,AMRT,45.5,45.5,45.5,45.5,37.574913024902344,10,0.0,0.0
2009-12-22,AMRT,45.5,45.5,45.5,45.5,37.574913024902344,10,0.0,0.0
2009-12-23,AMRT,52.0,52.0,52.0,52.0,42.942752838134766,10000,0.0,0.0
2009-12-28,AMRT,52.0,52.0,52.0,52.0,42.942752838134766,0,0.0,0.0
2009-12-29,AMRT,52.0,52.0,52.0,52.0,42.942752838134766,10000,0.0,0.0
2009-12-30,AMRT,52.0,52.0,52.0,52.0,42.942752838134766,25000,0.0,0.0
2010-01-04,AMRT,52.0,52.0,52.0,52.0,42.942752838134766,10,0.0,0.0
2010-01-05,AMRT,54.0,54.0,54.0,54.0,44.594390869140625,5000,0.0,0.0
2010-01-06,AMRT,56.0,56.0,56.0,56.0,46.24604034423828,100000,0.0,0.0
2010-01-07,AMRT,51.0,51.0,51.0,51.0,42.11693572998047,5000,0.0,0.0
2010-01-08,AMRT,51.0,51.0,51.0,51.0,42.11693572998047,20,0.0,0.0
2010-01-11,AMRT,52.0,52.0,52.0,52.0,42.942752838134766,35000,0.0,0.0
2010-01-12,AMRT,55.0,60.0,55.0,60.0,49.54933166503906,200000,0.0,0.0
2010-01-13,AMRT,60.0,60.0,60.0,60.0,49.54933166503906,0,0.0,0.0
2010-01-14,AMRT,60.0,71.0,60.0,70.0,57.80755615234375,5780000,0.0,0.0
2010-01-15,AMRT,79.0,79.0,75.0,75.0,61.936668395996094,75000,0.0,0.0
2010-01-18,AMRT,80.0,80.0,79.0,79.0,65.23995971679688,135000,0.0,0.0
2010-01-19,AMRT,79.0,79.0,75.0,75.0,61.936668395996094,525000,0.0,0.0
2010-01-20,AMRT,71.0,71.0,71.0,71.0,58.633365631103516,5000,0.0,0.0
2010-01-21,AMRT,70.0,70.0,70.0,70.0,57.80755615234375,15000,0.0,0.0
2010-01-22,AMRT,79.0,79.0,79.0,79.0,65.23995971679688,5000,0.0,0.0
2010-01-25,AMRT,79.0,79.0,79.0,79.0,65.23995971679688,5000,0.0,0.0
2010-01-26,AMRT,79.0,79.0,79.0,79.0,65.23995971679688,0,0.0,0.0
2010-01-27,AMRT,75.0,79.0,75.0,79.0,65.23995971679688,1025000,0.0,0.0
2010-01-28,AMRT,79.0,85.0,79.0,85.0,70.19488525390625,1630000,0.0,0.0
2010-01-29,AMRT,75.0,85.0,75.0,85.0,70.19488525390625,1005000,0.0,0.0
2010-02-01,AMRT,80.0,85.0,80.0,85.0,70.19488525390625,1000000,0.0,0.0
2010-02-02,AMRT,85.0,85.0,85.0,85.0,70.19488525390625,1000000,0.0,0.0
2010-02-03,AMRT,85.0,85.0,85.0,85.0,70.19488525390625,2610000,0.0,0.0
2010-02-04,AMRT,90.0,90.0,87.0,90.0,74.32398986816406,4575000,0.0,0.0
2010-02-05,AMRT,90.0,90.0,90.0,90.0,74.32398986816406,4575000,0.0,0.0
2010-02-08,AMRT,91.0,91.0,91.0,91.0,75.14982604980469,260000,0.0,0.0
2010-02-09,AMRT,92.0,92.0,90.0,92.0,75.97562408447266,3820000,0.0,0.0
2010-02-10,AMRT,95.0,95.0,94.0,95.0,78.45310974121094,4205000,0.0,0.0
2010-02-11,AMRT,97.0,97.0,97.0,97.0,80.1047592163086,50000,0.0,0.0
2010-02-12,AMRT,105.0,105.0,105.0,105.0,86.7113265991211,105000,0.0,0.0
2010-02-15,AMRT,105.0,105.0,105.0,105.0,86.7113265991211,105000,0.0,0.0
2010-02-16,AMRT,105.0,105.0,105.0,105.0,86.7113265991211,500000,0.0,0.0
2010-02-17,AMRT,105.0,105.0,105.0,105.0,86.7113265991211,500000,0.0,0.0
2010-02-18,AMRT,100.0,100.0,100.0,100.0,82.58222198486328,150000,0.0,0.0
2010-02-19,AMRT,100.0,100.0,100.0,100.0,82.58222198486328,150000,0.0,0.0
2010-02-22,AMRT,100.0,100.0,100.0,100.0,82.58222198486328,150000,0.0,0.0
2010-02-23,AMRT,100.0,100.0,100.0,100.0,82.58222198486328,150000,0.0,0.0
2010-02-24,AMRT,100.0,100.0,100.0,100.0,82.58222198486328,150000,0.0,0.0
2010-02-25,AMRT,100.0,100.0,100.0,100.0,82.58222198486328,150000,0.0,0.0
2010-03-01,AMRT,91.0,93.0,91.0,91.0,75.14982604980469,2000000,0.0,0.0
2010-03-02,AMRT,95.0,95.0,86.0,95.0,78.45310974121094,540000,0.0,0.0
2010-03-03,AMRT,95.0,95.0,95.0,95.0,78.45310974121094,540000,0.0,0.0
2010-03-04,AMRT,90.0,90.0,90.0,90.0,74.32398986816406,1000000,0.0,0.0
2010-03-05,AMRT,90.0,90.0,90.0,90.0,74.32398986816406,1000000,0.0,0.0
2010-03-08,AMRT,90.0,90.0,90.0,90.0,74.32398986816406,1000000,0.0,0.0
2010-03-09,AMRT,89.0,89.0,89.0,89.0,73.49817657470703,50000,0.0,0.0
2010-03-10,AMRT,89.0,89.0,89.0,89.0,73.49817657470703,50000,0.0,0.0
2010-03-11,AMRT,88.0,89.0,88.0,88.0,72.67235565185547,210000,0.0,0.0
2010-03-12,AMRT,88.0,88.0,88.0,88.0,72.67235565185547,210000,0.0,0.0
2010-03-15,AMRT,89.0,89.0,89.0,89.0,73.49817657470703,90000,0.0,0.0
2010-03-17,AMRT,89.0,89.0,89.0,89.0,73.49817657470703,90000,0.0,0.0
2010-03-18,AMRT,88.0,89.0,88.0,88.0,72.67235565185547,260000,0.0,0.0
2010-03-19,AMRT,90.0,90.0,90.0,90.0,74.32398986816406,50000,0.0,0.0
2010-03-22,AMRT,90.0,90.0,90.0,90.0,74.32398986816406,50000,0.0,0.0
2010-03-23,AMRT,89.0,89.0,89.0,89.0,73.49817657470703,80000,0.0,0.0
2010-03-24,AMRT,89.0,89.0,89.0,89.0,73.49817657470703,80000,0.0,0.0
2010-03-25,AMRT,89.0,89.0,89.0,89.0,73.49817657470703,80000,0.0,0.0
2010-03-26,AMRT,89.0,89.0,89.0,89.0,73.49817657470703,80000,0.0,0.0
2010-03-29,AMRT,89.0,89.0,89.0,89.0,73.49817657470703,80000,0.0,0.0
2010-03-30,AMRT,89.0,89.0,89.0,89.0,73.49817657470703,150000,0.0,0.0
2010-03-31,AMRT,89.0,89.0,89.0,89.0,73.49817657470703,150000,0.0,0.0
2010-04-01,AMRT,87.0,88.0,87.0,87.0,71.8465347290039,300000,0.0,0.0
2010-04-05,AMRT,90.0,90.0,85.0,90.0,74.32398986816406,120000,0.0,0.0
2010-04-06,AMRT,90.0,90.0,90.0,90.0,74.32398986816406,10000,0.0,0.0
2010-04-07,AMRT,90.0,90.0,90.0,90.0,74.32398986816406,10000,0.0,0.0
2010-04-08,AMRT,90.0,90.0,90.0,90.0,74.32398986816406,10000,0.0,0.0
2010-04-09,AMRT,90.0,90.0,90.0,90.0,74.32398986816406,10000,0.0,0.0
2010-04-12,AMRT,110.0,110.0,100.0,110.0,90.8404312133789,105000,0.0,0.0
2010-04-13,AMRT,110.0,110.0,110.0,110.0,90.8404312133789,105000,0.0,0.0
2010-04-14,AMRT,130.0,130.0,108.0,130.0,107.35688781738281,610000,0.0,0.0
2010-04-15,AMRT,129.0,129.0,129.0,129.0,106.53106689453125,60000,0.0,0.0
2010-04-16,AMRT,129.0,129.0,129.0,129.0,106.53106689453125,60000,0.0,0.0
2010-04-19,AMRT,129.0,129.0,129.0,129.0,106.53106689453125,60000,0.0,0.0
2010-04-20,AMRT,129.0,129.0,129.0,129.0,106.53106689453125,60000,0.0,0.0
2010-04-21,AMRT,124.0,124.0,110.0,124.0,102.40193176269531,1020000,0.0,0.0
2010-04-22,AMRT,124.0,124.0,124.0,124.0,102.40193176269531,1020000,0.0,0.0
2010-04-23,AMRT,124.0,124.0,124.0,124.0,102.40193176269531,1020000,0.0,0.0
2010-04-26,AMRT,110.0,110.0,110.0,110.0,90.8404312133789,500000,0.0,0.0
2010-04-27,AMRT,110.0,110.0,110.0,110.0,90.8404312133789,1345000,0.0,0.0
2010-04-28,AMRT,120.0,120.0,115.0,120.0,99.09866333007812,65000,0.0,0.0
2010-04-29,AMRT,110.0,115.0,110.0,110.0,90.8404312133789,1000000,0.0,0.0
2010-04-30,AMRT,110.0,110.0,110.0,110.0,90.8404312133789,1000000,0.0,0.0
2010-05-03,AMRT,110.0,116.0,110.0,110.0,90.8404312133789,6095000,0.0,0.0
2010-05-04,AMRT,110.0,110.0,110.0,110.0,90.8404312133789,1515000,0.0,0.0
2010-05-05,AMRT,100.0,100.0,100.0,100.0,82.58222198486328,2015000,0.0,0.0
2010-05-06,AMRT,104.0,104.0,100.0,104.0,85.88550567626953,9990000,0.0,0.0
2010-05-07,AMRT,104.0,104.0,104.0,104.0,85.88550567626953,9990000,0.0,0.0
2010-05-10,AMRT,105.0,119.0,105.0,119.0,98.27284240722656,1410000,0.0,0.0
2010-05-11,AMRT,119.0,119.0,119.0,119.0,98.27284240722656,9990000,0.0,0.0
2010-05-12,AMRT,100.0,123.0,100.0,100.0,82.58222198486328,510000,0.0,0.0
2010-05-14,AMRT,100.0,100.0,100.0,100.0,82.58222198486328,510000,0.0,0.0
2010-05-17,AMRT,123.0,123.0,123.0,123.0,101.57612609863281,5000,0.0,0.0
2010-05-18,AMRT,123.0,123.0,123.0,123.0,101.57612609863281,5000,0.0,0.0
2010-05-19,AMRT,122.0,122.0,122.0,122.0,100.75029754638672,5000,0.0,0.0
2010-05-20,AMRT,100.0,100.0,100.0,100.0,82.58222198486328,10000,0.0,0.0
2010-05-21,AMRT,100.0,100.0,100.0,100.0,82.58222198486328,10000,0.0,0.0
2010-05-24,AMRT,100.0,100.0,100.0,100.0,82.58222198486328,10000,0.0,0.0
2010-05-25,AMRT,100.0,100.0,100.0,100.0,82.58222198486328,2750000,0.0,0.0
2010-05-26,AMRT,100.0,100.0,100.0,100.0,82.58222198486328,4755000,0.0,0.0
2010-05-27,AMRT,100.0,100.0,100.0,100.0,82.58222198486328,4755000,0.0,0.0
2010-05-31,AMRT,100.0,100.0,100.0,100.0,82.58222198486328,4755000,0.0,0.0
2010-06-01,AMRT,100.0,100.0,100.0,100.0,82.58222198486328,4755000,0.0,0.0
2010-06-02,AMRT,119.0,119.0,119.0,119.0,98.27284240722656,5000,0.0,0.0
2010-06-03,AMRT,119.0,119.0,119.0,119.0,98.27284240722656,5000,0.0,0.0
2010-06-04,AMRT,119.0,119.0,119.0,119.0,98.27284240722656,5000,0.0,0.0
2010-06-07,AMRT,100.0,100.0,100.0,100.0,82.58222198486328,1000000,0.0,0.0
2010-06-08,AMRT,100.0,100.0,100.0,100.0,82.58222198486328,1000000,0.0,0.0
2010-06-09,AMRT,100.0,100.0,100.0,100.0,82.58222198486328,1000000,0.0,0.0
2010-06-10,AMRT,100.0,100.0,100.0,100.0,82.58222198486328,500000,0.0,0.0
2010-06-11,AMRT,100.0,100.0,100.0,100.0,82.58222198486328,500000,0.0,0.0
2010-06-14,AMRT,120.0,120.0,120.0,120.0,99.09866333007812,10000000,0.0,0.0
2010-06-15,AMRT,110.0,110.0,110.0,110.0,90.8404312133789,9100000,0.0,0.0
2010-06-16,AMRT,101.0,101.0,101.0,101.0,83.40805053710938,85000,0.0,0.0
2010-06-17,AMRT,101.0,101.0,101.0,101.0,83.40805053710938,85000,0.0,0.0
2010-06-18,AMRT,105.0,105.0,105.0,105.0,86.7113265991211,5000,0.0,0.0
2010-06-21,AMRT,105.0,105.0,105.0,105.0,86.7113265991211,5000,0.0,0.0
2010-06-22,AMRT,105.0,105.0,105.0,105.0,86.7113265991211,25000,0.0,0.0
2010-06-23,AMRT,105.0,105.0,105.0,105.0,86.7113265991211,25000,0.0,0.0
2010-06-24,AMRT,105.0,105.0,105.0,105.0,86.7113265991211,25000,0.0,0.0
2010-06-25,AMRT,105.0,105.0,105.0,105.0,86.7113265991211,25000,0.0,0.0
2010-06-28,AMRT,105.0,105.0,105.0,105.0,86.7113265991211,25000,0.0,0.0
2010-06-29,AMRT,105.0,105.0,105.0,105.0,87.84070587158203,25000,1.35,0.0
2010-06-30,AMRT,105.0,105.0,105.0,105.0,87.84070587158203,25000,0.0,0.0
2010-07-01,AMRT,109.0,110.0,109.0,109.0,91.18701934814453,450000,0.0,0.0
2010-07-02,AMRT,109.0,109.0,109.0,109.0,91.18701934814453,450000,0.0,0.0
2010-07-05,AMRT,109.0,109.0,109.0,109.0,91.18701934814453,450000,0.0,0.0
2010-07-06,AMRT,110.0,110.0,110.0,110.0,92.02359771728516,5000,0.0,0.0
2010-07-07,AMRT,115.0,115.0,115.0,115.0,96.20648956298828,5000,0.0,0.0
2010-07-08,AMRT,115.0,115.0,111.0,115.0,96.20648956298828,255000,0.0,0.0
2010-07-09,AMRT,115.0,115.0,115.0,115.0,96.20648956298828,255000,0.0,0.0
2010-07-12,AMRT,120.0,128.0,120.0,120.0,100.38938903808594,2815000,0.0,0.0
2010-07-13,AMRT,120.0,120.0,120.0,120.0,100.38938903808594,255000,0.0,0.0
2010-07-14,AMRT,120.0,120.0,120.0,120.0,100.38938903808594,255000,0.0,0.0
2010-07-15,AMRT,120.0,120.0,120.0,120.0,100.38938903808594,255000,0.0,0.0
2010-07-16,AMRT,128.0,128.0,128.0,128.0,107.0820083618164,175000,0.0,0.0
2010-07-19,AMRT,127.0,127.0,125.0,127.0,106.24543762207031,250000,0.0,0.0
2010-07-20,AMRT,127.0,127.0,127.0,127.0,106.24543762207031,250000,0.0,0.0
2010-07-21,AMRT,127.0,127.0,127.0,127.0,106.24543762207031,250000,0.0,0.0
2010-07-22,AMRT,127.0,127.0,127.0,127.0,106.24543762207031,250000,0.0,0.0
2010-07-23,AMRT,125.0,140.0,125.0,125.0,104.572265625,10000,0.0,0.0
2010-07-26,AMRT,125.0,125.0,125.0,125.0,104.572265625,10000,0.0,0.0
2010-07-27,AMRT,125.0,125.0,125.0,125.0,104.572265625,10000,0.0,0.0
2010-07-28,AMRT,120.0,120.0,115.0,120.0,100.38938903808594,315000,0.0,0.0
2010-07-29,AMRT,120.0,120.0,120.0,120.0,100.38938903808594,315000,0.0,0.0
2010-07-30,AMRT,110.0,123.0,110.0,110.0,92.02359771728516,175000,0.0,0.0
2010-08-02,AMRT,110.0,110.0,110.0,110.0,92.02359771728516,175000,0.0,0.0
2010-08-03,AMRT,89.0,111.0,88.0,89.0,74.4554672241211,1290000,0.0,0.0
2010-08-04,AMRT,89.0,89.0,89.0,89.0,74.4554672241211,1290000,0.0,0.0
2010-08-05,AMRT,89.0,89.0,89.0,89.0,74.4554672241211,1290000,0.0,0.0
2010-08-06,AMRT,111.0,111.0,90.0,111.0,92.86018371582031,560000,0.0,0.0
2010-08-09,AMRT,111.0,111.0,111.0,111.0,92.86018371582031,560000,0.0,0.0
2010-08-10,AMRT,111.0,111.0,111.0,111.0,92.86018371582031,560000,0.0,0.0
2010-08-11,AMRT,111.0,111.0,111.0,111.0,92.86018371582031,560000,0.0,0.0
2010-08-12,AMRT,120.0,120.0,120.0,120.0,100.38938903808594,250000,0.0,0.0
2010-08-13,AMRT,120.0,120.0,120.0,120.0,100.38938903808594,250000,0.0,0.0
2010-08-16,AMRT,111.0,111.0,111.0,111.0,92.86018371582031,5000,0.0,0.0
2010-08-18,AMRT,111.0,111.0,111.0,111.0,92.86018371582031,5000,0.0,0.0
2010-08-19,AMRT,111.0,111.0,111.0,111.0,92.86018371582031,5000,0.0,0.0
2010-08-20,AMRT,111.0,115.0,111.0,111.0,92.86018371582031,250000,0.0,0.0
2010-08-23,AMRT,114.0,115.0,114.0,114.0,95.36991119384766,50000,0.0,0.0
2010-08-24,AMRT,114.0,114.0,114.0,114.0,95.36991119384766,50000,0.0,0.0
2010-08-25,AMRT,114.0,114.0,114.0,114.0,95.36991119384766,50000,0.0,0.0
2010-08-26,AMRT,114.0,114.0,114.0,114.0,95.36991119384766,50000,0.0,0.0
2010-08-27,AMRT,114.0,114.0,114.0,114.0,95.36991119384766,50000,0.0,0.0
2010-08-30,AMRT,94.0,120.0,94.0,94.0,78.63835144042969,20995000,0.0,0.0
2010-08-31,AMRT,94.0,94.0,94.0,94.0,78.63835144042969,20995000,0.0,0.0
2010-09-01,AMRT,94.0,94.0,94.0,94.0,78.63835144042969,20995000,0.0,0.0
2010-09-02,AMRT,94.0,94.0,94.0,94.0,78.63835144042969,20995000,0.0,0.0
2010-09-03,AMRT,116.0,116.0,116.0,116.0,97.04307556152344,5000,0.0,0.0
2010-09-06,AMRT,140.0,145.0,140.0,140.0,117.12095642089844,340000,0.0,0.0
2010-09-07,AMRT,155.0,155.0,150.0,155.0,129.66961669921875,250000,0.0,0.0
2010-09-15,AMRT,164.0,165.0,164.0,165.0,138.03536987304688,695000,0.0,0.0
2010-09-16,AMRT,166.0,166.0,166.0,166.0,138.87196350097656,5000,0.0,0.0
2010-09-17,AMRT,165.0,176.0,165.0,165.0,138.03536987304688,35000,0.0,0.0
2010-09-20,AMRT,160.0,160.0,160.0,160.0,133.8524932861328,75000,0.0,0.0
2010-09-21,AMRT,165.0,165.0,165.0,165.0,138.03536987304688,25000,0.0,0.0
2010-09-22,AMRT,160.0,160.0,160.0,160.0,133.8524932861328,500000,0.0,0.0
2010-09-23,AMRT,155.0,155.0,152.0,155.0,129.66961669921875,7765000,0.0,0.0
2010-09-24,AMRT,155.0,155.0,155.0,155.0,129.66961669921875,7765000,0.0,0.0
2010-09-27,AMRT,155.0,155.0,155.0,155.0,129.66961669921875,7765000,0.0,0.0
2010-09-28,AMRT,156.0,165.0,156.0,156.0,130.50619506835938,65000,0.0,0.0
2010-09-29,AMRT,165.0,165.0,165.0,165.0,138.03536987304688,15000,0.0,0.0
2010-09-30,AMRT,170.0,170.0,157.0,170.0,142.2183074951172,4050000,0.0,0.0
2010-10-01,AMRT,185.0,185.0,161.0,185.0,154.76693725585938,11445000,0.0,0.0
2010-10-04,AMRT,210.0,210.0,190.0,210.0,175.68141174316406,155000,0.0,0.0
2010-10-05,AMRT,184.0,202.5,183.0,184.0,153.93035888671875,145000,0.0,0.0
2010-10-06,AMRT,194.0,194.0,184.0,194.0,162.29617309570312,90000,0.0,0.0
2010-10-07,AMRT,199.0,199.0,194.0,199.0,166.47906494140625,65000,0.0,0.0
2010-10-08,AMRT,199.0,199.0,199.0,199.0,166.47906494140625,65000,0.0,0.0
2010-10-11,AMRT,200.0,200.0,198.0,200.0,167.31564331054688,1255000,0.0,0.0
2010-10-12,AMRT,199.0,199.0,190.0,199.0,166.47906494140625,100000,0.0,0.0
2010-10-13,AMRT,199.0,199.0,199.0,199.0,166.47906494140625,20000,0.0,0.0
2010-10-14,AMRT,198.0,198.0,198.0,198.0,165.64248657226562,10000,0.0,0.0
2010-10-15,AMRT,198.0,199.0,198.0,198.0,165.64248657226562,35000,0.0,0.0
2010-10-18,AMRT,200.0,200.0,197.0,200.0,167.31564331054688,1860000,0.0,0.0
2010-10-19,AMRT,199.0,200.0,198.0,199.0,166.47906494140625,630000,0.0,0.0
2010-10-20,AMRT,185.0,196.0,185.0,185.0,154.76693725585938,55000,0.0,0.0
2010-10-21,AMRT,185.0,185.0,185.0,185.0,154.76693725585938,55000,0.0,0.0
2010-10-22,AMRT,185.0,186.0,185.0,185.0,154.76693725585938,60000,0.0,0.0
2010-10-25,AMRT,199.0,199.0,195.0,199.0,166.47906494140625,10000,0.0,0.0
2010-10-26,AMRT,180.0,186.0,180.0,180.0,150.58404541015625,900000,0.0,0.0
2010-10-27,AMRT,174.0,186.0,174.0,174.0,145.5645751953125,455000,0.0,0.0
2010-10-28,AMRT,186.0,191.0,179.0,186.0,155.60354614257812,595000,0.0,0.0
2010-10-29,AMRT,186.0,186.0,186.0,186.0,155.60354614257812,595000,0.0,0.0
2010-11-01,AMRT,186.0,186.0,186.0,186.0,155.60354614257812,595000,0.0,0.0
2010-11-02,AMRT,189.0,189.0,180.0,189.0,158.11325073242188,2045000,0.0,0.0
2010-11-03,AMRT,200.0,200.0,189.0,200.0,167.31564331054688,330000,0.0,0.0
2010-11-04,AMRT,195.0,195.0,195.0,195.0,163.1327362060547,150000,0.0,0.0
2010-11-05,AMRT,190.0,190.0,190.0,190.0,158.9498748779297,5000,0.0,0.0
2010-11-08,AMRT,199.0,199.0,199.0,199.0,166.47906494140625,15000,0.0,0.0
2010-11-09,AMRT,195.0,195.0,195.0,195.0,163.1327362060547,295000,0.0,0.0
2010-11-10,AMRT,197.0,199.0,196.0,197.0,164.80589294433594,105000,0.0,0.0
2010-11-11,AMRT,200.0,200.0,200.0,200.0,167.31564331054688,250000,0.0,0.0
2010-11-12,AMRT,190.0,200.0,190.0,190.0,158.9498748779297,300000,0.0,0.0
2010-11-15,AMRT,195.0,205.0,195.0,195.0,163.1327362060547,3750000,0.0,0.0
2010-11-16,AMRT,195.0,205.0,195.0,195.0,163.1327362060547,4790000,0.0,0.0
2010-11-18,AMRT,195.0,195.0,195.0,195.0,163.1327362060547,4790000,0.0,0.0
2010-11-19,AMRT,198.0,198.0,195.0,198.0,165.64248657226562,110000,0.0,0.0
2010-11-22,AMRT,198.0,198.0,198.0,198.0,165.64248657226562,90000,0.0,0.0
2010-11-23,AMRT,210.0,210.0,210.0,210.0,175.68141174316406,535000,0.0,0.0
2010-11-24,AMRT,210.0,210.0,210.0,210.0,175.68141174316406,250000,0.0,0.0
2010-11-25,AMRT,210.0,210.0,210.0,210.0,175.68141174316406,250000,0.0,0.0
2010-11-26,AMRT,240.0,245.0,210.0,240.0,200.77877807617188,3810000,0.0,0.0
2010-11-29,AMRT,217.5,230.0,217.5,217.5,181.95578002929688,11605000,0.0,0.0
2010-11-30,AMRT,215.0,232.5,195.0,215.0,179.86431884765625,42080000,0.0,0.0
2010-12-01,AMRT,220.0,230.0,220.0,220.0,184.0471954345703,1120000,0.0,0.0
2010-12-02,AMRT,242.5,250.0,225.0,242.5,202.8701934814453,2735000,0.0,0.0
2010-12-03,AMRT,250.0,250.0,242.5,250.0,209.14453125,1220000,0.0,0.0
2010-12-06,AMRT,260.0,260.0,245.0,260.0,217.51034545898438,120530000,0.0,0.0
2010-12-08,AMRT,250.0,280.0,250.0,250.0,209.14453125,5210000,0.0,0.0
2010-12-09,AMRT,250.0,250.0,250.0,250.0,209.14453125,55000,0.0,0.0
2010-12-10,AMRT,250.0,250.0,250.0,250.0,209.14453125,310000,0.0,0.0
2010-12-13,AMRT,250.0,250.0,250.0,250.0,209.14453125,165000,0.0,0.0
2010-12-14,AMRT,250.0,250.0,250.0,250.0,209.14453125,3620000,0.0,0.0
2010-12-15,AMRT,270.0,280.0,252.5,270.0,225.87611389160156,20020000,0.0,0.0
2010-12-16,AMRT,275.0,275.0,252.5,275.0,230.0590057373047,1600000,0.0,0.0
2010-12-17,AMRT,275.0,277.5,255.0,275.0,230.0590057373047,320000,0.0,0.0
2010-12-20,AMRT,260.0,260.0,260.0,260.0,217.51034545898438,75000,0.0,0.0
2010-12-21,AMRT,260.0,260.0,250.0,260.0,217.51034545898438,290000,0.0,0.0
2010-12-22,AMRT,265.0,265.0,250.0,265.0,221.69320678710938,330000,0.0,0.0
2010-12-23,AMRT,270.0,270.0,250.0,270.0,225.87611389160156,205000,0.0,0.0
2010-12-27,AMRT,280.0,280.0,260.0,280.0,234.24191284179688,2835000,0.0,0.0
2010-12-28,AMRT,280.0,280.0,270.0,280.0,234.24191284179688,2525000,0.0,0.0
2010-12-29,AMRT,280.0,280.0,280.0,280.0,234.24191284179688,50000,0.0,0.0
2010-12-30,AMRT,290.0,290.0,270.0,290.0,242.607666015625,4260000,0.0,0.0
2011-01-03,AMRT,275.0,275.0,275.0,275.0,230.0590057373047,100000,0.0,0.0
2011-01-04,AMRT,270.0,270.0,270.0,270.0,228.78794860839844,20000,3.5,0.0
2011-01-05,AMRT,275.0,275.0,270.0,275.0,233.02476501464844,215000,0.0,0.0
2011-01-06,AMRT,277.5,290.0,277.5,277.5,235.14312744140625,340000,0.0,0.0
2011-01-07,AMRT,290.0,290.0,282.5,290.0,245.73519897460938,495000,0.0,0.0
2011-01-10,AMRT,287.5,287.5,272.5,287.5,243.6168212890625,15000,0.0,0.0
2011-01-11,AMRT,287.5,287.5,287.5,287.5,243.6168212890625,50000,0.0,0.0
2011-01-12,AMRT,287.5,287.5,285.0,287.5,243.6168212890625,1005000,0.0,0.0
2011-01-13,AMRT,280.0,280.0,280.0,280.0,237.2615966796875,260000,0.0,0.0
2011-01-14,AMRT,287.5,287.5,280.0,287.5,243.6168212890625,3125000,0.0,0.0
2011-01-17,AMRT,295.0,295.0,280.0,295.0,249.97201538085938,2745000,0.0,0.0
2011-01-18,AMRT,300.0,300.0,282.5,300.0,254.2087860107422,7650000,0.0,0.0
2011-01-19,AMRT,270.0,285.0,270.0,270.0,228.78794860839844,11725000,0.0,0.0
2011-01-20,AMRT,270.0,272.5,267.5,270.0,228.78794860839844,23465000,0.0,0.0
2011-01-21,AMRT,270.0,280.0,240.0,270.0,228.78794860839844,42780000,0.0,0.0
2011-01-24,AMRT,270.0,270.0,270.0,270.0,228.78794860839844,2230000,0.0,0.0
2011-01-25,AMRT,270.0,270.0,267.5,270.0,228.78794860839844,12000000,0.0,0.0
2011-01-26,AMRT,270.0,270.0,270.0,270.0,228.78794860839844,44620000,0.0,0.0
2011-01-27,AMRT,272.5,272.5,270.0,272.5,230.90635681152344,600000,0.0,0.0
2011-01-28,AMRT,270.0,270.0,270.0,270.0,228.78794860839844,90000,0.0,0.0
2011-01-31,AMRT,265.0,265.0,265.0,265.0,224.55113220214844,5000,0.0,0.0
2011-02-01,AMRT,265.0,265.0,265.0,265.0,224.55113220214844,100000,0.0,0.0
2011-02-02,AMRT,275.0,275.0,267.5,275.0,233.02476501464844,280000,0.0,0.0
2011-02-04,AMRT,275.0,275.0,275.0,275.0,233.02476501464844,30000,0.0,0.0
2011-02-07,AMRT,275.0,275.0,275.0,275.0,233.02476501464844,30000,0.0,0.0
2011-02-08,AMRT,275.0,275.0,275.0,275.0,233.02476501464844,30000,0.0,0.0
2011-02-09,AMRT,272.5,275.0,272.5,272.5,230.90635681152344,485000,0.0,0.0
2011-02-10,AMRT,272.5,272.5,272.5,272.5,230.90635681152344,485000,0.0,0.0
2011-02-11,AMRT,272.5,272.5,272.5,272.5,230.90635681152344,485000,0.0,0.0
2011-02-14,AMRT,270.0,270.0,255.0,270.0,228.78794860839844,28335000,0.0,0.0
2011-02-16,AMRT,270.0,270.0,270.0,270.0,228.78794860839844,28335000,0.0,0.0
2011-02-17,AMRT,255.0,255.0,255.0,255.0,216.07749938964844,20000,0.0,0.0
2011-02-18,AMRT,275.0,275.0,257.5,275.0,233.02476501464844,140000,0.0,0.0
2011-02-21,AMRT,260.0,260.0,260.0,260.0,220.3143310546875,10000,0.0,0.0
2011-02-22,AMRT,257.5,257.5,257.5,257.5,218.19593811035156,50000,0.0,0.0
2011-02-23,AMRT,270.0,270.0,255.0,270.0,228.78794860839844,1495000,0.0,0.0
2011-02-24,AMRT,257.5,257.5,255.0,257.5,218.19593811035156,1195000,0.0,0.0
2011-02-25,AMRT,257.5,257.5,257.5,257.5,218.19593811035156,50000,0.0,0.0
2011-02-28,AMRT,260.0,260.0,260.0,260.0,220.3143310546875,25000,0.0,0.0
2011-03-01,AMRT,262.5,262.5,255.0,262.5,222.4327850341797,125000,0.0,0.0
2011-03-02,AMRT,262.5,262.5,262.5,262.5,222.4327850341797,125000,0.0,0.0
2011-03-03,AMRT,262.5,262.5,262.5,262.5,222.4327850341797,125000,0.0,0.0
2011-03-04,AMRT,262.5,262.5,260.0,262.5,222.4327850341797,365000,0.0,0.0
2011-03-07,AMRT,262.5,262.5,262.5,262.5,222.4327850341797,100000,0.0,0.0
2011-03-08,AMRT,270.0,270.0,260.0,270.0,228.78794860839844,360000,0.0,0.0
2011-03-09,AMRT,260.0,260.0,260.0,260.0,220.3143310546875,80000,0.0,0.0
2011-03-10,AMRT,260.0,260.0,260.0,260.0,220.3143310546875,10000,0.0,0.0
2011-03-11,AMRT,262.5,262.5,260.0,262.5,222.4327850341797,100000,0.0,0.0
2011-03-14,AMRT,262.5,262.5,262.5,262.5,222.4327850341797,100000,0.0,0.0
2011-03-15,AMRT,262.5,262.5,262.5,262.5,222.4327850341797,100000,0.0,0.0
2011-03-16,AMRT,265.0,265.0,265.0,265.0,224.55113220214844,560000,0.0,0.0
2011-03-17,AMRT,265.0,265.0,265.0,265.0,224.55113220214844,560000,0.0,0.0
2011-03-18,AMRT,265.0,265.0,265.0,265.0,224.55113220214844,600000,0.0,0.0
2011-03-21,AMRT,270.0,270.0,265.0,270.0,228.78794860839844,1105000,0.0,0.0
2011-03-22,AMRT,280.0,280.0,270.0,280.0,237.2615966796875,980000,0.0,0.0
2011-03-23,AMRT,280.0,290.0,265.0,280.0,237.2615966796875,220000,0.0,0.0
2011-03-24,AMRT,290.0,290.0,290.0,290.0,245.73519897460938,220000,0.0,0.0
2011-03-25,AMRT,290.0,290.0,290.0,290.0,245.73519897460938,220000,0.0,0.0
2011-03-28,AMRT,282.5,290.0,280.0,282.5,239.37998962402344,12100000,0.0,0.0
2011-03-29,AMRT,275.0,275.0,275.0,275.0,233.02476501464844,20000,0.0,0.0
2011-03-30,AMRT,275.0,275.0,275.0,275.0,233.02476501464844,20000,0.0,0.0
2011-03-31,AMRT,275.0,275.0,275.0,275.0,233.02476501464844,10000000,0.0,0.0
2011-04-01,AMRT,285.0,285.0,275.0,285.0,241.49842834472656,10825000,0.0,0.0
2011-04-04,AMRT,275.0,275.0,275.0,275.0,233.02476501464844,45000,0.0,0.0
2011-04-05,AMRT,285.0,285.0,275.0,285.0,241.49842834472656,33970000,0.0,0.0
2011-04-06,AMRT,285.0,285.0,280.0,285.0,241.49842834472656,2115000,0.0,0.0
2011-04-07,AMRT,275.0,275.0,275.0,275.0,233.02476501464844,50000,0.0,0.0
2011-04-08,AMRT,275.0,275.0,275.0,275.0,233.02476501464844,50000,0.0,0.0
2011-04-11,AMRT,275.0,275.0,275.0,275.0,233.02476501464844,50000,0.0,0.0
2011-04-12,AMRT,277.5,287.5,277.5,277.5,235.14312744140625,5610000,0.0,0.0
2011-04-13,AMRT,285.0,290.0,285.0,285.0,241.49842834472656,1065000,0.0,0.0
2011-04-14,AMRT,275.0,275.0,275.0,275.0,233.02476501464844,10000,0.0,0.0
2011-04-15,AMRT,275.0,275.0,275.0,275.0,233.02476501464844,10000,0.0,0.0
2011-04-18,AMRT,277.5,285.0,277.5,277.5,235.14312744140625,185000,0.0,0.0
2011-04-19,AMRT,285.0,290.0,275.0,285.0,241.49842834472656,1195000,0.0,0.0
2011-04-20,AMRT,285.0,285.0,285.0,285.0,241.49842834472656,1195000,0.0,0.0
2011-04-21,AMRT,290.0,290.0,285.0,290.0,245.73519897460938,55000,0.0,0.0
2011-04-25,AMRT,290.0,290.0,290.0,290.0,245.73519897460938,55000,0.0,0.0
2011-04-26,AMRT,280.0,280.0,280.0,280.0,237.2615966796875,495000,0.0,0.0
2011-04-27,AMRT,280.0,280.0,280.0,280.0,237.2615966796875,495000,0.0,0.0
2011-04-28,AMRT,280.0,280.0,280.0,280.0,237.2615966796875,280000,0.0,0.0
2011-04-29,AMRT,285.0,285.0,282.5,285.0,241.49842834472656,555000,0.0,0.0
2011-05-02,AMRT,285.0,285.0,285.0,285.0,241.49842834472656,555000,0.0,0.0
2011-05-03,AMRT,282.5,287.5,280.0,282.5,239.37998962402344,2050000,0.0,0.0
2011-05-04,AMRT,290.0,300.0,282.5,290.0,245.73519897460938,12270000,0.0,0.0
2011-05-05,AMRT,285.0,295.0,285.0,285.0,241.49842834472656,20000,0.0,0.0
2011-05-06,AMRT,285.0,285.0,285.0,285.0,241.49842834472656,20000,0.0,0.0
2011-05-09,AMRT,285.0,285.0,285.0,285.0,241.49842834472656,35000,0.0,0.0
2011-05-10,AMRT,300.0,300.0,290.0,300.0,254.2087860107422,545000,0.0,0.0
2011-05-11,AMRT,300.0,305.0,300.0,300.0,254.2087860107422,60000,0.0,0.0
2011-05-12,AMRT,310.0,330.0,300.0,310.0,262.6824645996094,38175000,0.0,0.0
2011-05-13,AMRT,300.0,317.5,300.0,300.0,254.2087860107422,220000,0.0,0.0
2011-05-16,AMRT,300.0,300.0,300.0,300.0,254.2087860107422,2005000,0.0,0.0
2011-05-18,AMRT,300.0,300.0,300.0,300.0,254.2087860107422,2005000,0.0,0.0
2011-05-19,AMRT,330.0,330.0,320.0,330.0,279.629638671875,2220000,0.0,0.0
2011-05-20,AMRT,330.0,330.0,330.0,330.0,279.629638671875,2220000,0.0,0.0
2011-05-23,AMRT,320.0,320.0,320.0,320.0,271.15606689453125,140000,0.0,0.0
2011-05-24,AMRT,320.0,320.0,320.0,320.0,271.15606689453125,140000,0.0,0.0
2011-05-25,AMRT,350.0,350.0,320.0,350.0,296.5770263671875,5465000,0.0,0.0
2011-05-26,AMRT,347.5,367.5,347.5,347.5,294.4585876464844,45000,0.0,0.0
2011-05-27,AMRT,347.5,347.5,347.5,347.5,294.4585876464844,45000,0.0,0.0
2011-05-30,AMRT,347.5,347.5,345.0,347.5,294.4585876464844,500000,0.0,0.0
2011-05-31,AMRT,347.5,347.5,347.5,347.5,294.4585876464844,500000,0.0,0.0
2011-06-01,AMRT,325.0,325.0,325.0,325.0,275.3929443359375,115000,0.0,0.0
2011-06-03,AMRT,325.0,325.0,325.0,325.0,275.3929443359375,115000,0.0,0.0
2011-06-06,AMRT,325.0,325.0,325.0,325.0,275.3929443359375,115000,0.0,0.0
2011-06-07,AMRT,325.0,325.0,322.5,325.0,275.3929443359375,410000,0.0,0.0
2011-06-08,AMRT,330.0,330.0,325.0,330.0,279.629638671875,160000,0.0,0.0
2011-06-09,AMRT,330.0,330.0,330.0,330.0,279.629638671875,5000,0.0,0.0
2011-06-10,AMRT,330.0,330.0,330.0,330.0,279.629638671875,5000,0.0,0.0
2011-06-13,AMRT,330.0,330.0,330.0,330.0,279.629638671875,5000,0.0,0.0
2011-06-14,AMRT,330.0,330.0,330.0,330.0,279.629638671875,5000,0.0,0.0
2011-06-15,AMRT,330.0,330.0,325.0,330.0,279.629638671875,175000,0.0,0.0
2011-06-16,AMRT,330.0,330.0,330.0,330.0,279.629638671875,175000,0.0,0.0
2011-06-17,AMRT,310.0,310.0,302.5,310.0,262.6824645996094,170000,0.0,0.0
2011-06-20,AMRT,310.0,310.0,310.0,310.0,262.6824645996094,170000,0.0,0.0
2011-06-21,AMRT,352.5,352.5,345.0,352.5,298.69537353515625,190000,0.0,0.0
2011-06-22,AMRT,370.0,375.0,352.5,370.0,313.5242004394531,1170000,0.0,0.0
2011-06-23,AMRT,360.0,360.0,350.0,360.0,305.050537109375,1100000,0.0,0.0
2011-06-24,AMRT,345.0,345.0,345.0,345.0,292.3402099609375,50000,0.0,0.0
2011-06-27,AMRT,335.0,335.0,335.0,335.0,283.8665466308594,250000,0.0,0.0
2011-06-28,AMRT,335.0,335.0,335.0,335.0,283.8665466308594,250000,0.0,0.0
2011-06-30,AMRT,340.0,365.0,305.0,340.0,288.1033630371094,145000,0.0,0.0
2011-07-01,AMRT,330.0,330.0,330.0,330.0,279.629638671875,25000,0.0,0.0
2011-07-04,AMRT,330.0,330.0,330.0,330.0,279.629638671875,0,0.0,0.0
2011-07-05,AMRT,330.0,330.0,330.0,330.0,279.629638671875,25000,0.0,0.0
2011-07-06,AMRT,330.0,330.0,330.0,330.0,279.629638671875,25000,0.0,0.0
2011-07-07,AMRT,375.0,375.0,370.0,375.0,317.7611083984375,285000,0.0,0.0
2011-07-08,AMRT,360.0,360.0,352.5,360.0,305.050537109375,65000,0.0,0.0
2011-07-11,AMRT,400.0,400.0,370.0,400.0,338.9450988769531,1265000,0.0,0.0
2011-07-12,AMRT,390.0,390.0,390.0,390.0,330.4714660644531,10000,0.0,0.0
2011-07-13,AMRT,370.0,370.0,350.0,370.0,313.5242004394531,70000,0.0,0.0
2011-07-14,AMRT,370.0,370.0,370.0,370.0,313.5242004394531,20000,0.0,0.0
2011-07-15,AMRT,370.0,370.0,370.0,370.0,313.5242004394531,20000,0.0,0.0
2011-07-18,AMRT,380.0,380.0,370.0,380.0,321.99786376953125,30000,0.0,0.0
2011-07-19,AMRT,375.0,375.0,375.0,375.0,317.7611083984375,20000,0.0,0.0
2011-07-20,AMRT,375.0,375.0,375.0,375.0,317.7611083984375,15000,0.0,0.0
2011-07-21,AMRT,375.0,375.0,375.0,375.0,317.7611083984375,15000,0.0,0.0
2011-07-22,AMRT,392.5,392.5,375.0,392.5,332.5898742675781,160000,0.0,0.0
2011-07-25,AMRT,395.0,395.0,380.0,395.0,334.70831298828125,45000,0.0,0.0
2011-07-26,AMRT,395.0,400.0,395.0,395.0,334.70831298828125,1335000,0.0,0.0
2011-07-27,AMRT,400.0,400.0,395.0,400.0,338.9450988769531,5315000,0.0,0.0
2011-07-28,AMRT,400.0,400.0,400.0,400.0,338.9450988769531,15000,0.0,0.0
2011-07-29,AMRT,410.0,410.0,410.0,410.0,347.4187927246094,100000,0.0,0.0
2011-08-01,AMRT,410.0,410.0,410.0,410.0,347.4187927246094,25000,0.0,0.0
2011-08-02,AMRT,407.5,410.0,407.5,407.5,345.3003845214844,245000,0.0,0.0
2011-08-03,AMRT,407.5,407.5,402.5,407.5,345.3003845214844,1015000,0.0,0.0
2011-08-04,AMRT,407.5,407.5,407.5,407.5,345.3003845214844,490000,0.0,0.0
2011-08-05,AMRT,375.0,400.0,370.0,375.0,317.7611083984375,3640000,0.0,0.0
2011-08-08,AMRT,350.0,370.0,330.0,350.0,296.5770263671875,95000,0.0,0.0
2011-08-09,AMRT,345.0,350.0,340.0,345.0,292.3402099609375,195000,0.0,0.0
2011-08-10,AMRT,335.0,360.0,335.0,335.0,283.8665466308594,9715000,0.0,0.0
2011-08-11,AMRT,345.0,385.0,340.0,345.0,292.3402099609375,1935000,0.0,0.0
2011-08-12,AMRT,335.0,357.5,335.0,335.0,283.8665466308594,5110000,0.0,0.0
2011-08-15,AMRT,335.0,335.0,335.0,335.0,283.8665466308594,5110000,0.0,0.0
2011-08-16,AMRT,337.5,342.5,337.5,337.5,285.9848937988281,25000,0.0,0.0
2011-08-18,AMRT,337.5,337.5,337.5,337.5,285.9848937988281,5110000,0.0,0.0
2011-08-19,AMRT,335.0,350.0,335.0,335.0,283.8665466308594,1950000,0.0,0.0
2011-08-22,AMRT,335.0,335.0,335.0,335.0,283.8665466308594,25000,0.0,0.0
2011-08-23,AMRT,337.5,357.5,337.5,337.5,285.9848937988281,920000,0.0,0.0
2011-08-24,AMRT,335.0,337.5,335.0,335.0,283.8665466308594,175000,0.0,0.0
2011-08-25,AMRT,337.5,340.0,337.5,337.5,285.9848937988281,275000,0.0,0.0
2011-08-26,AMRT,335.0,335.0,335.0,335.0,283.8665466308594,35000,0.0,0.0
2011-09-05,AMRT,335.0,340.0,335.0,335.0,283.8665466308594,5070000,0.0,0.0
2011-09-06,AMRT,335.0,340.0,335.0,335.0,283.8665466308594,110000,0.0,0.0
2011-09-07,AMRT,335.0,335.0,335.0,335.0,283.8665466308594,10000,0.0,0.0
2011-09-08,AMRT,335.0,340.0,335.0,335.0,283.8665466308594,15000,0.0,0.0
2011-09-09,AMRT,375.0,375.0,375.0,375.0,317.7611083984375,500000,0.0,0.0
2011-09-12,AMRT,335.0,375.0,335.0,335.0,283.8665466308594,100000,0.0,0.0
2011-09-13,AMRT,335.0,337.5,335.0,335.0,283.8665466308594,50000,0.0,0.0
2011-09-14,AMRT,330.0,345.0,330.0,330.0,279.629638671875,1315000,0.0,0.0
2011-09-15,AMRT,345.0,345.0,340.0,345.0,292.3402099609375,65000,0.0,0.0
2011-09-16,AMRT,330.0,345.0,330.0,330.0,279.629638671875,1210000,0.0,0.0
2011-09-19,AMRT,340.0,340.0,340.0,340.0,288.1033630371094,20000,0.0,0.0
2011-09-20,AMRT,340.0,340.0,340.0,340.0,288.1033630371094,10000,0.0,0.0
2011-09-21,AMRT,350.0,350.0,340.0,350.0,296.5770263671875,260000,0.0,0.0
2011-09-22,AMRT,350.0,350.0,350.0,350.0,296.5770263671875,10000,0.0,0.0
2011-09-23,AMRT,350.0,350.0,345.0,350.0,296.5770263671875,780000,0.0,0.0
2011-09-26,AMRT,350.0,352.5,350.0,350.0,296.5770263671875,430000,0.0,0.0
2011-09-27,AMRT,350.0,350.0,350.0,350.0,296.5770263671875,430000,0.0,0.0
2011-09-28,AMRT,350.0,350.0,350.0,350.0,296.5770263671875,430000,0.0,0.0
2011-09-29,AMRT,350.0,350.0,350.0,350.0,296.5770263671875,430000,0.0,0.0
2011-09-30,AMRT,370.0,400.0,370.0,370.0,313.5242004394531,1210000,0.0,0.0
2011-10-03,AMRT,355.0,360.0,355.0,355.0,300.8137512207031,2460000,0.0,0.0
2011-10-04,AMRT,355.0,355.0,355.0,355.0,300.8137512207031,2460000,0.0,0.0
2011-10-05,AMRT,355.0,355.0,355.0,355.0,300.8137512207031,2460000,0.0,0.0
2011-10-06,AMRT,355.0,355.0,355.0,355.0,300.8137512207031,2460000,0.0,0.0
2011-10-07,AMRT,390.0,390.0,390.0,390.0,330.4714660644531,5000,0.0,0.0
2011-10-10,AMRT,380.0,380.0,380.0,380.0,321.99786376953125,5000,0.0,0.0
2011-10-11,AMRT,390.0,390.0,390.0,390.0,330.4714660644531,5000,0.0,0.0
2011-10-12,AMRT,390.0,390.0,390.0,390.0,330.4714660644531,5000,0.0,0.0
2011-10-13,AMRT,390.0,390.0,390.0,390.0,330.4714660644531,5000,0.0,0.0
2011-10-14,AMRT,380.0,385.0,380.0,380.0,321.99786376953125,2005000,0.0,0.0
2011-10-17,AMRT,380.0,380.0,380.0,380.0,321.99786376953125,2005000,0.0,0.0
2011-10-18,AMRT,380.0,380.0,380.0,380.0,321.99786376953125,2005000,0.0,0.0
2011-10-19,AMRT,380.0,380.0,380.0,380.0,321.99786376953125,2005000,0.0,0.0
2011-10-20,AMRT,390.0,400.0,390.0,390.0,330.4714660644531,215000,0.0,0.0
2011-10-21,AMRT,390.0,390.0,390.0,390.0,330.4714660644531,315000,0.0,0.0
2011-10-24,AMRT,390.0,390.0,390.0,390.0,330.4714660644531,315000,0.0,0.0
2011-10-25,AMRT,400.0,400.0,395.0,400.0,338.9450988769531,10000,0.0,0.0
2011-10-26,AMRT,400.0,400.0,400.0,400.0,338.9450988769531,10000,0.0,0.0
2011-10-27,AMRT,400.0,400.0,390.0,400.0,338.9450988769531,350000,0.0,0.0
2011-10-28,AMRT,397.5,397.5,397.5,397.5,336.8267517089844,25000,0.0,0.0
2011-10-31,AMRT,400.0,400.0,397.5,400.0,338.9450988769531,405000,0.0,0.0
2011-11-01,AMRT,400.0,400.0,400.0,400.0,338.9450988769531,405000,0.0,0.0
2011-11-02,AMRT,400.0,400.0,400.0,400.0,338.9450988769531,405000,0.0,0.0
2011-11-03,AMRT,395.0,395.0,372.5,395.0,334.70831298828125,110000,0.0,0.0
2011-11-04,AMRT,400.0,400.0,382.5,400.0,338.9450988769531,55000,0.0,0.0
2011-11-07,AMRT,410.0,410.0,372.5,410.0,347.4187927246094,380000,0.0,0.0
2011-11-08,AMRT,410.0,410.0,410.0,410.0,347.4187927246094,5000,0.0,0.0
2011-11-09,AMRT,410.0,410.0,410.0,410.0,347.4187927246094,5000,0.0,0.0
2011-11-10,AMRT,400.0,405.0,400.0,400.0,338.9450988769531,165000,0.0,0.0
2011-11-11,AMRT,400.0,400.0,400.0,400.0,338.9450988769531,400000,0.0,0.0
2011-11-14,AMRT,400.0,400.0,400.0,400.0,338.9450988769531,400000,0.0,0.0
2011-11-15,AMRT,400.0,400.0,400.0,400.0,338.9450988769531,400000,0.0,0.0
2011-11-16,AMRT,400.0,400.0,400.0,400.0,338.9450988769531,75000,0.0,0.0
2011-11-17,AMRT,400.0,400.0,400.0,400.0,338.9450988769531,75000,0.0,0.0
2011-11-18,AMRT,400.0,400.0,400.0,400.0,338.9450988769531,75000,0.0,0.0
2011-11-21,AMRT,400.0,400.0,400.0,400.0,338.9450988769531,75000,0.0,0.0
2011-11-22,AMRT,400.0,400.0,400.0,400.0,338.9450988769531,10000,0.0,0.0
2011-11-23,AMRT,395.0,395.0,395.0,395.0,334.70831298828125,205000,0.0,0.0
2011-11-24,AMRT,395.0,395.0,395.0,395.0,334.70831298828125,205000,0.0,0.0
2011-11-25,AMRT,395.0,395.0,395.0,395.0,334.70831298828125,205000,0.0,0.0
2011-11-28,AMRT,400.0,400.0,400.0,400.0,338.9450988769531,586435000,0.0,0.0
2011-11-29,AMRT,405.0,420.0,400.0,405.0,343.1819152832031,4770000,0.0,0.0
2011-11-30,AMRT,405.0,405.0,405.0,405.0,343.1819152832031,4770000,0.0,0.0
2011-12-01,AMRT,405.0,405.0,405.0,405.0,343.1819152832031,0,0.0,0.0
2011-12-02,AMRT,405.0,405.0,405.0,405.0,343.1819152832031,5000,0.0,0.0
2011-12-05,AMRT,440.0,440.0,415.0,440.0,372.839599609375,635000,0.0,0.0
2011-12-06,AMRT,450.0,450.0,440.0,450.0,381.3132629394531,25000,0.0,0.0
2011-12-07,AMRT,450.0,450.0,445.0,450.0,381.3132629394531,20000,0.0,0.0
2011-12-08,AMRT,450.0,450.0,450.0,450.0,381.3132629394531,310000,0.0,0.0
2011-12-09,AMRT,450.0,450.0,450.0,450.0,381.3132629394531,40000,0.0,0.0
2011-12-12,AMRT,450.0,450.0,450.0,450.0,381.3132629394531,215000,0.0,0.0
2011-12-13,AMRT,460.0,460.0,400.0,460.0,389.786865234375,15000,0.0,0.0
2011-12-14,AMRT,410.0,410.0,410.0,410.0,347.4187927246094,10000,0.0,0.0
2011-12-15,AMRT,410.0,410.0,410.0,410.0,347.4187927246094,10000,0.0,0.0
2011-12-16,AMRT,410.0,410.0,410.0,410.0,347.4187927246094,10000,0.0,0.0
2011-12-19,AMRT,410.0,410.0,410.0,410.0,347.4187927246094,0,0.0,0.0
2011-12-20,AMRT,380.0,400.0,380.0,380.0,321.99786376953125,9045000,0.0,0.0
2011-12-21,AMRT,380.0,380.0,380.0,380.0,321.99786376953125,9045000,0.0,0.0
2011-12-22,AMRT,380.0,380.0,380.0,380.0,321.99786376953125,9045000,0.0,0.0
2011-12-23,AMRT,400.0,400.0,400.0,400.0,338.9450988769531,100000000,0.0,0.0
2011-12-27,AMRT,385.0,385.0,385.0,385.0,326.2346496582031,5000,0.0,0.0
2011-12-28,AMRT,385.0,385.0,385.0,385.0,326.2346496582031,5000,0.0,0.0
2011-12-29,AMRT,385.0,385.0,385.0,385.0,326.2346496582031,5000,0.0,0.0
2011-12-30,AMRT,395.0,395.0,380.0,395.0,334.70831298828125,225000,0.0,0.0
2012-01-02,AMRT,395.0,395.0,395.0,395.0,334.70831298828125,225000,0.0,0.0
2012-01-03,AMRT,395.0,395.0,395.0,395.0,334.70831298828125,10000,0.0,0.0
2012-01-04,AMRT,395.0,395.0,395.0,395.0,334.70831298828125,200000,0.0,0.0
2012-01-05,AMRT,395.0,395.0,395.0,395.0,334.70831298828125,8805000,0.0,0.0
2012-01-06,AMRT,380.0,380.0,380.0,380.0,321.99786376953125,10000,0.0,0.0
2012-01-09,AMRT,365.0,365.0,365.0,365.0,309.2874450683594,10000,0.0,0.0
2012-01-10,AMRT,380.0,380.0,365.0,380.0,321.99786376953125,1515000,0.0,0.0
2012-01-11,AMRT,380.0,380.0,380.0,380.0,321.99786376953125,2585000,0.0,0.0
2012-01-12,AMRT,395.0,395.0,390.0,395.0,334.70831298828125,630000,0.0,0.0
2012-01-13,AMRT,395.0,395.0,395.0,395.0,334.70831298828125,0,0.0,0.0
2012-01-16,AMRT,395.0,395.0,395.0,395.0,334.70831298828125,905000,0.0,0.0
2012-01-17,AMRT,395.0,400.0,395.0,395.0,334.70831298828125,675000,0.0,0.0
2012-01-18,AMRT,402.5,402.5,395.0,402.5,341.0635070800781,780000,0.0,0.0
2012-01-19,AMRT,397.5,410.0,395.0,397.5,336.8267517089844,5260000,0.0,0.0
2012-01-20,AMRT,397.5,397.5,397.5,397.5,336.8267517089844,25000,0.0,0.0
2012-01-24,AMRT,397.5,397.5,397.5,397.5,336.8267517089844,25000,0.0,0.0
2012-01-25,AMRT,402.5,402.5,400.0,402.5,341.0635070800781,150000,0.0,0.0
2012-01-26,AMRT,390.0,405.0,390.0,390.0,330.4714660644531,1430000,0.0,0.0
2012-01-27,AMRT,390.0,390.0,390.0,390.0,330.4714660644531,5000,0.0,0.0
2012-01-30,AMRT,395.0,410.0,390.0,395.0,334.70831298828125,620000,0.0,0.0
2012-01-31,AMRT,395.0,415.0,395.0,395.0,334.70831298828125,3585000,0.0,0.0
2012-02-01,AMRT,400.0,407.5,400.0,400.0,338.9450988769531,165000,0.0,0.0
2012-02-02,AMRT,400.0,405.0,395.0,400.0,338.9450988769531,940000,0.0,0.0
2012-02-03,AMRT,410.0,415.0,400.0,410.0,347.4187927246094,205000,0.0,0.0
2012-02-06,AMRT,410.0,410.0,410.0,410.0,347.4187927246094,205000,0.0,0.0
2012-02-07,AMRT,405.0,405.0,400.0,405.0,343.1819152832031,36645000,0.0,0.0
2012-02-08,AMRT,400.0,400.0,400.0,400.0,338.9450988769531,10000,0.0,0.0
2012-02-09,AMRT,400.0,402.5,400.0,400.0,338.9450988769531,625000,0.0,0.0
2012-02-10,AMRT,415.0,415.0,400.0,415.0,351.6554870605469,285000,0.0,0.0
2012-02-13,AMRT,415.0,415.0,375.0,415.0,351.6554870605469,225000,0.0,0.0
2012-02-14,AMRT,390.0,415.0,390.0,390.0,330.4714660644531,1875000,0.0,0.0
2012-02-15,AMRT,400.0,420.0,390.0,400.0,338.9450988769531,3390000,0.0,0.0
2012-02-16,AMRT,380.0,400.0,380.0,380.0,321.99786376953125,2995000,0.0,0.0
2012-02-17,AMRT,395.0,395.0,390.0,395.0,334.70831298828125,4050000,0.0,0.0
2012-02-20,AMRT,385.0,415.0,385.0,385.0,326.2346496582031,5325000,0.0,0.0
2012-02-21,AMRT,390.0,400.0,390.0,390.0,330.4714660644531,3225000,0.0,0.0
2012-02-22,AMRT,390.0,420.0,390.0,390.0,330.4714660644531,7320000,0.0,0.0
2012-02-23,AMRT,395.0,410.0,395.0,395.0,334.70831298828125,255000,0.0,0.0
2012-02-24,AMRT,400.0,415.0,395.0,400.0,338.9450988769531,3450000,0.0,0.0
2012-02-27,AMRT,392.5,400.0,392.5,392.5,332.5898742675781,15000,0.0,0.0
2012-02-28,AMRT,410.0,410.0,375.0,410.0,347.4187927246094,715000,0.0,0.0
2012-02-29,AMRT,410.0,410.0,395.0,410.0,347.4187927246094,1145000,0.0,0.0
2012-03-01,AMRT,410.0,415.0,410.0,410.0,347.4187927246094,3130000,0.0,0.0
2012-03-02,AMRT,410.0,410.0,410.0,410.0,347.4187927246094,1020000,0.0,0.0
2012-03-05,AMRT,410.0,412.5,410.0,410.0,347.4187927246094,320000,0.0,0.0
2012-03-06,AMRT,400.0,415.0,400.0,400.0,338.9450988769531,215000,0.0,0.0
2012-03-07,AMRT,387.5,407.5,387.5,387.5,328.3530578613281,10500000,0.0,0.0
2012-03-08,AMRT,400.0,420.0,400.0,400.0,338.9450988769531,10520000,0.0,0.0
2012-03-09,AMRT,387.5,415.0,387.5,410.0,347.4187927246094,20,0.0,0.0
2012-03-12,AMRT,407.5,410.0,400.0,407.5,345.3003845214844,10110000,0.0,0.0
2012-03-13,AMRT,400.0,402.5,400.0,400.0,338.9450988769531,1730000,0.0,0.0
2012-03-14,AMRT,407.5,407.5,400.0,407.5,345.3003845214844,14685000,0.0,0.0
2012-03-15,AMRT,407.5,415.0,405.0,407.5,345.3003845214844,13710000,0.0,0.0
2012-03-16,AMRT,405.0,405.0,400.0,405.0,343.1819152832031,17285000,0.0,0.0
2012-03-19,AMRT,405.0,405.0,400.0,405.0,343.1819152832031,3875000,0.0,0.0
2012-03-20,AMRT,407.5,407.5,405.0,407.5,345.3003845214844,8855000,0.0,0.0
2012-03-21,AMRT,402.5,405.0,402.5,402.5,341.0635070800781,600000,0.0,0.0
2012-03-22,AMRT,447.5,447.5,400.0,447.5,379.1947937011719,115000,0.0,0.0
2012-03-26,AMRT,422.5,445.0,420.0,422.5,358.0107727050781,575000,0.0,0.0
2012-03-27,AMRT,430.0,450.0,422.5,430.0,364.36602783203125,645000,0.0,0.0
2012-03-28,AMRT,470.0,470.0,430.0,470.0,398.260498046875,15000,0.0,0.0
2012-03-29,AMRT,480.0,480.0,450.0,480.0,406.7341613769531,45000,0.0,0.0
2012-03-30,AMRT,500.0,510.0,480.0,500.0,423.6813659667969,1180000,0.0,0.0
2012-04-02,AMRT,540.0,540.0,510.0,540.0,457.5758972167969,1115000,0.0,0.0
2012-04-03,AMRT,540.0,540.0,540.0,540.0,457.5758972167969,0,0.0,0.0
2012-04-04,AMRT,535.0,535.0,535.0,535.0,453.33905029296875,1115000,0.0,0.0
2012-04-05,AMRT,535.0,535.0,535.0,535.0,453.33905029296875,1115000,0.0,0.0
2012-04-09,AMRT,535.0,535.0,535.0,535.0,453.33905029296875,1115000,0.0,0.0
2012-04-10,AMRT,505.0,505.0,505.0,505.0,427.9182434082031,10000,0.0,0.0
2012-04-11,AMRT,505.0,505.0,505.0,505.0,427.9182434082031,165000,0.0,0.0
2012-04-12,AMRT,505.0,510.0,505.0,505.0,427.9182434082031,515000,0.0,0.0
2012-04-13,AMRT,505.0,505.0,505.0,505.0,427.9182434082031,5000,0.0,0.0
2012-04-16,AMRT,505.0,505.0,505.0,505.0,427.9182434082031,15000,0.0,0.0
2012-04-17,AMRT,505.0,505.0,505.0,505.0,427.9182434082031,710000,0.0,0.0
2012-04-18,AMRT,505.0,505.0,505.0,505.0,427.9182434082031,710000,0.0,0.0
2012-04-19,AMRT,505.0,505.0,505.0,505.0,427.9182434082031,710000,0.0,0.0
2012-04-20,AMRT,505.0,505.0,505.0,505.0,427.9182434082031,710000,0.0,0.0
2012-04-23,AMRT,540.0,540.0,505.0,540.0,457.5758972167969,25000,0.0,0.0
2012-04-24,AMRT,540.0,540.0,540.0,540.0,457.5758972167969,25000,0.0,0.0
2012-04-25,AMRT,540.0,540.0,540.0,540.0,457.5758972167969,25000,0.0,0.0
2012-04-26,AMRT,540.0,540.0,540.0,540.0,457.5758972167969,25000,0.0,0.0
2012-04-27,AMRT,540.0,540.0,540.0,540.0,457.5758972167969,25000,0.0,0.0
2012-04-30,AMRT,540.0,540.0,535.0,540.0,457.5758972167969,50000,0.0,0.0
2012-05-01,AMRT,540.0,540.0,540.0,540.0,457.5758972167969,500000,0.0,0.0
2012-05-02,AMRT,505.0,540.0,505.0,505.0,427.9182434082031,255000,0.0,0.0
2012-05-03,AMRT,505.0,530.0,505.0,505.0,427.9182434082031,1075000,0.0,0.0
2012-05-04,AMRT,540.0,540.0,520.0,540.0,457.5758972167969,285000,0.0,0.0
2012-05-07,AMRT,540.0,540.0,540.0,540.0,457.5758972167969,285000,0.0,0.0
2012-05-08,AMRT,505.0,505.0,505.0,505.0,427.9182434082031,100000,0.0,0.0
2012-05-09,AMRT,505.0,505.0,505.0,505.0,427.9182434082031,1100000,0.0,0.0
2012-05-10,AMRT,505.0,505.0,500.0,505.0,427.9182434082031,2000000,0.0,0.0
2012-05-11,AMRT,505.0,505.0,505.0,505.0,427.9182434082031,2000000,0.0,0.0
2012-05-14,AMRT,505.0,505.0,505.0,505.0,427.9182434082031,2000000,0.0,0.0
2012-05-15,AMRT,505.0,505.0,505.0,505.0,427.9182434082031,115000,0.0,0.0
2012-05-16,AMRT,505.0,505.0,490.0,505.0,427.9182434082031,1295000,0.0,0.0
2012-05-21,AMRT,505.0,505.0,500.0,505.0,427.9182434082031,25000,0.0,0.0
2012-05-22,AMRT,505.0,505.0,490.0,505.0,427.9182434082031,960000,0.0,0.0
2012-05-23,AMRT,505.0,505.0,505.0,505.0,427.9182434082031,960000,0.0,0.0
2012-05-24,AMRT,505.0,505.0,505.0,505.0,427.9182434082031,960000,0.0,0.0
2012-05-25,AMRT,505.0,505.0,505.0,505.0,427.9182434082031,30000,0.0,0.0
2012-05-28,AMRT,505.0,505.0,505.0,505.0,427.9182434082031,30000,0.0,0.0
2012-05-29,AMRT,505.0,505.0,505.0,505.0,427.9182434082031,30000,0.0,0.0
2012-05-30,AMRT,505.0,505.0,505.0,505.0,427.9182434082031,30000,0.0,0.0
2012-05-31,AMRT,510.0,510.0,487.5,510.0,432.1549987792969,4110000,0.0,0.0
2012-06-01,AMRT,480.0,480.0,480.0,480.0,406.7341613769531,5000,0.0,0.0
2012-06-04,AMRT,480.0,480.0,480.0,480.0,406.7341613769531,45000,0.0,0.0
2012-06-05,AMRT,480.0,480.0,480.0,480.0,406.7341613769531,45000,0.0,0.0
2012-06-06,AMRT,480.0,480.0,480.0,480.0,406.7341613769531,45000,0.0,0.0
2012-06-07,AMRT,480.0,480.0,480.0,480.0,406.7341613769531,45000,0.0,0.0
2012-06-08,AMRT,480.0,480.0,480.0,480.0,406.7341613769531,45000,0.0,0.0
2012-06-11,AMRT,490.0,490.0,490.0,490.0,415.207763671875,110000,0.0,0.0
2012-06-12,AMRT,490.0,490.0,490.0,490.0,415.207763671875,110000,0.0,0.0
2012-06-13,AMRT,500.0,500.0,490.0,500.0,423.6813659667969,40000,0.0,0.0
2012-06-14,AMRT,485.0,490.0,480.0,485.0,410.9709167480469,940000,0.0,0.0
2012-06-15,AMRT,485.0,485.0,485.0,485.0,410.9709167480469,940000,0.0,0.0
2012-06-18,AMRT,480.0,490.0,480.0,480.0,406.7341613769531,1830000,0.0,0.0
2012-06-19,AMRT,480.0,485.0,480.0,480.0,406.7341613769531,600000,0.0,0.0
2012-06-20,AMRT,485.0,485.0,480.0,485.0,410.9709167480469,440000,0.0,0.0
2012-06-21,AMRT,485.0,485.0,485.0,485.0,410.9709167480469,440000,0.0,0.0
2012-06-22,AMRT,485.0,485.0,485.0,485.0,410.9709167480469,440000,0.0,0.0
2012-06-25,AMRT,485.0,485.0,485.0,485.0,410.9709167480469,440000,0.0,0.0
2012-06-26,AMRT,485.0,485.0,485.0,485.0,410.9709167480469,1615000,0.0,0.0
2012-06-27,AMRT,485.0,485.0,485.0,485.0,410.9709167480469,1615000,0.0,0.0
2012-06-28,AMRT,485.0,485.0,475.0,475.0,402.4972839355469,1525000,0.0,0.0
2012-06-29,AMRT,475.0,475.0,465.0,475.0,402.4972839355469,275000,0.0,0.0
2012-07-02,AMRT,470.0,480.0,460.0,470.0,398.260498046875,2220000,0.0,0.0
2012-07-03,AMRT,450.0,470.0,450.0,450.0,381.3132629394531,520000,0.0,0.0
2012-07-04,AMRT,450.0,450.0,450.0,450.0,385.337890625,60000,4.7,0.0
2012-07-05,AMRT,487.5,487.5,487.5,487.5,417.44940185546875,5000,0.0,0.0
2012-07-06,AMRT,500.0,510.0,455.0,500.0,428.15313720703125,430000,0.0,0.0
2012-07-09,AMRT,500.0,510.0,500.0,500.0,428.15313720703125,4520000,0.0,0.0
2012-07-10,AMRT,500.0,500.0,500.0,500.0,428.15313720703125,4520000,0.0,0.0
2012-07-11,AMRT,500.0,500.0,475.0,500.0,428.15313720703125,25000,0.0,0.0
2012-07-12,AMRT,495.0,495.0,495.0,495.0,423.8717041015625,5000,0.0,0.0
2012-07-13,AMRT,500.0,500.0,500.0,500.0,428.15313720703125,10000,0.0,0.0
2012-07-16,AMRT,505.0,505.0,500.0,505.0,432.4347839355469,935000,0.0,0.0
2012-07-17,AMRT,525.0,525.0,515.0,525.0,449.5609436035156,3390000,0.0,0.0
2012-07-18,AMRT,530.0,530.0,525.0,530.0,453.8424072265625,1055000,0.0,0.0
2012-07-19,AMRT,535.0,535.0,530.0,535.0,458.1239318847656,335000,0.0,0.0
2012-07-20,AMRT,540.0,540.0,535.0,540.0,462.405517578125,915000,0.0,0.0
2012-07-23,AMRT,550.0,550.0,540.0,550.0,470.968505859375,465000,0.0,0.0
2012-07-24,AMRT,555.0,555.0,540.0,555.0,475.2499694824219,255000,0.0,0.0
2012-07-25,AMRT,565.0,565.0,560.0,565.0,483.813232421875,255000,0.0,0.0
2012-07-26,AMRT,560.0,560.0,560.0,560.0,479.5316162109375,10000,0.0,0.0
2012-07-27,AMRT,550.0,550.0,550.0,550.0,470.968505859375,35000,0.0,0.0
2012-07-30,AMRT,550.0,550.0,550.0,550.0,470.968505859375,240000,0.0,0.0
2012-07-31,AMRT,550.0,550.0,550.0,550.0,470.968505859375,5000,0.0,0.0
2012-08-01,AMRT,550.0,550.0,550.0,550.0,470.968505859375,5000,0.0,0.0
2012-08-02,AMRT,550.0,550.0,550.0,550.0,470.968505859375,5000,0.0,0.0
2012-08-03,AMRT,540.0,550.0,540.0,540.0,462.405517578125,20000,0.0,0.0
2012-08-06,AMRT,540.0,540.0,540.0,540.0,462.405517578125,20000,0.0,0.0
2012-08-07,AMRT,540.0,540.0,540.0,540.0,462.405517578125,20000,0.0,0.0
2012-08-08,AMRT,540.0,540.0,540.0,540.0,462.405517578125,20000,0.0,0.0
2012-08-09,AMRT,540.0,540.0,540.0,540.0,462.405517578125,20000,0.0,0.0
2012-08-10,AMRT,550.0,550.0,540.0,550.0,470.968505859375,540000,0.0,0.0
2012-08-13,AMRT,550.0,555.0,550.0,550.0,470.968505859375,100000,0.0,0.0
2012-08-14,AMRT,555.0,555.0,555.0,555.0,475.2499694824219,45000,0.0,0.0
2012-08-15,AMRT,555.0,555.0,555.0,555.0,475.2499694824219,80000,0.0,0.0
2012-08-16,AMRT,550.0,555.0,550.0,550.0,470.968505859375,115000,0.0,0.0
2012-08-23,AMRT,560.0,560.0,555.0,560.0,479.5316162109375,100000,0.0,0.0
2012-08-24,AMRT,575.0,575.0,565.0,575.0,492.3762512207031,50000,0.0,0.0
2012-08-27,AMRT,575.0,575.0,575.0,575.0,492.3762512207031,50000,0.0,0.0
2012-08-28,AMRT,575.0,575.0,575.0,575.0,492.3762512207031,50000,0.0,0.0
2012-08-29,AMRT,575.0,575.0,475.0,575.0,492.3762512207031,1515000,0.0,0.0
2012-08-30,AMRT,575.0,575.0,575.0,575.0,492.3762512207031,1515000,0.0,0.0
2012-08-31,AMRT,575.0,575.0,575.0,575.0,492.3762512207031,1515000,0.0,0.0
2012-09-03,AMRT,575.0,575.0,575.0,575.0,492.3762512207031,1515000,0.0,0.0
2012-09-04,AMRT,570.0,570.0,570.0,570.0,488.0946960449219,2650000,0.0,0.0
2012-09-05,AMRT,570.0,570.0,570.0,570.0,488.0946960449219,2650000,0.0,0.0
2012-09-06,AMRT,570.0,570.0,570.0,570.0,488.0946960449219,2650000,0.0,0.0
2012-09-07,AMRT,570.0,570.0,570.0,570.0,488.0946960449219,2650000,0.0,0.0
2012-09-10,AMRT,570.0,570.0,570.0,570.0,488.0946960449219,2650000,0.0,0.0
2012-09-11,AMRT,570.0,570.0,570.0,570.0,488.0946960449219,2650000,0.0,0.0
2012-09-12,AMRT,575.0,575.0,575.0,575.0,492.3762512207031,1690000,0.0,0.0
2012-09-13,AMRT,575.0,575.0,575.0,575.0,492.3762512207031,1690000,0.0,0.0
2012-09-14,AMRT,570.0,570.0,570.0,570.0,488.0946960449219,10000,0.0,0.0
2012-09-17,AMRT,570.0,570.0,570.0,570.0,488.0946960449219,10000,0.0,0.0
2012-09-18,AMRT,560.0,570.0,510.0,560.0,479.5316162109375,90000,0.0,0.0
2012-09-19,AMRT,560.0,560.0,560.0,560.0,479.5316162109375,90000,0.0,0.0
2012-09-20,AMRT,560.0,560.0,560.0,560.0,479.5316162109375,90000,0.0,0.0
2012-09-21,AMRT,560.0,560.0,560.0,560.0,479.5316162109375,90000,0.0,0.0
2012-09-24,AMRT,560.0,560.0,560.0,560.0,479.5316162109375,90000,0.0,0.0
2012-09-25,AMRT,560.0,560.0,560.0,560.0,479.5316162109375,10000,0.0,0.0
2012-09-26,AMRT,550.0,550.0,550.0,550.0,470.968505859375,1015000,0.0,0.0
2012-09-27,AMRT,550.0,550.0,550.0,550.0,470.968505859375,585000,0.0,0.0
2012-09-28,AMRT,550.0,550.0,550.0,550.0,470.968505859375,585000,0.0,0.0
2012-10-01,AMRT,550.0,550.0,550.0,550.0,470.968505859375,585000,0.0,0.0
2012-10-02,AMRT,550.0,550.0,550.0,550.0,470.968505859375,585000,0.0,0.0
2012-10-03,AMRT,550.0,550.0,550.0,550.0,470.968505859375,585000,0.0,0.0
2012-10-04,AMRT,550.0,550.0,550.0,550.0,470.968505859375,585000,0.0,0.0
2012-10-05,AMRT,550.0,555.0,550.0,550.0,470.968505859375,65000,0.0,0.0
2012-10-08,AMRT,550.0,550.0,550.0,550.0,470.968505859375,65000,0.0,0.0
2012-10-09,AMRT,550.0,550.0,550.0,550.0,470.968505859375,120000,0.0,0.0
2012-10-10,AMRT,550.0,565.0,550.0,550.0,470.968505859375,325000,0.0,0.0
2012-10-11,AMRT,545.0,550.0,545.0,545.0,466.6869812011719,1945000,0.0,0.0
2012-10-12,AMRT,545.0,550.0,540.0,545.0,466.6869812011719,475000,0.0,0.0
2012-10-15,AMRT,550.0,550.0,550.0,550.0,470.968505859375,15000,0.0,0.0
2012-10-16,AMRT,530.0,545.0,530.0,530.0,453.8424072265625,10160000,0.0,0.0
2012-10-17,AMRT,530.0,530.0,530.0,530.0,453.8424072265625,10160000,0.0,0.0
2012-10-18,AMRT,530.0,530.0,530.0,530.0,453.8424072265625,10160000,0.0,0.0
2012-10-19,AMRT,530.0,530.0,530.0,530.0,453.8424072265625,545000,0.0,0.0
2012-10-22,AMRT,530.0,530.0,530.0,530.0,453.8424072265625,545000,0.0,0.0
2012-10-23,AMRT,530.0,530.0,530.0,530.0,453.8424072265625,545000,0.0,0.0
2012-10-24,AMRT,530.0,530.0,530.0,530.0,453.8424072265625,545000,0.0,0.0
2012-10-25,AMRT,530.0,550.0,530.0,530.0,453.8424072265625,105000,0.0,0.0
2012-10-29,AMRT,520.0,530.0,520.0,520.0,445.2793884277344,460000,0.0,0.0
2012-10-30,AMRT,520.0,520.0,520.0,520.0,445.2793884277344,460000,0.0,0.0
2012-10-31,AMRT,520.0,520.0,520.0,520.0,445.2793884277344,460000,0.0,0.0
2012-11-01,AMRT,520.0,520.0,520.0,520.0,445.2793884277344,460000,0.0,0.0
2012-11-02,AMRT,520.0,520.0,520.0,520.0,445.2793884277344,20000,0.0,0.0
2012-11-05,AMRT,520.0,520.0,520.0,520.0,445.2793884277344,5000,0.0,0.0
2012-11-06,AMRT,520.0,520.0,520.0,520.0,445.2793884277344,5000,0.0,0.0
2012-11-07,AMRT,520.0,520.0,520.0,520.0,445.2793884277344,5000,0.0,0.0
2012-11-08,AMRT,520.0,520.0,520.0,520.0,445.2793884277344,5000,0.0,0.0
2012-11-09,AMRT,520.0,520.0,520.0,520.0,445.2793884277344,5000,0.0,0.0
2012-11-12,AMRT,520.0,520.0,520.0,520.0,445.2793884277344,5000,0.0,0.0
2012-11-13,AMRT,520.0,520.0,520.0,520.0,445.2793884277344,5000,0.0,0.0
2012-11-14,AMRT,500.0,520.0,500.0,500.0,428.15313720703125,240000,0.0,0.0
2012-11-19,AMRT,510.0,520.0,500.0,510.0,436.7162780761719,40000,0.0,0.0
2012-11-20,AMRT,510.0,510.0,510.0,510.0,436.7162780761719,5000,0.0,0.0
2012-11-21,AMRT,520.0,520.0,520.0,520.0,445.2793884277344,610000,0.0,0.0
2012-11-22,AMRT,520.0,520.0,520.0,520.0,445.2793884277344,610000,0.0,0.0
2012-11-23,AMRT,515.0,520.0,515.0,515.0,440.9978332519531,210000,0.0,0.0
2012-11-26,AMRT,515.0,515.0,515.0,515.0,440.9978332519531,210000,0.0,0.0
2012-11-27,AMRT,515.0,515.0,515.0,515.0,440.9978332519531,210000,0.0,0.0
2012-11-28,AMRT,500.0,500.0,500.0,500.0,428.15313720703125,10000,0.0,0.0
2012-11-29,AMRT,520.0,520.0,520.0,520.0,445.2793884277344,25000,0.0,0.0
2012-11-30,AMRT,530.0,530.0,530.0,530.0,453.8424072265625,45000,0.0,0.0
2012-12-03,AMRT,530.0,530.0,530.0,530.0,453.8424072265625,45000,0.0,0.0
2012-12-04,AMRT,530.0,530.0,530.0,530.0,453.8424072265625,5000,0.0,0.0
2012-12-05,AMRT,530.0,540.0,530.0,530.0,453.8424072265625,170000,0.0,0.0
2012-12-06,AMRT,530.0,530.0,530.0,530.0,453.8424072265625,170000,0.0,0.0
2012-12-07,AMRT,530.0,530.0,530.0,530.0,453.8424072265625,170000,0.0,0.0
2012-12-10,AMRT,540.0,540.0,540.0,540.0,462.405517578125,15000,0.0,0.0
2012-12-11,AMRT,530.0,530.0,530.0,530.0,453.8424072265625,15000,0.0,0.0
2012-12-12,AMRT,530.0,530.0,530.0,530.0,453.8424072265625,0,0.0,0.0
2012-12-13,AMRT,530.0,530.0,530.0,530.0,453.8424072265625,55000,0.0,0.0
2012-12-14,AMRT,530.0,530.0,530.0,530.0,453.8424072265625,0,0.0,0.0
2012-12-17,AMRT,500.0,500.0,500.0,500.0,428.15313720703125,5000,0.0,0.0
2012-12-18,AMRT,490.0,490.0,490.0,490.0,419.5902099609375,20000,0.0,0.0
2012-12-19,AMRT,490.0,490.0,490.0,490.0,419.5902099609375,5000,0.0,0.0
2012-12-20,AMRT,490.0,520.0,490.0,490.0,419.5902099609375,9075000,0.0,0.0
2012-12-21,AMRT,490.0,490.0,490.0,490.0,419.5902099609375,9075000,0.0,0.0
2012-12-26,AMRT,490.0,490.0,490.0,490.0,419.5902099609375,0,0.0,0.0
2012-12-27,AMRT,515.0,520.0,490.0,515.0,440.9978332519531,95000,0.0,0.0
2012-12-28,AMRT,525.0,525.0,515.0,525.0,449.5609436035156,1150000,0.0,0.0
2013-01-02,AMRT,525.0,525.0,515.0,525.0,449.5609436035156,5000000,0.0,0.0
2013-01-03,AMRT,525.0,525.0,525.0,525.0,449.5609436035156,5000,0.0,0.0
2013-01-04,AMRT,500.0,500.0,492.5,500.0,428.15313720703125,90000,0.0,0.0
2013-01-07,AMRT,492.5,492.5,492.5,492.5,421.73095703125,5000,0.0,0.0
2013-01-08,AMRT,500.0,500.0,500.0,500.0,428.15313720703125,5000,0.0,0.0
2013-01-09,AMRT,500.0,500.0,500.0,500.0,428.15313720703125,360000,0.0,0.0
2013-01-10,AMRT,500.0,500.0,500.0,500.0,428.15313720703125,360000,0.0,0.0
2013-01-11,AMRT,525.0,540.0,515.0,525.0,449.5609436035156,50000,0.0,0.0
2013-01-14,AMRT,525.0,525.0,525.0,525.0,449.5609436035156,50000,0.0,0.0
2013-01-15,AMRT,520.0,520.0,520.0,520.0,445.2793884277344,5000,0.0,0.0
2013-01-16,AMRT,530.0,530.0,525.0,530.0,453.8424072265625,6360000,0.0,0.0
2013-01-17,AMRT,530.0,530.0,530.0,530.0,453.8424072265625,6360000,0.0,0.0
2013-01-18,AMRT,525.0,525.0,492.5,525.0,449.5609436035156,11050000,0.0,0.0
2013-01-21,AMRT,525.0,525.0,525.0,525.0,449.5609436035156,11050000,0.0,0.0
2013-01-22,AMRT,525.0,525.0,525.0,525.0,449.5609436035156,30000,0.0,0.0
2013-01-23,AMRT,525.0,525.0,525.0,525.0,449.5609436035156,145000,0.0,0.0
2013-01-25,AMRT,530.0,535.0,525.0,530.0,453.8424072265625,5000000,0.0,0.0
2013-01-28,AMRT,530.0,530.0,530.0,530.0,453.8424072265625,5000000,0.0,0.0
2013-01-29,AMRT,530.0,530.0,530.0,530.0,453.8424072265625,5000000,0.0,0.0
2013-01-30,AMRT,530.0,530.0,530.0,530.0,453.8424072265625,100000,0.0,0.0
2013-01-31,AMRT,530.0,530.0,530.0,530.0,453.8424072265625,45000,0.0,0.0
2013-02-01,AMRT,550.0,550.0,530.0,550.0,470.968505859375,3115000,0.0,0.0
2013-02-04,AMRT,550.0,550.0,550.0,550.0,470.968505859375,240000,0.0,0.0
2013-02-05,AMRT,550.0,550.0,550.0,550.0,470.968505859375,960000,0.0,0.0
2013-02-06,AMRT,550.0,550.0,550.0,550.0,470.968505859375,15000,0.0,0.0
2013-02-07,AMRT,560.0,560.0,530.0,560.0,479.5316162109375,1540000,0.0,0.0
2013-02-08,AMRT,550.0,550.0,530.0,550.0,470.968505859375,2175000,0.0,0.0
2013-02-11,AMRT,600.0,600.0,550.0,600.0,513.7838134765625,510000,0.0,0.0
2013-02-12,AMRT,600.0,600.0,600.0,600.0,513.7838134765625,510000,0.0,0.0
2013-02-13,AMRT,600.0,620.0,600.0,600.0,513.7838134765625,915000,0.0,0.0
2013-02-14,AMRT,600.0,600.0,600.0,600.0,513.7838134765625,40000,0.0,0.0
2013-02-15,AMRT,600.0,600.0,600.0,600.0,513.7838134765625,495000,0.0,0.0
2013-02-18,AMRT,640.0,640.0,640.0,640.0,548.0360717773438,40000,0.0,0.0
2013-02-19,AMRT,640.0,640.0,640.0,640.0,548.0360717773438,40000,0.0,0.0
2013-02-20,AMRT,670.0,670.0,670.0,670.0,573.7254028320312,15000,0.0,0.0
2013-02-21,AMRT,650.0,650.0,650.0,650.0,556.5992431640625,1475000,0.0,0.0
2013-02-22,AMRT,650.0,650.0,650.0,650.0,556.5992431640625,10000,0.0,0.0
2013-02-25,AMRT,650.0,650.0,650.0,650.0,556.5992431640625,1475000,0.0,0.0
2013-02-26,AMRT,650.0,650.0,650.0,650.0,556.5992431640625,100000,0.0,0.0
2013-02-27,AMRT,650.0,650.0,650.0,650.0,556.5992431640625,100000,0.0,0.0
2013-02-28,AMRT,650.0,650.0,650.0,650.0,556.5992431640625,100000,0.0,0.0
2013-03-01,AMRT,650.0,650.0,650.0,650.0,556.5992431640625,100000,0.0,0.0
2013-03-04,AMRT,650.0,650.0,650.0,650.0,556.5992431640625,0,0.0,0.0
2013-03-05,AMRT,650.0,650.0,650.0,650.0,556.5992431640625,100000,0.0,0.0
2013-03-06,AMRT,650.0,650.0,650.0,650.0,556.5992431640625,100000,0.0,0.0
2013-03-07,AMRT,650.0,650.0,650.0,650.0,556.5992431640625,100000,0.0,0.0
2013-03-08,AMRT,650.0,650.0,650.0,650.0,556.5992431640625,100000,0.0,0.0
2013-03-11,AMRT,650.0,650.0,650.0,650.0,556.5992431640625,100000,0.0,0.0
2013-03-13,AMRT,625.0,630.0,620.0,625.0,535.1915283203125,7765000,0.0,0.0
2013-03-14,AMRT,625.0,625.0,625.0,625.0,535.1915283203125,7765000,0.0,0.0
2013-03-15,AMRT,625.0,625.0,625.0,625.0,535.1915283203125,7765000,0.0,0.0
2013-03-18,AMRT,605.0,605.0,605.0,605.0,518.0653076171875,5000,0.0,0.0
2013-03-19,AMRT,590.0,590.0,590.0,590.0,505.2207946777344,555000,0.0,0.0
2013-03-20,AMRT,590.0,590.0,590.0,590.0,505.2207946777344,555000,0.0,0.0
2013-03-21,AMRT,590.0,590.0,585.0,590.0,505.2207946777344,195000,0.0,0.0
2013-03-22,AMRT,600.0,600.0,600.0,600.0,513.7838134765625,500000,0.0,0.0
2013-03-25,AMRT,595.0,595.0,595.0,595.0,509.5024108886719,60000,0.0,0.0
2013-03-26,AMRT,610.0,610.0,610.0,610.0,522.346923828125,20000,0.0,0.0
2013-03-27,AMRT,625.0,625.0,625.0,625.0,535.1915283203125,350000,0.0,0.0
2013-03-28,AMRT,650.0,650.0,650.0,650.0,556.5992431640625,25000,0.0,0.0
2013-04-01,AMRT,650.0,650.0,640.0,650.0,556.5992431640625,1000000,0.0,0.0
2013-04-02,AMRT,645.0,650.0,645.0,645.0,552.3176879882812,1405000,0.0,0.0
2013-04-03,AMRT,645.0,645.0,645.0,645.0,552.3176879882812,1405000,0.0,0.0
2013-04-04,AMRT,645.0,645.0,645.0,645.0,552.3176879882812,1405000,0.0,0.0
2013-04-05,AMRT,670.0,670.0,620.0,670.0,573.7254028320312,205000,0.0,0.0
2013-04-08,AMRT,650.0,650.0,650.0,650.0,556.5992431640625,50000,0.0,0.0
2013-04-09,AMRT,650.0,650.0,620.0,650.0,556.5992431640625,17265000,0.0,0.0
2013-04-10,AMRT,610.0,650.0,600.0,610.0,522.346923828125,3725000,0.0,0.0
2013-04-11,AMRT,610.0,650.0,600.0,610.0,522.346923828125,11050000,0.0,0.0
2013-04-12,AMRT,610.0,620.0,610.0,610.0,522.346923828125,200000,0.0,0.0
2013-04-15,AMRT,610.0,610.0,610.0,610.0,522.346923828125,4735000,0.0,0.0
2013-04-16,AMRT,630.0,630.0,610.0,630.0,539.4730834960938,4335000,0.0,0.0
2013-04-17,AMRT,650.0,650.0,610.0,650.0,556.5992431640625,910000,0.0,0.0
2013-04-18,AMRT,650.0,650.0,650.0,650.0,556.5992431640625,910000,0.0,0.0
2013-04-19,AMRT,650.0,650.0,650.0,650.0,556.5992431640625,910000,0.0,0.0
2013-04-22,AMRT,650.0,650.0,650.0,650.0,556.5992431640625,60000,0.0,0.0
2013-04-23,AMRT,650.0,650.0,650.0,650.0,556.5992431640625,0,0.0,0.0
2013-04-24,AMRT,650.0,650.0,650.0,650.0,556.5992431640625,60000,0.0,0.0
2013-04-25,AMRT,610.0,610.0,605.0,610.0,522.346923828125,930000,0.0,0.0
2013-04-26,AMRT,610.0,610.0,610.0,610.0,522.346923828125,15000,0.0,0.0
2013-04-29,AMRT,610.0,610.0,610.0,610.0,522.346923828125,15000,0.0,0.0
2013-04-30,AMRT,600.0,600.0,600.0,600.0,513.7838134765625,20000,0.0,0.0
2013-05-01,AMRT,600.0,600.0,600.0,600.0,513.7838134765625,20000,0.0,0.0
2013-05-02,AMRT,590.0,620.0,590.0,590.0,505.2207946777344,15170000,0.0,0.0
2013-05-03,AMRT,600.0,600.0,600.0,600.0,513.7838134765625,1025000,0.0,0.0
2013-05-06,AMRT,635.0,635.0,635.0,635.0,543.754638671875,5000,0.0,0.0
2013-05-07,AMRT,635.0,650.0,625.0,645.0,552.3176879882812,1255000,0.0,0.0
2013-05-08,AMRT,635.0,635.0,620.0,620.0,530.9099731445312,6725000,0.0,0.0
2013-05-10,AMRT,650.0,650.0,600.0,600.0,513.7838134765625,30,0.0,0.0
2013-05-13,AMRT,600.0,610.0,600.0,600.0,513.7838134765625,570000,0.0,0.0
2013-05-14,AMRT,605.0,650.0,605.0,650.0,556.5992431640625,30,0.0,0.0
2013-05-15,AMRT,650.0,650.0,610.0,635.0,543.754638671875,6600000,0.0,0.0
2013-05-16,AMRT,610.0,630.0,610.0,625.0,535.1915283203125,2025000,0.0,0.0
2013-05-17,AMRT,610.0,610.0,610.0,610.0,522.346923828125,10000,0.0,0.0
2013-05-20,AMRT,600.0,600.0,600.0,600.0,513.7838134765625,250000,0.0,0.0
2013-05-21,AMRT,600.0,600.0,600.0,600.0,513.7838134765625,250000,0.0,0.0
2013-05-22,AMRT,600.0,635.0,600.0,600.0,513.7838134765625,8280000,0.0,0.0
2013-05-23,AMRT,605.0,605.0,605.0,605.0,518.0653076171875,30000,0.0,0.0
2013-05-24,AMRT,600.0,605.0,600.0,605.0,518.0653076171875,500000,0.0,0.0
2013-05-27,AMRT,650.0,660.0,630.0,630.0,539.4730834960938,705000,0.0,0.0
2013-05-28,AMRT,660.0,705.0,660.0,690.0,590.8514404296875,2055000,0.0,0.0
2013-05-29,AMRT,705.0,705.0,680.0,685.0,586.5700073242188,480000,0.0,0.0
2013-05-30,AMRT,685.0,720.0,675.0,720.0,616.5405883789062,675000,0.0,0.0
2013-05-31,AMRT,750.0,750.0,695.0,710.0,607.9774780273438,30,0.0,0.0
2013-06-03,AMRT,700.0,700.0,700.0,700.0,599.4144897460938,20000,0.0,0.0
2013-06-04,AMRT,700.0,700.0,680.0,680.0,582.2885131835938,420000,0.0,0.0
2013-06-05,AMRT,680.0,700.0,675.0,685.0,586.5700073242188,170000,0.0,0.0
2013-06-07,AMRT,695.0,695.0,680.0,690.0,590.8514404296875,90000,0.0,0.0
2013-06-10,AMRT,670.0,700.0,620.0,700.0,599.4144897460938,165000,0.0,0.0
2013-06-11,AMRT,700.0,700.0,685.0,690.0,590.8514404296875,4350000,0.0,0.0
2013-06-12,AMRT,690.0,690.0,690.0,690.0,590.8514404296875,15000,0.0,0.0
2013-06-13,AMRT,650.0,650.0,650.0,650.0,556.5992431640625,5000,0.0,0.0
2013-06-14,AMRT,700.0,715.0,630.0,630.0,539.4730834960938,30,0.0,0.0
2013-06-17,AMRT,630.0,685.0,600.0,625.0,535.1915283203125,640000,0.0,0.0
2013-06-18,AMRT,645.0,680.0,625.0,680.0,582.2885131835938,30,0.0,0.0
2013-06-19,AMRT,680.0,680.0,680.0,680.0,582.2885131835938,215000,0.0,0.0
2013-06-20,AMRT,650.0,690.0,650.0,690.0,590.8514404296875,30,0.0,0.0
2013-06-21,AMRT,650.0,700.0,650.0,700.0,599.4144897460938,30,0.0,0.0
2013-06-24,AMRT,700.0,700.0,655.0,655.0,560.8807373046875,30,0.0,0.0
2013-06-25,AMRT,635.0,655.0,630.0,640.0,548.0360717773438,160000,0.0,0.0
2013-06-26,AMRT,680.0,680.0,680.0,680.0,582.2885131835938,5000,0.0,0.0
2013-06-27,AMRT,635.0,645.0,620.0,640.0,548.0360717773438,2390000,0.0,0.0
2013-06-28,AMRT,620.0,680.0,620.0,675.0,582.6497192382812,30,5.1,0.0
2013-07-01,AMRT,680.0,680.0,680.0,680.0,586.9658813476562,60000,0.0,0.0
2013-07-02,AMRT,675.0,675.0,670.0,675.0,582.6497192382812,100000,0.0,0.0
2013-07-03,AMRT,650.0,660.0,645.0,645.0,556.7543334960938,175000,0.0,0.0
2013-07-04,AMRT,640.0,640.0,640.0,640.0,552.4384155273438,10000,0.0,0.0
2013-07-05,AMRT,655.0,655.0,645.0,645.0,556.7543334960938,100000,0.0,0.0
2013-07-08,AMRT,650.0,650.0,640.0,640.0,552.4384155273438,445000,0.0,0.0
2013-07-09,AMRT,630.0,635.0,620.0,630.0,543.806396484375,390000,0.0,0.0
2013-07-10,AMRT,630.0,630.0,620.0,620.0,535.1746215820312,220000,0.0,0.0
2013-07-11,AMRT,630.0,630.0,630.0,630.0,543.806396484375,1335000,0.0,0.0
2013-07-12,AMRT,630.0,630.0,620.0,630.0,543.806396484375,605000,0.0,0.0
2013-07-15,AMRT,635.0,645.0,625.0,630.0,543.806396484375,1275000,0.0,0.0
2013-07-16,AMRT,630.0,630.0,625.0,630.0,543.806396484375,415000,0.0,0.0
2013-07-17,AMRT,635.0,635.0,625.0,630.0,543.806396484375,630000,0.0,0.0
2013-07-18,AMRT,640.0,650.0,640.0,650.0,561.0701904296875,90000,0.0,0.0
2013-07-19,AMRT,650.0,650.0,630.0,630.0,543.806396484375,245000,0.0,0.0
2013-07-22,AMRT,620.0,620.0,620.0,620.0,535.1746215820312,25000,0.0,0.0
2013-07-23,AMRT,635.0,635.0,630.0,630.0,543.806396484375,40285000,0.0,0.0
2013-07-24,AMRT,635.0,640.0,630.0,630.0,543.806396484375,1320000,0.0,0.0
2013-07-25,AMRT,610.0,635.0,610.0,635.0,548.1224975585938,15000,0.0,0.0
2013-07-26,AMRT,635.0,635.0,635.0,635.0,548.1224975585938,50000,0.0,0.0
2013-07-29,AMRT,690.0,690.0,640.0,650.0,561.0701904296875,152000,0.0,10.0
2013-07-30,AMRT,650.0,670.0,640.0,640.0,552.4384155273438,72000,0.0,0.0
2013-07-31,AMRT,640.0,650.0,620.0,640.0,552.4384155273438,31000,0.0,0.0
2013-08-01,AMRT,650.0,670.0,630.0,650.0,561.0701904296875,379000,0.0,0.0
2013-08-02,AMRT,640.0,650.0,640.0,650.0,561.0701904296875,180000,0.0,0.0
2013-08-12,AMRT,660.0,660.0,600.0,640.0,552.4384155273438,1301000,0.0,0.0
2013-08-13,AMRT,610.0,800.0,610.0,720.0,621.4930419921875,295500,0.0,0.0
2013-08-14,AMRT,680.0,700.0,660.0,690.0,595.5975341796875,309000,0.0,0.0
2013-08-15,AMRT,690.0,690.0,660.0,690.0,595.5975341796875,186000,0.0,0.0
2013-08-16,AMRT,690.0,690.0,660.0,660.0,569.7020263671875,213000,0.0,0.0
2013-08-19,AMRT,660.0,660.0,620.0,630.0,543.806396484375,715500,0.0,0.0
2013-08-20,AMRT,630.0,630.0,620.0,630.0,543.806396484375,252000,0.0,0.0
2013-08-21,AMRT,630.0,630.0,630.0,630.0,543.806396484375,1000,0.0,0.0
2013-08-22,AMRT,610.0,610.0,590.0,590.0,509.2791442871094,150500,0.0,0.0
2013-08-23,AMRT,560.0,570.0,560.0,560.0,483.3835754394531,296000,0.0,0.0
2013-08-26,AMRT,580.0,600.0,580.0,580.0,500.64727783203125,43000,0.0,0.0
2013-08-27,AMRT,580.0,580.0,520.0,550.0,474.751708984375,75500,0.0,0.0
2013-08-28,AMRT,540.0,550.0,540.0,550.0,474.751708984375,12500,0.0,0.0
2013-08-29,AMRT,550.0,550.0,550.0,550.0,474.751708984375,7500,0.0,0.0
2013-08-30,AMRT,560.0,590.0,560.0,570.0,492.01544189453125,9500,0.0,0.0
2013-09-02,AMRT,580.0,580.0,570.0,570.0,492.01544189453125,6000,0.0,0.0
2013-09-03,AMRT,600.0,600.0,580.0,580.0,500.64727783203125,3500,0.0,0.0
2013-09-04,AMRT,580.0,580.0,530.0,530.0,457.488037109375,20000,0.0,0.0
2013-09-05,AMRT,550.0,560.0,550.0,560.0,483.3835754394531,107500,0.0,0.0
2013-09-06,AMRT,560.0,560.0,550.0,560.0,483.3835754394531,461500,0.0,0.0
2013-09-09,AMRT,560.0,570.0,550.0,570.0,492.01544189453125,5000,0.0,0.0
2013-09-10,AMRT,570.0,580.0,570.0,570.0,492.01544189453125,18500,0.0,0.0
2013-09-11,AMRT,580.0,590.0,570.0,590.0,509.2791442871094,86500,0.0,0.0
2013-09-12,AMRT,580.0,590.0,580.0,590.0,509.2791442871094,61500,0.0,0.0
2013-09-13,AMRT,590.0,590.0,590.0,590.0,509.2791442871094,193000,0.0,0.0
2013-09-16,AMRT,590.0,590.0,590.0,590.0,509.2791442871094,902000,0.0,0.0
2013-09-17,AMRT,590.0,590.0,580.0,590.0,509.2791442871094,29000,0.0,0.0
2013-09-18,AMRT,590.0,590.0,590.0,590.0,509.2791442871094,29000,0.0,0.0
2013-09-19,AMRT,590.0,610.0,570.0,570.0,492.01544189453125,6126000,0.0,0.0
2013-09-20,AMRT,580.0,580.0,570.0,570.0,492.01544189453125,61000,0.0,0.0
2013-09-23,AMRT,580.0,580.0,560.0,560.0,483.3835754394531,714000,0.0,0.0
2013-09-24,AMRT,560.0,560.0,550.0,550.0,474.751708984375,1010000,0.0,0.0
2013-09-25,AMRT,550.0,550.0,550.0,550.0,474.751708984375,197000,0.0,0.0
2013-09-26,AMRT,540.0,550.0,540.0,550.0,474.751708984375,742500,0.0,0.0
2013-09-27,AMRT,550.0,550.0,540.0,540.0,466.1199035644531,763500,0.0,0.0
2013-09-30,AMRT,540.0,570.0,540.0,570.0,492.01544189453125,36000,0.0,0.0
2013-10-01,AMRT,580.0,580.0,570.0,570.0,492.01544189453125,846000,0.0,0.0
2013-10-02,AMRT,540.0,560.0,540.0,560.0,483.3835754394531,4000,0.0,0.0
2013-10-03,AMRT,560.0,560.0,560.0,560.0,483.3835754394531,5500,0.0,0.0
2013-10-04,AMRT,550.0,550.0,550.0,550.0,474.751708984375,1500,0.0,0.0
2013-10-07,AMRT,550.0,550.0,540.0,540.0,466.1199035644531,1000,0.0,0.0
2013-10-08,AMRT,540.0,550.0,540.0,550.0,474.751708984375,42500,0.0,0.0
2013-10-09,AMRT,550.0,560.0,550.0,550.0,474.751708984375,26000,0.0,0.0
2013-10-10,AMRT,550.0,550.0,550.0,550.0,474.751708984375,10500,0.0,0.0
2013-10-11,AMRT,550.0,560.0,550.0,550.0,474.751708984375,6500,0.0,0.0
2013-10-16,AMRT,550.0,550.0,540.0,540.0,466.1199035644531,766500,0.0,0.0
2013-10-17,AMRT,540.0,550.0,540.0,540.0,466.1199035644531,510000,0.0,0.0
2013-10-18,AMRT,560.0,560.0,550.0,550.0,474.751708984375,181000,0.0,0.0
2013-10-21,AMRT,560.0,560.0,550.0,560.0,483.3835754394531,12014000,0.0,0.0
2013-10-22,AMRT,560.0,560.0,550.0,550.0,474.751708984375,202500,0.0,0.0
2013-10-23,AMRT,550.0,550.0,550.0,550.0,474.751708984375,1037000,0.0,0.0
2013-10-24,AMRT,550.0,550.0,540.0,550.0,474.751708984375,1984000,0.0,0.0
2013-10-25,AMRT,550.0,550.0,550.0,550.0,474.751708984375,32500,0.0,0.0
2013-10-28,AMRT,550.0,550.0,550.0,550.0,474.751708984375,15500,0.0,0.0
2013-10-29,AMRT,560.0,560.0,540.0,540.0,466.1199035644531,105500,0.0,0.0
2013-10-30,AMRT,550.0,550.0,540.0,540.0,466.1199035644531,15000,0.0,0.0
2013-10-31,AMRT,560.0,560.0,530.0,540.0,466.1199035644531,569000,0.0,0.0
2013-11-01,AMRT,540.0,540.0,540.0,540.0,466.1199035644531,53000,0.0,0.0
2013-11-04,AMRT,540.0,540.0,500.0,540.0,466.1199035644531,2401000,0.0,0.0
2013-11-06,AMRT,540.0,540.0,530.0,540.0,466.1199035644531,4000,0.0,0.0
2013-11-07,AMRT,540.0,550.0,530.0,530.0,457.488037109375,40500,0.0,0.0
2013-11-08,AMRT,530.0,550.0,530.0,530.0,457.488037109375,144000,0.0,0.0
2013-11-11,AMRT,540.0,550.0,520.0,520.0,448.85614013671875,218500,0.0,0.0
2013-11-12,AMRT,520.0,520.0,510.0,520.0,448.85614013671875,89000,0.0,0.0
2013-11-13,AMRT,510.0,520.0,510.0,520.0,448.85614013671875,5317000,0.0,0.0
2013-11-14,AMRT,510.0,520.0,510.0,510.0,440.22430419921875,346000,0.0,0.0
2013-11-15,AMRT,510.0,510.0,500.0,510.0,440.22430419921875,2856000,0.0,0.0
2013-11-18,AMRT,510.0,510.0,510.0,510.0,440.22430419921875,5000,0.0,0.0
2013-11-19,AMRT,500.0,500.0,460.0,480.0,414.3287658691406,5123000,0.0,0.0
2013-11-20,AMRT,465.0,495.0,465.0,495.0,427.27655029296875,75500,0.0,0.0
2013-11-21,AMRT,495.0,530.0,495.0,500.0,431.5924377441406,129000,0.0,0.0
2013-11-22,AMRT,500.0,500.0,480.0,495.0,427.27655029296875,1970000,0.0,0.0
2013-11-25,AMRT,480.0,520.0,480.0,520.0,448.85614013671875,56000,0.0,0.0
2013-11-26,AMRT,510.0,530.0,510.0,510.0,440.22430419921875,4261500,0.0,0.0
2013-11-27,AMRT,500.0,520.0,500.0,520.0,448.85614013671875,6934500,0.0,0.0
2013-11-28,AMRT,500.0,500.0,500.0,500.0,431.5924377441406,5000,0.0,0.0
2013-11-29,AMRT,510.0,510.0,500.0,500.0,431.5924377441406,2813000,0.0,0.0
2013-12-02,AMRT,495.0,500.0,495.0,495.0,427.27655029296875,2253000,0.0,0.0
2013-12-03,AMRT,490.0,490.0,480.0,480.0,414.3287658691406,2458500,0.0,0.0
2013-12-04,AMRT,480.0,480.0,465.0,470.0,405.6968994140625,3446500,0.0,0.0
2013-12-05,AMRT,470.0,470.0,450.0,460.0,397.0650634765625,8944500,0.0,0.0
2013-12-06,AMRT,460.0,460.0,450.0,460.0,397.0650634765625,5803500,0.0,0.0
2013-12-09,AMRT,450.0,455.0,450.0,455.0,392.7491760253906,41500,0.0,0.0
2013-12-10,AMRT,455.0,460.0,450.0,460.0,397.0650634765625,329500,0.0,0.0
2013-12-11,AMRT,460.0,460.0,460.0,460.0,397.0650634765625,251000,0.0,0.0
2013-12-12,AMRT,455.0,460.0,450.0,455.0,392.7491760253906,17896500,0.0,0.0
2013-12-13,AMRT,450.0,460.0,440.0,460.0,397.0650634765625,5815500,0.0,0.0
2013-12-16,AMRT,460.0,480.0,460.0,460.0,397.0650634765625,883500,0.0,0.0
2013-12-17,AMRT,455.0,455.0,450.0,450.0,388.4332275390625,23564500,0.0,0.0
2013-12-18,AMRT,455.0,460.0,450.0,455.0,392.7491760253906,11581500,0.0,0.0
2013-12-19,AMRT,460.0,460.0,450.0,455.0,392.7491760253906,1015500,0.0,0.0
2013-12-20,AMRT,450.0,450.0,430.0,450.0,388.4332275390625,4931000,0.0,0.0
2013-12-23,AMRT,455.0,460.0,430.0,450.0,388.4332275390625,4014000,0.0,0.0
2013-12-24,AMRT,445.0,465.0,445.0,450.0,388.4332275390625,3106500,0.0,0.0
2013-12-27,AMRT,450.0,460.0,445.0,450.0,388.4332275390625,5903500,0.0,0.0
2013-12-30,AMRT,450.0,450.0,450.0,450.0,388.4332275390625,95000,0.0,0.0
2014-01-02,AMRT,450.0,455.0,450.0,450.0,388.4332275390625,341000,0.0,0.0
2014-01-03,AMRT,455.0,455.0,435.0,435.0,375.4854736328125,45000,0.0,0.0
2014-01-06,AMRT,435.0,455.0,435.0,450.0,388.4332275390625,359400,0.0,0.0
2014-01-07,AMRT,450.0,465.0,435.0,450.0,388.4332275390625,2003700,0.0,0.0
2014-01-08,AMRT,450.0,450.0,450.0,450.0,388.4332275390625,2003700,0.0,0.0
2014-01-09,AMRT,450.0,455.0,450.0,455.0,392.7491760253906,71300,0.0,0.0
2014-01-10,AMRT,440.0,460.0,440.0,455.0,392.7491760253906,673200,0.0,0.0
2014-01-13,AMRT,455.0,460.0,455.0,455.0,392.7491760253906,13022000,0.0,0.0
2014-01-15,AMRT,455.0,470.0,450.0,450.0,388.4332275390625,5070400,0.0,0.0
2014-01-16,AMRT,455.0,460.0,452.0,460.0,397.0650634765625,2146000,0.0,0.0
2014-01-17,AMRT,460.0,460.0,436.0,441.0,380.6645202636719,2404300,0.0,0.0
2014-01-20,AMRT,451.0,475.0,449.0,460.0,397.0650634765625,3758200,0.0,0.0
2014-01-21,AMRT,463.0,463.0,459.0,460.0,397.0650634765625,2669300,0.0,0.0
2014-01-22,AMRT,458.0,460.0,449.0,450.0,388.4332275390625,15661500,0.0,0.0
2014-01-23,AMRT,450.0,450.0,448.0,448.0,386.70684814453125,5544200,0.0,0.0
2014-01-24,AMRT,448.0,448.0,445.0,448.0,386.70684814453125,51200,0.0,0.0
2014-01-27,AMRT,448.0,448.0,442.0,445.0,384.1172790527344,847000,0.0,0.0
2014-01-28,AMRT,445.0,446.0,445.0,445.0,384.1172790527344,3028200,0.0,0.0
2014-01-29,AMRT,440.0,449.0,440.0,444.0,383.254150390625,41100,0.0,0.0
2014-01-30,AMRT,447.0,447.0,444.0,447.0,385.84368896484375,41700,0.0,0.0
2014-02-03,AMRT,449.0,449.0,449.0,449.0,387.57000732421875,13200,0.0,0.0
2014-02-04,AMRT,443.0,449.0,441.0,443.0,382.39093017578125,5897300,0.0,0.0
2014-02-05,AMRT,445.0,446.0,445.0,445.0,384.1172790527344,8508900,0.0,0.0
2014-02-06,AMRT,446.0,450.0,445.0,445.0,384.1172790527344,191900,0.0,0.0
2014-02-07,AMRT,457.0,457.0,445.0,449.0,387.57000732421875,1040300,0.0,0.0
2014-02-10,AMRT,448.0,450.0,428.0,444.0,383.254150390625,5578700,0.0,0.0
2014-02-11,AMRT,441.0,445.0,433.0,435.0,375.4854736328125,1963000,0.0,0.0
2014-02-12,AMRT,438.0,438.0,437.0,438.0,378.0749816894531,52400,0.0,0.0
2014-02-13,AMRT,440.0,440.0,438.0,439.0,378.93817138671875,347100,0.0,0.0
2014-02-14,AMRT,439.0,440.0,436.0,437.0,377.2117614746094,536300,0.0,0.0
2014-02-17,AMRT,437.0,440.0,435.0,437.0,377.2117614746094,1570700,0.0,0.0
2014-02-18,AMRT,437.0,450.0,437.0,449.0,387.57000732421875,8111500,0.0,0.0
2014-02-19,AMRT,449.0,450.0,443.0,448.0,386.70684814453125,66200,0.0,0.0
2014-02-20,AMRT,448.0,450.0,444.0,445.0,384.1172790527344,2002100,0.0,0.0
2014-02-21,AMRT,447.0,458.0,445.0,447.0,385.84368896484375,1987300,0.0,0.0
2014-02-24,AMRT,450.0,450.0,445.0,445.0,384.1172790527344,125500,0.0,0.0
2014-02-25,AMRT,450.0,450.0,446.0,446.0,384.98046875,6200,0.0,0.0
2014-02-26,AMRT,441.0,448.0,441.0,445.0,384.1172790527344,151000,0.0,0.0
2014-02-27,AMRT,465.0,465.0,430.0,446.0,384.98046875,312100,0.0,0.0
2014-02-28,AMRT,445.0,446.0,445.0,446.0,384.98046875,3500,0.0,0.0
2014-03-03,AMRT,446.0,465.0,446.0,455.0,392.7491760253906,1955800,0.0,0.0
2014-03-04,AMRT,460.0,460.0,447.0,455.0,392.7491760253906,31600,0.0,0.0
2014-03-05,AMRT,454.0,454.0,453.0,453.0,391.02276611328125,3200,0.0,0.0
2014-03-06,AMRT,451.0,455.0,450.0,454.0,391.88592529296875,348100,0.0,0.0
2014-03-07,AMRT,455.0,460.0,452.0,460.0,397.0650634765625,342500,0.0,0.0
2014-03-10,AMRT,465.0,480.0,465.0,475.0,410.0127868652344,974000,0.0,0.0
2014-03-11,AMRT,485.0,520.0,480.0,520.0,448.85614013671875,2403600,0.0,0.0
2014-03-12,AMRT,500.0,515.0,498.0,500.0,431.5924377441406,136700,0.0,0.0
2014-03-13,AMRT,500.0,515.0,495.0,515.0,444.5402526855469,319600,0.0,0.0
2014-03-14,AMRT,515.0,515.0,500.0,515.0,444.5402526855469,88100,0.0,0.0
2014-03-17,AMRT,515.0,545.0,505.0,520.0,448.85614013671875,2173100,0.0,0.0
2014-03-18,AMRT,520.0,535.0,510.0,520.0,448.85614013671875,1761400,0.0,0.0
2014-03-19,AMRT,520.0,550.0,520.0,520.0,448.85614013671875,1585700,0.0,0.0
2014-03-20,AMRT,530.0,530.0,510.0,520.0,448.85614013671875,1028600,0.0,0.0
2014-03-21,AMRT,510.0,520.0,510.0,520.0,448.85614013671875,1996100,0.0,0.0
2014-03-24,AMRT,491.0,540.0,491.0,520.0,448.85614013671875,555300,0.0,0.0
2014-03-25,AMRT,515.0,520.0,515.0,520.0,448.85614013671875,2354700,0.0,0.0
2014-03-26,AMRT,515.0,520.0,515.0,520.0,448.85614013671875,324200,0.0,0.0
2014-03-27,AMRT,520.0,520.0,500.0,520.0,448.85614013671875,137300,0.0,0.0
2014-03-28,AMRT,520.0,520.0,510.0,520.0,448.85614013671875,364900,0.0,0.0
2014-04-01,AMRT,535.0,535.0,500.0,525.0,453.1721496582031,34100,0.0,0.0
2014-04-02,AMRT,525.0,540.0,520.0,540.0,466.1199035644531,856200,0.0,0.0
2014-04-03,AMRT,535.0,540.0,535.0,535.0,461.80389404296875,1144500,0.0,0.0
2014-04-04,AMRT,550.0,550.0,535.0,535.0,461.80389404296875,237100,0.0,0.0
2014-04-07,AMRT,535.0,550.0,535.0,535.0,461.80389404296875,293400,0.0,0.0
2014-04-08,AMRT,535.0,545.0,535.0,545.0,470.43572998046875,107100,0.0,0.0
2014-04-09,AMRT,545.0,545.0,545.0,545.0,470.43572998046875,0,0.0,0.0
2014-04-10,AMRT,535.0,535.0,495.0,515.0,444.5402526855469,2805400,0.0,0.0
2014-04-11,AMRT,510.0,540.0,510.0,540.0,466.1199035644531,1773100,0.0,0.0
2014-04-14,AMRT,540.0,550.0,535.0,540.0,466.1199035644531,134000,0.0,0.0
2014-04-15,AMRT,540.0,540.0,535.0,540.0,466.1199035644531,129400,0.0,0.0
2014-04-16,AMRT,540.0,540.0,530.0,540.0,466.1199035644531,2745900,0.0,0.0
2014-04-17,AMRT,550.0,550.0,540.0,540.0,466.1199035644531,584700,0.0,0.0
2014-04-21,AMRT,530.0,530.0,530.0,530.0,457.488037109375,100,0.0,0.0
2014-04-22,AMRT,535.0,535.0,530.0,530.0,457.488037109375,10100,0.0,0.0
2014-04-23,AMRT,530.0,530.0,510.0,510.0,440.22430419921875,600,0.0,0.0
2014-04-24,AMRT,530.0,540.0,525.0,540.0,466.1199035644531,32900,0.0,0.0
2014-04-25,AMRT,520.0,520.0,520.0,520.0,448.85614013671875,177500,0.0,0.0
2014-04-28,AMRT,525.0,535.0,495.0,500.0,431.5924377441406,815700,0.0,0.0
2014-04-29,AMRT,500.0,500.0,500.0,500.0,431.5924377441406,832200,0.0,0.0
2014-04-30,AMRT,498.0,500.0,498.0,500.0,431.5924377441406,18400,0.0,0.0
2014-05-02,AMRT,500.0,510.0,485.0,500.0,431.5924377441406,9024100,0.0,0.0
2014-05-05,AMRT,490.0,500.0,490.0,500.0,431.5924377441406,66500,0.0,0.0
2014-05-06,AMRT,500.0,510.0,500.0,500.0,431.5924377441406,1720400,0.0,0.0
2014-05-07,AMRT,500.0,520.0,500.0,520.0,448.85614013671875,3255800,0.0,0.0
2014-05-08,AMRT,510.0,530.0,500.0,500.0,431.5924377441406,2781100,0.0,0.0
2014-05-09,AMRT,500.0,500.0,490.0,500.0,431.5924377441406,350000,0.0,0.0
2014-05-12,AMRT,500.0,500.0,490.0,500.0,431.5924377441406,528300,0.0,0.0
2014-05-13,AMRT,500.0,500.0,500.0,500.0,431.5924377441406,293700,0.0,0.0
2014-05-14,AMRT,499.0,500.0,499.0,500.0,431.5924377441406,3241100,0.0,0.0
2014-05-16,AMRT,495.0,500.0,495.0,500.0,431.5924377441406,1196300,0.0,0.0
2014-05-19,AMRT,500.0,500.0,500.0,500.0,431.5924377441406,190000,0.0,0.0
2014-05-20,AMRT,490.0,500.0,485.0,490.0,422.96063232421875,177900,0.0,0.0
2014-05-21,AMRT,500.0,500.0,475.0,500.0,431.5924377441406,152600,0.0,0.0
2014-05-22,AMRT,500.0,510.0,490.0,500.0,431.5924377441406,226900,0.0,0.0
2014-05-23,AMRT,500.0,505.0,500.0,500.0,431.5924377441406,814000,0.0,0.0
2014-05-26,AMRT,500.0,500.0,500.0,500.0,431.5924377441406,559100,0.0,0.0
2014-05-28,AMRT,500.0,510.0,500.0,500.0,431.5924377441406,1274500,0.0,0.0
2014-05-30,AMRT,500.0,510.0,500.0,500.0,431.5924377441406,633100,0.0,0.0
2014-06-02,AMRT,500.0,510.0,500.0,500.0,431.5924377441406,654800,0.0,0.0
2014-06-03,AMRT,505.0,505.0,500.0,505.0,435.90838623046875,233500,0.0,0.0
2014-06-04,AMRT,505.0,510.0,505.0,505.0,435.90838623046875,396500,0.0,0.0
2014-06-05,AMRT,505.0,505.0,500.0,500.0,431.5924377441406,100000,0.0,0.0
2014-06-06,AMRT,510.0,510.0,500.0,510.0,440.22430419921875,430600,0.0,0.0
2014-06-09,AMRT,510.0,510.0,510.0,510.0,440.22430419921875,10200,0.0,0.0
2014-06-10,AMRT,505.0,510.0,505.0,505.0,435.90838623046875,2120400,0.0,0.0
2014-06-11,AMRT,520.0,520.0,505.0,520.0,448.85614013671875,3947000,0.0,0.0
2014-06-12,AMRT,520.0,520.0,510.0,520.0,448.85614013671875,1550100,0.0,0.0
2014-06-13,AMRT,515.0,520.0,505.0,515.0,444.5402526855469,219300,0.0,0.0
2014-06-16,AMRT,510.0,510.0,510.0,510.0,440.22430419921875,1349800,0.0,0.0
2014-06-17,AMRT,510.0,510.0,505.0,510.0,440.22430419921875,1064500,0.0,0.0
2014-06-18,AMRT,510.0,515.0,510.0,510.0,440.22430419921875,2823200,0.0,0.0
2014-06-19,AMRT,500.0,510.0,500.0,500.0,431.5924377441406,5157400,0.0,0.0
2014-06-20,AMRT,470.0,500.0,470.0,470.0,405.6968994140625,2197500,0.0,0.0
2014-06-23,AMRT,500.0,500.0,470.0,500.0,431.5924377441406,6322000,0.0,0.0
2014-06-24,AMRT,490.0,499.0,485.0,490.0,422.96063232421875,2127400,0.0,0.0
2014-06-25,AMRT,490.0,495.0,480.0,490.0,422.96063232421875,2632800,0.0,0.0
2014-06-26,AMRT,490.0,490.0,480.0,490.0,422.96063232421875,868500,0.0,0.0
2014-06-27,AMRT,500.0,500.0,485.0,500.0,431.5924377441406,1145500,0.0,0.0
2014-06-30,AMRT,515.0,515.0,500.0,515.0,444.5402526855469,1020000,0.0,0.0
2014-07-01,AMRT,520.0,520.0,505.0,520.0,448.85614013671875,388600,0.0,0.0
2014-07-02,AMRT,525.0,525.0,505.0,525.0,453.1721496582031,266000,0.0,0.0
2014-07-03,AMRT,525.0,525.0,520.0,525.0,453.1721496582031,329700,0.0,0.0
2014-07-04,AMRT,525.0,525.0,520.0,525.0,453.1721496582031,225400,0.0,0.0
2014-07-07,AMRT,520.0,520.0,480.0,520.0,448.85614013671875,145200,0.0,0.0
2014-07-08,AMRT,515.0,515.0,492.0,515.0,444.5402526855469,197900,0.0,0.0
2014-07-09,AMRT,515.0,515.0,515.0,515.0,444.5402526855469,0,0.0,0.0
2014-07-10,AMRT,510.0,515.0,493.0,510.0,440.22430419921875,3071200,0.0,0.0
2014-07-11,AMRT,510.0,510.0,510.0,510.0,440.22430419921875,5199300,0.0,0.0
2014-07-14,AMRT,510.0,510.0,500.0,510.0,440.22430419921875,3010300,0.0,0.0
2014-07-15,AMRT,500.0,500.0,498.0,500.0,431.5924377441406,470600,0.0,0.0
2014-07-16,AMRT,520.0,520.0,500.0,520.0,448.85614013671875,532200,0.0,0.0
2014-07-17,AMRT,500.0,520.0,500.0,500.0,431.5924377441406,372300,0.0,0.0
2014-07-18,AMRT,498.0,500.0,486.0,498.0,429.8661193847656,3291500,0.0,0.0
2014-07-21,AMRT,500.0,525.0,496.0,500.0,431.5924377441406,2749900,0.0,0.0
2014-07-22,AMRT,500.0,500.0,495.0,500.0,431.5924377441406,30000,0.0,0.0
2014-07-23,AMRT,505.0,520.0,500.0,505.0,435.90838623046875,260700,0.0,0.0
2014-07-24,AMRT,505.0,505.0,498.0,505.0,435.90838623046875,514900,0.0,0.0
2014-07-25,AMRT,500.0,505.0,495.0,500.0,431.5924377441406,855100,0.0,0.0
2014-08-04,AMRT,510.0,510.0,495.0,510.0,440.22430419921875,71100,0.0,0.0
2014-08-05,AMRT,500.0,510.0,495.0,500.0,431.5924377441406,1082600,0.0,0.0
2014-08-06,AMRT,499.0,500.0,495.0,499.0,430.72930908203125,76600,0.0,0.0
2014-08-07,AMRT,505.0,505.0,498.0,505.0,435.90838623046875,483800,0.0,0.0
2014-08-08,AMRT,505.0,505.0,498.0,505.0,439.6080017089844,30400,4.25,0.0
2014-08-11,AMRT,505.0,505.0,500.0,505.0,439.6080017089844,85400,0.0,0.0
2014-08-12,AMRT,497.0,505.0,491.0,497.0,432.6439208984375,455300,0.0,0.0
2014-08-13,AMRT,494.0,494.0,493.0,494.0,430.0324401855469,14200,0.0,0.0
2014-08-14,AMRT,500.0,500.0,500.0,500.0,435.2554931640625,12200,0.0,0.0
2014-08-15,AMRT,500.0,500.0,500.0,500.0,435.2554931640625,12500,0.0,0.0
2014-08-18,AMRT,500.0,505.0,495.0,500.0,435.2554931640625,29500,0.0,0.0
2014-08-19,AMRT,500.0,500.0,496.0,500.0,435.2554931640625,690500,0.0,0.0
2014-08-20,AMRT,520.0,520.0,490.0,520.0,452.6656799316406,127800,0.0,0.0
2014-08-21,AMRT,520.0,520.0,520.0,520.0,452.6656799316406,139500,0.0,0.0
2014-08-22,AMRT,520.0,530.0,505.0,520.0,452.6656799316406,418700,0.0,0.0
2014-08-25,AMRT,510.0,520.0,505.0,510.0,443.9605712890625,1320800,0.0,0.0
2014-08-26,AMRT,499.0,510.0,495.0,499.0,434.385009765625,851300,0.0,0.0
2014-08-27,AMRT,499.0,500.0,499.0,499.0,434.385009765625,11400,0.0,0.0
2014-08-28,AMRT,498.0,500.0,490.0,498.0,433.5144958496094,153200,0.0,0.0
2014-08-29,AMRT,510.0,510.0,505.0,510.0,443.9605712890625,500,0.0,0.0
2014-09-01,AMRT,510.0,510.0,510.0,510.0,443.9605712890625,0,0.0,0.0
2014-09-02,AMRT,495.0,505.0,492.0,495.0,430.9029541015625,345800,0.0,0.0
2014-09-03,AMRT,499.0,500.0,499.0,499.0,434.385009765625,14800,0.0,0.0
2014-09-04,AMRT,490.0,500.0,490.0,490.0,426.5504150390625,1307700,0.0,0.0
2014-09-05,AMRT,494.0,500.0,490.0,494.0,430.0324401855469,2268100,0.0,0.0
2014-09-08,AMRT,505.0,505.0,490.0,505.0,439.6080017089844,6970700,0.0,0.0
2014-09-09,AMRT,500.0,505.0,499.0,500.0,435.2554931640625,6500,0.0,0.0
2014-09-10,AMRT,515.0,515.0,491.0,515.0,448.3131408691406,73400,0.0,0.0
2014-09-11,AMRT,520.0,520.0,510.0,520.0,452.6656799316406,327300,0.0,0.0
2014-09-12,AMRT,525.0,550.0,525.0,525.0,457.018310546875,896600,0.0,0.0
2014-09-15,AMRT,535.0,535.0,525.0,535.0,465.72332763671875,232000,0.0,0.0
2014-09-16,AMRT,525.0,535.0,525.0,525.0,457.018310546875,1303500,0.0,0.0
2014-09-17,AMRT,535.0,535.0,535.0,535.0,465.72332763671875,5300,0.0,0.0
2014-09-18,AMRT,535.0,540.0,500.0,535.0,465.72332763671875,7374300,0.0,0.0
2014-09-19,AMRT,535.0,535.0,530.0,535.0,465.72332763671875,5160000,0.0,0.0
2014-09-22,AMRT,530.0,535.0,530.0,530.0,461.3708190917969,178800,0.0,0.0
2014-09-23,AMRT,525.0,530.0,510.0,525.0,457.018310546875,1696300,0.0,0.0
2014-09-24,AMRT,525.0,525.0,510.0,525.0,457.018310546875,5799900,0.0,0.0
2014-09-25,AMRT,525.0,525.0,520.0,525.0,457.018310546875,458500,0.0,0.0
2014-09-26,AMRT,510.0,510.0,500.0,510.0,443.9605712890625,442000,0.0,0.0
2014-09-29,AMRT,520.0,520.0,520.0,520.0,452.6656799316406,15000,0.0,0.0
2014-09-30,AMRT,505.0,520.0,500.0,505.0,439.6080017089844,91900,0.0,0.0
2014-10-01,AMRT,525.0,550.0,510.0,525.0,457.018310546875,17650100,0.0,0.0
2014-10-02,AMRT,520.0,550.0,510.0,520.0,452.6656799316406,7743300,0.0,0.0
2014-10-03,AMRT,520.0,525.0,520.0,520.0,452.6656799316406,1153600,0.0,0.0
2014-10-06,AMRT,570.0,570.0,500.0,570.0,496.1912841796875,533800,0.0,0.0
2014-10-07,AMRT,570.0,635.0,570.0,570.0,496.1912841796875,1097700,0.0,0.0
2014-10-08,AMRT,505.0,570.0,505.0,505.0,439.6080017089844,175300,0.0,0.0
2014-10-09,AMRT,540.0,570.0,505.0,540.0,470.075927734375,138800,0.0,0.0
2014-10-10,AMRT,550.0,570.0,525.0,550.0,478.781005859375,2992200,0.0,0.0
2014-10-13,AMRT,550.0,550.0,525.0,550.0,478.781005859375,28900,0.0,0.0
2014-10-14,AMRT,530.0,535.0,510.0,530.0,461.3708190917969,428000,0.0,0.0
2014-10-15,AMRT,530.0,530.0,530.0,530.0,461.3708190917969,15300,0.0,0.0
2014-10-16,AMRT,525.0,525.0,505.0,525.0,457.018310546875,429800,0.0,0.0
2014-10-17,AMRT,520.0,520.0,510.0,520.0,452.6656799316406,344300,0.0,0.0
2014-10-20,AMRT,530.0,550.0,520.0,530.0,461.3708190917969,46600,0.0,0.0
2014-10-21,AMRT,525.0,530.0,525.0,525.0,457.018310546875,20300,0.0,0.0
2014-10-22,AMRT,535.0,590.0,530.0,535.0,465.72332763671875,10600,0.0,0.0
2014-10-23,AMRT,540.0,540.0,535.0,540.0,470.075927734375,13800,0.0,0.0
2014-10-24,AMRT,535.0,540.0,535.0,535.0,465.72332763671875,3000,0.0,0.0
2014-10-27,AMRT,535.0,535.0,535.0,535.0,465.72332763671875,400,0.0,0.0
2014-10-28,AMRT,540.0,540.0,525.0,540.0,470.075927734375,6800,0.0,0.0
2014-10-29,AMRT,535.0,540.0,525.0,535.0,465.72332763671875,27100,0.0,0.0
2014-10-30,AMRT,525.0,530.0,520.0,525.0,457.018310546875,2362400,0.0,0.0
2014-10-31,AMRT,525.0,530.0,520.0,525.0,457.018310546875,3330000,0.0,0.0
2014-11-03,AMRT,525.0,525.0,505.0,525.0,457.018310546875,388200,0.0,0.0
2014-11-04,AMRT,525.0,525.0,525.0,525.0,457.018310546875,100,0.0,0.0
2014-11-05,AMRT,525.0,525.0,525.0,525.0,457.018310546875,2100,0.0,0.0
2014-11-06,AMRT,525.0,525.0,525.0,525.0,457.018310546875,101000,0.0,0.0
2014-11-07,AMRT,525.0,525.0,520.0,525.0,457.018310546875,333000,0.0,0.0
2014-11-10,AMRT,525.0,525.0,510.0,525.0,457.018310546875,5200,0.0,0.0
2014-11-11,AMRT,520.0,520.0,515.0,520.0,452.6656799316406,2100,0.0,0.0
2014-11-12,AMRT,520.0,525.0,520.0,520.0,452.6656799316406,1467600,0.0,0.0
2014-11-13,AMRT,525.0,525.0,520.0,525.0,457.018310546875,10200,0.0,0.0
2014-11-14,AMRT,525.0,525.0,520.0,525.0,457.018310546875,517900,0.0,0.0
2014-11-17,AMRT,525.0,535.0,525.0,525.0,457.018310546875,600,0.0,0.0
2014-11-18,AMRT,525.0,525.0,520.0,525.0,457.018310546875,833500,0.0,0.0
2014-11-19,AMRT,525.0,530.0,505.0,525.0,457.018310546875,3462000,0.0,0.0
2014-11-20,AMRT,525.0,525.0,520.0,525.0,457.018310546875,575000,0.0,0.0
2014-11-21,AMRT,520.0,525.0,520.0,520.0,452.6656799316406,2803500,0.0,0.0
2014-11-24,AMRT,525.0,525.0,515.0,525.0,457.018310546875,1500,0.0,0.0
2014-11-25,AMRT,525.0,525.0,525.0,525.0,457.018310546875,800,0.0,0.0
2014-11-26,AMRT,525.0,525.0,510.0,525.0,457.018310546875,35000,0.0,0.0
2014-11-27,AMRT,525.0,525.0,510.0,525.0,457.018310546875,425400,0.0,0.0
2014-11-28,AMRT,525.0,525.0,510.0,525.0,457.018310546875,45200,0.0,0.0
2014-12-01,AMRT,525.0,525.0,520.0,525.0,457.018310546875,1363800,0.0,0.0
2014-12-02,AMRT,515.0,525.0,515.0,525.0,457.018310546875,300,0.0,0.0
2014-12-03,AMRT,525.0,525.0,515.0,520.0,452.6656799316406,5800,0.0,0.0
2014-12-04,AMRT,515.0,515.0,510.0,510.0,443.9605712890625,20103100,0.0,0.0
2014-12-05,AMRT,515.0,515.0,510.0,510.0,443.9605712890625,1513700,0.0,0.0
2014-12-08,AMRT,505.0,515.0,505.0,510.0,443.9605712890625,2762500,0.0,0.0
2014-12-09,AMRT,510.0,510.0,505.0,505.0,439.6080017089844,7700,0.0,0.0
2014-12-10,AMRT,510.0,510.0,500.0,505.0,439.6080017089844,2084300,0.0,0.0
2014-12-11,AMRT,505.0,505.0,499.0,500.0,435.2554931640625,599300,0.0,0.0
2014-12-12,AMRT,505.0,505.0,500.0,500.0,435.2554931640625,32700,0.0,0.0
2014-12-15,AMRT,505.0,505.0,495.0,500.0,435.2554931640625,629500,0.0,0.0
2014-12-16,AMRT,495.0,500.0,495.0,500.0,435.2554931640625,120600,0.0,0.0
2014-12-17,AMRT,500.0,500.0,497.0,497.0,432.6439208984375,843300,0.0,0.0
2014-12-18,AMRT,500.0,500.0,495.0,495.0,430.9029541015625,323400,0.0,0.0
2014-12-19,AMRT,495.0,495.0,490.0,490.0,426.5504150390625,414700,0.0,0.0
2014-12-22,AMRT,495.0,495.0,493.0,495.0,430.9029541015625,18100,0.0,0.0
2014-12-23,AMRT,490.0,500.0,490.0,495.0,430.9029541015625,9257400,0.0,0.0
2014-12-24,AMRT,496.0,500.0,490.0,490.0,426.5504150390625,5442600,0.0,0.0
2014-12-29,AMRT,495.0,500.0,490.0,490.0,426.5504150390625,2271800,0.0,0.0
2014-12-30,AMRT,500.0,505.0,491.0,500.0,435.2554931640625,1056300,0.0,0.0
2015-01-02,AMRT,490.0,497.0,490.0,497.0,432.6439208984375,4400,0.0,0.0
2015-01-05,AMRT,498.0,499.0,496.0,497.0,432.6439208984375,97700,0.0,0.0
2015-01-06,AMRT,499.0,500.0,489.0,489.0,425.6798400878906,270700,0.0,0.0
2015-01-07,AMRT,490.0,490.0,486.0,486.0,423.0683898925781,230200,0.0,0.0
2015-01-08,AMRT,489.0,490.0,486.0,486.0,423.0683898925781,2333900,0.0,0.0
2015-01-09,AMRT,486.0,486.0,484.0,486.0,423.0683898925781,1437100,0.0,0.0
2015-01-12,AMRT,475.0,486.0,475.0,486.0,423.0683898925781,927700,0.0,0.0
2015-01-13,AMRT,486.0,486.0,485.0,486.0,423.0683898925781,757000,0.0,0.0
2015-01-14,AMRT,486.0,490.0,486.0,490.0,426.5504150390625,1600,0.0,0.0
2015-01-15,AMRT,489.0,490.0,487.0,489.0,425.6798400878906,1500,0.0,0.0
2015-01-16,AMRT,487.0,487.0,480.0,480.0,417.8453063964844,6681500,0.0,0.0
2015-01-19,AMRT,480.0,480.0,480.0,480.0,417.8453063964844,4700,0.0,0.0
2015-01-20,AMRT,475.0,475.0,475.0,475.0,413.49267578125,3598700,0.0,0.0
2015-01-21,AMRT,475.0,475.0,475.0,475.0,413.49267578125,3001400,0.0,0.0
2015-01-22,AMRT,490.0,490.0,485.0,485.0,422.1978454589844,8100,0.0,0.0
2015-01-23,AMRT,485.0,485.0,484.0,484.0,421.3273010253906,16600,0.0,0.0
2015-01-26,AMRT,475.0,475.0,470.0,475.0,413.49267578125,400,0.0,0.0
2015-01-27,AMRT,476.0,476.0,475.0,475.0,413.49267578125,5600,0.0,0.0
2015-01-28,AMRT,480.0,480.0,475.0,475.0,413.49267578125,24300,0.0,0.0
2015-01-29,AMRT,470.0,470.0,465.0,470.0,409.14013671875,3145700,0.0,0.0
2015-01-30,AMRT,470.0,475.0,470.0,475.0,413.49267578125,1667500,0.0,0.0
2015-02-02,AMRT,480.0,480.0,470.0,475.0,413.49267578125,763300,0.0,0.0
2015-02-03,AMRT,475.0,477.0,470.0,475.0,413.49267578125,372900,0.0,0.0
2015-02-04,AMRT,475.0,475.0,470.0,474.0,412.62225341796875,891600,0.0,0.0
2015-02-05,AMRT,473.0,473.0,470.0,471.0,410.0106506347656,3700,0.0,0.0
2015-02-06,AMRT,460.0,475.0,460.0,470.0,409.14013671875,753500,0.0,0.0
2015-02-09,AMRT,475.0,475.0,460.0,468.0,407.3991394042969,2389600,0.0,0.0
2015-02-10,AMRT,475.0,475.0,467.0,468.0,407.3991394042969,25696500,0.0,0.0
2015-02-11,AMRT,468.0,470.0,468.0,470.0,409.14013671875,2202500,0.0,0.0
2015-02-12,AMRT,470.0,470.0,460.0,467.0,406.5286560058594,247300,0.0,0.0
2015-02-13,AMRT,469.0,475.0,467.0,475.0,413.49267578125,682100,0.0,0.0
2015-02-16,AMRT,461.0,470.0,461.0,470.0,409.14013671875,2036000,0.0,0.0
2015-02-17,AMRT,470.0,470.0,469.0,470.0,409.14013671875,100400,0.0,0.0
2015-02-18,AMRT,480.0,483.0,470.0,470.0,409.14013671875,29000,0.0,0.0
2015-02-20,AMRT,485.0,485.0,470.0,470.0,409.14013671875,3500,0.0,0.0
2015-02-23,AMRT,470.0,470.0,470.0,470.0,409.14013671875,3000,0.0,0.0
2015-02-24,AMRT,470.0,470.0,467.0,470.0,409.14013671875,1000,0.0,0.0
2015-02-25,AMRT,470.0,470.0,463.0,470.0,409.14013671875,2691200,0.0,0.0
2015-02-26,AMRT,470.0,470.0,460.0,470.0,409.14013671875,10642400,0.0,0.0
2015-02-27,AMRT,470.0,471.0,466.0,471.0,410.0106506347656,2012900,0.0,0.0
2015-03-02,AMRT,480.0,495.0,470.0,470.0,409.14013671875,748300,0.0,0.0
2015-03-03,AMRT,470.0,470.0,465.0,466.0,405.6580810546875,3300,0.0,0.0
2015-03-04,AMRT,466.0,470.0,466.0,470.0,409.14013671875,2130300,0.0,0.0
2015-03-05,AMRT,470.0,470.0,465.0,470.0,409.14013671875,21075400,0.0,0.0
2015-03-06,AMRT,470.0,470.0,470.0,470.0,409.14013671875,26896600,0.0,0.0
2015-03-09,AMRT,470.0,470.0,470.0,470.0,409.14013671875,25442900,0.0,0.0
2015-03-10,AMRT,475.0,505.0,466.0,470.0,409.14013671875,1106400,0.0,0.0
2015-03-11,AMRT,470.0,475.0,466.0,466.0,405.6580810546875,663400,0.0,0.0
2015-03-12,AMRT,466.0,466.0,465.0,466.0,405.6580810546875,31300,0.0,0.0
2015-03-13,AMRT,465.0,467.0,465.0,465.0,404.78765869140625,484900,0.0,0.0
2015-03-16,AMRT,465.0,466.0,450.0,450.0,391.7299499511719,7069300,0.0,0.0
2015-03-17,AMRT,460.0,470.0,450.0,470.0,409.14013671875,90100,0.0,0.0
2015-03-18,AMRT,451.0,470.0,451.0,470.0,409.14013671875,5500,0.0,0.0
2015-03-19,AMRT,470.0,470.0,470.0,470.0,409.14013671875,700,0.0,0.0
2015-03-20,AMRT,470.0,499.0,465.0,499.0,434.385009765625,3314300,0.0,0.0
2015-03-23,AMRT,500.0,510.0,480.0,480.0,417.8453063964844,16431800,0.0,0.0
2015-03-24,AMRT,485.0,505.0,485.0,505.0,439.6080017089844,2079600,0.0,0.0
2015-03-25,AMRT,510.0,525.0,500.0,525.0,457.018310546875,2960300,0.0,0.0
2015-03-26,AMRT,520.0,545.0,510.0,545.0,474.428466796875,5143000,0.0,0.0
2015-03-27,AMRT,550.0,565.0,540.0,565.0,491.8387451171875,2171800,0.0,0.0
2015-03-30,AMRT,560.0,570.0,555.0,565.0,491.8387451171875,2016600,0.0,0.0
2015-03-31,AMRT,570.0,575.0,560.0,570.0,496.1912841796875,5133200,0.0,0.0
2015-04-01,AMRT,540.0,565.0,525.0,565.0,491.8387451171875,4177900,0.0,0.0
2015-04-02,AMRT,550.0,565.0,545.0,565.0,491.8387451171875,8522800,0.0,0.0
2015-04-06,AMRT,545.0,565.0,545.0,565.0,491.8387451171875,4352400,0.0,0.0
2015-04-07,AMRT,550.0,565.0,550.0,565.0,491.8387451171875,20268000,0.0,0.0
2015-04-08,AMRT,550.0,560.0,545.0,550.0,478.781005859375,36412800,0.0,0.0
2015-04-09,AMRT,540.0,555.0,530.0,555.0,483.133544921875,2281500,0.0,0.0
2015-04-10,AMRT,545.0,565.0,540.0,565.0,491.8387451171875,3145000,0.0,0.0
2015-04-13,AMRT,565.0,565.0,545.0,565.0,491.8387451171875,14961100,0.0,0.0
2015-04-14,AMRT,560.0,560.0,540.0,555.0,483.133544921875,62767900,0.0,0.0
2015-04-15,AMRT,555.0,555.0,550.0,550.0,478.781005859375,1403600,0.0,0.0
2015-04-16,AMRT,550.0,555.0,550.0,550.0,478.781005859375,63777000,0.0,0.0
2015-04-17,AMRT,555.0,555.0,550.0,550.0,478.781005859375,61655700,0.0,0.0
2015-04-20,AMRT,555.0,555.0,540.0,540.0,470.075927734375,43700,0.0,0.0
2015-04-21,AMRT,540.0,540.0,525.0,540.0,470.075927734375,348800,0.0,0.0
2015-04-22,AMRT,540.0,540.0,530.0,535.0,465.72332763671875,31000,0.0,0.0
2015-04-23,AMRT,535.0,535.0,525.0,535.0,465.72332763671875,190600,0.0,0.0
2015-04-24,AMRT,525.0,540.0,525.0,540.0,470.075927734375,546200,0.0,0.0
2015-04-27,AMRT,525.0,530.0,480.0,530.0,461.3708190917969,41361600,0.0,0.0
2015-04-28,AMRT,525.0,530.0,500.0,525.0,457.018310546875,36631300,0.0,0.0
2015-04-29,AMRT,525.0,535.0,525.0,530.0,461.3708190917969,27117100,0.0,0.0
2015-04-30,AMRT,525.0,535.0,525.0,530.0,461.3708190917969,2926600,0.0,0.0
2015-05-04,AMRT,535.0,555.0,530.0,555.0,483.133544921875,1660200,0.0,0.0
2015-05-05,AMRT,555.0,570.0,555.0,565.0,491.8387451171875,1675200,0.0,0.0
2015-05-06,AMRT,560.0,575.0,555.0,570.0,496.1912841796875,1503500,0.0,0.0
2015-05-07,AMRT,570.0,595.0,570.0,590.0,513.6015014648438,3825400,0.0,0.0
2015-05-08,AMRT,575.0,595.0,575.0,595.0,517.9541015625,359600,0.0,0.0
2015-05-11,AMRT,590.0,590.0,525.0,560.0,487.486083984375,92000,0.0,0.0
2015-05-12,AMRT,560.0,565.0,560.0,560.0,487.486083984375,91300,0.0,0.0
2015-05-13,AMRT,555.0,555.0,555.0,555.0,483.133544921875,500,0.0,0.0
2015-05-15,AMRT,565.0,565.0,560.0,565.0,491.8387451171875,188400,0.0,0.0
2015-05-18,AMRT,570.0,580.0,570.0,580.0,504.8963623046875,8220900,0.0,0.0
2015-05-19,AMRT,580.0,580.0,560.0,560.0,487.486083984375,1899000,0.0,0.0
2015-05-20,AMRT,565.0,570.0,560.0,570.0,496.1912841796875,1215800,0.0,0.0
2015-05-21,AMRT,575.0,575.0,555.0,570.0,496.1912841796875,1552700,0.0,0.0
2015-05-22,AMRT,545.0,600.0,545.0,600.0,522.3064575195312,3149700,0.0,0.0
2015-05-25,AMRT,600.0,610.0,600.0,610.0,531.0117797851562,2676700,0.0,0.0
2015-05-26,AMRT,600.0,605.0,580.0,600.0,522.3064575195312,2056200,0.0,0.0
2015-05-27,AMRT,560.0,605.0,560.0,600.0,522.3064575195312,354400,0.0,0.0
2015-05-28,AMRT,605.0,605.0,570.0,570.0,496.1912841796875,4800,0.0,0.0
2015-05-29,AMRT,580.0,590.0,565.0,570.0,496.1912841796875,553900,0.0,0.0
2015-06-01,AMRT,570.0,580.0,550.0,550.0,478.781005859375,85200,0.0,0.0
2015-06-03,AMRT,550.0,570.0,520.0,555.0,483.133544921875,1232400,0.0,0.0
2015-06-04,AMRT,575.0,575.0,555.0,570.0,496.1912841796875,1500,0.0,0.0
2015-06-05,AMRT,570.0,575.0,570.0,570.0,499.5655212402344,42700,3.85,0.0
2015-06-08,AMRT,530.0,575.0,530.0,570.0,499.5655212402344,82200,0.0,0.0
2015-06-09,AMRT,560.0,560.0,555.0,555.0,486.4190368652344,123400,0.0,0.0
2015-06-10,AMRT,570.0,580.0,555.0,555.0,486.4190368652344,277600,0.0,0.0
2015-06-11,AMRT,555.0,565.0,555.0,565.0,495.1834411621094,5300,0.0,0.0
2015-06-12,AMRT,565.0,580.0,565.0,580.0,508.3298034667969,15009500,0.0,0.0
2015-06-15,AMRT,580.0,585.0,560.0,560.0,490.8011779785156,5700,0.0,0.0
2015-06-16,AMRT,560.0,570.0,560.0,570.0,499.5655212402344,37928700,0.0,0.0
2015-06-17,AMRT,570.0,580.0,555.0,570.0,499.5655212402344,49700,0.0,0.0
2015-06-18,AMRT,570.0,570.0,570.0,570.0,499.5655212402344,969400,0.0,0.0
2015-06-19,AMRT,560.0,605.0,560.0,605.0,530.2405395507812,149500,0.0,0.0
2015-06-22,AMRT,605.0,605.0,585.0,600.0,525.8583984375,367200,0.0,0.0
2015-06-23,AMRT,575.0,590.0,575.0,590.0,517.0941772460938,10000,0.0,0.0
2015-06-24,AMRT,530.0,600.0,530.0,570.0,499.5655212402344,2018900,0.0,0.0
2015-06-25,AMRT,570.0,595.0,560.0,580.0,508.3298034667969,502700,0.0,0.0
2015-06-26,AMRT,580.0,590.0,580.0,590.0,517.0941772460938,1300,0.0,0.0
2015-06-29,AMRT,590.0,590.0,570.0,590.0,517.0941772460938,106900,0.0,0.0
2015-06-30,AMRT,580.0,595.0,580.0,595.0,521.476318359375,345500,0.0,0.0
2015-07-01,AMRT,600.0,600.0,595.0,595.0,521.476318359375,112200,0.0,0.0
2015-07-02,AMRT,610.0,610.0,610.0,610.0,534.6227416992188,100,0.0,0.0
2015-07-03,AMRT,605.0,620.0,605.0,620.0,543.3871459960938,11000,0.0,0.0
2015-07-06,AMRT,610.0,620.0,580.0,580.0,508.3298034667969,39200,0.0,0.0
2015-07-07,AMRT,615.0,615.0,580.0,600.0,525.8583984375,401100,0.0,0.0
2015-07-08,AMRT,600.0,605.0,600.0,605.0,530.2405395507812,6700,0.0,0.0
2015-07-09,AMRT,570.0,605.0,565.0,600.0,525.8583984375,21500,0.0,0.0
2015-07-10,AMRT,600.0,600.0,560.0,600.0,525.8583984375,6793200,0.0,0.0
2015-07-13,AMRT,600.0,605.0,590.0,595.0,521.476318359375,8145400,0.0,0.0
2015-07-14,AMRT,580.0,600.0,580.0,600.0,525.8583984375,4219500,0.0,0.0
2015-07-15,AMRT,600.0,600.0,580.0,585.0,512.7119750976562,568700,0.0,0.0
2015-07-22,AMRT,595.0,605.0,595.0,600.0,525.8583984375,260400,0.0,0.0
2015-07-23,AMRT,580.0,600.0,580.0,600.0,525.8583984375,2000,0.0,0.0
2015-07-24,AMRT,550.0,600.0,550.0,600.0,525.8583984375,15200,0.0,0.0
2015-07-27,AMRT,600.0,600.0,580.0,600.0,525.8583984375,9900,0.0,0.0
2015-07-28,AMRT,600.0,600.0,600.0,600.0,525.8583984375,3456000,0.0,0.0
2015-07-29,AMRT,605.0,605.0,595.0,600.0,525.8583984375,6753800,0.0,0.0
2015-07-30,AMRT,600.0,600.0,595.0,595.0,521.476318359375,1581300,0.0,0.0
2015-07-31,AMRT,600.0,600.0,585.0,595.0,521.476318359375,825900,0.0,0.0
2015-08-03,AMRT,595.0,595.0,590.0,595.0,521.476318359375,20500,0.0,0.0
2015-08-04,AMRT,595.0,595.0,595.0,595.0,521.476318359375,0,0.0,0.0
2015-08-05,AMRT,585.0,595.0,585.0,595.0,521.476318359375,1300,0.0,0.0
2015-08-06,AMRT,590.0,595.0,590.0,595.0,521.476318359375,5500,0.0,0.0
2015-08-07,AMRT,590.0,590.0,585.0,585.0,512.7119750976562,7300,0.0,0.0
2015-08-10,AMRT,590.0,595.0,590.0,590.0,517.0941772460938,2200,0.0,0.0
2015-08-11,AMRT,580.0,580.0,580.0,580.0,508.3298034667969,3032300,0.0,0.0
2015-08-12,AMRT,560.0,595.0,550.0,595.0,521.476318359375,136200,0.0,0.0
2015-08-13,AMRT,595.0,605.0,560.0,605.0,530.2405395507812,1200,0.0,0.0
2015-08-14,AMRT,595.0,595.0,595.0,595.0,521.476318359375,200,0.0,0.0
2015-08-18,AMRT,595.0,595.0,595.0,595.0,521.476318359375,0,0.0,0.0
2015-08-19,AMRT,550.0,590.0,550.0,590.0,517.0941772460938,3000,0.0,0.0
2015-08-20,AMRT,550.0,600.0,550.0,580.0,508.3298034667969,625600,0.0,0.0
2015-08-21,AMRT,550.0,580.0,550.0,580.0,508.3298034667969,15600,0.0,0.0
2015-08-24,AMRT,565.0,580.0,565.0,580.0,508.3298034667969,172900,0.0,0.0
2015-08-25,AMRT,570.0,590.0,545.0,590.0,517.0941772460938,78700,0.0,0.0
2015-08-26,AMRT,595.0,595.0,595.0,595.0,521.476318359375,1000,0.0,0.0
2015-08-27,AMRT,595.0,595.0,560.0,590.0,517.0941772460938,20000500,0.0,0.0
2015-08-28,AMRT,590.0,590.0,590.0,590.0,517.0941772460938,48000,0.0,0.0
2015-08-31,AMRT,550.0,585.0,550.0,580.0,508.3298034667969,466500,0.0,0.0
2015-09-01,AMRT,560.0,560.0,560.0,560.0,490.8011779785156,2444200,0.0,0.0
2015-09-02,AMRT,525.0,610.0,525.0,610.0,534.6227416992188,239200,0.0,0.0
2015-09-03,AMRT,630.0,630.0,570.0,610.0,534.6227416992188,600,0.0,0.0
2015-09-04,AMRT,560.0,560.0,560.0,560.0,490.8011779785156,113200,0.0,0.0
2015-09-07,AMRT,595.0,595.0,580.0,590.0,517.0941772460938,24000,0.0,0.0
2015-09-08,AMRT,565.0,565.0,565.0,565.0,495.1834411621094,5200,0.0,0.0
2015-09-09,AMRT,560.0,610.0,530.0,610.0,534.6227416992188,145700,0.0,0.0
2015-09-10,AMRT,590.0,590.0,585.0,585.0,512.7119750976562,8100,0.0,0.0
2015-09-11,AMRT,585.0,585.0,585.0,585.0,512.7119750976562,1000,0.0,0.0
2015-09-14,AMRT,550.0,580.0,550.0,575.0,503.94769287109375,193900,0.0,0.0
2015-09-15,AMRT,575.0,575.0,555.0,575.0,503.94769287109375,60400,0.0,0.0
2015-09-16,AMRT,580.0,580.0,580.0,580.0,508.3298034667969,500,0.0,0.0
2015-09-17,AMRT,545.0,575.0,545.0,575.0,503.94769287109375,16600,0.0,0.0
2015-09-18,AMRT,575.0,575.0,560.0,560.0,490.8011779785156,1100,0.0,0.0
2015-09-21,AMRT,585.0,600.0,585.0,585.0,512.7119750976562,700,0.0,0.0
2015-09-22,AMRT,555.0,570.0,555.0,565.0,495.1834411621094,7700,0.0,0.0
2015-09-23,AMRT,565.0,565.0,535.0,535.0,468.890380859375,4800,0.0,0.0
2015-09-25,AMRT,560.0,560.0,545.0,550.0,482.036865234375,3500,0.0,0.0
2015-09-28,AMRT,550.0,550.0,530.0,540.0,473.2726135253906,2092800,0.0,0.0
2015-09-29,AMRT,525.0,525.0,500.0,515.0,451.3618469238281,1469400,0.0,0.0
2015-09-30,AMRT,555.0,570.0,540.0,570.0,499.5655212402344,680600,0.0,0.0
2015-10-01,AMRT,570.0,570.0,540.0,550.0,482.036865234375,18500,0.0,0.0
2015-10-02,AMRT,550.0,600.0,550.0,600.0,525.8583984375,76800,0.0,0.0
2015-10-05,AMRT,560.0,580.0,560.0,575.0,503.94769287109375,25500,0.0,0.0
2015-10-06,AMRT,575.0,575.0,550.0,565.0,495.1834411621094,42500,0.0,0.0
2015-10-07,AMRT,560.0,560.0,535.0,550.0,482.036865234375,137800,0.0,0.0
2015-10-08,AMRT,555.0,555.0,555.0,555.0,486.4190368652344,31200,0.0,0.0
2015-10-09,AMRT,555.0,590.0,550.0,550.0,482.036865234375,1687000,0.0,0.0
2015-10-12,AMRT,555.0,585.0,550.0,555.0,486.4190368652344,88300,0.0,0.0
2015-10-13,AMRT,555.0,555.0,550.0,550.0,482.036865234375,181600,0.0,0.0
2015-10-15,AMRT,550.0,550.0,550.0,550.0,482.036865234375,100,0.0,0.0
2015-10-16,AMRT,530.0,565.0,530.0,565.0,495.1834411621094,12200,0.0,0.0
2015-10-19,AMRT,550.0,550.0,550.0,550.0,482.036865234375,500,0.0,0.0
2015-10-20,AMRT,530.0,535.0,530.0,535.0,468.890380859375,254900,0.0,0.0
2015-10-21,AMRT,550.0,585.0,540.0,540.0,473.2726135253906,536000,0.0,0.0
2015-10-22,AMRT,535.0,545.0,530.0,535.0,468.890380859375,2248200,0.0,0.0
2015-10-23,AMRT,535.0,535.0,535.0,535.0,468.890380859375,1800,0.0,0.0
2015-10-26,AMRT,550.0,550.0,535.0,550.0,482.036865234375,3326200,0.0,0.0
2015-10-27,AMRT,540.0,545.0,540.0,545.0,477.6547546386719,400,0.0,0.0
2015-10-28,AMRT,540.0,545.0,530.0,535.0,468.890380859375,7315200,0.0,0.0
2015-10-29,AMRT,575.0,575.0,520.0,520.0,455.7439880371094,230900,0.0,0.0
2015-10-30,AMRT,530.0,610.0,530.0,610.0,534.6227416992188,438500,0.0,0.0
2015-11-02,AMRT,550.0,560.0,550.0,550.0,482.036865234375,5026600,0.0,0.0
2015-11-03,AMRT,530.0,550.0,530.0,550.0,482.036865234375,5003900,0.0,0.0
2015-11-04,AMRT,535.0,550.0,535.0,550.0,482.036865234375,145000,0.0,0.0
2015-11-05,AMRT,535.0,545.0,535.0,535.0,468.890380859375,1642600,0.0,0.0
2015-11-06,AMRT,545.0,545.0,545.0,545.0,477.6547546386719,100,0.0,0.0
2015-11-09,AMRT,535.0,535.0,535.0,535.0,468.890380859375,41800,0.0,0.0
2015-11-10,AMRT,540.0,540.0,540.0,540.0,473.2726135253906,3528400,0.0,0.0
2015-11-11,AMRT,545.0,550.0,540.0,545.0,477.6547546386719,12600,0.0,0.0
2015-11-12,AMRT,540.0,540.0,540.0,540.0,473.2726135253906,12500,0.0,0.0
2015-11-13,AMRT,545.0,545.0,545.0,545.0,477.6547546386719,1000,0.0,0.0
2015-11-16,AMRT,545.0,580.0,545.0,580.0,508.3298034667969,700,0.0,0.0
2015-11-17,AMRT,540.0,565.0,540.0,565.0,495.1834411621094,1600,0.0,0.0
2015-11-18,AMRT,555.0,555.0,550.0,555.0,486.4190368652344,67300,0.0,0.0
2015-11-19,AMRT,555.0,555.0,555.0,555.0,486.4190368652344,40600,0.0,0.0
2015-11-20,AMRT,535.0,555.0,510.0,540.0,473.2726135253906,927500,0.0,0.0
2015-11-23,AMRT,540.0,545.0,540.0,545.0,477.6547546386719,2900,0.0,0.0
2015-11-24,AMRT,545.0,545.0,545.0,545.0,477.6547546386719,0,0.0,0.0
2015-11-25,AMRT,545.0,550.0,540.0,550.0,482.036865234375,2700,0.0,0.0
2015-11-26,AMRT,560.0,560.0,560.0,560.0,490.8011779785156,100,0.0,0.0
2015-11-27,AMRT,540.0,540.0,540.0,540.0,473.2726135253906,12500,0.0,0.0
2015-11-30,AMRT,540.0,580.0,540.0,580.0,508.3298034667969,40200,0.0,0.0
2015-12-01,AMRT,550.0,575.0,550.0,570.0,499.5655212402344,30500,0.0,0.0
2015-12-02,AMRT,570.0,570.0,550.0,550.0,482.036865234375,900,0.0,0.0
2015-12-03,AMRT,560.0,560.0,550.0,550.0,482.036865234375,2476200,0.0,0.0
2015-12-04,AMRT,550.0,550.0,550.0,550.0,482.036865234375,594700,0.0,0.0
2015-12-07,AMRT,550.0,550.0,550.0,550.0,482.036865234375,1000,0.0,0.0
2015-12-08,AMRT,550.0,555.0,550.0,555.0,486.4190368652344,4700,0.0,0.0
2015-12-09,AMRT,555.0,555.0,555.0,555.0,486.4190368652344,0,0.0,0.0
2015-12-10,AMRT,550.0,555.0,550.0,555.0,486.4190368652344,1200,0.0,0.0
2015-12-11,AMRT,550.0,570.0,545.0,570.0,499.5655212402344,3700,0.0,0.0
2015-12-14,AMRT,555.0,560.0,555.0,555.0,486.4190368652344,200200,0.0,0.0
2015-12-15,AMRT,580.0,580.0,580.0,580.0,508.3298034667969,50000,0.0,0.0
2015-12-16,AMRT,550.0,580.0,550.0,580.0,508.3298034667969,8500,0.0,0.0
2015-12-17,AMRT,575.0,580.0,570.0,580.0,508.3298034667969,700,0.0,0.0
2015-12-18,AMRT,580.0,580.0,550.0,580.0,508.3298034667969,1000,0.0,0.0
2015-12-21,AMRT,580.0,580.0,580.0,580.0,508.3298034667969,0,0.0,0.0
2015-12-22,AMRT,545.0,580.0,545.0,580.0,508.3298034667969,2300,0.0,0.0
2015-12-23,AMRT,580.0,580.0,580.0,580.0,508.3298034667969,0,0.0,0.0
2015-12-28,AMRT,580.0,580.0,580.0,580.0,508.3298034667969,0,0.0,0.0
2015-12-29,AMRT,580.0,580.0,580.0,580.0,508.3298034667969,1000,0.0,0.0
2015-12-30,AMRT,580.0,580.0,580.0,580.0,508.3298034667969,10100,0.0,0.0
2016-01-04,AMRT,580.0,580.0,580.0,580.0,508.3298034667969,0,0.0,0.0
2016-01-05,AMRT,580.0,580.0,580.0,580.0,508.3298034667969,795700,0.0,0.0
2016-01-06,AMRT,580.0,600.0,580.0,600.0,525.8583984375,9300,0.0,0.0
2016-01-07,AMRT,600.0,600.0,590.0,600.0,525.8583984375,3500,0.0,0.0
2016-01-08,AMRT,600.0,600.0,580.0,580.0,508.3298034667969,1623300,0.0,0.0
2016-01-11,AMRT,600.0,600.0,595.0,600.0,525.8583984375,4200,0.0,0.0
2016-01-12,AMRT,590.0,600.0,590.0,600.0,525.8583984375,59900,0.0,0.0
2016-01-13,AMRT,600.0,640.0,600.0,600.0,525.8583984375,3576200,0.0,0.0
2016-01-14,AMRT,620.0,620.0,550.0,600.0,525.8583984375,29100,0.0,0.0
2016-01-15,AMRT,625.0,625.0,600.0,600.0,525.8583984375,808400,0.0,0.0
2016-01-18,AMRT,600.0,600.0,600.0,600.0,525.8583984375,3400,0.0,0.0
2016-01-19,AMRT,600.0,600.0,550.0,550.0,482.036865234375,200,0.0,0.0
2016-01-20,AMRT,595.0,595.0,545.0,550.0,482.036865234375,52200,0.0,0.0
2016-01-21,AMRT,545.0,570.0,540.0,565.0,495.1834411621094,57100,0.0,0.0
2016-01-22,AMRT,555.0,570.0,555.0,565.0,495.1834411621094,30700,0.0,0.0
2016-01-25,AMRT,565.0,625.0,565.0,625.0,547.769287109375,42100,0.0,0.0
2016-01-26,AMRT,570.0,615.0,565.0,615.0,539.0048828125,13100,0.0,0.0
2016-01-27,AMRT,615.0,615.0,590.0,615.0,539.0048828125,108800,0.0,0.0
2016-01-28,AMRT,615.0,615.0,600.0,610.0,534.6227416992188,2900,0.0,0.0
2016-01-29,AMRT,610.0,610.0,610.0,610.0,534.6227416992188,750000,0.0,0.0
2016-02-01,AMRT,610.0,625.0,610.0,625.0,547.769287109375,19700,0.0,0.0
2016-02-02,AMRT,620.0,620.0,620.0,620.0,543.3871459960938,8300,0.0,0.0
2016-02-03,AMRT,615.0,620.0,615.0,620.0,543.3871459960938,1000,0.0,0.0
2016-02-04,AMRT,620.0,620.0,620.0,620.0,543.3871459960938,1500,0.0,0.0
2016-02-05,AMRT,620.0,620.0,595.0,595.0,521.476318359375,2318600,0.0,0.0
2016-02-09,AMRT,590.0,595.0,590.0,590.0,517.0941772460938,293600,0.0,0.0
2016-02-10,AMRT,585.0,590.0,580.0,590.0,517.0941772460938,180700,0.0,0.0
2016-02-11,AMRT,580.0,590.0,570.0,590.0,517.0941772460938,222000,0.0,0.0
2016-02-12,AMRT,590.0,590.0,550.0,590.0,517.0941772460938,16800,0.0,0.0
2016-02-15,AMRT,585.0,585.0,585.0,585.0,512.7119750976562,800,0.0,0.0
2016-02-16,AMRT,585.0,585.0,585.0,585.0,512.7119750976562,0,0.0,0.0
2016-02-17,AMRT,580.0,580.0,560.0,565.0,495.1834411621094,118600,0.0,0.0
2016-02-18,AMRT,565.0,565.0,535.0,550.0,482.036865234375,640500,0.0,0.0
2016-02-19,AMRT,530.0,550.0,530.0,545.0,477.6547546386719,64700,0.0,0.0
2016-02-22,AMRT,550.0,560.0,545.0,560.0,490.8011779785156,12100,0.0,0.0
2016-02-23,AMRT,550.0,555.0,550.0,555.0,486.4190368652344,1400,0.0,0.0
2016-02-24,AMRT,550.0,570.0,545.0,570.0,499.5655212402344,5100,0.0,0.0
2016-02-25,AMRT,570.0,575.0,570.0,575.0,503.94769287109375,9800,0.0,0.0
2016-02-26,AMRT,570.0,570.0,570.0,570.0,499.5655212402344,305300,0.0,0.0
2016-02-29,AMRT,580.0,580.0,570.0,570.0,499.5655212402344,423400,0.0,0.0
2016-03-01,AMRT,570.0,570.0,570.0,570.0,499.5655212402344,5000,0.0,0.0
2016-03-02,AMRT,550.0,590.0,550.0,590.0,517.0941772460938,2800,0.0,0.0
2016-03-03,AMRT,595.0,595.0,555.0,570.0,499.5655212402344,43600,0.0,0.0
2016-03-04,AMRT,570.0,580.0,570.0,580.0,508.3298034667969,26600,0.0,0.0
2016-03-07,AMRT,580.0,580.0,580.0,580.0,508.3298034667969,484400,0.0,0.0
2016-03-08,AMRT,580.0,580.0,545.0,560.0,490.8011779785156,39117700,0.0,0.0
2016-03-10,AMRT,555.0,585.0,520.0,525.0,460.126220703125,1650700,0.0,0.0
2016-03-11,AMRT,525.0,525.0,525.0,525.0,460.126220703125,0,0.0,0.0
2016-03-14,AMRT,525.0,525.0,525.0,525.0,460.126220703125,0,0.0,0.0
2016-03-15,AMRT,525.0,535.0,520.0,530.0,464.5082702636719,57500,0.0,0.0
2016-03-16,AMRT,525.0,560.0,525.0,545.0,477.6547546386719,303900,0.0,0.0
2016-03-17,AMRT,530.0,540.0,530.0,540.0,473.2726135253906,7500,0.0,0.0
2016-03-18,AMRT,535.0,550.0,530.0,550.0,482.036865234375,35000,0.0,0.0
2016-03-21,AMRT,540.0,540.0,535.0,535.0,468.890380859375,221900,0.0,0.0
2016-03-22,AMRT,535.0,535.0,535.0,535.0,468.890380859375,2100,0.0,0.0
2016-03-23,AMRT,540.0,540.0,530.0,540.0,473.2726135253906,12600,0.0,0.0
2016-03-24,AMRT,540.0,540.0,535.0,535.0,468.890380859375,53700,0.0,0.0
2016-03-28,AMRT,535.0,545.0,535.0,545.0,477.6547546386719,34600,0.0,0.0
2016-03-29,AMRT,545.0,545.0,535.0,545.0,477.6547546386719,25800,0.0,0.0
2016-03-30,AMRT,545.0,565.0,545.0,560.0,490.8011779785156,716400,0.0,0.0
2016-03-31,AMRT,555.0,615.0,555.0,595.0,521.476318359375,899200,0.0,0.0
2016-04-01,AMRT,580.0,595.0,570.0,585.0,512.7119750976562,30800,0.0,0.0
2016-04-04,AMRT,585.0,625.0,530.0,600.0,525.8583984375,7706800,0.0,0.0
2016-04-05,AMRT,610.0,610.0,590.0,600.0,525.8583984375,144800,0.0,0.0
2016-04-06,AMRT,600.0,605.0,600.0,605.0,530.2405395507812,10600,0.0,0.0
2016-04-07,AMRT,600.0,600.0,590.0,600.0,525.8583984375,4500,0.0,0.0
2016-04-08,AMRT,605.0,620.0,600.0,600.0,525.8583984375,46400,0.0,0.0
2016-04-11,AMRT,600.0,600.0,600.0,600.0,525.8583984375,0,0.0,0.0
2016-04-12,AMRT,600.0,600.0,595.0,595.0,521.476318359375,8000,0.0,0.0
2016-04-13,AMRT,595.0,595.0,595.0,595.0,521.476318359375,0,0.0,0.0
2016-04-14,AMRT,595.0,595.0,595.0,595.0,521.476318359375,0,0.0,0.0
2016-04-15,AMRT,595.0,595.0,595.0,595.0,521.476318359375,0,0.0,0.0
2016-04-18,AMRT,595.0,595.0,595.0,595.0,521.476318359375,0,0.0,0.0
2016-04-19,AMRT,595.0,595.0,595.0,595.0,521.476318359375,0,0.0,0.0
2016-04-20,AMRT,595.0,600.0,585.0,585.0,512.7119750976562,2100,0.0,0.0
2016-04-21,AMRT,585.0,590.0,580.0,590.0,517.0941772460938,24929500,0.0,0.0
2016-04-22,AMRT,590.0,590.0,580.0,590.0,517.0941772460938,22021400,0.0,0.0
2016-04-25,AMRT,590.0,590.0,575.0,590.0,517.0941772460938,5300,0.0,0.0
2016-04-26,AMRT,590.0,590.0,580.0,590.0,517.0941772460938,6000,0.0,0.0
2016-04-27,AMRT,590.0,595.0,570.0,590.0,517.0941772460938,139400,0.0,0.0
2016-04-28,AMRT,580.0,600.0,580.0,600.0,525.8583984375,10500,0.0,0.0
2016-04-29,AMRT,600.0,600.0,590.0,600.0,525.8583984375,265900,0.0,0.0
2016-05-02,AMRT,600.0,600.0,580.0,600.0,525.8583984375,4100,0.0,0.0
2016-05-03,AMRT,600.0,600.0,600.0,600.0,525.8583984375,4100,0.0,0.0
2016-05-04,AMRT,600.0,620.0,585.0,600.0,525.8583984375,503400,0.0,0.0
2016-05-09,AMRT,600.0,605.0,585.0,600.0,525.8583984375,80600,0.0,0.0
2016-05-10,AMRT,600.0,600.0,600.0,600.0,525.8583984375,2000,0.0,0.0
2016-05-11,AMRT,600.0,600.0,590.0,600.0,525.8583984375,1200,0.0,0.0
2016-05-12,AMRT,600.0,600.0,600.0,600.0,525.8583984375,0,0.0,0.0
2016-05-13,AMRT,600.0,600.0,595.0,600.0,525.8583984375,10100,0.0,0.0
2016-05-16,AMRT,600.0,600.0,600.0,600.0,525.8583984375,50000,0.0,0.0
2016-05-17,AMRT,600.0,600.0,595.0,595.0,521.476318359375,700,0.0,0.0
2016-05-18,AMRT,595.0,615.0,595.0,600.0,525.8583984375,10200,0.0,0.0
2016-05-19,AMRT,600.0,600.0,590.0,600.0,525.8583984375,1900,0.0,0.0
2016-05-20,AMRT,600.0,600.0,600.0,600.0,525.8583984375,0,0.0,0.0
2016-05-23,AMRT,600.0,600.0,600.0,600.0,525.8583984375,100,0.0,0.0
2016-05-24,AMRT,580.0,600.0,580.0,600.0,525.8583984375,1500,0.0,0.0
2016-05-25,AMRT,600.0,600.0,595.0,595.0,521.476318359375,21700,0.0,0.0
2016-05-26,AMRT,595.0,595.0,595.0,595.0,521.476318359375,0,0.0,0.0
2016-05-27,AMRT,595.0,600.0,595.0,600.0,525.8583984375,13600,0.0,0.0
2016-05-30,AMRT,605.0,605.0,605.0,605.0,530.2405395507812,100,0.0,0.0
2016-05-31,AMRT,600.0,600.0,600.0,600.0,525.8583984375,45400,0.0,0.0
2016-06-01,AMRT,600.0,600.0,540.0,540.0,473.2726135253906,1091300,0.0,0.0
2016-06-02,AMRT,560.0,580.0,560.0,570.0,499.5655212402344,119100,0.0,0.0
2016-06-03,AMRT,570.0,590.0,570.0,590.0,517.0941772460938,53800,0.0,0.0
2016-06-06,AMRT,575.0,600.0,575.0,580.0,512.10546875,1094000,4.35,0.0
2016-06-07,AMRT,580.0,600.0,580.0,590.0,520.9349365234375,1658000,0.0,0.0
2016-06-08,AMRT,590.0,590.0,585.0,590.0,520.9349365234375,2001300,0.0,0.0
2016-06-09,AMRT,585.0,585.0,580.0,585.0,516.520263671875,11000,0.0,0.0
2016-06-10,AMRT,600.0,620.0,600.0,620.0,547.4232177734375,1800,0.0,0.0
2016-06-13,AMRT,585.0,610.0,585.0,585.0,516.520263671875,500,0.0,0.0
2016-06-14,AMRT,585.0,610.0,540.0,610.0,538.5936889648438,74200,0.0,0.0
2016-06-15,AMRT,595.0,600.0,595.0,600.0,529.7642211914062,700,0.0,0.0
2016-06-16,AMRT,600.0,600.0,590.0,600.0,529.7642211914062,600,0.0,0.0
2016-06-17,AMRT,590.0,590.0,575.0,580.0,512.10546875,513900,0.0,0.0
2016-06-20,AMRT,580.0,600.0,580.0,600.0,529.7642211914062,9600,0.0,0.0
2016-06-21,AMRT,590.0,600.0,590.0,600.0,529.7642211914062,45700,0.0,0.0
2016-06-22,AMRT,600.0,600.0,600.0,600.0,529.7642211914062,0,0.0,0.0
2016-06-23,AMRT,600.0,600.0,600.0,600.0,529.7642211914062,0,0.0,0.0
2016-06-24,AMRT,580.0,600.0,580.0,600.0,529.7642211914062,84500,0.0,0.0
2016-06-27,AMRT,580.0,600.0,580.0,600.0,529.7642211914062,6000,0.0,0.0
2016-06-28,AMRT,580.0,600.0,550.0,600.0,529.7642211914062,117800,0.0,0.0
2016-06-29,AMRT,600.0,600.0,600.0,600.0,529.7642211914062,0,0.0,0.0
2016-06-30,AMRT,590.0,600.0,590.0,600.0,529.7642211914062,195900,0.0,0.0
2016-07-01,AMRT,600.0,600.0,600.0,600.0,529.7642211914062,10000,0.0,0.0
2016-07-11,AMRT,590.0,595.0,590.0,595.0,525.3496704101562,11394000,0.0,0.0
2016-07-12,AMRT,595.0,595.0,585.0,590.0,520.9349365234375,2698800,0.0,0.0
2016-07-13,AMRT,595.0,595.0,565.0,595.0,525.3496704101562,1500,0.0,0.0
2016-07-14,AMRT,595.0,595.0,580.0,585.0,516.520263671875,142200,0.0,0.0
2016-07-15,AMRT,585.0,595.0,580.0,590.0,520.9349365234375,309300,0.0,0.0
2016-07-18,AMRT,585.0,585.0,580.0,585.0,516.520263671875,639100,0.0,0.0
2016-07-19,AMRT,585.0,585.0,585.0,585.0,516.520263671875,19700,0.0,0.0
2016-07-20,AMRT,585.0,590.0,575.0,590.0,520.9349365234375,3700,0.0,0.0
2016-07-21,AMRT,590.0,590.0,590.0,590.0,520.9349365234375,2008100,0.0,0.0
2016-07-22,AMRT,590.0,590.0,585.0,590.0,520.9349365234375,4557500,0.0,0.0
2016-07-25,AMRT,585.0,590.0,585.0,590.0,520.9349365234375,5726900,0.0,0.0
2016-07-26,AMRT,590.0,595.0,590.0,595.0,525.3496704101562,2411500,0.0,0.0
2016-07-27,AMRT,595.0,615.0,585.0,595.0,525.3496704101562,726500,0.0,0.0
2016-07-28,AMRT,595.0,595.0,590.0,595.0,525.3496704101562,115100,0.0,0.0
2016-07-29,AMRT,590.0,590.0,585.0,590.0,520.9349365234375,34200,0.0,0.0
2016-08-01,AMRT,590.0,600.0,585.0,590.0,520.9349365234375,188800,0.0,0.0
2016-08-02,AMRT,585.0,595.0,585.0,595.0,525.3496704101562,72900,0.0,0.0
2016-08-03,AMRT,590.0,590.0,585.0,590.0,520.9349365234375,12900,0.0,0.0
2016-08-04,AMRT,590.0,590.0,590.0,590.0,520.9349365234375,42200,0.0,0.0
2016-08-05,AMRT,585.0,595.0,585.0,590.0,520.9349365234375,1218000,0.0,0.0
2016-08-08,AMRT,585.0,585.0,575.0,585.0,516.520263671875,354000,0.0,0.0
2016-08-09,AMRT,575.0,585.0,550.0,570.0,503.2760925292969,88500,0.0,0.0
2016-08-10,AMRT,605.0,605.0,570.0,585.0,516.520263671875,225000,0.0,0.0
2016-08-11,AMRT,585.0,590.0,575.0,590.0,520.9349365234375,51900,0.0,0.0
2016-08-12,AMRT,590.0,590.0,570.0,575.0,507.6908264160156,144900,0.0,0.0
2016-08-15,AMRT,595.0,595.0,570.0,570.0,503.2760925292969,221100,0.0,0.0
2016-08-16,AMRT,570.0,590.0,570.0,590.0,520.9349365234375,4300,0.0,0.0
2016-08-18,AMRT,590.0,590.0,570.0,575.0,507.6908264160156,2300,0.0,0.0
2016-08-19,AMRT,575.0,575.0,540.0,545.0,481.2026062011719,528000,0.0,0.0
2016-08-22,AMRT,560.0,575.0,560.0,570.0,503.2760925292969,114100,0.0,0.0
2016-08-23,AMRT,560.0,595.0,560.0,595.0,525.3496704101562,7100,0.0,0.0
2016-08-24,AMRT,570.0,585.0,570.0,585.0,516.520263671875,3700,0.0,0.0
2016-08-25,AMRT,585.0,585.0,585.0,585.0,516.520263671875,200,0.0,0.0
2016-08-26,AMRT,590.0,590.0,570.0,570.0,503.2760925292969,500,0.0,0.0
2016-08-29,AMRT,565.0,565.0,555.0,560.0,494.4466857910156,26600,0.0,0.0
2016-08-30,AMRT,560.0,560.0,560.0,560.0,494.4466857910156,200,0.0,0.0
2016-08-31,AMRT,565.0,565.0,565.0,565.0,498.8614501953125,1000,0.0,0.0
2016-09-01,AMRT,565.0,565.0,565.0,565.0,498.8614501953125,600,0.0,0.0
2016-09-02,AMRT,550.0,550.0,530.0,545.0,481.2026062011719,9100,0.0,0.0
2016-09-05,AMRT,560.0,560.0,560.0,560.0,494.4466857910156,21500,0.0,0.0
2016-09-06,AMRT,560.0,575.0,560.0,570.0,503.2760925292969,51300,0.0,0.0
2016-09-07,AMRT,570.0,575.0,570.0,570.0,503.2760925292969,12100,0.0,0.0
2016-09-08,AMRT,570.0,570.0,570.0,570.0,503.2760925292969,0,0.0,0.0
2016-09-09,AMRT,570.0,570.0,570.0,570.0,503.2760925292969,0,0.0,0.0
2016-09-13,AMRT,570.0,570.0,570.0,570.0,503.2760925292969,0,0.0,0.0
2016-09-14,AMRT,580.0,580.0,550.0,550.0,485.61724853515625,11200,0.0,0.0
2016-09-15,AMRT,550.0,550.0,550.0,550.0,485.61724853515625,34500,0.0,0.0
2016-09-16,AMRT,550.0,550.0,535.0,535.0,472.37310791015625,26100,0.0,0.0
2016-09-19,AMRT,535.0,550.0,535.0,540.0,476.7878723144531,553700,0.0,0.0
2016-09-20,AMRT,545.0,545.0,530.0,530.0,467.9584655761719,130700,0.0,0.0
2016-09-21,AMRT,535.0,535.0,535.0,535.0,472.37310791015625,193700,0.0,0.0
2016-09-22,AMRT,535.0,540.0,535.0,535.0,472.37310791015625,686800,0.0,0.0
2016-09-23,AMRT,530.0,530.0,530.0,530.0,467.9584655761719,3518400,0.0,0.0
2016-09-26,AMRT,545.0,545.0,510.0,530.0,467.9584655761719,3136800,0.0,0.0
2016-09-27,AMRT,530.0,530.0,530.0,530.0,467.9584655761719,3585300,0.0,0.0
2016-09-28,AMRT,530.0,530.0,520.0,525.0,463.5438537597656,1359500,0.0,0.0
2016-09-29,AMRT,505.0,525.0,505.0,525.0,463.5438537597656,19800,0.0,0.0
2016-09-30,AMRT,525.0,525.0,520.0,525.0,463.5438537597656,638100,0.0,0.0
2016-10-03,AMRT,525.0,525.0,525.0,525.0,463.5438537597656,1532400,0.0,0.0
2016-10-04,AMRT,525.0,530.0,510.0,525.0,463.5438537597656,4014000,0.0,0.0
2016-10-05,AMRT,525.0,525.0,520.0,520.0,459.1290588378906,4059800,0.0,0.0
2016-10-06,AMRT,520.0,520.0,515.0,515.0,454.7143859863281,9900,0.0,0.0
2016-10-07,AMRT,515.0,515.0,510.0,510.0,450.2997131347656,88000,0.0,0.0
2016-10-10,AMRT,510.0,520.0,510.0,515.0,454.7143859863281,962900,0.0,0.0
2016-10-11,AMRT,515.0,515.0,505.0,510.0,450.2997131347656,947500,0.0,0.0
2016-10-12,AMRT,510.0,510.0,505.0,510.0,450.2997131347656,716200,0.0,0.0
2016-10-13,AMRT,510.0,510.0,476.0,476.0,420.2796936035156,1012200,0.0,0.0
2016-10-14,AMRT,476.0,500.0,476.0,492.0,434.40673828125,5596200,0.0,0.0
2016-10-17,AMRT,492.0,505.0,490.0,505.0,445.8849792480469,6452600,0.0,0.0
2016-10-18,AMRT,505.0,515.0,498.0,505.0,445.8849792480469,7336600,0.0,0.0
2016-10-19,AMRT,500.0,510.0,490.0,500.0,441.4702453613281,489600,0.0,0.0
2016-10-20,AMRT,505.0,510.0,505.0,505.0,445.8849792480469,706300,0.0,0.0
2016-10-21,AMRT,505.0,520.0,505.0,510.0,450.2997131347656,477800,0.0,0.0
2016-10-24,AMRT,510.0,510.0,505.0,510.0,450.2997131347656,657300,0.0,0.0
2016-10-25,AMRT,505.0,510.0,505.0,505.0,445.8849792480469,24500,0.0,0.0
2016-10-26,AMRT,500.0,500.0,492.0,500.0,441.4702453613281,2897500,0.0,0.0
2016-10-27,AMRT,500.0,500.0,496.0,500.0,441.4702453613281,503700,0.0,0.0
2016-10-28,AMRT,500.0,500.0,494.0,500.0,441.4702453613281,3642200,0.0,0.0
2016-10-31,AMRT,498.0,500.0,496.0,498.0,439.70440673828125,1178900,0.0,0.0
2016-11-01,AMRT,498.0,500.0,480.0,498.0,439.70440673828125,5261600,0.0,0.0
2016-11-02,AMRT,496.0,500.0,496.0,500.0,441.4702453613281,4136300,0.0,0.0
2016-11-03,AMRT,505.0,505.0,498.0,498.0,439.70440673828125,1277700,0.0,0.0
2016-11-04,AMRT,498.0,500.0,498.0,500.0,441.4702453613281,394000,0.0,0.0
2016-11-07,AMRT,500.0,510.0,500.0,500.0,441.4702453613281,413200,0.0,0.0
2016-11-08,AMRT,505.0,510.0,500.0,500.0,441.4702453613281,1619100,0.0,0.0
2016-11-09,AMRT,500.0,530.0,496.0,530.0,467.9584655761719,2069900,0.0,0.0
2016-11-10,AMRT,530.0,530.0,500.0,520.0,459.1290588378906,123500,0.0,0.0
2016-11-11,AMRT,530.0,530.0,515.0,525.0,463.5438537597656,316900,0.0,0.0
2016-11-14,AMRT,525.0,525.0,505.0,520.0,459.1290588378906,101400,0.0,0.0
2016-11-15,AMRT,515.0,520.0,500.0,520.0,459.1290588378906,68000,0.0,0.0
2016-11-16,AMRT,520.0,550.0,520.0,550.0,485.61724853515625,507100,0.0,0.0
2016-11-17,AMRT,550.0,550.0,530.0,540.0,476.7878723144531,886000,0.0,0.0
2016-11-18,AMRT,530.0,530.0,505.0,505.0,445.8849792480469,541900,0.0,0.0
2016-11-21,AMRT,500.0,530.0,496.0,530.0,467.9584655761719,233100,0.0,0.0
2016-11-22,AMRT,525.0,525.0,520.0,525.0,463.5438537597656,141400,0.0,0.0
2016-11-23,AMRT,510.0,550.0,505.0,550.0,485.61724853515625,288300,0.0,0.0
2016-11-24,AMRT,525.0,540.0,525.0,540.0,476.7878723144531,36200,0.0,0.0
2016-11-25,AMRT,520.0,545.0,520.0,545.0,481.2026062011719,27800,0.0,0.0
2016-11-28,AMRT,545.0,545.0,500.0,545.0,481.2026062011719,163300,0.0,0.0
2016-11-29,AMRT,530.0,550.0,530.0,550.0,485.61724853515625,63500,0.0,0.0
2016-11-30,AMRT,550.0,550.0,525.0,550.0,485.61724853515625,531900,0.0,0.0
2016-12-01,AMRT,550.0,555.0,530.0,555.0,490.031982421875,2514300,0.0,0.0
2016-12-02,AMRT,530.0,555.0,525.0,555.0,490.031982421875,16699100,0.0,0.0
2016-12-05,AMRT,550.0,555.0,530.0,550.0,485.61724853515625,516800,0.0,0.0
2016-12-06,AMRT,540.0,540.0,525.0,525.0,463.5438537597656,357000,0.0,0.0
2016-12-07,AMRT,530.0,530.0,510.0,525.0,463.5438537597656,329000,0.0,0.0
2016-12-08,AMRT,525.0,525.0,525.0,525.0,463.5438537597656,239900,0.0,0.0
2016-12-09,AMRT,525.0,525.0,515.0,525.0,463.5438537597656,13600,0.0,0.0
2016-12-13,AMRT,525.0,525.0,515.0,525.0,463.5438537597656,21900,0.0,0.0
2016-12-14,AMRT,525.0,530.0,520.0,525.0,463.5438537597656,25900,0.0,0.0
2016-12-15,AMRT,525.0,525.0,515.0,515.0,454.7143859863281,8900,0.0,0.0
2016-12-16,AMRT,515.0,540.0,505.0,540.0,476.7878723144531,1161200,0.0,0.0
2016-12-19,AMRT,530.0,540.0,530.0,540.0,476.7878723144531,40100,0.0,0.0
2016-12-20,AMRT,540.0,545.0,520.0,545.0,481.2026062011719,49700,0.0,0.0
2016-12-21,AMRT,545.0,545.0,530.0,535.0,472.37310791015625,136200,0.0,0.0
2016-12-22,AMRT,535.0,545.0,530.0,545.0,481.2026062011719,83000,0.0,0.0
2016-12-23,AMRT,545.0,570.0,530.0,570.0,503.2760925292969,302400,0.0,0.0
2016-12-27,AMRT,560.0,565.0,555.0,555.0,490.031982421875,89300,0.0,0.0
2016-12-28,AMRT,540.0,570.0,535.0,570.0,503.2760925292969,114800,0.0,0.0
2016-12-29,AMRT,560.0,580.0,550.0,580.0,512.10546875,543300,0.0,0.0
2016-12-30,AMRT,580.0,625.0,560.0,625.0,551.837890625,246200,0.0,0.0
2017-01-02,AMRT,625.0,625.0,625.0,625.0,551.837890625,0,0.0,0.0
2017-01-03,AMRT,625.0,625.0,570.0,620.0,547.4232177734375,127800,0.0,0.0
2017-01-04,AMRT,620.0,620.0,560.0,580.0,512.10546875,321200,0.0,0.0
2017-01-05,AMRT,580.0,580.0,570.0,580.0,512.10546875,1971300,0.0,0.0
2017-01-06,AMRT,590.0,590.0,580.0,590.0,520.9349365234375,108500,0.0,0.0
2017-01-09,AMRT,590.0,590.0,560.0,575.0,507.6908264160156,205500,0.0,0.0
2017-01-10,AMRT,575.0,575.0,560.0,575.0,507.6908264160156,5700,0.0,0.0
2017-01-11,AMRT,575.0,585.0,560.0,585.0,516.520263671875,127000,0.0,0.0
2017-01-12,AMRT,585.0,585.0,585.0,585.0,516.520263671875,200,0.0,0.0
2017-01-13,AMRT,540.0,585.0,540.0,560.0,494.4466857910156,415200,0.0,0.0
2017-01-16,AMRT,560.0,615.0,550.0,615.0,543.0084228515625,152600,0.0,0.0
2017-01-17,AMRT,615.0,615.0,560.0,560.0,494.4466857910156,67700,0.0,0.0
2017-01-18,AMRT,560.0,575.0,550.0,550.0,485.61724853515625,103500,0.0,0.0
2017-01-19,AMRT,550.0,550.0,540.0,545.0,481.2026062011719,775100,0.0,0.0
2017-01-20,AMRT,545.0,550.0,535.0,550.0,485.61724853515625,4157600,0.0,0.0
2017-01-23,AMRT,550.0,550.0,540.0,540.0,476.7878723144531,795200,0.0,0.0
2017-01-24,AMRT,540.0,585.0,535.0,585.0,516.520263671875,7025600,0.0,0.0
2017-01-25,AMRT,585.0,585.0,545.0,550.0,485.61724853515625,1105800,0.0,0.0
2017-01-26,AMRT,545.0,545.0,535.0,535.0,472.37310791015625,2202900,0.0,0.0
2017-01-27,AMRT,540.0,540.0,540.0,540.0,476.7878723144531,10200,0.0,0.0
2017-01-30,AMRT,540.0,570.0,540.0,570.0,503.2760925292969,4970700,0.0,0.0
2017-01-31,AMRT,570.0,575.0,550.0,570.0,503.2760925292969,1302600,0.0,0.0
2017-02-01,AMRT,570.0,585.0,555.0,575.0,507.6908264160156,3650600,0.0,0.0
2017-02-02,AMRT,575.0,575.0,565.0,570.0,503.2760925292969,800400,0.0,0.0
2017-02-03,AMRT,570.0,570.0,560.0,560.0,494.4466857910156,1900,0.0,0.0
2017-02-06,AMRT,555.0,570.0,555.0,560.0,494.4466857910156,2819900,0.0,0.0
2017-02-07,AMRT,555.0,570.0,555.0,570.0,503.2760925292969,1001500,0.0,0.0
2017-02-08,AMRT,570.0,570.0,555.0,560.0,494.4466857910156,2398500,0.0,0.0
2017-02-09,AMRT,560.0,560.0,550.0,555.0,490.031982421875,226400,0.0,0.0
2017-02-10,AMRT,555.0,555.0,550.0,550.0,485.61724853515625,1221800,0.0,0.0
2017-02-13,AMRT,550.0,550.0,550.0,550.0,485.61724853515625,320100,0.0,0.0
2017-02-14,AMRT,550.0,550.0,550.0,550.0,485.61724853515625,1124500,0.0,0.0
2017-02-15,AMRT,550.0,550.0,550.0,550.0,485.61724853515625,0,0.0,0.0
2017-02-16,AMRT,550.0,560.0,550.0,560.0,494.4466857910156,12329900,0.0,0.0
2017-02-17,AMRT,560.0,560.0,550.0,550.0,485.61724853515625,802700,0.0,0.0
2017-02-20,AMRT,560.0,560.0,550.0,550.0,485.61724853515625,1176500,0.0,0.0
2017-02-21,AMRT,550.0,550.0,550.0,550.0,485.61724853515625,1332200,0.0,0.0
2017-02-22,AMRT,540.0,585.0,540.0,565.0,498.8614501953125,257200,0.0,0.0
2017-02-23,AMRT,565.0,570.0,550.0,570.0,503.2760925292969,594600,0.0,0.0
2017-02-24,AMRT,570.0,570.0,570.0,570.0,503.2760925292969,4603700,0.0,0.0
2017-02-27,AMRT,580.0,580.0,570.0,570.0,503.2760925292969,622700,0.0,0.0
2017-02-28,AMRT,570.0,570.0,540.0,545.0,481.2026062011719,13047100,0.0,0.0
2017-03-01,AMRT,545.0,550.0,545.0,545.0,481.2026062011719,1033000,0.0,0.0
2017-03-02,AMRT,545.0,545.0,540.0,540.0,476.7878723144531,204800,0.0,0.0
2017-03-03,AMRT,545.0,550.0,540.0,545.0,481.2026062011719,11876300,0.0,0.0
2017-03-06,AMRT,545.0,550.0,540.0,545.0,481.2026062011719,19443800,0.0,0.0
2017-03-07,AMRT,545.0,545.0,535.0,540.0,476.7878723144531,2742800,0.0,0.0
2017-03-08,AMRT,540.0,540.0,535.0,540.0,476.7878723144531,308300,0.0,0.0
2017-03-09,AMRT,535.0,540.0,530.0,535.0,472.37310791015625,66300,0.0,0.0
2017-03-10,AMRT,535.0,540.0,530.0,540.0,476.7878723144531,1366700,0.0,0.0
2017-03-13,AMRT,540.0,540.0,530.0,535.0,472.37310791015625,1786200,0.0,0.0
2017-03-14,AMRT,535.0,535.0,530.0,535.0,472.37310791015625,1123600,0.0,0.0
2017-03-15,AMRT,535.0,535.0,520.0,520.0,459.1290588378906,242800,0.0,0.0
2017-03-16,AMRT,525.0,530.0,520.0,525.0,463.5438537597656,19167700,0.0,0.0
2017-03-17,AMRT,525.0,545.0,520.0,545.0,481.2026062011719,11815500,0.0,0.0
2017-03-20,AMRT,540.0,540.0,530.0,530.0,467.9584655761719,1416300,0.0,0.0
2017-03-21,AMRT,530.0,530.0,525.0,530.0,467.9584655761719,1657700,0.0,0.0
2017-03-22,AMRT,530.0,530.0,520.0,530.0,467.9584655761719,2076300,0.0,0.0
2017-03-23,AMRT,525.0,535.0,525.0,535.0,472.37310791015625,9184500,0.0,0.0
2017-03-24,AMRT,530.0,540.0,530.0,535.0,472.37310791015625,500600,0.0,0.0
2017-03-27,AMRT,530.0,535.0,530.0,530.0,467.9584655761719,3345900,0.0,0.0
2017-03-29,AMRT,530.0,530.0,525.0,525.0,463.5438537597656,570800,0.0,0.0
2017-03-30,AMRT,525.0,525.0,515.0,525.0,463.5438537597656,251400,0.0,0.0
2017-03-31,AMRT,515.0,525.0,515.0,520.0,459.1290588378906,911900,0.0,0.0
2017-04-03,AMRT,520.0,525.0,520.0,520.0,459.1290588378906,19429100,0.0,0.0
2017-04-04,AMRT,520.0,525.0,515.0,525.0,463.5438537597656,33600,0.0,0.0
2017-04-05,AMRT,525.0,525.0,525.0,525.0,463.5438537597656,0,0.0,0.0
2017-04-06,AMRT,525.0,545.0,520.0,540.0,476.7878723144531,2013700,0.0,0.0
2017-04-07,AMRT,540.0,610.0,535.0,600.0,529.7642211914062,521100,0.0,0.0
2017-04-10,AMRT,600.0,600.0,560.0,560.0,494.4466857910156,668000,0.0,0.0
2017-04-11,AMRT,560.0,560.0,545.0,545.0,481.2026062011719,676500,0.0,0.0
2017-04-12,AMRT,545.0,545.0,540.0,545.0,481.2026062011719,1328700,0.0,0.0
2017-04-13,AMRT,545.0,550.0,525.0,550.0,485.61724853515625,1790200,0.0,0.0
2017-04-17,AMRT,550.0,555.0,540.0,550.0,485.61724853515625,35100,0.0,0.0
2017-04-18,AMRT,540.0,570.0,540.0,545.0,481.2026062011719,917200,0.0,0.0
2017-04-19,AMRT,545.0,545.0,545.0,545.0,481.2026062011719,0,0.0,0.0
2017-04-20,AMRT,545.0,545.0,535.0,535.0,472.37310791015625,262300,0.0,0.0
2017-04-21,AMRT,545.0,550.0,535.0,540.0,476.7878723144531,645700,0.0,0.0
2017-04-25,AMRT,540.0,555.0,540.0,555.0,490.031982421875,1029400,0.0,0.0
2017-04-26,AMRT,555.0,560.0,555.0,555.0,490.031982421875,726900,0.0,0.0
2017-04-27,AMRT,560.0,575.0,560.0,565.0,498.8614501953125,4082300,0.0,0.0
2017-04-28,AMRT,565.0,600.0,560.0,570.0,503.2760925292969,50700,0.0,0.0
2017-05-02,AMRT,560.0,585.0,550.0,560.0,494.4466857910156,138500,0.0,0.0
2017-05-03,AMRT,560.0,560.0,540.0,540.0,476.7878723144531,50100,0.0,0.0
2017-05-04,AMRT,540.0,550.0,540.0,550.0,485.61724853515625,867300,0.0,0.0
2017-05-05,AMRT,555.0,555.0,550.0,550.0,485.61724853515625,539400,0.0,0.0
2017-05-08,AMRT,555.0,595.0,540.0,555.0,490.031982421875,502800,0.0,0.0
2017-05-09,AMRT,555.0,565.0,540.0,555.0,490.031982421875,2318000,0.0,0.0
2017-05-10,AMRT,555.0,560.0,540.0,555.0,490.031982421875,1063900,0.0,0.0
2017-05-12,AMRT,555.0,570.0,555.0,555.0,490.031982421875,2943900,0.0,0.0
2017-05-15,AMRT,555.0,560.0,550.0,555.0,490.031982421875,1430000,0.0,0.0
2017-05-16,AMRT,555.0,570.0,550.0,565.0,498.8614501953125,44421500,0.0,0.0
2017-05-17,AMRT,565.0,565.0,540.0,550.0,485.61724853515625,377100,0.0,0.0
2017-05-18,AMRT,550.0,560.0,545.0,560.0,494.4466857910156,5155100,0.0,0.0
2017-05-19,AMRT,560.0,570.0,545.0,570.0,503.2760925292969,5541900,0.0,0.0
2017-05-22,AMRT,570.0,570.0,560.0,560.0,494.4466857910156,822700,0.0,0.0
2017-05-23,AMRT,560.0,560.0,550.0,555.0,490.031982421875,242600,0.0,0.0
2017-05-24,AMRT,555.0,555.0,540.0,540.0,476.7878723144531,236500,0.0,0.0
2017-05-26,AMRT,540.0,565.0,540.0,560.0,494.4466857910156,8187200,0.0,0.0
2017-05-29,AMRT,560.0,560.0,550.0,555.0,493.86822509765625,14500,4.35,0.0
2017-05-30,AMRT,555.0,555.0,555.0,555.0,493.86822509765625,278500,0.0,0.0
2017-05-31,AMRT,555.0,560.0,555.0,560.0,498.3175048828125,5200,0.0,0.0
2017-06-01,AMRT,560.0,560.0,560.0,560.0,498.3175048828125,0,0.0,0.0
2017-06-02,AMRT,560.0,560.0,555.0,560.0,498.3175048828125,525400,0.0,0.0
2017-06-05,AMRT,560.0,565.0,555.0,555.0,493.86822509765625,2300,0.0,0.0
2017-06-06,AMRT,555.0,580.0,555.0,580.0,516.1145629882812,3055900,0.0,0.0
2017-06-07,AMRT,580.0,580.0,560.0,575.0,511.6654052734375,8300,0.0,0.0
2017-06-08,AMRT,565.0,565.0,560.0,565.0,502.7668151855469,58200,0.0,0.0
2017-06-09,AMRT,565.0,570.0,560.0,560.0,498.3175048828125,254000,0.0,0.0
2017-06-12,AMRT,560.0,580.0,560.0,570.0,507.21612548828125,8824400,0.0,0.0
2017-06-13,AMRT,555.0,580.0,555.0,570.0,507.21612548828125,1057200,0.0,0.0
2017-06-14,AMRT,570.0,570.0,570.0,570.0,507.21612548828125,708200,0.0,0.0
2017-06-15,AMRT,570.0,580.0,570.0,570.0,507.21612548828125,537500,0.0,0.0
2017-06-16,AMRT,570.0,570.0,560.0,570.0,507.21612548828125,3722400,0.0,0.0
2017-06-19,AMRT,570.0,570.0,565.0,565.0,502.7668151855469,6200,0.0,0.0
2017-06-20,AMRT,570.0,575.0,565.0,570.0,507.21612548828125,15200,0.0,0.0
2017-06-21,AMRT,570.0,575.0,550.0,570.0,507.21612548828125,421900,0.0,0.0
2017-06-22,AMRT,565.0,570.0,565.0,570.0,507.21612548828125,237900,0.0,0.0
2017-06-23,AMRT,570.0,570.0,570.0,570.0,507.21612548828125,0,0.0,0.0
2017-06-26,AMRT,570.0,570.0,570.0,570.0,507.21612548828125,0,0.0,0.0
2017-06-27,AMRT,570.0,570.0,570.0,570.0,507.21612548828125,0,0.0,0.0
2017-06-28,AMRT,570.0,570.0,570.0,570.0,507.21612548828125,0,0.0,0.0
2017-06-29,AMRT,570.0,570.0,570.0,570.0,507.21612548828125,0,0.0,0.0
2017-06-30,AMRT,570.0,570.0,570.0,570.0,507.21612548828125,0,0.0,0.0
2017-07-03,AMRT,575.0,575.0,570.0,570.0,507.21612548828125,9100,0.0,0.0
2017-07-04,AMRT,570.0,575.0,570.0,570.0,507.21612548828125,74600,0.0,0.0
2017-07-05,AMRT,580.0,620.0,575.0,585.0,520.5637817382812,80900,0.0,0.0
2017-07-06,AMRT,590.0,590.0,585.0,590.0,525.01318359375,1104300,0.0,0.0
2017-07-07,AMRT,590.0,605.0,590.0,595.0,529.4624633789062,626600,0.0,0.0
2017-07-10,AMRT,600.0,620.0,600.0,615.0,547.2594604492188,8808000,0.0,0.0
2017-07-11,AMRT,615.0,630.0,615.0,625.0,556.1578979492188,4771200,0.0,0.0
2017-07-12,AMRT,640.0,645.0,625.0,625.0,556.1578979492188,6760000,0.0,0.0
2017-07-13,AMRT,625.0,655.0,625.0,655.0,582.8536987304688,1629900,0.0,0.0
2017-07-14,AMRT,660.0,700.0,660.0,685.0,609.5492553710938,1277400,0.0,0.0
2017-07-17,AMRT,685.0,700.0,685.0,700.0,622.89697265625,2558300,0.0,0.0
2017-07-18,AMRT,700.0,700.0,675.0,680.0,605.0999145507812,9029300,0.0,0.0
2017-07-19,AMRT,680.0,685.0,680.0,680.0,605.0999145507812,3549000,0.0,0.0
2017-07-20,AMRT,680.0,680.0,645.0,645.0,573.955078125,84200,0.0,0.0
2017-07-21,AMRT,645.0,685.0,620.0,645.0,573.955078125,84400,0.0,0.0
2017-07-24,AMRT,645.0,680.0,625.0,650.0,578.4042358398438,48700,0.0,0.0
2017-07-25,AMRT,680.0,680.0,670.0,670.0,596.2013549804688,101100,0.0,0.0
2017-07-26,AMRT,670.0,680.0,670.0,680.0,605.0999145507812,982100,0.0,0.0
2017-07-27,AMRT,680.0,680.0,675.0,680.0,605.0999145507812,1740400,0.0,0.0
2017-07-28,AMRT,670.0,680.0,670.0,675.0,600.6505126953125,1039100,0.0,0.0
2017-07-31,AMRT,670.0,680.0,660.0,680.0,605.0999145507812,655900,0.0,0.0
2017-08-01,AMRT,680.0,680.0,670.0,680.0,605.0999145507812,2800,0.0,0.0
2017-08-02,AMRT,675.0,675.0,675.0,675.0,600.6505126953125,7100,0.0,0.0
2017-08-03,AMRT,675.0,675.0,675.0,675.0,600.6505126953125,258000,0.0,0.0
2017-08-04,AMRT,675.0,680.0,675.0,675.0,600.6505126953125,3300,0.0,0.0
2017-08-07,AMRT,675.0,675.0,675.0,675.0,600.6505126953125,9300,0.0,0.0
2017-08-08,AMRT,675.0,690.0,675.0,685.0,609.5492553710938,1843800,0.0,0.0
2017-08-09,AMRT,685.0,685.0,685.0,685.0,609.5492553710938,16200,0.0,0.0
2017-08-10,AMRT,680.0,680.0,675.0,680.0,605.0999145507812,172500,0.0,0.0
2017-08-11,AMRT,680.0,680.0,675.0,680.0,605.0999145507812,509900,0.0,0.0
2017-08-14,AMRT,680.0,685.0,680.0,685.0,609.5492553710938,7498900,0.0,0.0
2017-08-15,AMRT,685.0,690.0,680.0,680.0,605.0999145507812,1436700,0.0,0.0
2017-08-16,AMRT,690.0,690.0,680.0,680.0,605.0999145507812,1239600,0.0,0.0
2017-08-17,AMRT,680.0,680.0,680.0,680.0,605.0999145507812,0,0.0,0.0
2017-08-18,AMRT,680.0,685.0,680.0,685.0,609.5492553710938,24300,0.0,0.0
2017-08-21,AMRT,690.0,690.0,680.0,680.0,605.0999145507812,15232400,0.0,0.0
2017-08-22,AMRT,685.0,690.0,685.0,685.0,609.5492553710938,1859300,0.0,0.0
2017-08-23,AMRT,685.0,690.0,680.0,690.0,613.9983520507812,21100,0.0,0.0
2017-08-24,AMRT,690.0,690.0,690.0,690.0,613.9983520507812,8665300,0.0,0.0
2017-08-25,AMRT,690.0,690.0,680.0,690.0,613.9983520507812,12932700,0.0,0.0
2017-08-28,AMRT,690.0,700.0,685.0,685.0,609.5492553710938,810600,0.0,0.0
2017-08-29,AMRT,685.0,685.0,680.0,685.0,609.5492553710938,788200,0.0,0.0
2017-08-30,AMRT,690.0,690.0,690.0,690.0,613.9983520507812,100,0.0,0.0
2017-08-31,AMRT,680.0,680.0,680.0,680.0,605.0999145507812,5015000,0.0,0.0
2017-09-01,AMRT,680.0,680.0,680.0,680.0,605.0999145507812,0,0.0,0.0
2017-09-04,AMRT,685.0,685.0,640.0,650.0,578.4042358398438,180300,0.0,0.0
2017-09-05,AMRT,655.0,655.0,650.0,650.0,578.4042358398438,3800,0.0,0.0
2017-09-06,AMRT,650.0,685.0,650.0,685.0,609.5492553710938,4800,0.0,0.0
2017-09-07,AMRT,685.0,690.0,675.0,690.0,613.9983520507812,1607100,0.0,0.0
2017-09-08,AMRT,690.0,690.0,685.0,690.0,613.9983520507812,6356700,0.0,0.0
2017-09-11,AMRT,650.0,690.0,650.0,675.0,600.6505126953125,12100,0.0,0.0
2017-09-12,AMRT,680.0,690.0,680.0,680.0,605.0999145507812,11970400,0.0,0.0
2017-09-13,AMRT,680.0,680.0,650.0,675.0,600.6505126953125,7300,0.0,0.0
2017-09-14,AMRT,675.0,675.0,660.0,665.0,591.7521362304688,9500,0.0,0.0
2017-09-15,AMRT,655.0,655.0,655.0,655.0,582.8536987304688,18100,0.0,0.0
2017-09-18,AMRT,655.0,685.0,655.0,685.0,609.5492553710938,2700,0.0,0.0
2017-09-19,AMRT,685.0,685.0,680.0,680.0,605.0999145507812,503100,0.0,0.0
2017-09-20,AMRT,680.0,710.0,655.0,710.0,631.7954711914062,746600,0.0,0.0
2017-09-21,AMRT,710.0,710.0,710.0,710.0,631.7954711914062,0,0.0,0.0
2017-09-22,AMRT,710.0,715.0,695.0,695.0,618.4476928710938,20300,0.0,0.0
2017-09-25,AMRT,695.0,695.0,695.0,695.0,618.4476928710938,900,0.0,0.0
2017-09-26,AMRT,695.0,695.0,695.0,695.0,618.4476928710938,200,0.0,0.0
2017-09-27,AMRT,695.0,695.0,695.0,695.0,618.4476928710938,2100,0.0,0.0
2017-09-28,AMRT,695.0,695.0,690.0,690.0,613.9983520507812,700,0.0,0.0
2017-09-29,AMRT,690.0,695.0,690.0,695.0,618.4476928710938,5276000,0.0,0.0
2017-10-02,AMRT,695.0,695.0,680.0,695.0,618.4476928710938,6172700,0.0,0.0
2017-10-03,AMRT,700.0,700.0,700.0,700.0,622.89697265625,7706900,0.0,0.0
2017-10-04,AMRT,700.0,700.0,680.0,680.0,605.0999145507812,410900,0.0,0.0
2017-10-05,AMRT,680.0,690.0,680.0,690.0,613.9983520507812,6600,0.0,0.0
2017-10-06,AMRT,690.0,690.0,680.0,685.0,609.5492553710938,5319600,0.0,0.0
2017-10-09,AMRT,685.0,690.0,680.0,685.0,609.5492553710938,587300,0.0,0.0
2017-10-10,AMRT,685.0,690.0,680.0,680.0,605.0999145507812,20900,0.0,0.0
2017-10-11,AMRT,690.0,695.0,680.0,695.0,618.4476928710938,1000,0.0,0.0
2017-10-12,AMRT,700.0,700.0,700.0,700.0,622.89697265625,4000,0.0,0.0
2017-10-13,AMRT,700.0,700.0,690.0,700.0,622.89697265625,3100,0.0,0.0
2017-10-16,AMRT,700.0,700.0,690.0,700.0,622.89697265625,2300,0.0,0.0
2017-10-17,AMRT,700.0,700.0,680.0,685.0,609.5492553710938,1114200,0.0,0.0
2017-10-18,AMRT,685.0,685.0,685.0,685.0,609.5492553710938,200,0.0,0.0
2017-10-19,AMRT,685.0,685.0,685.0,685.0,609.5492553710938,1500,0.0,0.0
2017-10-20,AMRT,685.0,685.0,680.0,680.0,605.0999145507812,200200,0.0,0.0
2017-10-23,AMRT,680.0,690.0,680.0,680.0,605.0999145507812,416500,0.0,0.0
2017-10-24,AMRT,680.0,690.0,680.0,680.0,605.0999145507812,461000,0.0,0.0
2017-10-25,AMRT,680.0,690.0,680.0,690.0,613.9983520507812,12500,0.0,0.0
2017-10-26,AMRT,680.0,680.0,680.0,680.0,605.0999145507812,100,0.0,0.0
2017-10-27,AMRT,685.0,730.0,680.0,695.0,618.4476928710938,840500,0.0,0.0
2017-10-30,AMRT,695.0,695.0,695.0,695.0,618.4476928710938,72300,0.0,0.0
2017-10-31,AMRT,695.0,695.0,695.0,695.0,618.4476928710938,903100,0.0,0.0
2017-11-01,AMRT,695.0,695.0,680.0,690.0,613.9983520507812,86200,0.0,0.0
2017-11-02,AMRT,690.0,690.0,690.0,690.0,613.9983520507812,200,0.0,0.0
2017-11-03,AMRT,700.0,710.0,690.0,690.0,613.9983520507812,25800,0.0,0.0
2017-11-06,AMRT,690.0,705.0,690.0,705.0,627.34619140625,13900,0.0,0.0
2017-11-07,AMRT,700.0,700.0,690.0,690.0,613.9983520507812,30200,0.0,0.0
2017-11-08,AMRT,690.0,690.0,690.0,690.0,613.9983520507812,22500,0.0,0.0
2017-11-09,AMRT,690.0,690.0,690.0,690.0,613.9983520507812,1000,0.0,0.0
2017-11-10,AMRT,690.0,690.0,680.0,680.0,605.0999145507812,239700,0.0,0.0
2017-11-13,AMRT,690.0,690.0,680.0,680.0,605.0999145507812,400,0.0,0.0
2017-11-14,AMRT,680.0,680.0,680.0,680.0,605.0999145507812,300,0.0,0.0
2017-11-15,AMRT,670.0,670.0,650.0,650.0,578.4042358398438,99700,0.0,0.0
2017-11-16,AMRT,640.0,670.0,640.0,670.0,596.2013549804688,300,0.0,0.0
2017-11-17,AMRT,670.0,670.0,670.0,670.0,596.2013549804688,300,0.0,0.0
2017-11-20,AMRT,670.0,680.0,650.0,680.0,605.0999145507812,1011700,0.0,0.0
2017-11-21,AMRT,675.0,675.0,665.0,665.0,591.7521362304688,1300,0.0,0.0
2017-11-22,AMRT,660.0,665.0,650.0,665.0,591.7521362304688,16033300,0.0,0.0
2017-11-23,AMRT,665.0,700.0,665.0,700.0,622.89697265625,3100,0.0,0.0
2017-11-24,AMRT,700.0,700.0,700.0,700.0,622.89697265625,65300,0.0,0.0
2017-11-27,AMRT,700.0,700.0,695.0,695.0,618.4476928710938,5200,0.0,0.0
2017-11-28,AMRT,695.0,700.0,695.0,700.0,622.89697265625,51500,0.0,0.0
2017-11-29,AMRT,695.0,695.0,695.0,695.0,618.4476928710938,100,0.0,0.0
2017-11-30,AMRT,690.0,690.0,690.0,690.0,613.9983520507812,800,0.0,0.0
2017-12-01,AMRT,690.0,690.0,690.0,690.0,613.9983520507812,0,0.0,0.0
2017-12-04,AMRT,690.0,690.0,620.0,660.0,587.3029174804688,2900,0.0,0.0
2017-12-05,AMRT,695.0,695.0,670.0,690.0,613.9983520507812,3500,0.0,0.0
2017-12-06,AMRT,690.0,690.0,690.0,690.0,613.9983520507812,0,0.0,0.0
2017-12-07,AMRT,640.0,685.0,640.0,640.0,569.5057373046875,5300,0.0,0.0
2017-12-08,AMRT,640.0,660.0,640.0,660.0,587.3029174804688,42000,0.0,0.0
2017-12-11,AMRT,660.0,680.0,635.0,635.0,565.0565795898438,6500,0.0,0.0
2017-12-12,AMRT,625.0,625.0,600.0,620.0,551.7088012695312,263900,0.0,0.0
2017-12-13,AMRT,620.0,670.0,620.0,670.0,596.2013549804688,28900,0.0,0.0
2017-12-14,AMRT,670.0,670.0,615.0,670.0,596.2013549804688,1000,0.0,0.0
2017-12-15,AMRT,670.0,750.0,635.0,750.0,667.3896484375,1464300,0.0,0.0
2017-12-18,AMRT,750.0,750.0,670.0,675.0,600.6505126953125,29900,0.0,0.0
2017-12-19,AMRT,675.0,675.0,670.0,670.0,596.2013549804688,157900,0.0,0.0
2017-12-20,AMRT,670.0,670.0,660.0,660.0,587.3029174804688,11000,0.0,0.0
2017-12-21,AMRT,660.0,670.0,650.0,650.0,578.4042358398438,22500,0.0,0.0
2017-12-22,AMRT,630.0,630.0,620.0,620.0,551.7088012695312,198400,0.0,0.0
2017-12-25,AMRT,620.0,620.0,620.0,620.0,551.7088012695312,0,0.0,0.0
2017-12-26,AMRT,620.0,620.0,620.0,620.0,551.7088012695312,0,0.0,0.0
2017-12-27,AMRT,620.0,625.0,610.0,620.0,551.7088012695312,754600,0.0,0.0
2017-12-28,AMRT,620.0,620.0,610.0,615.0,547.2594604492188,587500,0.0,0.0
2017-12-29,AMRT,615.0,615.0,590.0,610.0,542.8102416992188,1056700,0.0,0.0
2018-01-01,AMRT,610.0,610.0,610.0,610.0,542.8102416992188,0,0.0,0.0
2018-01-02,AMRT,630.0,630.0,590.0,625.0,556.1578979492188,26200,0.0,0.0
2018-01-03,AMRT,610.0,610.0,600.0,605.0,538.3609008789062,27500,0.0,0.0
2018-01-04,AMRT,605.0,620.0,575.0,590.0,525.01318359375,3052200,0.0,0.0
2018-01-05,AMRT,590.0,595.0,590.0,595.0,529.4624633789062,33300,0.0,0.0
2018-01-08,AMRT,595.0,620.0,595.0,600.0,533.9116821289062,52800,0.0,0.0
2018-01-09,AMRT,615.0,615.0,595.0,600.0,533.9116821289062,564400,0.0,0.0
2018-01-10,AMRT,600.0,600.0,590.0,590.0,525.01318359375,215800,0.0,0.0
2018-01-11,AMRT,590.0,590.0,580.0,580.0,516.1145629882812,35200,0.0,0.0
2018-01-12,AMRT,580.0,580.0,570.0,570.0,507.21612548828125,56600,0.0,0.0
2018-01-15,AMRT,570.0,570.0,525.0,565.0,502.7668151855469,235500,0.0,0.0
2018-01-16,AMRT,565.0,565.0,555.0,560.0,498.3175048828125,245000,0.0,0.0
2018-01-17,AMRT,590.0,590.0,565.0,590.0,525.01318359375,85100,0.0,0.0
2018-01-18,AMRT,590.0,605.0,585.0,605.0,538.3609008789062,150500,0.0,0.0
2018-01-19,AMRT,615.0,615.0,590.0,605.0,538.3609008789062,35700,0.0,0.0
2018-01-22,AMRT,595.0,600.0,590.0,600.0,533.9116821289062,109500,0.0,0.0
2018-01-23,AMRT,580.0,600.0,580.0,595.0,529.4624633789062,99700,0.0,0.0
2018-01-24,AMRT,590.0,595.0,590.0,590.0,525.01318359375,9500,0.0,0.0
2018-01-25,AMRT,590.0,615.0,590.0,600.0,533.9116821289062,142700,0.0,0.0
2018-01-26,AMRT,610.0,610.0,600.0,610.0,542.8102416992188,29000,0.0,0.0
2018-01-29,AMRT,610.0,615.0,605.0,605.0,538.3609008789062,463400,0.0,0.0
2018-01-30,AMRT,590.0,605.0,590.0,595.0,529.4624633789062,900,0.0,0.0
2018-01-31,AMRT,595.0,605.0,595.0,605.0,538.3609008789062,206200,0.0,0.0
2018-02-01,AMRT,605.0,610.0,595.0,600.0,533.9116821289062,84100,0.0,0.0
2018-02-02,AMRT,590.0,600.0,580.0,600.0,533.9116821289062,179900,0.0,0.0
2018-02-05,AMRT,600.0,620.0,590.0,620.0,551.7088012695312,33700,0.0,0.0
2018-02-06,AMRT,600.0,605.0,595.0,605.0,538.3609008789062,6400,0.0,0.0
2018-02-07,AMRT,620.0,620.0,590.0,620.0,551.7088012695312,160000,0.0,0.0
2018-02-08,AMRT,605.0,620.0,600.0,620.0,551.7088012695312,71500,0.0,0.0
2018-02-09,AMRT,620.0,620.0,580.0,590.0,525.01318359375,149500,0.0,0.0
2018-02-12,AMRT,600.0,610.0,590.0,600.0,533.9116821289062,59800,0.0,0.0
2018-02-13,AMRT,590.0,610.0,590.0,600.0,533.9116821289062,22300,0.0,0.0
2018-02-14,AMRT,600.0,610.0,600.0,610.0,542.8102416992188,20200,0.0,0.0
2018-02-15,AMRT,600.0,615.0,590.0,615.0,547.2594604492188,17700,0.0,0.0
2018-02-16,AMRT,615.0,615.0,615.0,615.0,547.2594604492188,0,0.0,0.0
2018-02-19,AMRT,610.0,610.0,590.0,610.0,542.8102416992188,46700,0.0,0.0
2018-02-20,AMRT,610.0,620.0,590.0,590.0,525.01318359375,139200,0.0,0.0
2018-02-21,AMRT,600.0,600.0,590.0,595.0,529.4624633789062,22600,0.0,0.0
2018-02-22,AMRT,595.0,600.0,590.0,600.0,533.9116821289062,39300,0.0,0.0
2018-02-23,AMRT,595.0,600.0,590.0,600.0,533.9116821289062,42300,0.0,0.0
2018-02-26,AMRT,600.0,600.0,580.0,600.0,533.9116821289062,36800,0.0,0.0
2018-02-27,AMRT,590.0,610.0,580.0,610.0,542.8102416992188,31500,0.0,0.0
2018-02-28,AMRT,600.0,605.0,585.0,595.0,529.4624633789062,3400,0.0,0.0
2018-03-01,AMRT,600.0,600.0,590.0,590.0,525.01318359375,39900,0.0,0.0
2018-03-02,AMRT,590.0,595.0,580.0,580.0,516.1145629882812,120300,0.0,0.0
2018-03-05,AMRT,585.0,585.0,580.0,580.0,516.1145629882812,18900,0.0,0.0
2018-03-06,AMRT,590.0,590.0,570.0,570.0,507.21612548828125,6800,0.0,0.0
2018-03-07,AMRT,560.0,575.0,560.0,560.0,498.3175048828125,1490300,0.0,0.0
2018-03-08,AMRT,570.0,600.0,570.0,600.0,533.9116821289062,88000,0.0,0.0
2018-03-09,AMRT,595.0,595.0,595.0,595.0,529.4624633789062,1100,0.0,0.0
2018-03-12,AMRT,595.0,595.0,570.0,595.0,529.4624633789062,2700,0.0,0.0
2018-03-13,AMRT,600.0,600.0,570.0,575.0,511.6654052734375,19100,0.0,0.0
2018-03-14,AMRT,580.0,580.0,575.0,580.0,516.1145629882812,5000,0.0,0.0
2018-03-15,AMRT,580.0,580.0,580.0,580.0,516.1145629882812,100,0.0,0.0
2018-03-16,AMRT,570.0,585.0,570.0,585.0,520.5637817382812,191400,0.0,0.0
2018-03-19,AMRT,575.0,585.0,565.0,585.0,520.5637817382812,69700,0.0,0.0
2018-03-20,AMRT,585.0,585.0,585.0,585.0,520.5637817382812,178600,0.0,0.0
2018-03-21,AMRT,570.0,570.0,570.0,570.0,507.21612548828125,400,0.0,0.0
2018-03-22,AMRT,570.0,580.0,570.0,580.0,516.1145629882812,5200,0.0,0.0
2018-03-23,AMRT,580.0,600.0,570.0,600.0,533.9116821289062,2800,0.0,0.0
2018-03-26,AMRT,600.0,600.0,570.0,580.0,516.1145629882812,28000,0.0,0.0
2018-03-27,AMRT,585.0,585.0,560.0,570.0,507.21612548828125,259200,0.0,0.0
2018-03-28,AMRT,570.0,570.0,550.0,550.0,489.4190368652344,193500,0.0,0.0
2018-03-29,AMRT,550.0,610.0,540.0,610.0,542.8102416992188,171100,0.0,0.0
2018-03-30,AMRT,610.0,610.0,610.0,610.0,542.8102416992188,0,0.0,0.0
2018-04-02,AMRT,610.0,610.0,580.0,585.0,520.5637817382812,98100,0.0,0.0
2018-04-03,AMRT,585.0,585.0,575.0,580.0,516.1145629882812,2500,0.0,0.0
2018-04-04,AMRT,580.0,585.0,570.0,575.0,511.6654052734375,11900,0.0,0.0
2018-04-05,AMRT,580.0,580.0,570.0,580.0,516.1145629882812,1683700,0.0,0.0
2018-04-06,AMRT,580.0,580.0,560.0,570.0,507.21612548828125,4011800,0.0,0.0
2018-04-09,AMRT,575.0,575.0,560.0,565.0,502.7668151855469,3900,0.0,0.0
2018-04-10,AMRT,565.0,570.0,555.0,570.0,507.21612548828125,806000,0.0,0.0
2018-04-11,AMRT,575.0,575.0,555.0,575.0,511.6654052734375,317100,0.0,0.0
2018-04-12,AMRT,565.0,565.0,555.0,560.0,498.3175048828125,998400,0.0,0.0
2018-04-13,AMRT,560.0,565.0,555.0,560.0,498.3175048828125,1613100,0.0,0.0
2018-04-16,AMRT,560.0,560.0,560.0,560.0,498.3175048828125,0,0.0,0.0
2018-04-17,AMRT,560.0,560.0,560.0,560.0,498.3175048828125,0,0.0,0.0
2018-04-18,AMRT,570.0,575.0,560.0,575.0,511.6654052734375,1174800,0.0,0.0
2018-04-19,AMRT,575.0,575.0,575.0,575.0,511.6654052734375,0,0.0,0.0
2018-04-20,AMRT,575.0,575.0,575.0,575.0,511.6654052734375,0,0.0,0.0
2018-04-23,AMRT,585.0,585.0,580.0,585.0,520.5637817382812,37200,0.0,0.0
2018-04-24,AMRT,585.0,585.0,570.0,585.0,520.5637817382812,989500,0.0,0.0
2018-04-25,AMRT,585.0,585.0,585.0,585.0,520.5637817382812,0,0.0,0.0
2018-04-26,AMRT,585.0,585.0,585.0,585.0,520.5637817382812,0,0.0,0.0
2018-04-27,AMRT,585.0,585.0,585.0,585.0,520.5637817382812,0,0.0,0.0
2018-04-30,AMRT,585.0,650.0,580.0,650.0,578.4042358398438,357400,0.0,0.0
2018-05-01,AMRT,650.0,650.0,650.0,650.0,578.4042358398438,0,0.0,0.0
2018-05-02,AMRT,645.0,685.0,580.0,600.0,533.9116821289062,244500,0.0,0.0
2018-05-03,AMRT,600.0,610.0,585.0,585.0,520.5637817382812,32500,0.0,0.0
2018-05-04,AMRT,585.0,600.0,585.0,600.0,533.9116821289062,23200,0.0,0.0
2018-05-07,AMRT,600.0,600.0,585.0,585.0,520.5637817382812,55200,0.0,0.0
2018-05-08,AMRT,595.0,595.0,585.0,585.0,520.5637817382812,919500,0.0,0.0
2018-05-09,AMRT,570.0,575.0,570.0,570.0,507.21612548828125,143200,0.0,0.0
2018-05-10,AMRT,570.0,570.0,570.0,570.0,507.21612548828125,0,0.0,0.0
2018-05-11,AMRT,570.0,595.0,570.0,590.0,525.01318359375,11063100,0.0,0.0
2018-05-14,AMRT,590.0,620.0,590.0,610.0,542.8102416992188,44129200,0.0,0.0
2018-05-15,AMRT,625.0,650.0,610.0,620.0,551.7088012695312,32367000,0.0,0.0
2018-05-16,AMRT,620.0,630.0,615.0,620.0,551.7088012695312,31762500,0.0,0.0
2018-05-17,AMRT,620.0,645.0,615.0,620.0,551.7088012695312,1193500,0.0,0.0
2018-05-18,AMRT,620.0,630.0,615.0,620.0,551.7088012695312,121500,0.0,0.0
2018-05-21,AMRT,620.0,625.0,620.0,620.0,551.7088012695312,2874100,0.0,0.0
2018-05-22,AMRT,625.0,630.0,625.0,625.0,556.1578979492188,14229100,0.0,0.0
2018-05-23,AMRT,625.0,630.0,625.0,625.0,556.1578979492188,19257800,0.0,0.0
2018-05-24,AMRT,650.0,650.0,625.0,625.0,556.1578979492188,86400,0.0,0.0
2018-05-25,AMRT,625.0,630.0,625.0,625.0,556.1578979492188,53500,0.0,0.0
2018-05-28,AMRT,620.0,640.0,615.0,635.0,565.0565795898438,34700,0.0,0.0
2018-05-29,AMRT,635.0,635.0,635.0,635.0,565.0565795898438,0,0.0,0.0
2018-05-30,AMRT,640.0,665.0,635.0,660.0,587.3029174804688,353100,0.0,0.0
2018-05-31,AMRT,660.0,680.0,655.0,675.0,600.6505126953125,2463000,0.0,0.0
2018-06-01,AMRT,675.0,675.0,675.0,675.0,600.6505126953125,0,0.0,0.0
2018-06-04,AMRT,675.0,750.0,660.0,695.0,618.4476928710938,555600,0.0,0.0
2018-06-05,AMRT,695.0,740.0,675.0,740.0,660.5535278320312,40886100,2.17,0.0
2018-06-06,AMRT,740.0,750.0,700.0,705.0,629.3110961914062,44836700,0.0,0.0
2018-06-07,AMRT,705.0,850.0,705.0,705.0,629.3110961914062,1929600,0.0,0.0
2018-06-08,AMRT,705.0,765.0,705.0,755.0,673.9430541992188,67700,0.0,0.0
2018-06-11,AMRT,755.0,755.0,755.0,755.0,673.9430541992188,0,0.0,0.0
2018-06-12,AMRT,755.0,755.0,755.0,755.0,673.9430541992188,0,0.0,0.0
2018-06-13,AMRT,755.0,755.0,755.0,755.0,673.9430541992188,0,0.0,0.0
2018-06-14,AMRT,755.0,755.0,755.0,755.0,673.9430541992188,0,0.0,0.0
2018-06-15,AMRT,755.0,755.0,755.0,755.0,673.9430541992188,0,0.0,0.0
2018-06-18,AMRT,755.0,755.0,755.0,755.0,673.9430541992188,0,0.0,0.0
2018-06-19,AMRT,755.0,755.0,755.0,755.0,673.9430541992188,0,0.0,0.0
2018-06-20,AMRT,780.0,780.0,650.0,725.0,647.1639404296875,26744400,0.0,0.0
2018-06-21,AMRT,720.0,725.0,700.0,725.0,647.1639404296875,4513800,0.0,0.0
2018-06-22,AMRT,720.0,725.0,715.0,720.0,642.7007446289062,32899900,0.0,0.0
2018-06-25,AMRT,715.0,725.0,700.0,705.0,629.3110961914062,29300,0.0,0.0
2018-06-26,AMRT,705.0,710.0,700.0,710.0,633.7743530273438,820500,0.0,0.0
2018-06-27,AMRT,705.0,705.0,700.0,700.0,624.8478393554688,10815700,0.0,0.0
2018-06-28,AMRT,700.0,700.0,675.0,685.0,611.458251953125,16100,0.0,0.0
2018-06-29,AMRT,705.0,750.0,700.0,750.0,669.4799194335938,274800,0.0,0.0
2018-07-02,AMRT,720.0,725.0,720.0,720.0,642.7007446289062,54015900,0.0,0.0
2018-07-03,AMRT,735.0,735.0,700.0,715.0,638.2374877929688,96500,0.0,0.0
2018-07-04,AMRT,715.0,725.0,715.0,720.0,642.7007446289062,30352900,0.0,0.0
2018-07-05,AMRT,720.0,720.0,715.0,720.0,642.7007446289062,65519300,0.0,0.0
2018-07-06,AMRT,720.0,725.0,715.0,720.0,642.7007446289062,97857700,0.0,0.0
2018-07-09,AMRT,720.0,725.0,715.0,720.0,642.7007446289062,49611600,0.0,0.0
2018-07-10,AMRT,720.0,725.0,720.0,720.0,642.7007446289062,33073800,0.0,0.0
2018-07-11,AMRT,720.0,730.0,720.0,730.0,651.6270751953125,33151200,0.0,0.0
2018-07-12,AMRT,730.0,730.0,720.0,730.0,651.6270751953125,15047400,0.0,0.0
2018-07-13,AMRT,730.0,740.0,730.0,735.0,656.0902709960938,7238500,0.0,0.0
2018-07-16,AMRT,740.0,755.0,735.0,755.0,673.9430541992188,21245700,0.0,0.0
2018-07-17,AMRT,760.0,800.0,755.0,795.0,709.6487426757812,45741500,0.0,0.0
2018-07-18,AMRT,795.0,850.0,770.0,850.0,758.7438354492188,22944400,0.0,0.0
2018-07-19,AMRT,850.0,850.0,830.0,850.0,758.7438354492188,1199400,0.0,0.0
2018-07-20,AMRT,850.0,850.0,810.0,850.0,758.7438354492188,1751900,0.0,0.0
2018-07-23,AMRT,850.0,895.0,820.0,850.0,758.7438354492188,3445900,0.0,0.0
2018-07-24,AMRT,855.0,890.0,825.0,835.0,745.354248046875,375900,0.0,0.0
2018-07-25,AMRT,835.0,835.0,755.0,790.0,705.185546875,5294200,0.0,0.0
2018-07-26,AMRT,790.0,810.0,790.0,800.0,714.1118774414062,11807600,0.0,0.0
2018-07-27,AMRT,800.0,820.0,800.0,805.0,718.5751342773438,1340200,0.0,0.0
2018-07-30,AMRT,805.0,815.0,805.0,805.0,718.5751342773438,3625800,0.0,0.0
2018-07-31,AMRT,810.0,810.0,805.0,810.0,723.038330078125,124500,0.0,0.0
2018-08-01,AMRT,810.0,840.0,805.0,810.0,723.038330078125,15034300,0.0,0.0
2018-08-02,AMRT,805.0,815.0,800.0,800.0,714.1118774414062,1903000,0.0,0.0
2018-08-03,AMRT,805.0,815.0,800.0,815.0,727.5014038085938,28600,0.0,0.0
2018-08-06,AMRT,820.0,825.0,815.0,815.0,727.5014038085938,1582200,0.0,0.0
2018-08-07,AMRT,815.0,815.0,800.0,800.0,714.1118774414062,753700,0.0,0.0
2018-08-08,AMRT,800.0,810.0,800.0,810.0,723.038330078125,289500,0.0,0.0
2018-08-09,AMRT,810.0,810.0,795.0,810.0,723.038330078125,1030800,0.0,0.0
2018-08-10,AMRT,810.0,810.0,800.0,810.0,723.038330078125,6503700,0.0,0.0
2018-08-13,AMRT,805.0,805.0,795.0,800.0,714.1118774414062,20053000,0.0,0.0
2018-08-14,AMRT,795.0,800.0,765.0,780.0,696.2591552734375,230000,0.0,0.0
2018-08-15,AMRT,775.0,800.0,770.0,785.0,700.7222900390625,29755000,0.0,0.0
2018-08-16,AMRT,800.0,800.0,785.0,800.0,714.1118774414062,225000,0.0,0.0
2018-08-17,AMRT,800.0,800.0,800.0,800.0,714.1118774414062,0,0.0,0.0
2018-08-20,AMRT,800.0,850.0,800.0,825.0,736.4279174804688,298700,0.0,0.0
2018-08-21,AMRT,825.0,830.0,810.0,815.0,727.5014038085938,216300,0.0,0.0
2018-08-22,AMRT,815.0,815.0,815.0,815.0,727.5014038085938,0,0.0,0.0
2018-08-23,AMRT,815.0,845.0,810.0,815.0,727.5014038085938,93900,0.0,0.0
2018-08-24,AMRT,800.0,820.0,790.0,800.0,714.1118774414062,1807200,0.0,0.0
2018-08-27,AMRT,800.0,815.0,800.0,810.0,723.038330078125,6500,0.0,0.0
2018-08-28,AMRT,810.0,810.0,800.0,810.0,723.038330078125,78800,0.0,0.0
2018-08-29,AMRT,805.0,810.0,800.0,805.0,718.5751342773438,102300,0.0,0.0
2018-08-30,AMRT,800.0,810.0,800.0,810.0,723.038330078125,131300,0.0,0.0
2018-08-31,AMRT,815.0,870.0,805.0,850.0,758.7438354492188,12782500,0.0,0.0
2018-09-03,AMRT,850.0,900.0,850.0,850.0,758.7438354492188,399700,0.0,0.0
2018-09-04,AMRT,850.0,850.0,795.0,850.0,758.7438354492188,135000,0.0,0.0
2018-09-05,AMRT,845.0,850.0,780.0,815.0,727.5014038085938,460200,0.0,0.0
2018-09-06,AMRT,815.0,885.0,810.0,885.0,789.986328125,155800,0.0,0.0
2018-09-07,AMRT,890.0,890.0,835.0,835.0,745.354248046875,137600,0.0,0.0
2018-09-10,AMRT,835.0,835.0,805.0,815.0,727.5014038085938,18900,0.0,0.0
2018-09-11,AMRT,815.0,815.0,815.0,815.0,727.5014038085938,0,0.0,0.0
2018-09-12,AMRT,815.0,820.0,805.0,810.0,723.038330078125,85800,0.0,0.0
2018-09-13,AMRT,810.0,820.0,805.0,810.0,723.038330078125,145700,0.0,0.0
2018-09-14,AMRT,810.0,820.0,805.0,815.0,727.5014038085938,10051400,0.0,0.0
2018-09-17,AMRT,815.0,825.0,815.0,820.0,731.9647827148438,38700,0.0,0.0
2018-09-18,AMRT,820.0,825.0,810.0,810.0,723.038330078125,74300,0.0,0.0
2018-09-19,AMRT,810.0,860.0,805.0,840.0,749.817626953125,108400,0.0,0.0
2018-09-20,AMRT,840.0,850.0,810.0,815.0,727.5014038085938,154100,0.0,0.0
2018-09-21,AMRT,820.0,915.0,820.0,845.0,754.28076171875,266400,0.0,0.0
2018-09-24,AMRT,845.0,850.0,815.0,845.0,754.28076171875,35700,0.0,0.0
2018-09-25,AMRT,845.0,880.0,815.0,825.0,736.4279174804688,122400,0.0,0.0
2018-09-26,AMRT,825.0,830.0,810.0,820.0,731.9647827148438,10207300,0.0,0.0
2018-09-27,AMRT,820.0,820.0,810.0,820.0,731.9647827148438,340500,0.0,0.0
2018-09-28,AMRT,820.0,930.0,810.0,930.0,830.1550903320312,389300,0.0,0.0
2018-10-01,AMRT,910.0,930.0,840.0,840.0,749.817626953125,228900,0.0,0.0
2018-10-02,AMRT,850.0,850.0,820.0,830.0,740.8910522460938,299700,0.0,0.0
2018-10-03,AMRT,835.0,845.0,790.0,830.0,740.8910522460938,448700,0.0,0.0
2018-10-04,AMRT,835.0,835.0,820.0,820.0,731.9647827148438,178700,0.0,0.0
2018-10-05,AMRT,820.0,850.0,820.0,830.0,740.8910522460938,686300,0.0,0.0
2018-10-08,AMRT,845.0,850.0,800.0,850.0,758.7438354492188,307000,0.0,0.0
2018-10-09,AMRT,850.0,850.0,810.0,820.0,731.9647827148438,365100,0.0,0.0
2018-10-10,AMRT,820.0,850.0,800.0,845.0,754.28076171875,294400,0.0,0.0
2018-10-11,AMRT,845.0,845.0,790.0,795.0,709.6487426757812,4671200,0.0,0.0
2018-10-12,AMRT,795.0,830.0,795.0,820.0,731.9647827148438,1187900,0.0,0.0
2018-10-15,AMRT,820.0,820.0,795.0,815.0,727.5014038085938,183800,0.0,0.0
2018-10-16,AMRT,820.0,850.0,800.0,800.0,714.1118774414062,48800,0.0,0.0
2018-10-17,AMRT,815.0,840.0,795.0,840.0,749.817626953125,192800,0.0,0.0
2018-10-18,AMRT,825.0,835.0,800.0,800.0,714.1118774414062,81500,0.0,0.0
2018-10-19,AMRT,810.0,810.0,785.0,785.0,700.7222900390625,768300,0.0,0.0
2018-10-22,AMRT,785.0,820.0,780.0,785.0,700.7222900390625,6765400,0.0,0.0
2018-10-23,AMRT,785.0,790.0,780.0,780.0,696.2591552734375,137200,0.0,0.0
2018-10-24,AMRT,780.0,795.0,775.0,775.0,691.7958984375,125900,0.0,0.0
2018-10-25,AMRT,775.0,795.0,770.0,770.0,687.3327026367188,76800,0.0,0.0
2018-10-26,AMRT,770.0,790.0,770.0,770.0,687.3327026367188,46000,0.0,0.0
2018-10-29,AMRT,770.0,780.0,765.0,770.0,687.3327026367188,69100,0.0,0.0
2018-10-30,AMRT,765.0,775.0,760.0,770.0,687.3327026367188,13794700,0.0,0.0
2018-10-31,AMRT,770.0,920.0,755.0,755.0,673.9430541992188,28851200,0.0,0.0
2018-11-01,AMRT,760.0,770.0,695.0,730.0,651.6270751953125,408900,0.0,0.0
2018-11-02,AMRT,730.0,745.0,700.0,730.0,651.6270751953125,181100,0.0,0.0
2018-11-05,AMRT,735.0,750.0,725.0,740.0,660.5535278320312,10980900,0.0,0.0
2018-11-06,AMRT,750.0,770.0,735.0,750.0,669.4799194335938,2140400,0.0,0.0
2018-11-07,AMRT,750.0,770.0,745.0,765.0,682.8695678710938,246300,0.0,0.0
2018-11-08,AMRT,765.0,795.0,750.0,775.0,691.7958984375,595200,0.0,0.0
2018-11-09,AMRT,780.0,780.0,765.0,770.0,687.3327026367188,501600,0.0,0.0
2018-11-12,AMRT,770.0,775.0,755.0,755.0,673.9430541992188,42400,0.0,0.0
2018-11-13,AMRT,755.0,765.0,745.0,750.0,669.4799194335938,221200,0.0,0.0
2018-11-14,AMRT,755.0,790.0,755.0,785.0,700.7222900390625,17915000,0.0,0.0
2018-11-15,AMRT,790.0,790.0,775.0,780.0,696.2591552734375,470300,0.0,0.0
2018-11-16,AMRT,780.0,785.0,775.0,780.0,696.2591552734375,251900,0.0,0.0
2018-11-19,AMRT,780.0,780.0,775.0,780.0,696.2591552734375,258400,0.0,0.0
2018-11-20,AMRT,780.0,780.0,780.0,780.0,696.2591552734375,0,0.0,0.0
2018-11-21,AMRT,810.0,815.0,780.0,810.0,723.038330078125,4615300,0.0,0.0
2018-11-22,AMRT,815.0,815.0,800.0,805.0,718.5751342773438,603500,0.0,0.0
2018-11-23,AMRT,800.0,805.0,800.0,800.0,714.1118774414062,11800,0.0,0.0
2018-11-26,AMRT,800.0,825.0,800.0,825.0,736.4279174804688,527700,0.0,0.0
2018-11-27,AMRT,835.0,855.0,835.0,850.0,758.7438354492188,1411400,0.0,0.0
2018-11-28,AMRT,850.0,855.0,845.0,850.0,758.7438354492188,5210600,0.0,0.0
2018-11-29,AMRT,850.0,850.0,840.0,845.0,754.28076171875,398700,0.0,0.0
2018-11-30,AMRT,845.0,850.0,835.0,835.0,745.354248046875,418300,0.0,0.0
2018-12-03,AMRT,835.0,850.0,835.0,850.0,758.7438354492188,1909800,0.0,0.0
2018-12-04,AMRT,855.0,855.0,830.0,840.0,753.0067749023438,464200,3.6,0.0
2018-12-05,AMRT,840.0,850.0,835.0,850.0,761.970947265625,1776600,0.0,0.0
2018-12-06,AMRT,850.0,935.0,835.0,935.0,838.168212890625,950600,0.0,0.0
2018-12-07,AMRT,930.0,935.0,840.0,850.0,761.970947265625,10245200,0.0,0.0
2018-12-10,AMRT,855.0,860.0,850.0,850.0,761.970947265625,94200,0.0,0.0
2018-12-11,AMRT,850.0,875.0,850.0,875.0,784.3818969726562,929200,0.0,0.0
2018-12-12,AMRT,875.0,885.0,855.0,875.0,784.3818969726562,205300,0.0,0.0
2018-12-13,AMRT,865.0,880.0,865.0,875.0,784.3818969726562,368800,0.0,0.0
2018-12-14,AMRT,875.0,875.0,860.0,870.0,779.8998413085938,939500,0.0,0.0
2018-12-17,AMRT,870.0,870.0,830.0,830.0,744.0422973632812,104600,0.0,0.0
2018-12-18,AMRT,830.0,830.0,810.0,830.0,744.0422973632812,910600,0.0,0.0
2018-12-19,AMRT,830.0,840.0,820.0,830.0,744.0422973632812,45700,0.0,0.0
2018-12-20,AMRT,830.0,835.0,830.0,830.0,744.0422973632812,6500,0.0,0.0
2018-12-21,AMRT,840.0,945.0,830.0,945.0,847.1325073242188,576900,0.0,0.0
2018-12-24,AMRT,945.0,945.0,945.0,945.0,847.1325073242188,0,0.0,0.0
2018-12-25,AMRT,945.0,945.0,945.0,945.0,847.1325073242188,0,0.0,0.0
2018-12-26,AMRT,935.0,980.0,930.0,950.0,851.6146850585938,106800,0.0,0.0
2018-12-27,AMRT,935.0,950.0,935.0,935.0,838.168212890625,176800,0.0,0.0
2018-12-28,AMRT,935.0,935.0,895.0,935.0,838.168212890625,423100,0.0,0.0
2018-12-31,AMRT,935.0,935.0,935.0,935.0,838.168212890625,0,0.0,0.0
2019-01-01,AMRT,935.0,935.0,935.0,935.0,838.168212890625,0,0.0,0.0
2019-01-02,AMRT,910.0,935.0,900.0,930.0,833.6859741210938,206500,0.0,0.0
2019-01-03,AMRT,925.0,940.0,925.0,925.0,829.2037963867188,1636200,0.0,0.0
2019-01-04,AMRT,925.0,925.0,910.0,920.0,824.7216796875,10300,0.0,0.0
2019-01-07,AMRT,920.0,940.0,905.0,910.0,815.75732421875,9300,0.0,0.0
2019-01-08,AMRT,910.0,910.0,895.0,900.0,806.7930297851562,73600,0.0,0.0
2019-01-09,AMRT,900.0,950.0,900.0,910.0,815.75732421875,38700,0.0,0.0
2019-01-10,AMRT,910.0,915.0,870.0,870.0,779.8998413085938,22200,0.0,0.0
2019-01-11,AMRT,880.0,900.0,840.0,875.0,784.3818969726562,40400,0.0,0.0
2019-01-14,AMRT,890.0,895.0,875.0,890.0,797.8285522460938,27000,0.0,0.0
2019-01-15,AMRT,895.0,895.0,880.0,880.0,788.8640747070312,39900,0.0,0.0
2019-01-16,AMRT,880.0,900.0,865.0,870.0,779.8998413085938,20900,0.0,0.0
2019-01-17,AMRT,875.0,875.0,860.0,860.0,770.9354248046875,86300,0.0,0.0
2019-01-18,AMRT,875.0,875.0,855.0,855.0,766.4532470703125,24100,0.0,0.0
2019-01-21,AMRT,855.0,880.0,820.0,830.0,744.0422973632812,367000,0.0,0.0
2019-01-22,AMRT,840.0,840.0,815.0,820.0,735.0780029296875,974400,0.0,0.0
2019-01-23,AMRT,820.0,835.0,800.0,810.0,726.1135864257812,158800,0.0,0.0
2019-01-24,AMRT,820.0,820.0,790.0,800.0,717.149169921875,376600,0.0,0.0
2019-01-25,AMRT,800.0,810.0,795.0,805.0,721.6314086914062,620800,0.0,0.0
2019-01-28,AMRT,805.0,845.0,805.0,815.0,730.595703125,1614000,0.0,0.0
2019-01-29,AMRT,820.0,835.0,815.0,815.0,730.595703125,1070700,0.0,0.0
2019-01-30,AMRT,825.0,825.0,795.0,800.0,717.149169921875,610400,0.0,0.0
2019-01-31,AMRT,800.0,820.0,800.0,805.0,721.6314086914062,282300,0.0,0.0
2019-02-01,AMRT,810.0,820.0,800.0,805.0,721.6314086914062,84900,0.0,0.0
2019-02-04,AMRT,810.0,830.0,810.0,820.0,735.0780029296875,770900,0.0,0.0
2019-02-05,AMRT,820.0,820.0,820.0,820.0,735.0780029296875,0,0.0,0.0
2019-02-06,AMRT,825.0,825.0,815.0,815.0,730.595703125,1732500,0.0,0.0
2019-02-07,AMRT,820.0,825.0,820.0,820.0,735.0780029296875,143000,0.0,0.0
2019-02-08,AMRT,825.0,825.0,820.0,820.0,735.0780029296875,1307500,0.0,0.0
2019-02-11,AMRT,830.0,830.0,820.0,820.0,735.0780029296875,708200,0.0,0.0
2019-02-12,AMRT,820.0,825.0,815.0,820.0,735.0780029296875,117800,0.0,0.0
2019-02-13,AMRT,840.0,845.0,820.0,825.0,739.5602416992188,296200,0.0,0.0
2019-02-14,AMRT,835.0,880.0,820.0,865.0,775.4175415039062,687300,0.0,0.0
2019-02-15,AMRT,870.0,870.0,850.0,860.0,770.9354248046875,190400,0.0,0.0
2019-02-18,AMRT,860.0,880.0,835.0,850.0,761.970947265625,142600,0.0,0.0
2019-02-19,AMRT,850.0,850.0,840.0,845.0,757.4888916015625,4532500,0.0,0.0
2019-02-20,AMRT,845.0,845.0,840.0,840.0,753.0067749023438,3213000,0.0,0.0
2019-02-21,AMRT,840.0,880.0,820.0,830.0,744.0422973632812,322400,0.0,0.0
2019-02-22,AMRT,830.0,850.0,820.0,835.0,748.5244750976562,388800,0.0,0.0
2019-02-25,AMRT,835.0,850.0,820.0,820.0,735.0780029296875,447200,0.0,0.0
2019-02-26,AMRT,825.0,835.0,820.0,820.0,735.0780029296875,166700,0.0,0.0
2019-02-27,AMRT,820.0,830.0,820.0,830.0,744.0422973632812,58700,0.0,0.0
2019-02-28,AMRT,835.0,835.0,825.0,825.0,739.5602416992188,55300,0.0,0.0
2019-03-01,AMRT,850.0,850.0,825.0,825.0,739.5602416992188,29900,0.0,0.0
2019-03-04,AMRT,840.0,850.0,835.0,850.0,761.970947265625,79500,0.0,0.0
2019-03-05,AMRT,850.0,855.0,850.0,855.0,766.4532470703125,429700,0.0,0.0
2019-03-06,AMRT,855.0,890.0,850.0,890.0,797.8285522460938,487000,0.0,0.0
2019-03-07,AMRT,890.0,890.0,890.0,890.0,797.8285522460938,0,0.0,0.0
2019-03-08,AMRT,890.0,905.0,890.0,900.0,806.7930297851562,196500,0.0,0.0
2019-03-11,AMRT,900.0,920.0,900.0,915.0,820.2396240234375,174900,0.0,0.0
2019-03-12,AMRT,920.0,920.0,900.0,910.0,815.75732421875,173500,0.0,0.0
2019-03-13,AMRT,920.0,920.0,905.0,905.0,811.275146484375,135400,0.0,0.0
2019-03-14,AMRT,910.0,915.0,895.0,895.0,802.3107299804688,101200,0.0,0.0
2019-03-15,AMRT,900.0,915.0,890.0,915.0,820.2396240234375,355800,0.0,0.0
2019-03-18,AMRT,905.0,915.0,890.0,900.0,806.7930297851562,57700,0.0,0.0
2019-03-19,AMRT,900.0,900.0,890.0,890.0,797.8285522460938,505700,0.0,0.0
2019-03-20,AMRT,890.0,895.0,870.0,875.0,784.3818969726562,110100,0.0,0.0
2019-03-21,AMRT,875.0,880.0,870.0,880.0,788.8640747070312,916200,0.0,0.0
2019-03-22,AMRT,870.0,885.0,870.0,875.0,784.3818969726562,9900,0.0,0.0
2019-03-25,AMRT,895.0,900.0,860.0,870.0,779.8998413085938,646000,0.0,0.0
2019-03-26,AMRT,870.0,890.0,870.0,875.0,784.3818969726562,20900,0.0,0.0
2019-03-27,AMRT,865.0,875.0,865.0,875.0,784.3818969726562,28000,0.0,0.0
2019-03-28,AMRT,900.0,905.0,895.0,900.0,806.7930297851562,1858400,0.0,0.0
2019-03-29,AMRT,900.0,900.0,895.0,900.0,806.7930297851562,39000,0.0,0.0
2019-04-01,AMRT,905.0,905.0,890.0,900.0,806.7930297851562,5900,0.0,0.0
2019-04-02,AMRT,900.0,900.0,890.0,890.0,797.8285522460938,6000,0.0,0.0
2019-04-03,AMRT,890.0,890.0,890.0,890.0,797.8285522460938,0,0.0,0.0
2019-04-04,AMRT,895.0,915.0,890.0,915.0,820.2396240234375,226900,0.0,0.0
2019-04-05,AMRT,910.0,915.0,905.0,915.0,820.2396240234375,115600,0.0,0.0
2019-04-08,AMRT,900.0,925.0,900.0,915.0,820.2396240234375,382800,0.0,0.0
2019-04-09,AMRT,925.0,930.0,920.0,920.0,824.7216796875,60800,0.0,0.0
2019-04-10,AMRT,920.0,920.0,900.0,920.0,824.7216796875,199100,0.0,0.0
2019-04-11,AMRT,920.0,920.0,900.0,910.0,815.75732421875,18900,0.0,0.0
2019-04-12,AMRT,920.0,925.0,910.0,915.0,820.2396240234375,158200,0.0,0.0
2019-04-15,AMRT,920.0,920.0,915.0,920.0,824.7216796875,142100,0.0,0.0
2019-04-16,AMRT,925.0,925.0,920.0,920.0,824.7216796875,2400,0.0,0.0
2019-04-17,AMRT,920.0,920.0,920.0,920.0,824.7216796875,0,0.0,0.0
2019-04-18,AMRT,920.0,920.0,900.0,905.0,811.275146484375,65800,0.0,0.0
2019-04-19,AMRT,905.0,905.0,905.0,905.0,811.275146484375,0,0.0,0.0
2019-04-22,AMRT,905.0,910.0,905.0,910.0,815.75732421875,7500,0.0,0.0
2019-04-23,AMRT,910.0,920.0,905.0,905.0,811.275146484375,26500,0.0,0.0
2019-04-24,AMRT,910.0,920.0,905.0,910.0,815.75732421875,1322200,0.0,0.0
2019-04-25,AMRT,910.0,920.0,905.0,905.0,811.275146484375,33600,0.0,0.0
2019-04-26,AMRT,910.0,940.0,905.0,910.0,815.75732421875,2158700,0.0,0.0
2019-04-29,AMRT,930.0,935.0,905.0,910.0,815.75732421875,502100,0.0,0.0
2019-04-30,AMRT,930.0,1025.0,910.0,1025.0,918.8474731445312,720000,0.0,0.0
2019-05-01,AMRT,1025.0,1025.0,1025.0,1025.0,918.8474731445312,0,0.0,0.0
2019-05-02,AMRT,1020.0,1020.0,970.0,975.0,874.025634765625,115500,0.0,0.0
2019-05-03,AMRT,970.0,995.0,970.0,970.0,869.54345703125,92700,0.0,0.0
2019-05-06,AMRT,980.0,1080.0,970.0,1010.0,905.4010009765625,625000,0.0,0.0
2019-05-07,AMRT,1015.0,1015.0,985.0,985.0,882.9900512695312,28300,0.0,0.0
2019-05-08,AMRT,990.0,1005.0,975.0,985.0,882.9900512695312,22300,0.0,0.0
2019-05-09,AMRT,985.0,985.0,905.0,930.0,833.6859741210938,2659400,0.0,0.0
2019-05-10,AMRT,950.0,950.0,925.0,930.0,833.6859741210938,192500,0.0,0.0
2019-05-13,AMRT,930.0,935.0,930.0,935.0,838.168212890625,55100,0.0,0.0
2019-05-14,AMRT,935.0,940.0,930.0,940.0,842.650390625,15800,0.0,0.0
2019-05-15,AMRT,940.0,960.0,925.0,935.0,838.168212890625,59900,0.0,0.0
2019-05-16,AMRT,935.0,950.0,910.0,920.0,824.7216796875,17300,0.0,0.0
2019-05-17,AMRT,920.0,945.0,920.0,930.0,833.6859741210938,26200,0.0,0.0
2019-05-20,AMRT,935.0,950.0,935.0,935.0,838.168212890625,15200,0.0,0.0
2019-05-21,AMRT,935.0,935.0,910.0,920.0,824.7216796875,45200,0.0,0.0
2019-05-22,AMRT,920.0,925.0,915.0,915.0,820.2396240234375,4600,0.0,0.0
2019-05-23,AMRT,915.0,915.0,900.0,915.0,820.2396240234375,118500,0.0,0.0
2019-05-24,AMRT,915.0,920.0,900.0,910.0,815.75732421875,43400,0.0,0.0
2019-05-27,AMRT,920.0,920.0,915.0,920.0,827.1212158203125,22300,2.64,0.0
2019-05-28,AMRT,920.0,930.0,915.0,920.0,827.1212158203125,72600,0.0,0.0
2019-05-29,AMRT,925.0,965.0,910.0,930.0,836.111572265625,161600,0.0,0.0
2019-05-30,AMRT,930.0,930.0,930.0,930.0,836.111572265625,0,0.0,0.0
2019-05-31,AMRT,930.0,950.0,920.0,930.0,836.111572265625,123600,0.0,0.0
2019-06-03,AMRT,930.0,930.0,930.0,930.0,836.111572265625,0,0.0,0.0
2019-06-04,AMRT,930.0,930.0,930.0,930.0,836.111572265625,0,0.0,0.0
2019-06-05,AMRT,930.0,930.0,930.0,930.0,836.111572265625,0,0.0,0.0
2019-06-06,AMRT,930.0,930.0,930.0,930.0,836.111572265625,0,0.0,0.0
2019-06-07,AMRT,930.0,930.0,930.0,930.0,836.111572265625,0,0.0,0.0
2019-06-10,AMRT,930.0,960.0,920.0,930.0,836.111572265625,329300,0.0,0.0
2019-06-11,AMRT,925.0,925.0,865.0,915.0,822.6260986328125,184800,0.0,0.0
2019-06-12,AMRT,915.0,920.0,890.0,900.0,809.140380859375,292200,0.0,0.0
2019-06-13,AMRT,900.0,900.0,870.0,895.0,804.6450805664062,236400,0.0,0.0
2019-06-14,AMRT,890.0,890.0,885.0,890.0,800.1498413085938,49500,0.0,0.0
2019-06-17,AMRT,890.0,890.0,875.0,890.0,800.1498413085938,1212000,0.0,0.0
2019-06-18,AMRT,905.0,915.0,885.0,915.0,822.6260986328125,194300,0.0,0.0
2019-06-19,AMRT,915.0,915.0,895.0,900.0,809.140380859375,108600,0.0,0.0
2019-06-20,AMRT,900.0,900.0,895.0,900.0,809.140380859375,173000,0.0,0.0
2019-06-21,AMRT,895.0,910.0,890.0,900.0,809.140380859375,314000,0.0,0.0
2019-06-24,AMRT,900.0,910.0,895.0,900.0,809.140380859375,612300,0.0,0.0
2019-06-25,AMRT,900.0,900.0,890.0,890.0,800.1498413085938,65400,0.0,0.0
2019-06-26,AMRT,900.0,900.0,890.0,895.0,804.6450805664062,8800,0.0,0.0
2019-06-27,AMRT,890.0,920.0,890.0,920.0,827.1212158203125,17200,0.0,0.0
2019-06-28,AMRT,920.0,965.0,880.0,915.0,822.6260986328125,733500,0.0,0.0
2019-07-01,AMRT,915.0,925.0,910.0,915.0,822.6260986328125,1950300,0.0,0.0
2019-07-02,AMRT,915.0,915.0,905.0,905.0,813.6355590820312,23200,0.0,0.0
2019-07-03,AMRT,915.0,915.0,885.0,890.0,800.1498413085938,147800,0.0,0.0
2019-07-04,AMRT,910.0,940.0,880.0,885.0,795.6546020507812,11600,0.0,0.0
2019-07-05,AMRT,885.0,915.0,885.0,910.0,818.1307983398438,233900,0.0,0.0
2019-07-08,AMRT,930.0,930.0,900.0,920.0,827.1212158203125,20400,0.0,0.0
2019-07-09,AMRT,920.0,930.0,900.0,925.0,831.6163940429688,49800,0.0,0.0
2019-07-10,AMRT,925.0,925.0,900.0,900.0,809.140380859375,108100,0.0,0.0
2019-07-11,AMRT,910.0,950.0,910.0,910.0,818.1307983398438,70700,0.0,0.0
2019-07-12,AMRT,905.0,915.0,905.0,910.0,818.1307983398438,28800,0.0,0.0
2019-07-15,AMRT,905.0,950.0,905.0,940.0,845.1021118164062,145200,0.0,0.0
2019-07-16,AMRT,940.0,960.0,910.0,930.0,836.111572265625,26800,0.0,0.0
2019-07-17,AMRT,930.0,950.0,900.0,935.0,840.6068725585938,32400,0.0,0.0
2019-07-18,AMRT,940.0,940.0,935.0,935.0,840.6068725585938,11600,0.0,0.0
2019-07-19,AMRT,935.0,945.0,935.0,940.0,845.1021118164062,17200,0.0,0.0
2019-07-22,AMRT,945.0,945.0,935.0,935.0,840.6068725585938,50800,0.0,0.0
2019-07-23,AMRT,940.0,945.0,930.0,930.0,836.111572265625,35600,0.0,0.0
2019-07-24,AMRT,930.0,930.0,925.0,925.0,831.6163940429688,20200,0.0,0.0
2019-07-25,AMRT,945.0,945.0,930.0,940.0,845.1021118164062,17400,0.0,0.0
2019-07-26,AMRT,940.0,940.0,930.0,930.0,836.111572265625,51900,0.0,0.0
2019-07-29,AMRT,930.0,930.0,905.0,905.0,813.6355590820312,13200,0.0,0.0
2019-07-30,AMRT,910.0,925.0,910.0,925.0,831.6163940429688,252900,0.0,0.0
2019-07-31,AMRT,905.0,960.0,905.0,960.0,863.0830078125,48000,0.0,0.0
2019-08-01,AMRT,960.0,960.0,900.0,900.0,809.140380859375,10600,0.0,0.0
2019-08-02,AMRT,905.0,950.0,905.0,950.0,854.0924682617188,49600,0.0,0.0
2019-08-05,AMRT,950.0,950.0,900.0,920.0,827.1212158203125,23200,0.0,0.0
2019-08-06,AMRT,920.0,920.0,900.0,920.0,827.1212158203125,39200,0.0,0.0
2019-08-07,AMRT,920.0,945.0,915.0,920.0,827.1212158203125,653600,0.0,0.0
2019-08-08,AMRT,925.0,925.0,920.0,920.0,827.1212158203125,30300,0.0,0.0
2019-08-09,AMRT,920.0,920.0,910.0,920.0,827.1212158203125,159300,0.0,0.0
2019-08-12,AMRT,910.0,920.0,850.0,850.0,764.1879272460938,83400,0.0,0.0
2019-08-13,AMRT,900.0,900.0,880.0,895.0,804.6450805664062,110500,0.0,0.0
2019-08-14,AMRT,895.0,900.0,895.0,895.0,804.6450805664062,81100,0.0,0.0
2019-08-15,AMRT,895.0,910.0,885.0,910.0,818.1307983398438,367200,0.0,0.0
2019-08-16,AMRT,880.0,915.0,880.0,910.0,818.1307983398438,13000,0.0,0.0
2019-08-19,AMRT,910.0,910.0,890.0,895.0,804.6450805664062,59500,0.0,0.0
2019-08-20,AMRT,880.0,885.0,880.0,880.0,791.1593017578125,85500,0.0,0.0
2019-08-21,AMRT,880.0,885.0,875.0,885.0,795.6546020507812,713400,0.0,0.0
2019-08-22,AMRT,885.0,885.0,875.0,885.0,795.6546020507812,13200,0.0,0.0
2019-08-23,AMRT,885.0,885.0,870.0,870.0,782.1689453125,982100,0.0,0.0
2019-08-26,AMRT,885.0,890.0,870.0,875.0,786.6640625,74500,0.0,0.0
2019-08-27,AMRT,880.0,895.0,875.0,880.0,791.1593017578125,54700,0.0,0.0
2019-08-28,AMRT,880.0,885.0,880.0,885.0,795.6546020507812,140300,0.0,0.0
2019-08-29,AMRT,885.0,900.0,885.0,900.0,809.140380859375,263100,0.0,0.0
2019-08-30,AMRT,900.0,900.0,890.0,890.0,800.1498413085938,13200,0.0,0.0
2019-09-02,AMRT,890.0,890.0,880.0,890.0,800.1498413085938,143000,0.0,0.0
2019-09-03,AMRT,890.0,895.0,875.0,890.0,800.1498413085938,8100,0.0,0.0
2019-09-04,AMRT,890.0,890.0,860.0,890.0,800.1498413085938,172200,0.0,0.0
2019-09-05,AMRT,890.0,900.0,890.0,900.0,809.140380859375,174800,0.0,0.0
2019-09-06,AMRT,895.0,895.0,890.0,890.0,800.1498413085938,42500,0.0,0.0
2019-09-09,AMRT,890.0,890.0,875.0,885.0,795.6546020507812,612400,0.0,0.0
2019-09-10,AMRT,890.0,890.0,880.0,880.0,791.1593017578125,345000,0.0,0.0
2019-09-11,AMRT,900.0,900.0,885.0,885.0,795.6546020507812,48600,0.0,0.0
2019-09-12,AMRT,885.0,900.0,885.0,900.0,809.140380859375,49200,0.0,0.0
2019-09-13,AMRT,890.0,895.0,880.0,880.0,791.1593017578125,481000,0.0,0.0
2019-09-16,AMRT,880.0,900.0,870.0,875.0,786.6640625,1433800,0.0,0.0
2019-09-17,AMRT,875.0,880.0,875.0,880.0,791.1593017578125,228800,0.0,0.0
2019-09-18,AMRT,880.0,880.0,880.0,880.0,791.1593017578125,1560600,0.0,0.0
2019-09-19,AMRT,890.0,960.0,880.0,900.0,809.140380859375,195700,0.0,0.0
2019-09-20,AMRT,900.0,900.0,885.0,900.0,809.140380859375,45300,0.0,0.0
2019-09-23,AMRT,900.0,905.0,895.0,900.0,809.140380859375,186800,0.0,0.0
2019-09-24,AMRT,900.0,900.0,890.0,890.0,800.1498413085938,70100,0.0,0.0
2019-09-25,AMRT,890.0,910.0,890.0,910.0,818.1307983398438,74200,0.0,0.0
2019-09-26,AMRT,910.0,910.0,900.0,910.0,818.1307983398438,81600,0.0,0.0
2019-09-27,AMRT,910.0,925.0,910.0,925.0,831.6163940429688,276100,0.0,0.0
2019-09-30,AMRT,925.0,995.0,890.0,995.0,894.549560546875,208000,0.0,0.0
2019-10-01,AMRT,990.0,995.0,925.0,925.0,831.6163940429688,51000,0.0,0.0
2019-10-02,AMRT,925.0,925.0,910.0,910.0,818.1307983398438,102900,0.0,0.0
2019-10-03,AMRT,910.0,910.0,860.0,900.0,809.140380859375,51300,0.0,0.0
2019-10-04,AMRT,900.0,910.0,900.0,910.0,818.1307983398438,28300,0.0,0.0
2019-10-07,AMRT,910.0,910.0,890.0,910.0,818.1307983398438,9900,0.0,0.0
2019-10-08,AMRT,910.0,910.0,880.0,905.0,813.6355590820312,1600,0.0,0.0
2019-10-09,AMRT,905.0,910.0,900.0,910.0,818.1307983398438,1278300,0.0,0.0
2019-10-10,AMRT,910.0,910.0,885.0,900.0,809.140380859375,5500,0.0,0.0
2019-10-11,AMRT,910.0,910.0,905.0,905.0,813.6355590820312,13500,0.0,0.0
2019-10-14,AMRT,910.0,940.0,905.0,940.0,845.1021118164062,124200,0.0,0.0
2019-10-15,AMRT,940.0,945.0,930.0,930.0,836.111572265625,428300,0.0,0.0
2019-10-16,AMRT,930.0,955.0,930.0,930.0,836.111572265625,25800,0.0,0.0
2019-10-17,AMRT,930.0,950.0,915.0,935.0,840.6068725585938,2300,0.0,0.0
2019-10-18,AMRT,930.0,930.0,915.0,930.0,836.111572265625,250100,0.0,0.0
2019-10-21,AMRT,930.0,960.0,920.0,935.0,840.6068725585938,33900,0.0,0.0
2019-10-22,AMRT,935.0,945.0,935.0,945.0,849.5972290039062,20100,0.0,0.0
2019-10-23,AMRT,945.0,950.0,940.0,945.0,849.5972290039062,344100,0.0,0.0
2019-10-24,AMRT,945.0,945.0,935.0,940.0,845.1021118164062,65700,0.0,0.0
2019-10-25,AMRT,940.0,940.0,900.0,900.0,809.140380859375,37700,0.0,0.0
2019-10-28,AMRT,900.0,915.0,900.0,910.0,818.1307983398438,182400,0.0,0.0
2019-10-29,AMRT,910.0,920.0,910.0,915.0,822.6260986328125,319000,0.0,0.0
2019-10-30,AMRT,915.0,915.0,910.0,910.0,818.1307983398438,3700,0.0,0.0
2019-10-31,AMRT,910.0,910.0,890.0,895.0,804.6450805664062,9600,0.0,0.0
2019-11-01,AMRT,895.0,915.0,895.0,900.0,809.140380859375,19700,0.0,0.0
2019-11-04,AMRT,900.0,920.0,885.0,900.0,809.140380859375,118800,0.0,0.0
2019-11-05,AMRT,900.0,980.0,885.0,890.0,800.1498413085938,84900,0.0,0.0
2019-11-06,AMRT,895.0,940.0,895.0,895.0,804.6450805664062,24700,0.0,0.0
2019-11-07,AMRT,895.0,895.0,880.0,885.0,795.6546020507812,39200,0.0,0.0
2019-11-08,AMRT,885.0,890.0,885.0,885.0,795.6546020507812,141300,0.0,0.0
2019-11-11,AMRT,885.0,910.0,875.0,875.0,786.6640625,571100,0.0,0.0
2019-11-12,AMRT,875.0,885.0,875.0,880.0,791.1593017578125,1413300,0.0,0.0
2019-11-13,AMRT,890.0,890.0,875.0,880.0,791.1593017578125,25300,0.0,0.0
2019-11-14,AMRT,885.0,885.0,875.0,880.0,791.1593017578125,271600,0.0,0.0
2019-11-15,AMRT,880.0,880.0,875.0,880.0,791.1593017578125,76900,0.0,0.0
2019-11-18,AMRT,880.0,880.0,875.0,875.0,786.6640625,17100,0.0,0.0
2019-11-19,AMRT,875.0,880.0,870.0,875.0,786.6640625,249300,0.0,0.0
2019-11-20,AMRT,875.0,880.0,875.0,880.0,791.1593017578125,1100,0.0,0.0
2019-11-21,AMRT,880.0,880.0,880.0,880.0,791.1593017578125,11000,0.0,0.0
2019-11-22,AMRT,880.0,880.0,875.0,875.0,786.6640625,377900,0.0,0.0
2019-11-25,AMRT,870.0,880.0,870.0,875.0,786.6640625,18700,0.0,0.0
2019-11-26,AMRT,880.0,880.0,875.0,875.0,786.6640625,3000,0.0,0.0
2019-11-27,AMRT,875.0,875.0,870.0,870.0,782.1689453125,420200,0.0,0.0
2019-11-28,AMRT,890.0,890.0,840.0,855.0,768.6832275390625,26100,0.0,0.0
2019-11-29,AMRT,855.0,880.0,850.0,850.0,764.1879272460938,436500,0.0,0.0
2019-12-02,AMRT,850.0,880.0,845.0,850.0,764.1879272460938,3500,0.0,0.0
2019-12-03,AMRT,870.0,890.0,865.0,870.0,782.1689453125,140800,0.0,0.0
2019-12-04,AMRT,890.0,890.0,845.0,845.0,759.6928100585938,26000,0.0,0.0
2019-12-05,AMRT,865.0,865.0,850.0,855.0,768.6832275390625,177600,0.0,0.0
2019-12-06,AMRT,855.0,870.0,855.0,870.0,782.1689453125,1000,0.0,0.0
2019-12-09,AMRT,870.0,870.0,855.0,870.0,782.1689453125,63700,0.0,0.0
2019-12-10,AMRT,880.0,880.0,845.0,850.0,764.1879272460938,3400,0.0,0.0
2019-12-11,AMRT,865.0,870.0,840.0,845.0,759.6928100585938,367500,0.0,0.0
2019-12-12,AMRT,850.0,855.0,850.0,855.0,768.6832275390625,424100,0.0,0.0
2019-12-13,AMRT,890.0,890.0,855.0,855.0,768.6832275390625,12200,0.0,0.0
2019-12-16,AMRT,860.0,875.0,860.0,870.0,782.1689453125,23900,0.0,0.0
2019-12-17,AMRT,870.0,870.0,860.0,860.0,773.178466796875,18475400,0.0,0.0
2019-12-18,AMRT,860.0,880.0,855.0,860.0,773.178466796875,35100,0.0,0.0
2019-12-19,AMRT,865.0,875.0,845.0,850.0,764.1879272460938,324800,0.0,0.0
2019-12-20,AMRT,860.0,860.0,820.0,820.0,737.2167358398438,495400,0.0,0.0
2019-12-23,AMRT,820.0,855.0,820.0,850.0,764.1879272460938,37500,0.0,0.0
2019-12-26,AMRT,850.0,855.0,835.0,845.0,759.6928100585938,493600,0.0,0.0
2019-12-27,AMRT,845.0,850.0,825.0,825.0,741.7119750976562,91700,0.0,0.0
2019-12-30,AMRT,825.0,880.0,825.0,880.0,791.1593017578125,272800,0.0,0.0
2020-01-02,AMRT,870.0,880.0,855.0,875.0,786.6640625,9600,0.0,0.0
2020-01-03,AMRT,880.0,880.0,855.0,865.0,777.6736450195312,51800,0.0,0.0
2020-01-06,AMRT,865.0,865.0,845.0,845.0,759.6928100585938,42000,0.0,0.0
2020-01-07,AMRT,845.0,850.0,840.0,840.0,755.1976318359375,20500,0.0,0.0
2020-01-08,AMRT,840.0,855.0,840.0,855.0,768.6832275390625,568500,0.0,0.0
2020-01-09,AMRT,855.0,855.0,840.0,850.0,764.1879272460938,2565400,0.0,0.0
2020-01-10,AMRT,870.0,870.0,840.0,850.0,764.1879272460938,2673200,0.0,0.0
2020-01-13,AMRT,870.0,870.0,850.0,850.0,764.1879272460938,18944200,0.0,0.0
2020-01-14,AMRT,850.0,855.0,845.0,855.0,768.6832275390625,16300,0.0,0.0
2020-01-15,AMRT,855.0,855.0,855.0,855.0,768.6832275390625,8400,0.0,0.0
2020-01-16,AMRT,855.0,870.0,855.0,865.0,777.6736450195312,900,0.0,0.0
2020-01-17,AMRT,855.0,870.0,850.0,850.0,764.1879272460938,5100,0.0,0.0
2020-01-20,AMRT,850.0,850.0,850.0,850.0,764.1879272460938,5900,0.0,0.0
2020-01-21,AMRT,850.0,855.0,845.0,845.0,759.6928100585938,1600,0.0,0.0
2020-01-22,AMRT,845.0,855.0,845.0,850.0,764.1879272460938,107700,0.0,0.0
2020-01-23,AMRT,850.0,860.0,850.0,855.0,768.6832275390625,2700,0.0,0.0
2020-01-24,AMRT,855.0,860.0,845.0,855.0,768.6832275390625,1700,0.0,0.0
2020-01-27,AMRT,855.0,855.0,850.0,850.0,764.1879272460938,9700,0.0,0.0
2020-01-28,AMRT,825.0,850.0,820.0,820.0,737.2167358398438,2353900,0.0,0.0
2020-01-29,AMRT,820.0,830.0,820.0,825.0,741.7119750976562,28800,0.0,0.0
2020-01-30,AMRT,830.0,890.0,825.0,825.0,741.7119750976562,29600,0.0,0.0
2020-01-31,AMRT,825.0,825.0,800.0,800.0,719.2357177734375,1062900,0.0,0.0
2020-02-03,AMRT,810.0,825.0,800.0,815.0,732.7213745117188,3800,0.0,0.0
2020-02-04,AMRT,815.0,815.0,800.0,810.0,728.2262573242188,520400,0.0,0.0
2020-02-05,AMRT,815.0,815.0,810.0,810.0,728.2262573242188,8000,0.0,0.0
2020-02-06,AMRT,810.0,810.0,800.0,805.0,723.7310180664062,6200,0.0,0.0
2020-02-07,AMRT,800.0,820.0,800.0,800.0,719.2357177734375,2477000,0.0,0.0
2020-02-10,AMRT,800.0,880.0,800.0,800.0,719.2357177734375,1291600,0.0,0.0
2020-02-11,AMRT,800.0,815.0,800.0,805.0,723.7310180664062,12500,0.0,0.0
2020-02-12,AMRT,805.0,805.0,800.0,800.0,719.2357177734375,4325400,0.0,0.0
2020-02-13,AMRT,800.0,810.0,800.0,805.0,723.7310180664062,5700,0.0,0.0
2020-02-14,AMRT,805.0,810.0,805.0,810.0,728.2262573242188,1200,0.0,0.0
2020-02-17,AMRT,820.0,820.0,805.0,805.0,723.7310180664062,3500,0.0,0.0
2020-02-18,AMRT,805.0,805.0,770.0,785.0,705.7501220703125,7900,0.0,0.0
2020-02-19,AMRT,810.0,810.0,785.0,810.0,728.2262573242188,3700,0.0,0.0
2020-02-20,AMRT,805.0,860.0,800.0,850.0,764.1879272460938,34600,0.0,0.0
2020-02-21,AMRT,845.0,845.0,800.0,800.0,719.2357177734375,6300,0.0,0.0
2020-02-24,AMRT,825.0,825.0,820.0,820.0,737.2167358398438,2600,0.0,0.0
2020-02-25,AMRT,820.0,825.0,805.0,805.0,723.7310180664062,3800,0.0,0.0
2020-02-26,AMRT,810.0,810.0,800.0,800.0,719.2357177734375,7400,0.0,0.0
2020-02-27,AMRT,825.0,825.0,800.0,800.0,719.2357177734375,113600,0.0,0.0
2020-02-28,AMRT,810.0,820.0,770.0,775.0,696.7596435546875,18100,0.0,0.0
2020-03-02,AMRT,775.0,805.0,775.0,795.0,714.7406005859375,9200,0.0,0.0
2020-03-03,AMRT,795.0,810.0,795.0,810.0,728.2262573242188,4900,0.0,0.0
2020-03-04,AMRT,825.0,825.0,775.0,780.0,701.2548828125,137600,0.0,0.0
2020-03-05,AMRT,800.0,800.0,780.0,790.0,710.245361328125,17400,0.0,0.0
2020-03-06,AMRT,790.0,795.0,775.0,775.0,696.7596435546875,627000,0.0,0.0
2020-03-09,AMRT,780.0,790.0,775.0,775.0,696.7596435546875,3660300,0.0,0.0
2020-03-10,AMRT,775.0,780.0,765.0,765.0,687.7692260742188,506600,0.0,0.0
2020-03-11,AMRT,765.0,785.0,755.0,755.0,678.77880859375,471200,0.0,0.0
2020-03-12,AMRT,755.0,785.0,750.0,750.0,674.2835693359375,4095300,0.0,0.0
2020-03-13,AMRT,750.0,750.0,710.0,715.0,642.8169555664062,3329500,0.0,0.0
2020-03-16,AMRT,715.0,745.0,715.0,715.0,642.8169555664062,36300,0.0,0.0
2020-03-17,AMRT,715.0,715.0,715.0,715.0,642.8169555664062,2700,0.0,0.0
2020-03-18,AMRT,715.0,730.0,700.0,715.0,642.8169555664062,72300,0.0,0.0
2020-03-19,AMRT,715.0,715.0,700.0,700.0,629.3312377929688,9100,0.0,0.0
2020-03-20,AMRT,730.0,730.0,700.0,700.0,629.3312377929688,25000,0.0,0.0
2020-03-23,AMRT,700.0,700.0,660.0,660.0,593.3695068359375,1800,0.0,0.0
2020-03-24,AMRT,660.0,660.0,615.0,625.0,561.9030151367188,525600,0.0,0.0
2020-03-26,AMRT,640.0,730.0,640.0,700.0,629.3312377929688,38100,0.0,0.0
2020-03-27,AMRT,730.0,730.0,710.0,715.0,642.8169555664062,15400,0.0,0.0
2020-03-30,AMRT,715.0,715.0,695.0,700.0,629.3312377929688,16700,0.0,0.0
2020-03-31,AMRT,700.0,800.0,660.0,800.0,719.2357177734375,184100,0.0,0.0
2020-04-01,AMRT,800.0,805.0,745.0,755.0,678.77880859375,86900,0.0,0.0
2020-04-02,AMRT,755.0,795.0,710.0,795.0,714.7406005859375,15900,0.0,0.0
2020-04-03,AMRT,805.0,825.0,795.0,795.0,714.7406005859375,106500,0.0,0.0
2020-04-06,AMRT,770.0,805.0,760.0,795.0,714.7406005859375,97500,0.0,0.0
2020-04-07,AMRT,790.0,825.0,790.0,810.0,728.2262573242188,320400,0.0,0.0
2020-04-08,AMRT,830.0,830.0,810.0,810.0,728.2262573242188,46500,0.0,0.0
2020-04-09,AMRT,810.0,825.0,800.0,825.0,741.7119750976562,46400,0.0,0.0
2020-04-13,AMRT,830.0,850.0,825.0,830.0,746.2070922851562,462300,0.0,0.0
2020-04-14,AMRT,845.0,850.0,805.0,830.0,746.2070922851562,73900,0.0,0.0
2020-04-15,AMRT,830.0,845.0,800.0,840.0,755.1976318359375,72300,0.0,0.0
2020-04-16,AMRT,840.0,850.0,810.0,830.0,746.2070922851562,318900,0.0,0.0
2020-04-17,AMRT,825.0,850.0,820.0,850.0,764.1879272460938,33500,0.0,0.0
2020-04-20,AMRT,830.0,850.0,830.0,850.0,764.1879272460938,230900,0.0,0.0
2020-04-21,AMRT,810.0,850.0,810.0,850.0,764.1879272460938,7200,0.0,0.0
2020-04-22,AMRT,850.0,870.0,800.0,870.0,782.1689453125,212700,0.0,0.0
2020-04-23,AMRT,870.0,870.0,835.0,860.0,773.178466796875,94200,0.0,0.0
2020-04-24,AMRT,815.0,855.0,815.0,830.0,746.2070922851562,87600,0.0,0.0
2020-04-27,AMRT,830.0,850.0,820.0,840.0,755.1976318359375,21600,0.0,0.0
2020-04-28,AMRT,840.0,870.0,820.0,845.0,759.6928100585938,481900,0.0,0.0
2020-04-29,AMRT,845.0,865.0,790.0,790.0,710.245361328125,126500,0.0,0.0
2020-04-30,AMRT,810.0,870.0,810.0,870.0,782.1689453125,119700,0.0,0.0
2020-05-04,AMRT,870.0,870.0,840.0,870.0,782.1689453125,65700,0.0,0.0
2020-05-05,AMRT,840.0,880.0,840.0,880.0,791.1593017578125,441000,0.0,0.0
2020-05-06,AMRT,880.0,885.0,870.0,880.0,791.1593017578125,82400,0.0,0.0
2020-05-08,AMRT,880.0,880.0,850.0,850.0,764.1879272460938,14900,0.0,0.0
2020-05-11,AMRT,845.0,855.0,845.0,845.0,759.6928100585938,239500,0.0,0.0
2020-05-12,AMRT,840.0,845.0,840.0,840.0,755.1976318359375,24200,0.0,0.0
2020-05-13,AMRT,855.0,855.0,800.0,800.0,719.2357177734375,13200,0.0,0.0
2020-05-14,AMRT,800.0,895.0,800.0,895.0,804.6450805664062,120600,0.0,0.0
2020-05-15,AMRT,895.0,900.0,855.0,900.0,809.140380859375,803500,0.0,0.0
2020-05-18,AMRT,900.0,900.0,870.0,890.0,800.1498413085938,94400,0.0,0.0
2020-05-19,AMRT,890.0,910.0,880.0,910.0,818.1307983398438,312500,0.0,0.0
2020-05-20,AMRT,900.0,910.0,880.0,910.0,818.1307983398438,49600,0.0,0.0
2020-05-26,AMRT,910.0,950.0,910.0,920.0,827.1212158203125,223200,0.0,0.0
2020-05-27,AMRT,925.0,930.0,915.0,915.0,822.6260986328125,734200,0.0,0.0
2020-05-28,AMRT,915.0,920.0,875.0,910.0,830.271728515625,380000,13.38,0.0
2020-05-29,AMRT,910.0,910.0,900.0,910.0,830.271728515625,130900,0.0,0.0
2020-06-02,AMRT,905.0,910.0,885.0,900.0,821.1478881835938,23000,0.0,0.0
2020-06-03,AMRT,900.0,915.0,875.0,890.0,812.0239868164062,69400,0.0,0.0
2020-06-04,AMRT,890.0,915.0,880.0,890.0,812.0239868164062,456000,0.0,0.0
2020-06-05,AMRT,890.0,890.0,875.0,880.0,802.9000854492188,94600,0.0,0.0
2020-06-08,AMRT,880.0,890.0,860.0,865.0,789.2142944335938,464000,0.0,0.0
2020-06-09,AMRT,870.0,870.0,825.0,835.0,761.8427124023438,187000,0.0,0.0
2020-06-10,AMRT,835.0,855.0,835.0,840.0,766.4046630859375,68900,0.0,0.0
2020-06-11,AMRT,845.0,850.0,830.0,830.0,757.2807006835938,33000,0.0,0.0
2020-06-12,AMRT,830.0,840.0,810.0,835.0,761.8427124023438,351600,0.0,0.0
2020-06-15,AMRT,835.0,835.0,790.0,800.0,729.9091796875,744600,0.0,0.0
2020-06-16,AMRT,805.0,810.0,780.0,785.0,716.223388671875,1770100,0.0,0.0
2020-06-17,AMRT,790.0,810.0,785.0,790.0,720.7853393554688,720900,0.0,0.0
2020-06-18,AMRT,790.0,805.0,785.0,790.0,720.7853393554688,552600,0.0,0.0
2020-06-19,AMRT,780.0,795.0,770.0,790.0,720.7853393554688,454000,0.0,0.0
2020-06-22,AMRT,790.0,800.0,785.0,790.0,720.7853393554688,87800,0.0,0.0
2020-06-23,AMRT,800.0,800.0,780.0,785.0,716.223388671875,186000,0.0,0.0
2020-06-24,AMRT,785.0,800.0,785.0,795.0,725.3473510742188,143600,0.0,0.0
2020-06-25,AMRT,795.0,800.0,780.0,795.0,725.3473510742188,336300,0.0,0.0
2020-06-26,AMRT,790.0,800.0,780.0,785.0,716.223388671875,121800,0.0,0.0
2020-06-29,AMRT,785.0,795.0,775.0,790.0,720.7853393554688,144100,0.0,0.0
2020-06-30,AMRT,795.0,840.0,790.0,795.0,725.3473510742188,893500,0.0,0.0
2020-07-01,AMRT,795.0,815.0,785.0,795.0,725.3473510742188,500300,0.0,0.0
2020-07-02,AMRT,795.0,805.0,790.0,795.0,725.3473510742188,72600,0.0,0.0
2020-07-03,AMRT,795.0,800.0,785.0,790.0,720.7853393554688,107000,0.0,0.0
2020-07-06,AMRT,795.0,805.0,790.0,795.0,725.3473510742188,177300,0.0,0.0
2020-07-07,AMRT,795.0,805.0,785.0,790.0,720.7853393554688,1326300,0.0,0.0
2020-07-08,AMRT,790.0,800.0,785.0,790.0,720.7853393554688,251100,0.0,0.0
2020-07-09,AMRT,790.0,790.0,785.0,785.0,716.223388671875,1363600,0.0,0.0
2020-07-10,AMRT,785.0,785.0,780.0,780.0,711.6614379882812,437200,0.0,0.0
2020-07-13,AMRT,780.0,785.0,775.0,775.0,707.0995483398438,156100,0.0,0.0
2020-07-14,AMRT,780.0,785.0,770.0,775.0,707.0995483398438,228600,0.0,0.0
2020-07-15,AMRT,775.0,780.0,755.0,760.0,693.4137573242188,1006700,0.0,0.0
2020-07-16,AMRT,760.0,760.0,740.0,750.0,684.2899169921875,1113300,0.0,0.0
2020-07-17,AMRT,750.0,760.0,740.0,745.0,679.72802734375,1359700,0.0,0.0
2020-07-20,AMRT,745.0,755.0,740.0,755.0,688.8517456054688,446400,0.0,0.0
2020-07-21,AMRT,755.0,760.0,740.0,750.0,684.2899169921875,407400,0.0,0.0
2020-07-22,AMRT,755.0,760.0,745.0,750.0,684.2899169921875,125600,0.0,0.0
2020-07-23,AMRT,750.0,750.0,745.0,750.0,684.2899169921875,346900,0.0,0.0
2020-07-24,AMRT,750.0,755.0,745.0,745.0,679.72802734375,540500,0.0,0.0
2020-07-27,AMRT,750.0,750.0,740.0,750.0,684.2899169921875,108100,0.0,0.0
2020-07-28,AMRT,750.0,750.0,740.0,750.0,684.2899169921875,122000,0.0,0.0
2020-07-29,AMRT,750.0,750.0,740.0,745.0,679.72802734375,98500,0.0,0.0
2020-07-30,AMRT,745.0,750.0,740.0,740.0,675.166015625,247400,0.0,0.0
2020-08-03,AMRT,740.0,745.0,700.0,720.0,656.9183349609375,655300,0.0,0.0
2020-08-04,AMRT,720.0,750.0,715.0,745.0,679.72802734375,483400,0.0,0.0
2020-08-05,AMRT,745.0,760.0,745.0,755.0,688.8517456054688,827500,0.0,0.0
2020-08-06,AMRT,755.0,755.0,720.0,730.0,666.0421752929688,1092700,0.0,0.0
2020-08-07,AMRT,740.0,750.0,735.0,735.0,670.6041259765625,958300,0.0,0.0
2020-08-10,AMRT,755.0,755.0,720.0,725.0,661.4801635742188,411900,0.0,0.0
2020-08-11,AMRT,730.0,735.0,725.0,730.0,666.0421752929688,678100,0.0,0.0
2020-08-12,AMRT,735.0,740.0,725.0,725.0,661.4801635742188,336700,0.0,0.0
2020-08-13,AMRT,725.0,735.0,725.0,725.0,661.4801635742188,435100,0.0,0.0
2020-08-14,AMRT,725.0,725.0,715.0,725.0,661.4801635742188,330500,0.0,0.0
2020-08-18,AMRT,720.0,725.0,720.0,725.0,661.4801635742188,447100,0.0,0.0
2020-08-19,AMRT,725.0,725.0,720.0,720.0,656.9183349609375,852400,0.0,0.0
2020-08-24,AMRT,720.0,730.0,720.0,725.0,661.4801635742188,318800,0.0,0.0
2020-08-25,AMRT,725.0,755.0,720.0,755.0,688.8517456054688,1406600,0.0,0.0
2020-08-26,AMRT,755.0,755.0,725.0,725.0,661.4801635742188,623300,0.0,0.0
2020-08-27,AMRT,730.0,730.0,720.0,720.0,656.9183349609375,955000,0.0,0.0
2020-08-28,AMRT,725.0,730.0,720.0,720.0,656.9183349609375,227000,0.0,0.0
2020-08-31,AMRT,720.0,725.0,710.0,715.0,652.3563842773438,1379100,0.0,0.0
2020-09-01,AMRT,725.0,725.0,705.0,705.0,643.2324829101562,211200,0.0,0.0
2020-09-02,AMRT,710.0,715.0,700.0,700.0,638.6705322265625,3876500,0.0,0.0
2020-09-03,AMRT,700.0,710.0,700.0,700.0,638.6705322265625,238100,0.0,0.0
2020-09-04,AMRT,700.0,710.0,700.0,705.0,643.2324829101562,442800,0.0,0.0
2020-09-07,AMRT,700.0,710.0,700.0,710.0,647.7943725585938,324800,0.0,0.0
2020-09-08,AMRT,710.0,710.0,700.0,700.0,638.6705322265625,828800,0.0,0.0
2020-09-09,AMRT,700.0,705.0,700.0,700.0,638.6705322265625,533900,0.0,0.0
2020-09-10,AMRT,700.0,705.0,685.0,690.0,629.5466918945312,1736700,0.0,0.0
2020-09-11,AMRT,685.0,700.0,660.0,695.0,634.108642578125,306900,0.0,0.0
2020-09-14,AMRT,700.0,710.0,695.0,705.0,643.2324829101562,207200,0.0,0.0
2020-09-15,AMRT,705.0,710.0,690.0,700.0,638.6705322265625,193400,0.0,0.0
2020-09-16,AMRT,700.0,700.0,690.0,690.0,629.5466918945312,506200,0.0,0.0
2020-09-17,AMRT,690.0,700.0,680.0,680.0,620.4228515625,616300,0.0,0.0
2020-09-18,AMRT,680.0,695.0,675.0,680.0,620.4228515625,804000,0.0,0.0
2020-09-21,AMRT,695.0,695.0,675.0,675.0,615.8609008789062,1697600,0.0,0.0
2020-09-22,AMRT,675.0,680.0,655.0,670.0,611.299072265625,158400,0.0,0.0
2020-09-23,AMRT,670.0,675.0,655.0,670.0,611.299072265625,432100,0.0,0.0
2020-09-24,AMRT,670.0,675.0,660.0,660.0,602.1751098632812,171400,0.0,0.0
2020-09-25,AMRT,660.0,675.0,655.0,675.0,615.8609008789062,53000,0.0,0.0
2020-09-28,AMRT,680.0,685.0,670.0,675.0,615.8609008789062,51000,0.0,0.0
2020-09-29,AMRT,675.0,680.0,665.0,665.0,606.737060546875,222400,0.0,0.0
2020-09-30,AMRT,675.0,675.0,665.0,665.0,606.737060546875,88500,0.0,0.0
2020-10-01,AMRT,670.0,685.0,660.0,670.0,611.299072265625,594600,0.0,0.0
2020-10-02,AMRT,670.0,675.0,670.0,675.0,615.8609008789062,27500,0.0,0.0
2020-10-05,AMRT,675.0,675.0,665.0,670.0,611.299072265625,17600,0.0,0.0
2020-10-06,AMRT,675.0,685.0,670.0,685.0,624.9848022460938,106700,0.0,0.0
2020-10-07,AMRT,685.0,700.0,680.0,685.0,624.9848022460938,126800,0.0,0.0
2020-10-08,AMRT,685.0,690.0,680.0,685.0,624.9848022460938,40700,0.0,0.0
2020-10-09,AMRT,685.0,685.0,675.0,675.0,615.8609008789062,59600,0.0,0.0
2020-10-12,AMRT,675.0,680.0,675.0,675.0,615.8609008789062,147100,0.0,0.0
2020-10-13,AMRT,675.0,680.0,670.0,675.0,615.8609008789062,267700,0.0,0.0
2020-10-14,AMRT,680.0,685.0,670.0,670.0,611.299072265625,447300,0.0,0.0
2020-10-15,AMRT,670.0,680.0,670.0,670.0,611.299072265625,977000,0.0,0.0
2020-10-16,AMRT,670.0,675.0,655.0,665.0,606.737060546875,390700,0.0,0.0
2020-10-19,AMRT,665.0,670.0,660.0,670.0,611.299072265625,231900,0.0,0.0
2020-10-20,AMRT,670.0,690.0,660.0,675.0,615.8609008789062,119800,0.0,0.0
2020-10-21,AMRT,675.0,680.0,665.0,675.0,615.8609008789062,88100,0.0,0.0
2020-10-22,AMRT,675.0,685.0,670.0,675.0,615.8609008789062,417800,0.0,0.0
2020-10-23,AMRT,680.0,680.0,670.0,675.0,615.8609008789062,53500,0.0,0.0
2020-10-26,AMRT,675.0,685.0,670.0,675.0,615.8609008789062,175000,0.0,0.0
2020-10-27,AMRT,675.0,695.0,670.0,680.0,620.4228515625,130200,0.0,0.0
2020-11-02,AMRT,680.0,700.0,680.0,690.0,629.5466918945312,140600,0.0,0.0
2020-11-03,AMRT,685.0,700.0,685.0,690.0,629.5466918945312,460100,0.0,0.0
2020-11-04,AMRT,690.0,710.0,690.0,700.0,638.6705322265625,377000,0.0,0.0
2020-11-05,AMRT,705.0,725.0,705.0,720.0,656.9183349609375,680500,0.0,0.0
2020-11-06,AMRT,725.0,725.0,710.0,715.0,652.3563842773438,667800,0.0,0.0
2020-11-09,AMRT,715.0,720.0,700.0,720.0,656.9183349609375,444400,0.0,0.0
2020-11-10,AMRT,720.0,740.0,705.0,740.0,675.166015625,812500,0.0,0.0
2020-11-11,AMRT,740.0,750.0,720.0,730.0,666.0421752929688,690200,0.0,0.0
2020-11-12,AMRT,730.0,740.0,710.0,710.0,647.7943725585938,317300,0.0,0.0
2020-11-13,AMRT,710.0,725.0,700.0,725.0,661.4801635742188,251400,0.0,0.0
2020-11-16,AMRT,725.0,735.0,720.0,730.0,666.0421752929688,260900,0.0,0.0
2020-11-17,AMRT,730.0,730.0,720.0,720.0,656.9183349609375,393200,0.0,0.0
2020-11-18,AMRT,720.0,725.0,715.0,720.0,656.9183349609375,613100,0.0,0.0
2020-11-19,AMRT,725.0,725.0,710.0,715.0,652.3563842773438,1489600,0.0,0.0
2020-11-20,AMRT,715.0,720.0,705.0,705.0,643.2324829101562,949600,0.0,0.0
2020-11-23,AMRT,705.0,710.0,695.0,710.0,647.7943725585938,1188100,0.0,0.0
2020-11-24,AMRT,715.0,720.0,710.0,710.0,647.7943725585938,1204200,0.0,0.0
2020-11-25,AMRT,715.0,730.0,710.0,710.0,647.7943725585938,1690100,0.0,0.0
2020-11-26,AMRT,715.0,715.0,705.0,710.0,647.7943725585938,542400,0.0,0.0
2020-11-27,AMRT,710.0,715.0,705.0,715.0,652.3563842773438,895400,0.0,0.0
2020-11-30,AMRT,715.0,715.0,700.0,710.0,647.7943725585938,2445200,0.0,0.0
2020-12-01,AMRT,710.0,715.0,700.0,710.0,647.7943725585938,854200,0.0,0.0
2020-12-02,AMRT,715.0,715.0,705.0,715.0,652.3563842773438,230500,0.0,0.0
2020-12-03,AMRT,715.0,715.0,705.0,710.0,647.7943725585938,526000,0.0,0.0
2020-12-04,AMRT,705.0,715.0,700.0,715.0,652.3563842773438,1672800,0.0,0.0
2020-12-07,AMRT,720.0,765.0,710.0,750.0,684.2899169921875,9581800,0.0,0.0
2020-12-08,AMRT,760.0,770.0,740.0,740.0,675.166015625,2564600,0.0,0.0
2020-12-10,AMRT,745.0,755.0,720.0,730.0,666.0421752929688,3039900,0.0,0.0
2020-12-11,AMRT,730.0,735.0,720.0,730.0,666.0421752929688,2146400,0.0,0.0
2020-12-14,AMRT,730.0,735.0,720.0,730.0,671.5896606445312,1085000,6.03,0.0
2020-12-15,AMRT,730.0,745.0,730.0,735.0,676.1895751953125,1799600,0.0,0.0
2020-12-16,AMRT,740.0,750.0,730.0,735.0,676.1895751953125,1730100,0.0,0.0
2020-12-17,AMRT,735.0,750.0,725.0,725.0,666.9896850585938,3908200,0.0,0.0
2020-12-18,AMRT,730.0,745.0,725.0,730.0,671.5896606445312,4882400,0.0,0.0
2020-12-21,AMRT,735.0,750.0,730.0,745.0,685.3894653320312,2141500,0.0,0.0
2020-12-22,AMRT,750.0,755.0,720.0,730.0,671.5896606445312,4229100,0.0,0.0
2020-12-23,AMRT,730.0,765.0,715.0,765.0,703.7891845703125,7808200,0.0,0.0
2020-12-28,AMRT,770.0,885.0,765.0,860.0,791.1878051757812,25771900,0.0,0.0
2020-12-29,AMRT,870.0,875.0,815.0,840.0,772.7880249023438,5176600,0.0,0.0
2020-12-30,AMRT,840.0,850.0,790.0,800.0,735.9885864257812,3188100,0.0,0.0
2021-01-04,AMRT,810.0,840.0,765.0,800.0,735.9885864257812,1572500,0.0,0.0
2021-01-05,AMRT,800.0,820.0,780.0,785.0,722.1888427734375,2710000,0.0,0.0
2021-01-06,AMRT,800.0,800.0,740.0,780.0,717.5889282226562,1461800,0.0,0.0
2021-01-07,AMRT,780.0,780.0,750.0,765.0,703.7891845703125,1521900,0.0,0.0
2021-01-08,AMRT,765.0,785.0,765.0,775.0,712.9890747070312,1427400,0.0,0.0
2021-01-11,AMRT,775.0,795.0,770.0,780.0,717.5889282226562,409400,0.0,0.0
2021-01-12,AMRT,785.0,795.0,760.0,765.0,703.7891845703125,901700,0.0,0.0
2021-01-13,AMRT,765.0,800.0,760.0,795.0,731.3887329101562,2972600,0.0,0.0
2021-01-14,AMRT,800.0,835.0,790.0,835.0,768.1881713867188,1785700,0.0,0.0
2021-01-15,AMRT,835.0,840.0,800.0,810.0,745.1885375976562,543700,0.0,0.0
2021-01-18,AMRT,810.0,815.0,790.0,795.0,731.3887329101562,772700,0.0,0.0
2021-01-19,AMRT,800.0,805.0,790.0,790.0,726.788818359375,380800,0.0,0.0
2021-01-20,AMRT,795.0,800.0,790.0,790.0,726.788818359375,107300,0.0,0.0
2021-01-21,AMRT,800.0,810.0,790.0,800.0,735.9885864257812,810600,0.0,0.0
2021-01-22,AMRT,800.0,820.0,790.0,790.0,726.788818359375,1126700,0.0,0.0
2021-01-25,AMRT,790.0,815.0,780.0,810.0,745.1885375976562,2921300,0.0,0.0
2021-01-26,AMRT,810.0,830.0,795.0,800.0,735.9885864257812,835000,0.0,0.0
2021-01-27,AMRT,800.0,805.0,795.0,795.0,731.3887329101562,665700,0.0,0.0
2021-01-28,AMRT,795.0,850.0,775.0,795.0,731.3887329101562,6381800,0.0,0.0
2021-01-29,AMRT,795.0,810.0,780.0,780.0,717.5889282226562,907300,0.0,0.0
2021-02-01,AMRT,785.0,790.0,780.0,780.0,717.5889282226562,452400,0.0,0.0
2021-02-02,AMRT,780.0,800.0,780.0,785.0,722.1888427734375,408600,0.0,0.0
2021-02-03,AMRT,785.0,795.0,780.0,780.0,717.5889282226562,301200,0.0,0.0
2021-02-04,AMRT,785.0,795.0,780.0,780.0,717.5889282226562,304700,0.0,0.0
2021-02-05,AMRT,780.0,800.0,780.0,780.0,717.5889282226562,399100,0.0,0.0
2021-02-08,AMRT,785.0,800.0,780.0,780.0,717.5889282226562,273400,0.0,0.0
2021-02-09,AMRT,780.0,795.0,780.0,780.0,717.5889282226562,448000,0.0,0.0
2021-02-10,AMRT,780.0,800.0,780.0,800.0,735.9885864257812,332000,0.0,0.0
2021-02-11,AMRT,800.0,805.0,790.0,800.0,735.9885864257812,155100,0.0,0.0
2021-02-15,AMRT,800.0,805.0,790.0,790.0,726.788818359375,218000,0.0,0.0
2021-02-16,AMRT,790.0,795.0,780.0,790.0,726.788818359375,345200,0.0,0.0
2021-02-17,AMRT,795.0,795.0,780.0,780.0,717.5889282226562,238600,0.0,0.0
2021-02-18,AMRT,780.0,830.0,780.0,810.0,745.1885375976562,4367200,0.0,0.0
2021-02-19,AMRT,810.0,825.0,800.0,800.0,735.9885864257812,289900,0.0,0.0
2021-02-22,AMRT,800.0,975.0,800.0,880.0,809.5875854492188,22370400,0.0,0.0
2021-02-23,AMRT,880.0,885.0,820.0,870.0,800.3876342773438,6372300,0.0,0.0
2021-02-24,AMRT,870.0,1025.0,845.0,1005.0,924.585693359375,15086900,0.0,0.0
2021-02-25,AMRT,1005.0,1140.0,995.0,1010.0,929.1856079101562,19840400,0.0,0.0
2021-02-26,AMRT,1010.0,1045.0,945.0,1020.0,938.3855590820312,6524700,0.0,0.0
2021-03-01,AMRT,1020.0,1120.0,1020.0,1065.0,979.784912109375,9208000,0.0,0.0
2021-03-02,AMRT,1065.0,1070.0,995.0,995.0,915.3858642578125,5077800,0.0,0.0
2021-03-03,AMRT,995.0,1000.0,930.0,940.0,864.78662109375,6179500,0.0,0.0
2021-03-04,AMRT,940.0,940.0,895.0,905.0,832.587158203125,2224500,0.0,0.0
2021-03-05,AMRT,905.0,950.0,875.0,950.0,873.9864501953125,2041600,0.0,0.0
2021-03-08,AMRT,970.0,975.0,900.0,945.0,869.3865966796875,2650800,0.0,0.0
2021-03-09,AMRT,945.0,945.0,905.0,920.0,846.3870239257812,1178900,0.0,0.0
2021-03-10,AMRT,935.0,1100.0,900.0,985.0,906.18603515625,21225400,0.0,0.0
2021-03-12,AMRT,990.0,1020.0,965.0,985.0,906.18603515625,4791400,0.0,0.0
2021-03-15,AMRT,985.0,995.0,950.0,980.0,901.5861206054688,2593500,0.0,0.0
2021-03-16,AMRT,980.0,1180.0,960.0,1015.0,933.78564453125,56781400,0.0,0.0
2021-03-17,AMRT,1025.0,1025.0,965.0,970.0,892.38623046875,6861900,0.0,0.0
2021-03-18,AMRT,975.0,995.0,950.0,970.0,892.38623046875,2931700,0.0,0.0
2021-03-19,AMRT,980.0,1000.0,960.0,985.0,906.18603515625,6542700,0.0,0.0
2021-03-22,AMRT,995.0,995.0,950.0,955.0,878.5864868164062,3888800,0.0,0.0
2021-03-23,AMRT,960.0,965.0,905.0,905.0,832.587158203125,5047200,0.0,0.0
2021-03-24,AMRT,910.0,910.0,870.0,905.0,832.587158203125,3098600,0.0,0.0
2021-03-25,AMRT,915.0,945.0,890.0,890.0,818.7874145507812,4701700,0.0,0.0
2021-03-26,AMRT,890.0,910.0,885.0,890.0,818.7874145507812,5815500,0.0,0.0
2021-03-29,AMRT,890.0,905.0,880.0,890.0,818.7874145507812,2956700,0.0,0.0
2021-03-30,AMRT,890.0,895.0,860.0,860.0,791.1878051757812,2913500,0.0,0.0
2021-03-31,AMRT,860.0,925.0,860.0,900.0,827.9873046875,8475100,0.0,0.0
2021-04-01,AMRT,900.0,905.0,870.0,885.0,814.1874389648438,3131900,0.0,0.0
2021-04-05,AMRT,895.0,905.0,865.0,870.0,800.3876342773438,3913400,0.0,0.0
2021-04-06,AMRT,875.0,920.0,865.0,895.0,823.3873291015625,2997800,0.0,0.0
2021-04-07,AMRT,900.0,960.0,890.0,945.0,869.3865966796875,9855100,0.0,0.0
2021-04-08,AMRT,960.0,1025.0,950.0,995.0,915.3858642578125,57347700,0.0,0.0
2021-04-09,AMRT,1010.0,1010.0,965.0,975.0,896.9861450195312,21698200,0.0,0.0
2021-04-12,AMRT,1000.0,1025.0,960.0,970.0,892.38623046875,18787600,0.0,0.0
2021-04-13,AMRT,970.0,980.0,945.0,950.0,873.9864501953125,3909000,0.0,0.0
2021-04-14,AMRT,950.0,1000.0,945.0,980.0,901.5861206054688,9113400,0.0,0.0
2021-04-15,AMRT,980.0,990.0,960.0,970.0,892.38623046875,4428500,0.0,0.0
2021-04-16,AMRT,970.0,985.0,960.0,965.0,887.786376953125,4154500,0.0,0.0
2021-04-19,AMRT,965.0,970.0,925.0,925.0,850.9869384765625,6366200,0.0,0.0
2021-04-20,AMRT,920.0,940.0,905.0,910.0,837.1871337890625,3096500,0.0,0.0
2021-04-21,AMRT,920.0,945.0,905.0,920.0,846.3870239257812,3075900,0.0,0.0
2021-04-22,AMRT,930.0,960.0,920.0,950.0,873.9864501953125,6685800,0.0,0.0
2021-04-23,AMRT,950.0,985.0,940.0,960.0,883.1864013671875,19126100,0.0,0.0
2021-04-26,AMRT,960.0,970.0,940.0,945.0,869.3865966796875,11578400,0.0,0.0
2021-04-27,AMRT,940.0,950.0,910.0,920.0,846.3870239257812,4487700,0.0,0.0
2021-04-28,AMRT,920.0,930.0,920.0,925.0,850.9869384765625,1320700,0.0,0.0
2021-04-29,AMRT,935.0,945.0,915.0,925.0,850.9869384765625,2610000,0.0,0.0
2021-04-30,AMRT,925.0,955.0,920.0,950.0,873.9864501953125,2058100,0.0,0.0
2021-05-03,AMRT,950.0,960.0,935.0,935.0,860.186767578125,2606200,0.0,0.0
2021-05-04,AMRT,935.0,945.0,920.0,935.0,860.186767578125,4548900,0.0,0.0
2021-05-05,AMRT,940.0,950.0,930.0,935.0,860.186767578125,2537900,0.0,0.0
2021-05-06,AMRT,935.0,950.0,930.0,940.0,864.78662109375,5056800,0.0,0.0
2021-05-07,AMRT,940.0,985.0,930.0,935.0,860.186767578125,26412500,0.0,0.0
2021-05-10,AMRT,935.0,945.0,905.0,915.0,841.787109375,7147500,0.0,0.0
2021-05-11,AMRT,915.0,925.0,900.0,905.0,832.587158203125,2792600,0.0,0.0
2021-05-17,AMRT,905.0,915.0,875.0,880.0,809.5875854492188,9114900,0.0,0.0
2021-05-18,AMRT,880.0,895.0,870.0,895.0,823.3873291015625,3501100,0.0,0.0
2021-05-19,AMRT,900.0,920.0,880.0,895.0,823.3873291015625,4847000,0.0,0.0
2021-05-20,AMRT,895.0,935.0,895.0,925.0,859.92236328125,7304400,9.3,0.0
2021-05-21,AMRT,925.0,940.0,920.0,925.0,859.92236328125,3312100,0.0,0.0
2021-05-24,AMRT,925.0,935.0,895.0,905.0,841.3295288085938,1791700,0.0,0.0
2021-05-25,AMRT,905.0,935.0,905.0,935.0,869.2188720703125,2150600,0.0,0.0
2021-05-27,AMRT,935.0,960.0,905.0,910.0,845.9777221679688,11458000,0.0,0.0
2021-05-28,AMRT,915.0,925.0,905.0,910.0,845.9777221679688,6601200,0.0,0.0
2021-05-31,AMRT,920.0,920.0,905.0,905.0,841.3295288085938,1805100,0.0,0.0
2021-06-02,AMRT,905.0,925.0,905.0,910.0,845.9777221679688,4142000,0.0,0.0
2021-06-03,AMRT,910.0,925.0,910.0,910.0,845.9777221679688,7875000,0.0,0.0
2021-06-04,AMRT,915.0,935.0,910.0,910.0,845.9777221679688,3641600,0.0,0.0
2021-06-07,AMRT,910.0,950.0,910.0,910.0,845.9777221679688,29049900,0.0,0.0
2021-06-08,AMRT,920.0,975.0,920.0,970.0,901.7564697265625,167442200,0.0,0.0
2021-06-09,AMRT,1000.0,1185.0,970.0,1115.0,1036.5550537109375,436298800,0.0,0.0
2021-06-10,AMRT,1130.0,1250.0,1125.0,1230.0,1143.46435546875,312973400,0.0,0.0
2021-06-11,AMRT,1245.0,1280.0,1155.0,1215.0,1129.519775390625,184959000,0.0,0.0
2021-06-14,AMRT,1215.0,1255.0,1135.0,1160.0,1078.38916015625,103192600,0.0,0.0
2021-06-15,AMRT,1180.0,1230.0,1135.0,1165.0,1083.0374755859375,161176500,0.0,0.0
2021-06-16,AMRT,1175.0,1250.0,1170.0,1230.0,1143.46435546875,151724800,0.0,0.0
2021-06-17,AMRT,1230.0,1315.0,1215.0,1240.0,1152.7607421875,143814200,0.0,0.0
2021-06-18,AMRT,1240.0,1270.0,1200.0,1245.0,1157.408935546875,61945500,0.0,0.0
2021-06-21,AMRT,1210.0,1270.0,1180.0,1205.0,1120.22314453125,85383300,0.0,0.0
2021-06-22,AMRT,1215.0,1335.0,1205.0,1250.0,1162.05712890625,182934600,0.0,0.0
2021-06-23,AMRT,1260.0,1315.0,1245.0,1285.0,1194.594970703125,126651000,0.0,0.0
2021-06-24,AMRT,1295.0,1305.0,1265.0,1265.0,1176.001953125,55613900,0.0,0.0
2021-06-25,AMRT,1280.0,1325.0,1250.0,1280.0,1189.9466552734375,64060700,0.0,0.0
2021-06-28,AMRT,1280.0,1320.0,1240.0,1240.0,1152.7607421875,58561400,0.0,0.0
2021-06-29,AMRT,1250.0,1265.0,1215.0,1245.0,1157.408935546875,49346500,0.0,0.0
2021-06-30,AMRT,1250.0,1285.0,1245.0,1250.0,1162.05712890625,30297200,0.0,0.0
2021-07-01,AMRT,1265.0,1305.0,1240.0,1245.0,1157.408935546875,51371300,0.0,0.0
2021-07-02,AMRT,1250.0,1260.0,1230.0,1245.0,1157.408935546875,41231600,0.0,0.0
2021-07-05,AMRT,1255.0,1280.0,1235.0,1250.0,1162.05712890625,39523800,0.0,0.0
2021-07-06,AMRT,1260.0,1375.0,1250.0,1345.0,1250.3736572265625,188505600,0.0,0.0
2021-07-07,AMRT,1370.0,1400.0,1320.0,1340.0,1245.7254638671875,115700200,0.0,0.0
2021-07-08,AMRT,1350.0,1365.0,1320.0,1335.0,1241.0772705078125,56209600,0.0,0.0
2021-07-09,AMRT,1340.0,1360.0,1325.0,1355.0,1259.6700439453125,37273300,0.0,0.0
2021-07-12,AMRT,1360.0,1405.0,1345.0,1365.0,1268.966552734375,92253200,0.0,0.0
2021-07-13,AMRT,1370.0,1380.0,1285.0,1315.0,1222.4842529296875,83784400,0.0,0.0
2021-07-14,AMRT,1315.0,1350.0,1230.0,1295.0,1203.891357421875,52934700,0.0,0.0
2021-07-15,AMRT,1300.0,1340.0,1295.0,1305.0,1213.1878662109375,22581500,0.0,0.0
2021-07-16,AMRT,1310.0,1335.0,1290.0,1290.0,1199.2431640625,13792900,0.0,0.0
2021-07-19,AMRT,1290.0,1310.0,1255.0,1255.0,1166.7054443359375,14264400,0.0,0.0
2021-07-21,AMRT,1255.0,1265.0,1230.0,1230.0,1143.46435546875,16522500,0.0,0.0
2021-07-22,AMRT,1230.0,1265.0,1190.0,1255.0,1166.7054443359375,24582600,0.0,0.0
2021-07-23,AMRT,1265.0,1270.0,1210.0,1240.0,1152.7607421875,14460000,0.0,0.0
2021-07-26,AMRT,1260.0,1270.0,1210.0,1255.0,1166.7054443359375,10180400,0.0,0.0
2021-07-27,AMRT,1265.0,1290.0,1240.0,1255.0,1166.7054443359375,21357900,0.0,0.0
2021-07-28,AMRT,1255.0,1430.0,1250.0,1385.0,1287.559326171875,84628600,0.0,0.0
2021-07-29,AMRT,1385.0,1425.0,1335.0,1380.0,1282.9112548828125,48500400,0.0,0.0
2021-07-30,AMRT,1380.0,1390.0,1305.0,1350.0,1255.0218505859375,26271600,0.0,0.0
2021-08-02,AMRT,1360.0,1450.0,1335.0,1425.0,1324.7452392578125,44984700,0.0,0.0
2021-08-03,AMRT,1410.0,1435.0,1350.0,1385.0,1287.559326171875,31317400,0.0,0.0
2021-08-04,AMRT,1380.0,1395.0,1355.0,1375.0,1278.2630615234375,10647000,0.0,0.0
2021-08-05,AMRT,1375.0,1390.0,1345.0,1350.0,1255.0218505859375,11122600,0.0,0.0
2021-08-06,AMRT,1350.0,1380.0,1345.0,1365.0,1268.966552734375,8457500,0.0,0.0
2021-08-09,AMRT,1370.0,1475.0,1365.0,1440.0,1338.6900634765625,63181200,0.0,0.0
2021-08-10,AMRT,1445.0,1470.0,1375.0,1440.0,1338.6900634765625,19312100,0.0,0.0
2021-08-12,AMRT,1450.0,1550.0,1385.0,1400.0,1301.504150390625,39333400,0.0,0.0
2021-08-13,AMRT,1405.0,1420.0,1375.0,1405.0,1306.1524658203125,14861800,0.0,0.0
2021-08-16,AMRT,1405.0,1425.0,1350.0,1405.0,1306.1524658203125,23878400,0.0,0.0
2021-08-18,AMRT,1405.0,1405.0,1310.0,1310.0,1217.8359375,63633400,0.0,0.0
2021-08-19,AMRT,1310.0,1345.0,1220.0,1230.0,1143.46435546875,32771000,0.0,0.0
2021-08-20,AMRT,1230.0,1325.0,1230.0,1290.0,1199.2431640625,25787000,0.0,0.0
2021-08-23,AMRT,1290.0,1310.0,1200.0,1200.0,1115.5750732421875,24668700,0.0,0.0
2021-08-24,AMRT,1225.0,1330.0,1210.0,1295.0,1203.891357421875,23666300,0.0,0.0
2021-08-25,AMRT,1295.0,1305.0,1265.0,1270.0,1180.6502685546875,26510200,0.0,0.0
2021-08-26,AMRT,1270.0,1285.0,1240.0,1280.0,1189.9466552734375,13510600,0.0,0.0
2021-08-27,AMRT,1280.0,1290.0,1250.0,1290.0,1199.2431640625,13665700,0.0,0.0
2021-08-30,AMRT,1310.0,1350.0,1300.0,1330.0,1236.428955078125,28046900,0.0,0.0
2021-08-31,AMRT,1330.0,1350.0,1290.0,1350.0,1255.0218505859375,21932400,0.0,0.0
2021-09-01,AMRT,1350.0,1360.0,1285.0,1300.0,1208.5396728515625,16200400,0.0,0.0
2021-09-02,AMRT,1300.0,1325.0,1280.0,1305.0,1213.1878662109375,8446800,0.0,0.0
2021-09-03,AMRT,1345.0,1350.0,1300.0,1350.0,1255.0218505859375,5809400,0.0,0.0
2021-09-06,AMRT,1350.0,1360.0,1330.0,1345.0,1250.3736572265625,12744400,0.0,0.0
2021-09-07,AMRT,1350.0,1360.0,1340.0,1350.0,1255.0218505859375,6304600,0.0,0.0
2021-09-08,AMRT,1350.0,1360.0,1335.0,1350.0,1255.0218505859375,6447900,0.0,0.0
2021-09-09,AMRT,1350.0,1405.0,1345.0,1360.0,1264.318359375,24722300,0.0,0.0
2021-09-10,AMRT,1360.0,1390.0,1360.0,1365.0,1268.966552734375,2891800,0.0,0.0
2021-09-13,AMRT,1365.0,1390.0,1340.0,1380.0,1282.9112548828125,3872800,0.0,0.0
2021-09-14,AMRT,1380.0,1425.0,1360.0,1380.0,1282.9112548828125,16777200,0.0,0.0
2021-09-15,AMRT,1380.0,1415.0,1375.0,1385.0,1287.559326171875,8638500,0.0,0.0
2021-09-16,AMRT,1390.0,1395.0,1365.0,1375.0,1278.2630615234375,6247100,0.0,0.0
2021-09-17,AMRT,1370.0,1435.0,1370.0,1435.0,1334.0418701171875,27897200,0.0,0.0
2021-09-20,AMRT,1410.0,1420.0,1355.0,1370.0,1273.61474609375,10782300,0.0,0.0
2021-09-21,AMRT,1370.0,1410.0,1340.0,1385.0,1287.559326171875,20247300,0.0,0.0
2021-09-22,AMRT,1385.0,1410.0,1360.0,1385.0,1287.559326171875,7483800,0.0,0.0
2021-09-23,AMRT,1385.0,1390.0,1345.0,1380.0,1282.9112548828125,17955600,0.0,0.0
2021-09-24,AMRT,1380.0,1390.0,1315.0,1330.0,1236.428955078125,14493500,0.0,0.0
2021-09-27,AMRT,1330.0,1395.0,1310.0,1395.0,1296.85595703125,9785000,0.0,0.0
2021-09-28,AMRT,1400.0,1400.0,1360.0,1395.0,1296.85595703125,12734200,0.0,0.0
2021-09-29,AMRT,1395.0,1410.0,1375.0,1405.0,1306.1524658203125,14228200,0.0,0.0
2021-09-30,AMRT,1405.0,1405.0,1335.0,1380.0,1282.9112548828125,16951400,0.0,0.0
2021-10-01,AMRT,1380.0,1380.0,1340.0,1340.0,1245.7254638671875,9935600,0.0,0.0
2021-10-04,AMRT,1345.0,1380.0,1325.0,1330.0,1236.428955078125,6585900,0.0,0.0
2021-10-05,AMRT,1325.0,1350.0,1315.0,1325.0,1231.7806396484375,11287500,0.0,0.0
2021-10-06,AMRT,1325.0,1330.0,1245.0,1305.0,1213.1878662109375,26035100,0.0,0.0
2021-10-07,AMRT,1305.0,1305.0,1270.0,1295.0,1203.891357421875,17525400,0.0,0.0
2021-10-08,AMRT,1295.0,1350.0,1270.0,1290.0,1199.2431640625,12121700,0.0,0.0
2021-10-11,AMRT,1280.0,1300.0,1260.0,1275.0,1185.2984619140625,7967100,0.0,0.0
2021-10-12,AMRT,1260.0,1315.0,1255.0,1260.0,1171.3536376953125,13660000,0.0,0.0
2021-10-13,AMRT,1260.0,1270.0,1175.0,1175.0,1092.3338623046875,27191100,0.0,0.0
2021-10-14,AMRT,1190.0,1275.0,1170.0,1245.0,1157.408935546875,19869300,0.0,0.0
2021-10-15,AMRT,1245.0,1265.0,1220.0,1265.0,1176.001953125,20784700,0.0,0.0
2021-10-18,AMRT,1270.0,1275.0,1220.0,1235.0,1148.112548828125,18147800,0.0,0.0
2021-10-19,AMRT,1235.0,1245.0,1220.0,1220.0,1134.1678466796875,12935000,0.0,0.0
2021-10-21,AMRT,1220.0,1290.0,1220.0,1290.0,1199.2431640625,39196500,0.0,0.0
2021-10-22,AMRT,1290.0,1305.0,1230.0,1245.0,1157.408935546875,16103400,0.0,0.0
2021-10-25,AMRT,1245.0,1260.0,1225.0,1245.0,1157.408935546875,19415700,0.0,0.0
2021-10-26,AMRT,1245.0,1270.0,1245.0,1260.0,1171.3536376953125,13304100,0.0,0.0
2021-10-27,AMRT,1260.0,1260.0,1230.0,1240.0,1152.7607421875,6853400,0.0,0.0
2021-10-28,AMRT,1240.0,1260.0,1180.0,1185.0,1101.63037109375,22704300,0.0,0.0
2021-10-29,AMRT,1185.0,1210.0,1180.0,1195.0,1110.9268798828125,14164400,0.0,0.0
2021-11-01,AMRT,1200.0,1220.0,1195.0,1205.0,1120.22314453125,9877400,0.0,0.0
2021-11-02,AMRT,1205.0,1205.0,1155.0,1155.0,1073.740966796875,14718200,0.0,0.0
2021-11-03,AMRT,1155.0,1185.0,1145.0,1175.0,1092.3338623046875,6879800,0.0,0.0
2021-11-04,AMRT,1175.0,1215.0,1170.0,1200.0,1115.5750732421875,20173800,0.0,0.0
2021-11-05,AMRT,1200.0,1210.0,1190.0,1195.0,1110.9268798828125,3324000,0.0,0.0
2021-11-08,AMRT,1200.0,1215.0,1190.0,1200.0,1115.5750732421875,8534200,0.0,0.0
2021-11-09,AMRT,1200.0,1210.0,1190.0,1190.0,1106.278564453125,5518100,0.0,0.0
2021-11-10,AMRT,1195.0,1215.0,1190.0,1195.0,1110.9268798828125,11673600,0.0,0.0
2021-11-11,AMRT,1195.0,1230.0,1195.0,1205.0,1120.22314453125,11774300,0.0,0.0
2021-11-12,AMRT,1215.0,1250.0,1200.0,1200.0,1115.5750732421875,15146700,0.0,0.0
2021-11-15,AMRT,1210.0,1220.0,1200.0,1200.0,1115.5750732421875,4354600,0.0,0.0
2021-11-16,AMRT,1200.0,1220.0,1170.0,1190.0,1106.278564453125,17051500,0.0,0.0
2021-11-17,AMRT,1190.0,1205.0,1180.0,1180.0,1096.982177734375,10774500,0.0,0.0
2021-11-18,AMRT,1190.0,1225.0,1170.0,1200.0,1115.5750732421875,18803800,0.0,0.0
2021-11-19,AMRT,1220.0,1290.0,1200.0,1265.0,1176.001953125,42202900,0.0,0.0
2021-11-22,AMRT,1270.0,1320.0,1220.0,1305.0,1213.1878662109375,29084700,0.0,0.0
2021-11-23,AMRT,1305.0,1310.0,1240.0,1250.0,1162.05712890625,11870000,0.0,0.0
2021-11-24,AMRT,1250.0,1275.0,1235.0,1270.0,1180.6502685546875,7688300,0.0,0.0
2021-11-25,AMRT,1270.0,1280.0,1220.0,1225.0,1138.816162109375,12093500,0.0,0.0
2021-11-26,AMRT,1225.0,1225.0,1160.0,1165.0,1083.0374755859375,19649500,0.0,0.0
2021-11-29,AMRT,1165.0,1210.0,1150.0,1205.0,1120.22314453125,14832500,0.0,0.0
2021-11-30,AMRT,1205.0,1205.0,1180.0,1180.0,1096.982177734375,15194500,0.0,0.0
2021-12-01,AMRT,1180.0,1195.0,1165.0,1195.0,1110.9268798828125,10425600,0.0,0.0
2021-12-02,AMRT,1195.0,1205.0,1170.0,1185.0,1101.63037109375,7327900,0.0,0.0
2021-12-03,AMRT,1185.0,1195.0,1170.0,1170.0,1087.685546875,4242000,0.0,0.0
2021-12-06,AMRT,1180.0,1190.0,1165.0,1170.0,1087.685546875,7152600,0.0,0.0
2021-12-07,AMRT,1185.0,1200.0,1170.0,1170.0,1087.685546875,8431300,0.0,0.0
2021-12-08,AMRT,1190.0,1195.0,1160.0,1170.0,1087.685546875,7942600,0.0,0.0
2021-12-09,AMRT,1170.0,1195.0,1165.0,1180.0,1096.982177734375,12511500,0.0,0.0
2021-12-10,AMRT,1180.0,1190.0,1160.0,1165.0,1083.0374755859375,10975900,0.0,0.0
2021-12-13,AMRT,1165.0,1185.0,1165.0,1175.0,1092.3338623046875,4489800,0.0,0.0
2021-12-14,AMRT,1175.0,1185.0,1160.0,1165.0,1083.0374755859375,5092700,0.0,0.0
2021-12-15,AMRT,1165.0,1175.0,1165.0,1165.0,1083.0374755859375,3981500,0.0,0.0
2021-12-16,AMRT,1170.0,1185.0,1120.0,1150.0,1069.0926513671875,11972300,0.0,0.0
2021-12-17,AMRT,1155.0,1160.0,1145.0,1150.0,1069.0926513671875,7349500,0.0,0.0
2021-12-20,AMRT,1150.0,1190.0,1145.0,1165.0,1083.0374755859375,9967900,0.0,0.0
2021-12-21,AMRT,1165.0,1195.0,1160.0,1195.0,1110.9268798828125,13460100,0.0,0.0
2021-12-22,AMRT,1205.0,1225.0,1195.0,1215.0,1129.519775390625,13444000,0.0,0.0
2021-12-23,AMRT,1215.0,1225.0,1185.0,1205.0,1120.22314453125,8592200,0.0,0.0
2021-12-24,AMRT,1205.0,1220.0,1175.0,1210.0,1124.8714599609375,10647400,0.0,0.0
2021-12-27,AMRT,1210.0,1225.0,1195.0,1210.0,1124.8714599609375,8990800,0.0,0.0
2021-12-28,AMRT,1210.0,1245.0,1205.0,1220.0,1134.1678466796875,11248200,0.0,0.0
2021-12-29,AMRT,1225.0,1240.0,1215.0,1240.0,1152.7607421875,6289500,0.0,0.0
2021-12-30,AMRT,1245.0,1250.0,1200.0,1215.0,1129.519775390625,10867100,0.0,0.0
2022-01-03,AMRT,1230.0,1245.0,1200.0,1230.0,1143.46435546875,4133400,0.0,0.0
2022-01-04,AMRT,1230.0,1245.0,1185.0,1195.0,1110.9268798828125,8012500,0.0,0.0
2022-01-05,AMRT,1195.0,1210.0,1180.0,1200.0,1115.5750732421875,7546900,0.0,0.0
2022-01-06,AMRT,1200.0,1200.0,1135.0,1155.0,1073.740966796875,9127900,0.0,0.0
2022-01-07,AMRT,1155.0,1170.0,1145.0,1155.0,1073.740966796875,5686400,0.0,0.0
2022-01-10,AMRT,1155.0,1165.0,1130.0,1130.0,1050.499755859375,14151100,0.0,0.0
2022-01-11,AMRT,1130.0,1140.0,1075.0,1095.0,1017.9622192382812,23699600,0.0,0.0
2022-01-12,AMRT,1095.0,1105.0,1090.0,1095.0,1017.9622192382812,8499500,0.0,0.0
2022-01-13,AMRT,1095.0,1105.0,1090.0,1095.0,1017.9622192382812,4172600,0.0,0.0
2022-01-14,AMRT,1095.0,1100.0,1085.0,1090.0,1013.3140258789062,28022600,0.0,0.0
2022-01-17,AMRT,1095.0,1110.0,1085.0,1095.0,1017.9622192382812,16994200,0.0,0.0
2022-01-18,AMRT,1095.0,1105.0,1085.0,1095.0,1017.9622192382812,21398800,0.0,0.0
2022-01-19,AMRT,1095.0,1120.0,1095.0,1120.0,1041.203369140625,3957600,0.0,0.0
2022-01-20,AMRT,1125.0,1130.0,1090.0,1100.0,1022.6105346679688,5235400,0.0,0.0
2022-01-21,AMRT,1095.0,1110.0,1085.0,1095.0,1017.9622192382812,7060900,0.0,0.0
2022-01-24,AMRT,1095.0,1105.0,1035.0,1055.0,980.7764282226562,23905100,0.0,0.0
2022-01-25,AMRT,1055.0,1075.0,1020.0,1020.0,948.2387084960938,29186600,0.0,0.0
2022-01-26,AMRT,1050.0,1185.0,1050.0,1155.0,1073.740966796875,87433200,0.0,0.0
2022-01-27,AMRT,1160.0,1230.0,1115.0,1215.0,1129.519775390625,39054300,0.0,0.0
2022-01-28,AMRT,1215.0,1240.0,1150.0,1205.0,1120.22314453125,34263000,0.0,0.0
2022-01-31,AMRT,1200.0,1210.0,1160.0,1165.0,1083.0374755859375,20592800,0.0,0.0
2022-02-02,AMRT,1160.0,1270.0,1155.0,1265.0,1176.001953125,72750100,0.0,0.0
2022-02-03,AMRT,1265.0,1270.0,1215.0,1250.0,1162.05712890625,31726800,0.0,0.0
2022-02-04,AMRT,1250.0,1280.0,1215.0,1230.0,1143.46435546875,27705300,0.0,0.0
2022-02-07,AMRT,1240.0,1265.0,1230.0,1245.0,1157.408935546875,27631300,0.0,0.0
2022-02-08,AMRT,1250.0,1275.0,1215.0,1225.0,1138.816162109375,28941600,0.0,0.0
2022-02-09,AMRT,1240.0,1295.0,1230.0,1270.0,1180.6502685546875,29502300,0.0,0.0
2022-02-10,AMRT,1275.0,1320.0,1270.0,1275.0,1185.2984619140625,31531800,0.0,0.0
2022-02-11,AMRT,1275.0,1290.0,1230.0,1235.0,1148.112548828125,13708500,0.0,0.0
2022-02-14,AMRT,1235.0,1240.0,1195.0,1225.0,1138.816162109375,10078400,0.0,0.0
2022-02-15,AMRT,1220.0,1260.0,1210.0,1215.0,1129.519775390625,8341100,0.0,0.0
2022-02-16,AMRT,1225.0,1230.0,1185.0,1190.0,1106.278564453125,10481500,0.0,0.0
2022-02-17,AMRT,1190.0,1210.0,1155.0,1165.0,1083.0374755859375,14779600,0.0,0.0
2022-02-18,AMRT,1160.0,1215.0,1155.0,1200.0,1115.5750732421875,16737200,0.0,0.0
2022-02-21,AMRT,1200.0,1200.0,1155.0,1160.0,1078.38916015625,11149700,0.0,0.0
2022-02-22,AMRT,1155.0,1180.0,1130.0,1150.0,1069.0926513671875,15706000,0.0,0.0
2022-02-23,AMRT,1150.0,1170.0,1130.0,1130.0,1050.499755859375,11203400,0.0,0.0
2022-02-24,AMRT,1125.0,1140.0,1100.0,1115.0,1036.5550537109375,18553400,0.0,0.0
2022-02-25,AMRT,1100.0,1130.0,1085.0,1090.0,1013.3140258789062,13244300,0.0,0.0
2022-03-01,AMRT,1100.0,1115.0,1085.0,1090.0,1013.3140258789062,8136600,0.0,0.0
2022-03-02,AMRT,1085.0,1090.0,1075.0,1090.0,1013.3140258789062,10903600,0.0,0.0
2022-03-04,AMRT,1100.0,1110.0,1080.0,1085.0,1008.6657104492188,12168700,0.0,0.0
2022-03-07,AMRT,1080.0,1150.0,1055.0,1145.0,1064.4443359375,36866600,0.0,0.0
2022-03-08,AMRT,1145.0,1155.0,1065.0,1070.0,994.7210083007812,30347800,0.0,0.0
2022-03-09,AMRT,1070.0,1080.0,1020.0,1055.0,980.7764282226562,28810600,0.0,0.0
2022-03-10,AMRT,1070.0,1170.0,1065.0,1170.0,1087.685546875,50612600,0.0,0.0
2022-03-11,AMRT,1155.0,1200.0,1135.0,1195.0,1110.9268798828125,38256200,0.0,0.0
2022-03-14,AMRT,1200.0,1280.0,1195.0,1280.0,1189.9466552734375,44629600,0.0,0.0
2022-03-15,AMRT,1280.0,1335.0,1265.0,1295.0,1203.891357421875,55413800,0.0,0.0
2022-03-16,AMRT,1295.0,1340.0,1290.0,1305.0,1213.1878662109375,33334700,0.0,0.0
2022-03-17,AMRT,1315.0,1380.0,1315.0,1345.0,1250.3736572265625,40685000,0.0,0.0
2022-03-18,AMRT,1350.0,1400.0,1325.0,1360.0,1264.318359375,44263900,0.0,0.0
2022-03-21,AMRT,1360.0,1420.0,1360.0,1390.0,1292.207763671875,49910700,0.0,0.0
2022-03-22,AMRT,1390.0,1410.0,1365.0,1400.0,1301.504150390625,37245700,0.0,0.0
2022-03-23,AMRT,1400.0,1430.0,1365.0,1395.0,1296.85595703125,38353300,0.0,0.0
2022-03-24,AMRT,1400.0,1430.0,1375.0,1420.0,1320.0970458984375,41842300,0.0,0.0
2022-03-25,AMRT,1420.0,1425.0,1355.0,1390.0,1292.207763671875,36305800,0.0,0.0
2022-03-28,AMRT,1415.0,1425.0,1350.0,1400.0,1301.504150390625,37618900,0.0,0.0
2022-03-29,AMRT,1395.0,1470.0,1395.0,1420.0,1320.0970458984375,39070000,0.0,0.0
2022-03-30,AMRT,1420.0,1480.0,1395.0,1460.0,1357.282958984375,33051900,0.0,0.0
2022-03-31,AMRT,1480.0,1530.0,1470.0,1520.0,1413.0616455078125,71572700,0.0,0.0
2022-04-01,AMRT,1515.0,1520.0,1455.0,1485.0,1380.5240478515625,45237500,0.0,0.0
2022-04-04,AMRT,1495.0,1550.0,1490.0,1530.0,1422.358154296875,40018100,0.0,0.0
2022-04-05,AMRT,1530.0,1580.0,1510.0,1575.0,1464.1922607421875,60354400,0.0,0.0
2022-04-06,AMRT,1595.0,1755.0,1580.0,1705.0,1585.046142578125,150053500,0.0,0.0
2022-04-07,AMRT,1750.0,1750.0,1590.0,1615.0,1501.3779296875,80730400,0.0,0.0
2022-04-08,AMRT,1615.0,1730.0,1615.0,1695.0,1575.749755859375,66500600,0.0,0.0
2022-04-11,AMRT,1695.0,1700.0,1630.0,1675.0,1557.1566162109375,72463300,0.0,0.0
2022-04-12,AMRT,1680.0,1775.0,1680.0,1755.0,1631.5284423828125,100490500,0.0,0.0
2022-04-13,AMRT,1760.0,1760.0,1690.0,1700.0,1580.3980712890625,60658900,0.0,0.0
2022-04-14,AMRT,1700.0,1730.0,1685.0,1720.0,1598.9908447265625,54680200,0.0,0.0
2022-04-18,AMRT,1720.0,1730.0,1700.0,1705.0,1585.046142578125,31765800,0.0,0.0
2022-04-19,AMRT,1705.0,1715.0,1690.0,1690.0,1571.1014404296875,74806000,0.0,0.0
2022-04-20,AMRT,1695.0,1760.0,1695.0,1740.0,1617.5836181640625,90213000,0.0,0.0
2022-04-21,AMRT,1735.0,1740.0,1645.0,1705.0,1585.046142578125,49823800,0.0,0.0
2022-04-22,AMRT,1705.0,1730.0,1700.0,1710.0,1589.6944580078125,35516500,0.0,0.0
2022-04-25,AMRT,1690.0,1740.0,1650.0,1695.0,1575.749755859375,77049500,0.0,0.0
2022-04-26,AMRT,1695.0,1745.0,1675.0,1685.0,1566.4532470703125,52801000,0.0,0.0
2022-04-27,AMRT,1685.0,1715.0,1675.0,1705.0,1585.046142578125,64743400,0.0,0.0
2022-04-28,AMRT,1715.0,1725.0,1700.0,1710.0,1589.6944580078125,65338400,0.0,0.0
2022-05-09,AMRT,1680.0,1740.0,1625.0,1670.0,1552.5084228515625,87378300,0.0,0.0
2022-05-10,AMRT,1670.0,1670.0,1555.0,1555.0,1445.599365234375,47454200,0.0,0.0
2022-05-11,AMRT,1545.0,1615.0,1450.0,1615.0,1501.3779296875,46165800,0.0,0.0
2022-05-12,AMRT,1610.0,1615.0,1505.0,1505.0,1399.1168212890625,68264000,0.0,0.0
2022-05-13,AMRT,1595.0,1675.0,1430.0,1575.0,1464.1922607421875,257361500,0.0,0.0
2022-05-17,AMRT,1600.0,1710.0,1600.0,1650.0,1533.9156494140625,125311000,0.0,0.0
2022-05-18,AMRT,1675.0,1750.0,1665.0,1705.0,1585.046142578125,85166800,0.0,0.0
2022-05-19,AMRT,1675.0,1745.0,1610.0,1700.0,1580.3980712890625,91809200,0.0,0.0
2022-05-20,AMRT,1730.0,1845.0,1730.0,1775.0,1650.121337890625,98060300,0.0,0.0
2022-05-23,AMRT,1785.0,1795.0,1660.0,1740.0,1617.5836181640625,94989400,0.0,0.0
2022-05-24,AMRT,1750.0,1785.0,1675.0,1695.0,1575.749755859375,92299000,0.0,0.0
2022-05-25,AMRT,1690.0,1800.0,1690.0,1755.0,1631.5284423828125,124548300,0.0,0.0
2022-05-27,AMRT,1785.0,1815.0,1690.0,1690.0,1571.1014404296875,163968400,0.0,0.0
2022-05-30,AMRT,1710.0,1760.0,1680.0,1690.0,1571.1014404296875,149120400,0.0,0.0
2022-05-31,AMRT,1730.0,1820.0,1640.0,1820.0,1691.9554443359375,1589792400,0.0,0.0
2022-06-02,AMRT,1850.0,1900.0,1780.0,1800.0,1673.362548828125,211148200,0.0,0.0
2022-06-03,AMRT,1810.0,1860.0,1795.0,1815.0,1687.3072509765625,79779300,0.0,0.0
2022-06-06,AMRT,1815.0,1845.0,1790.0,1820.0,1691.9554443359375,34761700,0.0,0.0
2022-06-07,AMRT,1815.0,1850.0,1805.0,1810.0,1700.2027587890625,25731400,18.78,0.0
2022-06-08,AMRT,1815.0,1850.0,1815.0,1850.0,1737.7763671875,22949200,0.0,0.0
2022-06-09,AMRT,1865.0,1865.0,1805.0,1855.0,1742.4730224609375,42735700,0.0,0.0
2022-06-10,AMRT,1840.0,1840.0,1765.0,1795.0,1686.1126708984375,47405700,0.0,0.0
2022-06-13,AMRT,1795.0,1815.0,1740.0,1770.0,1662.6292724609375,22093400,0.0,0.0
2022-06-14,AMRT,1775.0,1840.0,1770.0,1835.0,1723.686279296875,23513500,0.0,0.0
2022-06-15,AMRT,1830.0,1835.0,1775.0,1795.0,1686.1126708984375,20598700,0.0,0.0
2022-06-16,AMRT,1820.0,1840.0,1795.0,1830.0,1718.98974609375,37217800,0.0,0.0
2022-06-17,AMRT,1820.0,1830.0,1790.0,1805.0,1695.5062255859375,41240100,0.0,0.0
2022-06-20,AMRT,1805.0,1820.0,1790.0,1800.0,1690.8094482421875,38083100,0.0,0.0
2022-06-21,AMRT,1830.0,1835.0,1810.0,1830.0,1718.98974609375,43389600,0.0,0.0
2022-06-22,AMRT,1835.0,1960.0,1815.0,1960.0,1841.103515625,136614700,0.0,0.0
2022-06-23,AMRT,1960.0,2040.0,1915.0,1990.0,1869.28369140625,72395500,0.0,0.0
2022-06-24,AMRT,1990.0,2020.0,1945.0,1990.0,1869.28369140625,42825600,0.0,0.0
2022-06-27,AMRT,2000.0,2000.0,1910.0,1985.0,1864.5870361328125,20771600,0.0,0.0
2022-06-28,AMRT,1985.0,1985.0,1920.0,1985.0,1864.5870361328125,34432400,0.0,0.0
2022-06-29,AMRT,1985.0,1995.0,1975.0,1990.0,1869.28369140625,31990700,0.0,0.0
2022-06-30,AMRT,2000.0,2090.0,1990.0,2040.0,1916.2506103515625,78160900,0.0,0.0
2022-07-01,AMRT,2040.0,2050.0,1990.0,2010.0,1888.0704345703125,17262300,0.0,0.0
2022-07-04,AMRT,2010.0,2020.0,1920.0,1920.0,1803.530029296875,74482400,0.0,0.0
2022-07-05,AMRT,1920.0,1995.0,1920.0,1980.0,1859.8905029296875,55381900,0.0,0.0
2022-07-06,AMRT,1980.0,2030.0,1960.0,2030.0,1906.857421875,53015000,0.0,0.0
2022-07-07,AMRT,2030.0,2040.0,1900.0,1900.0,1784.7432861328125,61873200,0.0,0.0
2022-07-08,AMRT,1900.0,2030.0,1895.0,1900.0,1784.7432861328125,88144100,0.0,0.0
2022-07-11,AMRT,1910.0,2000.0,1910.0,1920.0,1803.530029296875,82522500,0.0,0.0
2022-07-12,AMRT,1930.0,1970.0,1920.0,1930.0,1812.9234619140625,62286000,0.0,0.0
2022-07-13,AMRT,1945.0,1945.0,1900.0,1935.0,1817.6202392578125,27967300,0.0,0.0
2022-07-14,AMRT,1935.0,1950.0,1910.0,1945.0,1827.0135498046875,33601900,0.0,0.0
2022-07-15,AMRT,1940.0,1940.0,1860.0,1860.0,1747.1697998046875,25929700,0.0,0.0
2022-07-18,AMRT,1855.0,1870.0,1785.0,1850.0,1737.7763671875,75805800,0.0,0.0
2022-07-19,AMRT,1850.0,1890.0,1830.0,1860.0,1747.1697998046875,60454800,0.0,0.0
2022-07-20,AMRT,1890.0,1890.0,1815.0,1850.0,1737.7763671875,128492800,0.0,0.0
2022-07-21,AMRT,1850.0,1855.0,1800.0,1835.0,1723.686279296875,89784800,0.0,0.0
2022-07-22,AMRT,1835.0,1910.0,1830.0,1875.0,1761.2598876953125,59118800,0.0,0.0
2022-07-25,AMRT,1885.0,1885.0,1860.0,1885.0,1770.6531982421875,17174100,0.0,0.0
2022-07-26,AMRT,1885.0,1890.0,1870.0,1890.0,1775.3499755859375,22258600,0.0,0.0
2022-07-27,AMRT,1900.0,1920.0,1875.0,1910.0,1794.13671875,82048500,0.0,0.0
2022-07-28,AMRT,1925.0,1925.0,1840.0,1885.0,1770.6531982421875,48661400,0.0,0.0
2022-07-29,AMRT,1880.0,1885.0,1855.0,1875.0,1761.2598876953125,30563800,0.0,0.0
2022-08-01,AMRT,1890.0,1910.0,1860.0,1880.0,1765.95654296875,21070300,0.0,0.0
2022-08-02,AMRT,1900.0,1920.0,1890.0,1920.0,1803.530029296875,78621900,0.0,0.0
2022-08-03,AMRT,1930.0,1950.0,1895.0,1950.0,1831.7103271484375,63110100,0.0,0.0
2022-08-04,AMRT,1950.0,1950.0,1865.0,1875.0,1761.2598876953125,73734100,0.0,0.0
2022-08-05,AMRT,1870.0,1890.0,1810.0,1850.0,1737.7763671875,55158900,0.0,0.0
2022-08-08,AMRT,1855.0,1875.0,1820.0,1850.0,1737.7763671875,15975600,0.0,0.0
2022-08-09,AMRT,1850.0,1855.0,1825.0,1825.0,1714.2928466796875,23478100,0.0,0.0
2022-08-10,AMRT,1835.0,1855.0,1810.0,1840.0,1728.3829345703125,46923800,0.0,0.0
2022-08-11,AMRT,1845.0,1875.0,1825.0,1840.0,1728.3829345703125,40258500,0.0,0.0
2022-08-12,AMRT,1840.0,1850.0,1785.0,1850.0,1737.7763671875,72355700,0.0,0.0
2022-08-15,AMRT,1850.0,1855.0,1825.0,1830.0,1718.98974609375,16588200,0.0,0.0
2022-08-16,AMRT,1840.0,1950.0,1840.0,1950.0,1831.7103271484375,67018000,0.0,0.0
2022-08-18,AMRT,1950.0,1990.0,1935.0,1990.0,1869.28369140625,46882500,0.0,0.0
2022-08-19,AMRT,1990.0,2090.0,1990.0,2090.0,1963.2176513671875,50474500,0.0,0.0
2022-08-22,AMRT,2090.0,2100.0,2040.0,2090.0,1963.2176513671875,104725200,0.0,0.0
2022-08-23,AMRT,2090.0,2140.0,2070.0,2100.0,1972.611083984375,79963400,0.0,0.0
2022-08-24,AMRT,2050.0,2100.0,2000.0,2010.0,1888.0704345703125,66999900,0.0,0.0
2022-08-25,AMRT,2020.0,2050.0,2000.0,2000.0,1878.6771240234375,38969400,0.0,0.0
2022-08-26,AMRT,2030.0,2080.0,1995.0,2020.0,1897.4639892578125,46572000,0.0,0.0
2022-08-29,AMRT,1990.0,2030.0,1975.0,2020.0,1897.4639892578125,28825000,0.0,0.0
2022-08-30,AMRT,2020.0,2070.0,2020.0,2030.0,1906.857421875,52248300,0.0,0.0
2022-08-31,AMRT,2050.0,2180.0,2020.0,2180.0,2047.758056640625,146557800,0.0,0.0
2022-09-01,AMRT,2150.0,2150.0,2050.0,2080.0,1953.8243408203125,74193800,0.0,0.0
2022-09-02,AMRT,2030.0,2090.0,2030.0,2060.0,1935.0374755859375,41212500,0.0,0.0
2022-09-05,AMRT,2080.0,2150.0,2040.0,2100.0,1972.611083984375,66243700,0.0,0.0
2022-09-06,AMRT,2110.0,2150.0,2070.0,2080.0,1953.8243408203125,63114900,0.0,0.0
2022-09-07,AMRT,2080.0,2130.0,2060.0,2100.0,1972.611083984375,76527100,0.0,0.0
2022-09-08,AMRT,2120.0,2130.0,2090.0,2090.0,1963.2176513671875,48988300,0.0,0.0
2022-09-09,AMRT,2120.0,2130.0,2100.0,2110.0,1982.00439453125,57138700,0.0,0.0
2022-09-12,AMRT,2150.0,2300.0,2130.0,2140.0,2010.1846923828125,69016300,0.0,0.0
2022-09-13,AMRT,2190.0,2280.0,2160.0,2220.0,2085.33154296875,123583500,0.0,0.0
2022-09-14,AMRT,2220.0,2250.0,2140.0,2250.0,2113.51171875,76497900,0.0,0.0
2022-09-15,AMRT,2280.0,2360.0,2220.0,2330.0,2188.658935546875,93320800,0.0,0.0
2022-09-16,AMRT,2290.0,2330.0,2210.0,2230.0,2094.72509765625,740959300,0.0,0.0
2022-09-19,AMRT,2300.0,2320.0,2230.0,2250.0,2113.51171875,21542100,0.0,0.0
2022-09-20,AMRT,2250.0,2290.0,2230.0,2240.0,2104.118408203125,37998600,0.0,0.0
2022-09-21,AMRT,2290.0,2320.0,2230.0,2300.0,2160.478515625,49870000,0.0,0.0
2022-09-22,AMRT,2340.0,2400.0,2300.0,2310.0,2169.8720703125,61332500,0.0,0.0
2022-09-23,AMRT,2390.0,2410.0,2320.0,2390.0,2245.01953125,138965500,0.0,0.0
2022-09-26,AMRT,2450.0,2450.0,2340.0,2360.0,2216.83935546875,63475300,0.0,0.0
2022-09-27,AMRT,2360.0,2390.0,2280.0,2360.0,2216.83935546875,21447200,0.0,0.0
2022-09-28,AMRT,2370.0,2380.0,2350.0,2380.0,2235.625732421875,17250200,0.0,0.0
2022-09-29,AMRT,2380.0,2400.0,2350.0,2400.0,2254.412353515625,50391500,0.0,0.0
2022-09-30,AMRT,2400.0,2400.0,2330.0,2390.0,2245.01953125,39734700,0.0,0.0
2022-10-03,AMRT,2300.0,2400.0,2290.0,2380.0,2235.625732421875,24724500,0.0,0.0
2022-10-04,AMRT,2390.0,2400.0,2380.0,2400.0,2254.412353515625,14013300,0.0,0.0
2022-10-05,AMRT,2400.0,2400.0,2360.0,2390.0,2245.01953125,20539200,0.0,0.0
2022-10-06,AMRT,2400.0,2400.0,2370.0,2390.0,2245.01953125,23936300,0.0,0.0
2022-10-07,AMRT,2390.0,2390.0,2330.0,2330.0,2188.658935546875,15214700,0.0,0.0
2022-10-10,AMRT,2330.0,2390.0,2320.0,2390.0,2245.01953125,8413600,0.0,0.0
2022-10-11,AMRT,2390.0,2400.0,2340.0,2340.0,2198.05224609375,27978400,0.0,0.0
2022-10-12,AMRT,2350.0,2400.0,2350.0,2390.0,2245.01953125,59093600,0.0,0.0
2022-10-13,AMRT,2390.0,2500.0,2380.0,2490.0,2338.952880859375,68532400,0.0,0.0
2022-10-14,AMRT,2500.0,2560.0,2470.0,2510.0,2357.739990234375,36839200,0.0,0.0
2022-10-17,AMRT,2490.0,2500.0,2450.0,2500.0,2348.34619140625,14348300,0.0,0.0
2022-10-18,AMRT,2500.0,2700.0,2490.0,2700.0,2536.214111328125,26369500,0.0,0.0
2022-10-19,AMRT,2650.0,2650.0,2520.0,2590.0,2432.88671875,30496500,0.0,0.0
2022-10-20,AMRT,2590.0,2650.0,2570.0,2630.0,2470.46044921875,48167000,0.0,0.0
2022-10-21,AMRT,2620.0,2660.0,2600.0,2630.0,2470.46044921875,33868100,0.0,0.0
2022-10-24,AMRT,2640.0,2670.0,2620.0,2630.0,2470.46044921875,30085600,0.0,0.0
2022-10-25,AMRT,2650.0,2730.0,2600.0,2700.0,2536.214111328125,27563300,0.0,0.0
2022-10-26,AMRT,2680.0,2700.0,2650.0,2660.0,2498.640625,23090900,0.0,0.0
2022-10-27,AMRT,2680.0,2720.0,2680.0,2720.0,2555.0009765625,27034400,0.0,0.0
2022-10-28,AMRT,2720.0,2770.0,2700.0,2760.0,2592.574462890625,22507200,0.0,0.0
2022-10-31,AMRT,2760.0,2840.0,2740.0,2820.0,2648.934814453125,46764800,0.0,0.0
2022-11-01,AMRT,2820.0,2830.0,2650.0,2760.0,2592.574462890625,42006500,0.0,0.0
2022-11-02,AMRT,2760.0,2760.0,2610.0,2650.0,2489.246826171875,49672000,0.0,0.0
2022-11-03,AMRT,2640.0,2680.0,2500.0,2630.0,2470.46044921875,40136500,0.0,0.0
2022-11-04,AMRT,2640.0,2640.0,2570.0,2630.0,2470.46044921875,31864800,0.0,0.0
2022-11-07,AMRT,2650.0,2700.0,2620.0,2660.0,2498.640625,25504400,0.0,0.0
2022-11-08,AMRT,2700.0,2720.0,2650.0,2690.0,2526.82080078125,14132200,0.0,0.0
2022-11-09,AMRT,2700.0,2700.0,2560.0,2680.0,2517.42724609375,25481700,0.0,0.0
2022-11-10,AMRT,2670.0,2670.0,2580.0,2600.0,2442.2802734375,29042700,0.0,0.0
2022-11-11,AMRT,2600.0,2620.0,2540.0,2600.0,2442.2802734375,13962200,0.0,0.0
2022-11-14,AMRT,2600.0,2660.0,2560.0,2640.0,2479.85400390625,19587200,0.0,0.0
2022-11-15,AMRT,2640.0,2770.0,2620.0,2760.0,2592.574462890625,28183100,0.0,0.0
2022-11-16,AMRT,2770.0,2900.0,2760.0,2840.0,2667.7216796875,42436600,0.0,0.0
2022-11-17,AMRT,2840.0,2860.0,2790.0,2820.0,2648.934814453125,15156400,0.0,0.0
2022-11-18,AMRT,2830.0,2850.0,2740.0,2830.0,2658.328125,14795600,0.0,0.0
2022-11-21,AMRT,2820.0,2820.0,2720.0,2760.0,2592.574462890625,14568100,0.0,0.0
2022-11-22,AMRT,2790.0,2820.0,2750.0,2750.0,2583.180908203125,15914500,0.0,0.0
2022-11-23,AMRT,2750.0,2860.0,2750.0,2780.0,2611.361083984375,24327300,0.0,0.0
2022-11-24,AMRT,2790.0,2880.0,2790.0,2830.0,2658.328125,25521500,0.0,0.0
2022-11-25,AMRT,2830.0,2840.0,2750.0,2770.0,2601.968017578125,29464200,0.0,0.0
2022-11-28,AMRT,2790.0,2910.0,2780.0,2860.0,2686.50830078125,36204200,0.0,0.0
2022-11-29,AMRT,2820.0,2900.0,2770.0,2840.0,2667.7216796875,38045600,0.0,0.0
2022-11-30,AMRT,2870.0,3090.0,2840.0,3090.0,2902.556396484375,167200000,0.0,0.0
2022-12-01,AMRT,3090.0,3090.0,2940.0,2940.0,2761.6552734375,37983000,0.0,0.0
2022-12-02,AMRT,2960.0,3010.0,2910.0,2950.0,2771.048828125,22773500,0.0,0.0
2022-12-05,AMRT,2930.0,2960.0,2910.0,2920.0,2742.86865234375,7574400,0.0,0.0
2022-12-06,AMRT,2940.0,2940.0,2820.0,2910.0,2733.47509765625,17699300,0.0,0.0
2022-12-07,AMRT,2910.0,2940.0,2860.0,2880.0,2705.294921875,16097900,0.0,0.0
2022-12-08,AMRT,2870.0,2880.0,2680.0,2680.0,2517.42724609375,53545900,0.0,0.0
2022-12-09,AMRT,2530.0,2530.0,2500.0,2500.0,2348.34619140625,33245500,0.0,0.0
2022-12-12,AMRT,2330.0,2650.0,2330.0,2550.0,2395.3134765625,93832600,0.0,0.0
2022-12-13,AMRT,2570.0,2650.0,2520.0,2600.0,2442.2802734375,43740800,0.0,0.0
2022-12-14,AMRT,2600.0,2610.0,2580.0,2590.0,2432.88671875,44112500,0.0,0.0
2022-12-15,AMRT,2580.0,2600.0,2550.0,2570.0,2414.100341796875,33798400,0.0,0.0
2022-12-16,AMRT,2560.0,2590.0,2540.0,2560.0,2404.70654296875,101021400,0.0,0.0
2022-12-19,AMRT,2550.0,2620.0,2530.0,2550.0,2395.3134765625,21846900,0.0,0.0
2022-12-20,AMRT,2550.0,2600.0,2520.0,2570.0,2414.100341796875,11917800,0.0,0.0
2022-12-21,AMRT,2590.0,2640.0,2550.0,2600.0,2442.2802734375,20482900,0.0,0.0
2022-12-22,AMRT,2600.0,2600.0,2570.0,2600.0,2442.2802734375,28776200,0.0,0.0
2022-12-23,AMRT,2590.0,2640.0,2560.0,2620.0,2461.06689453125,50214100,0.0,0.0
2022-12-26,AMRT,2640.0,2700.0,2630.0,2650.0,2489.246826171875,13621100,0.0,0.0
2022-12-27,AMRT,2680.0,2820.0,2640.0,2820.0,2648.934814453125,9785700,0.0,0.0
2022-12-28,AMRT,2820.0,2820.0,2660.0,2680.0,2517.42724609375,11043800,0.0,0.0
2022-12-29,AMRT,2670.0,2770.0,2610.0,2740.0,2573.787841796875,16324600,0.0,0.0
2022-12-30,AMRT,2740.0,2750.0,2650.0,2650.0,2489.246826171875,17922700,0.0,0.0
2023-01-02,AMRT,2660.0,2750.0,2650.0,2740.0,2573.787841796875,4529600,0.0,0.0
2023-01-03,AMRT,2740.0,2860.0,2710.0,2770.0,2601.968017578125,16952000,0.0,0.0
2023-01-04,AMRT,2780.0,2840.0,2740.0,2740.0,2573.787841796875,11833800,0.0,0.0
2023-01-05,AMRT,2750.0,2820.0,2670.0,2810.0,2639.54150390625,30342800,0.0,0.0
2023-01-06,AMRT,2810.0,2890.0,2770.0,2800.0,2630.148193359375,19669200,0.0,0.0
2023-01-09,AMRT,2810.0,2830.0,2700.0,2740.0,2573.787841796875,13654600,0.0,0.0
2023-01-10,AMRT,2740.0,2760.0,2670.0,2720.0,2555.0009765625,18385300,0.0,0.0
2023-01-11,AMRT,2720.0,2730.0,2610.0,2670.0,2508.0341796875,15221800,0.0,0.0
2023-01-12,AMRT,2660.0,2740.0,2660.0,2710.0,2545.607666015625,13006700,0.0,0.0
2023-01-13,AMRT,2720.0,2770.0,2700.0,2760.0,2592.574462890625,10263800,0.0,0.0
2023-01-16,AMRT,2760.0,2790.0,2660.0,2680.0,2517.42724609375,11845900,0.0,0.0
2023-01-17,AMRT,2690.0,2750.0,2660.0,2720.0,2555.0009765625,13049400,0.0,0.0
2023-01-18,AMRT,2730.0,2760.0,2690.0,2730.0,2564.394287109375,12214500,0.0,0.0
2023-01-19,AMRT,2730.0,2760.0,2710.0,2750.0,2583.180908203125,14685700,0.0,0.0
2023-01-20,AMRT,2760.0,2760.0,2670.0,2760.0,2592.574462890625,31544800,0.0,0.0
2023-01-24,AMRT,2740.0,2740.0,2660.0,2670.0,2508.0341796875,9876000,0.0,0.0
2023-01-25,AMRT,2670.0,2690.0,2630.0,2660.0,2498.640625,16127700,0.0,0.0
2023-01-26,AMRT,2660.0,2750.0,2640.0,2750.0,2583.180908203125,25020500,0.0,0.0
2023-01-27,AMRT,2750.0,2810.0,2710.0,2790.0,2620.754638671875,27336100,0.0,0.0
2023-01-30,AMRT,2790.0,2850.0,2730.0,2850.0,2677.114990234375,15384600,0.0,0.0
2023-01-31,AMRT,2840.0,2860.0,2750.0,2830.0,2658.328125,135819500,0.0,0.0
2023-02-01,AMRT,2840.0,3150.0,2790.0,2970.0,2789.835693359375,94436400,0.0,0.0
2023-02-02,AMRT,2970.0,3020.0,2920.0,2950.0,2771.048828125,45173500,0.0,0.0
2023-02-03,AMRT,2990.0,2990.0,2920.0,2990.0,2808.62255859375,15654600,0.0,0.0
2023-02-06,AMRT,2980.0,3000.0,2880.0,2920.0,2742.86865234375,19340900,0.0,0.0
2023-02-07,AMRT,2920.0,2950.0,2890.0,2940.0,2761.6552734375,15243200,0.0,0.0
2023-02-08,AMRT,2950.0,3000.0,2940.0,2950.0,2771.048828125,18676800,0.0,0.0
2023-02-09,AMRT,2980.0,2980.0,2940.0,2950.0,2771.048828125,10610000,0.0,0.0
2023-02-10,AMRT,2950.0,2960.0,2880.0,2950.0,2771.048828125,12126400,0.0,0.0
2023-02-13,AMRT,2950.0,3030.0,2940.0,2970.0,2789.835693359375,16766100,0.0,0.0
2023-02-14,AMRT,2980.0,3010.0,2960.0,3010.0,2827.408935546875,11300000,0.0,0.0
2023-02-15,AMRT,3010.0,3070.0,2970.0,3070.0,2883.769287109375,9101100,0.0,0.0
2023-02-16,AMRT,3070.0,3100.0,2980.0,2980.0,2799.228759765625,13437500,0.0,0.0
2023-02-17,AMRT,2980.0,3020.0,2910.0,2980.0,2799.228759765625,8544500,0.0,0.0
2023-02-20,AMRT,2980.0,3040.0,2980.0,3040.0,2855.589111328125,9442000,0.0,0.0
2023-02-21,AMRT,3040.0,3060.0,3010.0,3060.0,2874.3759765625,4775100,0.0,0.0
2023-02-22,AMRT,3050.0,3060.0,3020.0,3030.0,2846.19580078125,8079100,0.0,0.0
2023-02-23,AMRT,3030.0,3030.0,2950.0,2980.0,2799.228759765625,8398200,0.0,0.0
2023-02-24,AMRT,3000.0,3010.0,2910.0,2910.0,2733.47509765625,8093300,0.0,0.0
2023-02-27,AMRT,2920.0,2950.0,2840.0,2950.0,2771.048828125,15021700,0.0,0.0
2023-02-28,AMRT,2950.0,2960.0,2860.0,2900.0,2724.082275390625,32644400,0.0,0.0
2023-03-01,AMRT,2900.0,2930.0,2860.0,2890.0,2714.6884765625,9024800,0.0,0.0
2023-03-02,AMRT,2900.0,2970.0,2900.0,2960.0,2780.4423828125,10771000,0.0,0.0
2023-03-03,AMRT,2960.0,2980.0,2770.0,2770.0,2601.968017578125,29535600,0.0,0.0
2023-03-06,AMRT,2800.0,2860.0,2790.0,2820.0,2648.934814453125,22381700,0.0,0.0
2023-03-07,AMRT,2820.0,2840.0,2810.0,2810.0,2639.54150390625,8717700,0.0,0.0
2023-03-08,AMRT,2810.0,2870.0,2790.0,2870.0,2695.90185546875,8019300,0.0,0.0
2023-03-09,AMRT,2880.0,2890.0,2830.0,2830.0,2658.328125,6378700,0.0,0.0
2023-03-10,AMRT,2840.0,2880.0,2790.0,2810.0,2639.54150390625,16574200,0.0,0.0
2023-03-13,AMRT,2820.0,2870.0,2800.0,2870.0,2695.90185546875,6897500,0.0,0.0
2023-03-14,AMRT,2870.0,2890.0,2840.0,2840.0,2667.7216796875,12030100,0.0,0.0
2023-03-15,AMRT,2870.0,2900.0,2840.0,2850.0,2677.114990234375,14157700,0.0,0.0
2023-03-16,AMRT,2870.0,2900.0,2790.0,2800.0,2630.148193359375,9640300,0.0,0.0
2023-03-17,AMRT,2810.0,2920.0,2810.0,2860.0,2686.50830078125,34029500,0.0,0.0
2023-03-20,AMRT,2870.0,2900.0,2810.0,2850.0,2677.114990234375,5338800,0.0,0.0
2023-03-21,AMRT,2850.0,2900.0,2810.0,2900.0,2724.082275390625,12712400,0.0,0.0
2023-03-24,AMRT,2920.0,2990.0,2860.0,2930.0,2752.26220703125,23744400,0.0,0.0
2023-03-27,AMRT,2910.0,2930.0,2850.0,2900.0,2724.082275390625,16027900,0.0,0.0
2023-03-28,AMRT,2920.0,2990.0,2900.0,2980.0,2799.228759765625,22783400,0.0,0.0
2023-03-29,AMRT,2970.0,2980.0,2910.0,2950.0,2771.048828125,20014200,0.0,0.0
2023-03-30,AMRT,2950.0,2960.0,2820.0,2870.0,2695.90185546875,23908300,0.0,0.0
2023-03-31,AMRT,2880.0,2960.0,2870.0,2880.0,2705.294921875,29003300,0.0,0.0
2023-04-03,AMRT,2920.0,2940.0,2890.0,2920.0,2742.86865234375,24059800,0.0,0.0
2023-04-04,AMRT,2920.0,2940.0,2840.0,2870.0,2695.90185546875,15585600,0.0,0.0
2023-04-05,AMRT,2880.0,2890.0,2770.0,2800.0,2630.148193359375,14872000,0.0,0.0
2023-04-06,AMRT,2800.0,2820.0,2650.0,2700.0,2536.214111328125,53070900,0.0,0.0
2023-04-10,AMRT,2700.0,2830.0,2700.0,2810.0,2639.54150390625,15932700,0.0,0.0
2023-04-11,AMRT,2820.0,2830.0,2760.0,2810.0,2639.54150390625,14128500,0.0,0.0
2023-04-12,AMRT,2790.0,2810.0,2690.0,2800.0,2630.148193359375,37426800,0.0,0.0
2023-04-13,AMRT,2770.0,2770.0,2710.0,2740.0,2573.787841796875,9259600,0.0,0.0
2023-04-14,AMRT,2740.0,2760.0,2730.0,2750.0,2583.180908203125,13996700,0.0,0.0
2023-04-17,AMRT,2750.0,2760.0,2700.0,2720.0,2555.0009765625,11383800,0.0,0.0
2023-04-18,AMRT,2710.0,2740.0,2700.0,2720.0,2555.0009765625,9999400,0.0,0.0
2023-04-26,AMRT,2790.0,2910.0,2740.0,2910.0,2733.47509765625,46226400,0.0,0.0
2023-04-27,AMRT,2900.0,2900.0,2810.0,2840.0,2667.7216796875,8243900,0.0,0.0
2023-04-28,AMRT,2850.0,2900.0,2820.0,2900.0,2724.082275390625,16163300,0.0,0.0
2023-05-02,AMRT,2900.0,2920.0,2840.0,2910.0,2733.47509765625,11904200,0.0,0.0
2023-05-03,AMRT,2910.0,3000.0,2860.0,3000.0,2818.015869140625,30285600,0.0,0.0
2023-05-04,AMRT,3000.0,3030.0,2960.0,3020.0,2836.802734375,21487900,0.0,0.0
2023-05-05,AMRT,3010.0,3020.0,2940.0,2970.0,2789.835693359375,19125700,0.0,0.0
2023-05-08,AMRT,2940.0,2990.0,2920.0,2960.0,2780.4423828125,13878500,0.0,0.0
2023-05-09,AMRT,2960.0,2960.0,2930.0,2950.0,2771.048828125,6823400,0.0,0.0
2023-05-10,AMRT,2940.0,2970.0,2880.0,2920.0,2742.86865234375,14403700,0.0,0.0
2023-05-11,AMRT,2940.0,2940.0,2860.0,2880.0,2705.294921875,20345200,0.0,0.0
2023-05-12,AMRT,2890.0,3000.0,2890.0,2940.0,2761.6552734375,32394200,0.0,0.0
2023-05-15,AMRT,2990.0,3030.0,2930.0,2940.0,2761.6552734375,37545400,0.0,0.0
2023-05-16,AMRT,2950.0,2970.0,2910.0,2940.0,2761.6552734375,11228700,0.0,0.0
2023-05-17,AMRT,2950.0,2970.0,2920.0,2930.0,2752.26220703125,25893700,0.0,0.0
2023-05-19,AMRT,2930.0,2950.0,2880.0,2900.0,2724.082275390625,22648600,0.0,0.0
2023-05-22,AMRT,2900.0,2940.0,2820.0,2880.0,2705.294921875,20634100,0.0,0.0
2023-05-23,AMRT,2880.0,2920.0,2830.0,2860.0,2686.50830078125,29141900,0.0,0.0
2023-05-24,AMRT,2860.0,2870.0,2780.0,2810.0,2639.54150390625,29233300,0.0,0.0
2023-05-25,AMRT,2810.0,2810.0,2720.0,2720.0,2555.0009765625,29532500,0.0,0.0
2023-05-26,AMRT,2720.0,2760.0,2710.0,2740.0,2573.787841796875,25131600,0.0,0.0
2023-05-29,AMRT,2740.0,2760.0,2680.0,2740.0,2596.588134765625,34946500,24.06,0.0
2023-05-30,AMRT,2710.0,2730.0,2660.0,2670.0,2530.252197265625,26761400,0.0,0.0
2023-05-31,AMRT,2680.0,2700.0,2640.0,2640.0,2501.822265625,170212000,0.0,0.0
2023-06-05,AMRT,2680.0,2810.0,2680.0,2720.0,2577.635009765625,43352000,0.0,0.0
2023-06-06,AMRT,2750.0,2760.0,2680.0,2680.0,2539.728759765625,17423400,0.0,0.0
2023-06-07,AMRT,2690.0,2750.0,2660.0,2680.0,2539.728759765625,33052900,0.0,0.0
2023-06-08,AMRT,2660.0,2750.0,2660.0,2740.0,2596.588134765625,21200500,0.0,0.0
2023-06-09,AMRT,2740.0,2750.0,2680.0,2700.0,2558.681884765625,24427500,0.0,0.0
2023-06-12,AMRT,2720.0,2780.0,2700.0,2730.0,2587.111572265625,21022900,0.0,0.0
2023-06-13,AMRT,2760.0,2760.0,2700.0,2740.0,2596.588134765625,14749300,0.0,0.0
2023-06-14,AMRT,2740.0,2750.0,2670.0,2700.0,2558.681884765625,21072900,0.0,0.0
2023-06-15,AMRT,2700.0,2700.0,2640.0,2650.0,2511.298828125,14505000,0.0,0.0
2023-06-16,AMRT,2650.0,2650.0,2530.0,2580.0,2444.962890625,73740700,0.0,0.0
2023-06-19,AMRT,2580.0,2630.0,2580.0,2600.0,2463.916015625,17996400,0.0,0.0
2023-06-20,AMRT,2610.0,2610.0,2550.0,2580.0,2444.962890625,35577700,0.0,0.0
2023-06-21,AMRT,2560.0,2610.0,2550.0,2590.0,2454.439453125,41622800,0.0,0.0
2023-06-22,AMRT,2590.0,2630.0,2590.0,2590.0,2454.439453125,16594500,0.0,0.0
2023-06-23,AMRT,2600.0,2620.0,2560.0,2610.0,2473.392578125,10056400,0.0,0.0
2023-06-26,AMRT,2610.0,2630.0,2570.0,2600.0,2463.916015625,56301400,0.0,0.0
2023-06-27,AMRT,2600.0,2620.0,2550.0,2580.0,2444.962890625,25967100,0.0,0.0
2023-07-03,AMRT,2600.0,2630.0,2550.0,2590.0,2454.439453125,21266200,0.0,0.0
2023-07-04,AMRT,2590.0,2650.0,2570.0,2600.0,2463.916015625,19345500,0.0,0.0
2023-07-05,AMRT,2600.0,2620.0,2580.0,2620.0,2482.869140625,19349100,0.0,0.0
2023-07-06,AMRT,2630.0,2750.0,2590.0,2740.0,2596.588134765625,32414900,0.0,0.0
2023-07-07,AMRT,2740.0,2740.0,2680.0,2680.0,2539.728759765625,18949000,0.0,0.0
2023-07-10,AMRT,2680.0,2730.0,2680.0,2710.0,2568.158447265625,20724500,0.0,0.0
2023-07-11,AMRT,2710.0,2780.0,2700.0,2770.0,2625.01806640625,22814600,0.0,0.0
2023-07-12,AMRT,2770.0,2800.0,2720.0,2780.0,2634.494873046875,22588400,0.0,0.0
2023-07-13,AMRT,2780.0,2810.0,2730.0,2780.0,2634.494873046875,10051100,0.0,0.0
2023-07-14,AMRT,2780.0,2790.0,2730.0,2770.0,2625.01806640625,18891900,0.0,0.0
2023-07-17,AMRT,2770.0,2800.0,2760.0,2770.0,2625.01806640625,12595500,0.0,0.0
2023-07-18,AMRT,2770.0,2770.0,2730.0,2750.0,2606.064697265625,4429400,0.0,0.0
2023-07-20,AMRT,2770.0,2820.0,2750.0,2800.0,2653.447998046875,19595800,0.0,0.0
2023-07-21,AMRT,2810.0,2880.0,2800.0,2870.0,2719.7841796875,16457400,0.0,0.0
2023-07-24,AMRT,2870.0,2890.0,2810.0,2840.0,2691.354248046875,10048600,0.0,0.0
2023-07-25,AMRT,2840.0,2890.0,2810.0,2810.0,2662.924560546875,8598400,0.0,0.0
2023-07-26,AMRT,2810.0,2830.0,2760.0,2830.0,2681.877685546875,13010900,0.0,0.0
2023-07-27,AMRT,2790.0,2820.0,2690.0,2750.0,2606.064697265625,23725100,0.0,0.0
2023-07-28,AMRT,2740.0,2750.0,2640.0,2730.0,2587.111572265625,17246800,0.0,0.0
2023-07-31,AMRT,2730.0,2740.0,2650.0,2700.0,2558.681884765625,29820600,0.0,0.0
2023-08-01,AMRT,2750.0,2860.0,2730.0,2860.0,2710.3076171875,18511700,0.0,0.0
2023-08-02,AMRT,2830.0,2900.0,2810.0,2880.0,2729.2607421875,23105900,0.0,0.0
2023-08-03,AMRT,2900.0,2940.0,2840.0,2880.0,2729.2607421875,16920000,0.0,0.0
2023-08-04,AMRT,2870.0,2870.0,2770.0,2820.0,2672.401123046875,16945600,0.0,0.0
2023-08-07,AMRT,2890.0,2890.0,2770.0,2780.0,2634.494873046875,27028400,0.0,0.0
2023-08-08,AMRT,2760.0,2830.0,2760.0,2780.0,2634.494873046875,15756200,0.0,0.0
2023-08-09,AMRT,2790.0,2870.0,2770.0,2850.0,2700.830810546875,15166300,0.0,0.0
2023-08-10,AMRT,2850.0,2850.0,2780.0,2780.0,2634.494873046875,14472400,0.0,0.0
2023-08-11,AMRT,2800.0,2870.0,2780.0,2830.0,2681.877685546875,19504200,0.0,0.0
2023-08-14,AMRT,2850.0,2910.0,2820.0,2890.0,2738.7373046875,22401500,0.0,0.0
2023-08-15,AMRT,2890.0,2940.0,2890.0,2910.0,2757.6904296875,12633000,0.0,0.0
2023-08-16,AMRT,2910.0,3030.0,2910.0,2940.0,2786.1201171875,28487500,0.0,0.0
2023-08-18,AMRT,2980.0,3010.0,2880.0,2900.0,2748.2138671875,56097300,0.0,0.0
2023-08-21,AMRT,2920.0,3020.0,2920.0,2990.0,2833.50341796875,24877100,0.0,0.0
2023-08-22,AMRT,2940.0,2980.0,2910.0,2910.0,2757.6904296875,6914400,0.0,0.0
2023-08-23,AMRT,2910.0,3000.0,2910.0,2930.0,2776.6435546875,20887400,0.0,0.0
2023-08-24,AMRT,2930.0,2970.0,2890.0,2890.0,2738.7373046875,14150400,0.0,0.0
2023-08-25,AMRT,2900.0,2950.0,2880.0,2890.0,2738.7373046875,8251600,0.0,0.0
2023-08-28,AMRT,2900.0,2930.0,2870.0,2870.0,2719.7841796875,7429800,0.0,0.0
2023-08-29,AMRT,2910.0,2930.0,2860.0,2900.0,2748.2138671875,18095200,0.0,0.0
2023-08-30,AMRT,2900.0,2920.0,2860.0,2900.0,2748.2138671875,11172500,0.0,0.0
2023-08-31,AMRT,2900.0,2920.0,2870.0,2900.0,2748.2138671875,26597200,0.0,0.0
2023-09-01,AMRT,2900.0,2910.0,2820.0,2880.0,2729.2607421875,7421100,0.0,0.0
2023-09-04,AMRT,2890.0,2910.0,2840.0,2850.0,2700.830810546875,3969500,0.0,0.0
2023-09-05,AMRT,2850.0,2860.0,2820.0,2840.0,2691.354248046875,11694600,0.0,0.0
2023-09-06,AMRT,2840.0,2870.0,2770.0,2810.0,2662.924560546875,14336900,0.0,0.0
2023-09-07,AMRT,2810.0,2900.0,2810.0,2900.0,2748.2138671875,8971200,0.0,0.0
2023-09-08,AMRT,2900.0,2920.0,2820.0,2870.0,2719.7841796875,16799900,0.0,0.0
2023-09-11,AMRT,2880.0,2950.0,2880.0,2950.0,2795.596923828125,8319100,0.0,0.0
2023-09-12,AMRT,2960.0,2990.0,2920.0,2980.0,2824.02685546875,12927800,0.0,0.0
2023-09-13,AMRT,3000.0,3000.0,2930.0,2960.0,2805.073486328125,7568400,0.0,0.0
2023-09-14,AMRT,2950.0,2960.0,2840.0,2840.0,2691.354248046875,16486900,0.0,0.0
2023-09-15,AMRT,2840.0,2920.0,2840.0,2900.0,2748.2138671875,34211400,0.0,0.0
2023-09-18,AMRT,2880.0,2910.0,2840.0,2900.0,2748.2138671875,11211400,0.0,0.0
2023-09-19,AMRT,2910.0,2910.0,2860.0,2900.0,2748.2138671875,6132500,0.0,0.0
2023-09-20,AMRT,2900.0,2920.0,2860.0,2900.0,2748.2138671875,13484700,0.0,0.0
2023-09-21,AMRT,2900.0,2930.0,2860.0,2880.0,2729.2607421875,10000700,0.0,0.0
2023-09-22,AMRT,2880.0,2920.0,2880.0,2900.0,2748.2138671875,12460000,0.0,0.0
2023-09-25,AMRT,2910.0,2970.0,2900.0,2910.0,2757.6904296875,8501100,0.0,0.0
2023-09-26,AMRT,2930.0,2980.0,2930.0,2960.0,2805.073486328125,14325300,0.0,0.0
2023-09-27,AMRT,2960.0,2980.0,2910.0,2930.0,2776.6435546875,13659800,0.0,0.0
2023-09-29,AMRT,2950.0,2980.0,2910.0,2960.0,2805.073486328125,16550700,0.0,0.0
2023-10-02,AMRT,2960.0,2970.0,2930.0,2950.0,2795.596923828125,22217200,0.0,0.0
2023-10-03,AMRT,2950.0,2980.0,2900.0,2950.0,2795.596923828125,21901700,0.0,0.0
2023-10-04,AMRT,2950.0,2970.0,2870.0,2870.0,2719.7841796875,23434900,0.0,0.0
2023-10-05,AMRT,2900.0,2930.0,2890.0,2900.0,2748.2138671875,27679600,0.0,0.0
2023-10-06,AMRT,2920.0,2950.0,2720.0,2730.0,2587.111572265625,30326200,0.0,0.0
2023-10-09,AMRT,2750.0,2830.0,2750.0,2820.0,2672.401123046875,30569100,0.0,0.0
2023-10-10,AMRT,2820.0,2920.0,2820.0,2900.0,2748.2138671875,29137500,0.0,0.0
2023-10-11,AMRT,2910.0,2940.0,2860.0,2880.0,2729.2607421875,27355500,0.0,0.0
2023-10-12,AMRT,2860.0,2900.0,2810.0,2850.0,2700.830810546875,21186200,0.0,0.0
2023-10-13,AMRT,2850.0,2850.0,2750.0,2810.0,2662.924560546875,13183800,0.0,0.0
2023-10-16,AMRT,2820.0,2870.0,2800.0,2800.0,2653.447998046875,18867600,0.0,0.0
2023-10-17,AMRT,2810.0,2870.0,2790.0,2790.0,2643.971435546875,16247200,0.0,0.0
2023-10-18,AMRT,2830.0,2840.0,2780.0,2810.0,2662.924560546875,14605500,0.0,0.0
2023-10-19,AMRT,2820.0,2840.0,2800.0,2810.0,2662.924560546875,16930300,0.0,0.0
2023-10-20,AMRT,2810.0,2900.0,2750.0,2800.0,2653.447998046875,13924300,0.0,0.0
2023-10-23,AMRT,2800.0,2820.0,2750.0,2760.0,2615.54150390625,10752300,0.0,0.0
2023-10-24,AMRT,2760.0,2830.0,2760.0,2820.0,2672.401123046875,9692600,0.0,0.0
2023-10-25,AMRT,2830.0,2920.0,2820.0,2920.0,2767.1669921875,19600900,0.0,0.0
2023-10-26,AMRT,2910.0,2910.0,2760.0,2850.0,2700.830810546875,20776500,0.0,0.0
2023-10-27,AMRT,2850.0,2900.0,2820.0,2820.0,2672.401123046875,20274600,0.0,0.0
2023-10-30,AMRT,2820.0,2900.0,2820.0,2890.0,2738.7373046875,13610700,0.0,0.0
2023-10-31,AMRT,2890.0,2910.0,2830.0,2890.0,2738.7373046875,14546100,0.0,0.0
2023-11-01,AMRT,2900.0,2940.0,2850.0,2850.0,2700.830810546875,22817800,0.0,0.0
2023-11-02,AMRT,2860.0,2880.0,2840.0,2850.0,2700.830810546875,18825900,0.0,0.0
2023-11-03,AMRT,2850.0,2900.0,2850.0,2900.0,2748.2138671875,7945100,0.0,0.0
2023-11-06,AMRT,2900.0,2900.0,2790.0,2810.0,2662.924560546875,22546100,0.0,0.0
2023-11-07,AMRT,2820.0,2890.0,2820.0,2890.0,2738.7373046875,30084000,0.0,0.0
2023-11-08,AMRT,2890.0,2900.0,2850.0,2900.0,2748.2138671875,27104200,0.0,0.0
2023-11-09,AMRT,2900.0,2970.0,2850.0,2900.0,2748.2138671875,25345500,0.0,0.0
2023-11-10,AMRT,2910.0,2910.0,2880.0,2900.0,2748.2138671875,12286800,0.0,0.0
2023-11-13,AMRT,2910.0,2920.0,2890.0,2910.0,2757.6904296875,52530700,0.0,0.0
2023-11-14,AMRT,2920.0,2920.0,2830.0,2880.0,2729.2607421875,25533500,0.0,0.0
2023-11-15,AMRT,2940.0,2940.0,2860.0,2900.0,2748.2138671875,41347800,0.0,0.0
2023-11-16,AMRT,2900.0,2920.0,2860.0,2900.0,2748.2138671875,18898300,0.0,0.0
2023-11-17,AMRT,2900.0,2910.0,2870.0,2890.0,2738.7373046875,15097300,0.0,0.0
2023-11-20,AMRT,2910.0,2940.0,2890.0,2900.0,2748.2138671875,25676800,0.0,0.0
2023-11-21,AMRT,2910.0,2930.0,2830.0,2900.0,2748.2138671875,27786800,0.0,0.0
2023-11-22,AMRT,2900.0,2940.0,2860.0,2880.0,2729.2607421875,14660500,0.0,0.0
2023-11-23,AMRT,2900.0,2920.0,2880.0,2890.0,2738.7373046875,17244400,0.0,0.0
2023-11-24,AMRT,2890.0,2910.0,2860.0,2870.0,2719.7841796875,13578900,0.0,0.0
2023-11-27,AMRT,2900.0,2900.0,2840.0,2860.0,2710.3076171875,21867000,0.0,0.0
2023-11-28,AMRT,2860.0,2900.0,2850.0,2870.0,2719.7841796875,23879600,0.0,0.0
2023-11-29,AMRT,2870.0,2900.0,2800.0,2810.0,2662.924560546875,33779100,0.0,0.0
2023-11-30,AMRT,2830.0,2930.0,2790.0,2870.0,2719.7841796875,200816600,0.0,0.0
2023-12-01,AMRT,2900.0,2900.0,2850.0,2900.0,2748.2138671875,16416700,0.0,0.0
2023-12-04,AMRT,2900.0,2910.0,2870.0,2870.0,2719.7841796875,14538000,0.0,0.0
2023-12-05,AMRT,2880.0,2900.0,2860.0,2870.0,2719.7841796875,12471200,0.0,0.0
2023-12-06,AMRT,2880.0,2910.0,2860.0,2890.0,2738.7373046875,19797100,0.0,0.0
2023-12-07,AMRT,2870.0,2900.0,2870.0,2900.0,2748.2138671875,14016700,0.0,0.0
2023-12-08,AMRT,2890.0,2890.0,2770.0,2850.0,2700.830810546875,30778700,0.0,0.0
2023-12-11,AMRT,2850.0,2850.0,2720.0,2800.0,2653.447998046875,31876300,0.0,0.0
2023-12-12,AMRT,2800.0,2870.0,2770.0,2850.0,2700.830810546875,26855900,0.0,0.0
2023-12-13,AMRT,2850.0,2880.0,2810.0,2880.0,2729.2607421875,14396500,0.0,0.0
2023-12-14,AMRT,2890.0,2910.0,2840.0,2900.0,2748.2138671875,14692900,0.0,0.0
2023-12-15,AMRT,2860.0,2880.0,2770.0,2800.0,2653.447998046875,57724800,0.0,0.0
2023-12-18,AMRT,2750.0,2750.0,2530.0,2730.0,2587.111572265625,70458000,0.0,0.0
2023-12-19,AMRT,2730.0,2820.0,2700.0,2820.0,2672.401123046875,39416800,0.0,0.0
2023-12-20,AMRT,2820.0,2830.0,2800.0,2820.0,2672.401123046875,15726000,0.0,0.0
2023-12-21,AMRT,2820.0,2880.0,2820.0,2880.0,2729.2607421875,16845400,0.0,0.0
2023-12-22,AMRT,2870.0,2880.0,2820.0,2870.0,2719.7841796875,8695600,0.0,0.0
2023-12-27,AMRT,2870.0,2900.0,2850.0,2870.0,2719.7841796875,8363200,0.0,0.0
2023-12-28,AMRT,2890.0,2930.0,2870.0,2910.0,2757.6904296875,36836900,0.0,0.0
2023-12-29,AMRT,2910.0,2950.0,2870.0,2930.0,2776.6435546875,28228000,0.0,0.0
2024-01-02,AMRT,2930.0,2940.0,2840.0,2890.0,2738.7373046875,24629200,0.0,0.0
2024-01-03,AMRT,2860.0,2890.0,2800.0,2820.0,2672.401123046875,20721000,0.0,0.0
2024-01-04,AMRT,2830.0,2870.0,2820.0,2870.0,2719.7841796875,13557200,0.0,0.0
2024-01-05,AMRT,2870.0,2870.0,2790.0,2790.0,2643.971435546875,18664000,0.0,0.0
2024-01-08,AMRT,2790.0,2820.0,2790.0,2800.0,2653.447998046875,10129500,0.0,0.0
2024-01-09,AMRT,2810.0,2820.0,2730.0,2740.0,2596.588134765625,19648500,0.0,0.0
2024-01-10,AMRT,2780.0,2790.0,2710.0,2750.0,2606.064697265625,23536000,0.0,0.0
2024-01-11,AMRT,2790.0,2790.0,2710.0,2710.0,2568.158447265625,14306800,0.0,0.0
2024-01-12,AMRT,2710.0,2710.0,2610.0,2640.0,2501.822265625,52053000,0.0,0.0
2024-01-15,AMRT,2640.0,2650.0,2570.0,2630.0,2492.345703125,58319900,0.0,0.0
2024-01-16,AMRT,2640.0,2700.0,2630.0,2670.0,2530.252197265625,33119200,0.0,0.0
2024-01-17,AMRT,2670.0,2680.0,2630.0,2650.0,2511.298828125,26741700,0.0,0.0
2024-01-18,AMRT,2650.0,2680.0,2650.0,2650.0,2511.298828125,23608900,0.0,0.0
2024-01-19,AMRT,2670.0,2700.0,2640.0,2640.0,2501.822265625,16238100,0.0,0.0
2024-01-22,AMRT,2670.0,2700.0,2640.0,2680.0,2539.728759765625,38592300,0.0,0.0
2024-01-23,AMRT,2700.0,2730.0,2650.0,2720.0,2577.635009765625,32155900,0.0,0.0
2024-01-24,AMRT,2720.0,2720.0,2650.0,2670.0,2530.252197265625,16651800,0.0,0.0
2024-01-25,AMRT,2690.0,2700.0,2650.0,2670.0,2530.252197265625,14520200,0.0,0.0
2024-01-26,AMRT,2660.0,2670.0,2620.0,2630.0,2492.345703125,10705300,0.0,0.0
2024-01-29,AMRT,2640.0,2690.0,2620.0,2690.0,2549.205322265625,18150700,0.0,0.0
2024-01-30,AMRT,2670.0,2680.0,2630.0,2650.0,2511.298828125,14965800,0.0,0.0
2024-01-31,AMRT,2660.0,2690.0,2630.0,2650.0,2511.298828125,33875400,0.0,0.0
2024-02-01,AMRT,2650.0,2670.0,2640.0,2650.0,2511.298828125,22193300,0.0,0.0
2024-02-02,AMRT,2650.0,2670.0,2640.0,2650.0,2511.298828125,19682200,0.0,0.0
2024-02-05,AMRT,2650.0,2660.0,2600.0,2600.0,2463.916015625,14336200,0.0,0.0
2024-02-06,AMRT,2620.0,2640.0,2600.0,2600.0,2463.916015625,21159700,0.0,0.0
2024-02-07,AMRT,2610.0,2640.0,2600.0,2630.0,2492.345703125,12984100,0.0,0.0
2024-02-12,AMRT,2610.0,2640.0,2490.0,2580.0,2444.962890625,46819100,0.0,0.0
2024-02-13,AMRT,2570.0,2630.0,2510.0,2610.0,2473.392578125,42652600,0.0,0.0
2024-02-15,AMRT,2730.0,2740.0,2650.0,2700.0,2558.681884765625,56080800,0.0,0.0
2024-02-16,AMRT,2730.0,2800.0,2710.0,2770.0,2625.01806640625,36096100,0.0,0.0
2024-02-19,AMRT,2770.0,2780.0,2730.0,2750.0,2606.064697265625,12245600,0.0,0.0
2024-02-20,AMRT,2750.0,2790.0,2730.0,2790.0,2643.971435546875,34561800,0.0,0.0
2024-02-21,AMRT,2790.0,2800.0,2670.0,2770.0,2625.01806640625,44497700,0.0,0.0
2024-02-22,AMRT,2760.0,2760.0,2710.0,2750.0,2606.064697265625,7228200,0.0,0.0
2024-02-23,AMRT,2750.0,2750.0,2660.0,2680.0,2539.728759765625,23325300,0.0,0.0
2024-02-26,AMRT,2700.0,2710.0,2650.0,2690.0,2549.205322265625,12596200,0.0,0.0
2024-02-27,AMRT,2650.0,2680.0,2630.0,2660.0,2520.775390625,31681500,0.0,0.0
2024-02-28,AMRT,2670.0,2710.0,2650.0,2700.0,2558.681884765625,16561300,0.0,0.0
2024-02-29,AMRT,2710.0,2750.0,2710.0,2750.0,2606.064697265625,37028100,0.0,0.0
2024-03-01,AMRT,2750.0,2750.0,2700.0,2720.0,2577.635009765625,13484500,0.0,0.0
2024-03-04,AMRT,2740.0,2770.0,2710.0,2750.0,2606.064697265625,18672000,0.0,0.0
2024-03-05,AMRT,2750.0,2760.0,2720.0,2720.0,2577.635009765625,20992400,0.0,0.0
2024-03-06,AMRT,2740.0,2770.0,2720.0,2750.0,2606.064697265625,26791400,0.0,0.0
2024-03-07,AMRT,2730.0,2790.0,2730.0,2760.0,2615.54150390625,21424700,0.0,0.0
2024-03-08,AMRT,2760.0,2810.0,2750.0,2790.0,2643.971435546875,27069100,0.0,0.0
2024-03-13,AMRT,2810.0,2840.0,2790.0,2820.0,2672.401123046875,46618500,0.0,0.0
2024-03-14,AMRT,2830.0,2900.0,2820.0,2900.0,2748.2138671875,95495800,0.0,0.0
2024-03-15,AMRT,2900.0,2910.0,2820.0,2880.0,2729.2607421875,52996400,0.0,0.0
2024-03-18,AMRT,2890.0,2900.0,2840.0,2870.0,2719.7841796875,22003700,0.0,0.0
2024-03-19,AMRT,2860.0,2930.0,2860.0,2890.0,2738.7373046875,23564800,0.0,0.0
2024-03-20,AMRT,2900.0,2920.0,2870.0,2900.0,2748.2138671875,27906900,0.0,0.0
2024-03-21,AMRT,2910.0,2910.0,2880.0,2900.0,2748.2138671875,27986200,0.0,0.0
2024-03-22,AMRT,2900.0,2940.0,2890.0,2900.0,2748.2138671875,46127800,0.0,0.0
2024-03-25,AMRT,2910.0,2910.0,2850.0,2900.0,2748.2138671875,34474800,0.0,0.0
2024-03-26,AMRT,2920.0,2920.0,2890.0,2900.0,2748.2138671875,45879200,0.0,0.0
2024-03-27,AMRT,2900.0,2930.0,2870.0,2900.0,2748.2138671875,52156400,0.0,0.0
2024-03-28,AMRT,2920.0,2920.0,2900.0,2910.0,2757.6904296875,66462000,0.0,0.0
2024-04-01,AMRT,2910.0,2920.0,2890.0,2910.0,2757.6904296875,43183100,0.0,0.0
2024-04-02,AMRT,2920.0,2920.0,2890.0,2910.0,2757.6904296875,30480600,0.0,0.0
2024-04-03,AMRT,2910.0,2910.0,2880.0,2890.0,2738.7373046875,36867400,0.0,0.0
2024-04-04,AMRT,2900.0,2910.0,2880.0,2900.0,2748.2138671875,18523100,0.0,0.0
2024-04-05,AMRT,2900.0,2900.0,2870.0,2880.0,2729.2607421875,9748800,0.0,0.0
2024-04-16,AMRT,2670.0,2790.0,2660.0,2700.0,2558.681884765625,52994100,0.0,0.0
2024-04-17,AMRT,2740.0,2820.0,2710.0,2790.0,2643.971435546875,27479100,0.0,0.0
2024-04-18,AMRT,2800.0,2820.0,2740.0,2790.0,2643.971435546875,19963300,0.0,0.0
2024-04-19,AMRT,2810.0,2840.0,2740.0,2800.0,2653.447998046875,20258900,0.0,0.0
2024-04-22,AMRT,2830.0,2890.0,2800.0,2880.0,2729.2607421875,24102900,0.0,0.0
2024-04-23,AMRT,2900.0,2980.0,2890.0,2940.0,2786.1201171875,55499200,0.0,0.0
2024-04-24,AMRT,2930.0,2940.0,2850.0,2900.0,2748.2138671875,11924400,0.0,0.0
2024-04-25,AMRT,2930.0,2940.0,2890.0,2930.0,2776.6435546875,12890500,0.0,0.0
2024-04-26,AMRT,2940.0,2940.0,2840.0,2840.0,2691.354248046875,18230500,0.0,0.0
2024-04-29,AMRT,2920.0,2970.0,2760.0,2940.0,2786.1201171875,28001300,0.0,0.0
2024-04-30,AMRT,2970.0,2970.0,2900.0,2930.0,2776.6435546875,33285000,0.0,0.0
2024-05-02,AMRT,2920.0,2920.0,2840.0,2870.0,2719.7841796875,19303600,0.0,0.0
2024-05-03,AMRT,2880.0,2910.0,2870.0,2900.0,2748.2138671875,7950500,0.0,0.0
2024-05-06,AMRT,2940.0,2950.0,2890.0,2900.0,2748.2138671875,23610900,0.0,0.0
2024-05-07,AMRT,2920.0,2920.0,2860.0,2880.0,2729.2607421875,22153100,0.0,0.0
2024-05-08,AMRT,2900.0,2920.0,2830.0,2880.0,2729.2607421875,20948900,0.0,0.0
2024-05-13,AMRT,2850.0,2870.0,2800.0,2830.0,2681.877685546875,26021300,0.0,0.0
2024-05-14,AMRT,2820.0,2840.0,2790.0,2800.0,2653.447998046875,35352500,0.0,0.0
2024-05-15,AMRT,2800.0,2820.0,2750.0,2790.0,2643.971435546875,12305900,0.0,0.0
2024-05-16,AMRT,2810.0,2890.0,2800.0,2850.0,2700.830810546875,12488400,0.0,0.0
2024-05-17,AMRT,2810.0,2840.0,2760.0,2800.0,2653.447998046875,14759900,0.0,0.0
2024-05-20,AMRT,2800.0,2840.0,2800.0,2800.0,2653.447998046875,11069600,0.0,0.0
2024-05-21,AMRT,2840.0,2840.0,2750.0,2760.0,2615.54150390625,17025500,0.0,0.0
2024-05-22,AMRT,2800.0,2850.0,2780.0,2830.0,2681.877685546875,27002500,0.0,0.0
2024-05-27,AMRT,2880.0,2880.0,2770.0,2800.0,2653.447998046875,24290300,0.0,0.0
2024-05-28,AMRT,2860.0,2910.0,2820.0,2880.0,2729.2607421875,27120900,0.0,0.0
2024-05-29,AMRT,2820.0,2840.0,2770.0,2800.0,2680.1376953125,19885000,28.68,0.0
2024-05-30,AMRT,2820.0,2850.0,2760.0,2760.0,2641.85009765625,33979000,0.0,0.0
2024-05-31,AMRT,2780.0,2820.0,2650.0,2650.0,2536.55908203125,143419000,0.0,0.0
2024-06-03,AMRT,2690.0,2830.0,2690.0,2800.0,2680.1376953125,20843400,0.0,0.0
2024-06-04,AMRT,2830.0,2840.0,2790.0,2790.0,2670.565673828125,18088500,0.0,0.0
2024-06-05,AMRT,2800.0,2800.0,2710.0,2720.0,2603.562255859375,16792500,0.0,0.0
2024-06-06,AMRT,2780.0,2810.0,2750.0,2780.0,2660.993896484375,16498200,0.0,0.0
2024-06-07,AMRT,2790.0,2800.0,2750.0,2760.0,2641.85009765625,12898900,0.0,0.0
2024-06-10,AMRT,2790.0,2820.0,2780.0,2800.0,2680.1376953125,14034700,0.0,0.0
2024-06-11,AMRT,2770.0,2810.0,2740.0,2740.0,2622.7060546875,29981000,0.0,0.0
2024-06-12,AMRT,2790.0,2810.0,2690.0,2730.0,2613.13427734375,26173700,0.0,0.0
2024-06-13,AMRT,2740.0,2760.0,2720.0,2720.0,2603.562255859375,11576500,0.0,0.0
2024-06-14,AMRT,2720.0,2760.0,2700.0,2720.0,2603.562255859375,11887400,0.0,0.0
2024-06-19,AMRT,2650.0,2740.0,2650.0,2710.0,2593.990478515625,8559600,0.0,0.0
2024-06-20,AMRT,2700.0,2760.0,2650.0,2720.0,2603.562255859375,22513000,0.0,0.0
2024-06-21,AMRT,2720.0,2760.0,2700.0,2700.0,2584.41845703125,29240600,0.0,0.0
2024-06-24,AMRT,2700.0,2740.0,2700.0,2740.0,2622.7060546875,11164700,0.0,0.0
2024-06-25,AMRT,2750.0,2750.0,2710.0,2720.0,2603.562255859375,20547900,0.0,0.0
2024-06-26,AMRT,2710.0,2780.0,2710.0,2730.0,2613.13427734375,29890000,0.0,0.0
2024-06-27,AMRT,2750.0,2750.0,2690.0,2700.0,2584.41845703125,21184700,0.0,0.0
2024-06-28,AMRT,2700.0,2790.0,2700.0,2750.0,2632.278076171875,18854700,0.0,0.0
2024-07-01,AMRT,2800.0,2800.0,2720.0,2730.0,2613.13427734375,16993000,0.0,0.0
2024-07-02,AMRT,2740.0,2750.0,2710.0,2750.0,2632.278076171875,13431700,0.0,0.0
2024-07-03,AMRT,2770.0,2780.0,2720.0,2760.0,2641.85009765625,13991300,0.0,0.0
2024-07-04,AMRT,2760.0,2780.0,2710.0,2760.0,2641.85009765625,55176900,0.0,0.0
2024-07-05,AMRT,2760.0,2780.0,2740.0,2780.0,2660.993896484375,13724800,0.0,0.0
2024-07-08,AMRT,2800.0,2850.0,2770.0,2830.0,2708.853515625,20804900,0.0,0.0
2024-07-09,AMRT,2830.0,2900.0,2820.0,2860.0,2737.569091796875,16876500,0.0,0.0
2024-07-10,AMRT,2890.0,2910.0,2850.0,2900.0,2775.85693359375,21364400,0.0,0.0
2024-07-11,AMRT,2910.0,2950.0,2890.0,2940.0,2814.14453125,26756500,0.0,0.0
2024-07-12,AMRT,2940.0,2950.0,2860.0,2930.0,2804.572509765625,14809200,0.0,0.0
2024-07-15,AMRT,2940.0,2940.0,2750.0,2920.0,2795.000732421875,22847400,0.0,0.0
2024-07-16,AMRT,2930.0,2930.0,2850.0,2870.0,2747.14111328125,10001100,0.0,0.0
2024-07-17,AMRT,2870.0,2900.0,2830.0,2860.0,2737.569091796875,9952200,0.0,0.0
2024-07-18,AMRT,2830.0,2910.0,2830.0,2880.0,2756.713134765625,23089800,0.0,0.0
2024-07-19,AMRT,2850.0,2900.0,2820.0,2880.0,2756.713134765625,17179800,0.0,0.0
2024-07-22,AMRT,2930.0,2930.0,2860.0,2880.0,2756.713134765625,6795600,0.0,0.0
2024-07-23,AMRT,2880.0,2930.0,2870.0,2870.0,2747.14111328125,8489600,0.0,0.0
2024-07-24,AMRT,2880.0,2890.0,2810.0,2850.0,2727.9970703125,7058500,0.0,0.0
2024-07-25,AMRT,2850.0,2870.0,2790.0,2860.0,2737.569091796875,16889800,0.0,0.0
2024-07-26,AMRT,2880.0,2880.0,2830.0,2850.0,2727.9970703125,11677000,0.0,0.0
2024-07-29,AMRT,2820.0,2850.0,2820.0,2840.0,2718.425537109375,12774500,0.0,0.0
2024-07-30,AMRT,2850.0,2880.0,2830.0,2840.0,2718.425537109375,23255100,0.0,0.0
2024-07-31,AMRT,2870.0,2870.0,2820.0,2840.0,2718.425537109375,41656900,0.0,0.0
2024-08-01,AMRT,2840.0,2840.0,2780.0,2820.0,2699.281494140625,24550000,0.0,0.0
2024-08-02,AMRT,2820.0,2820.0,2710.0,2710.0,2593.990478515625,27039500,0.0,0.0
2024-08-05,AMRT,2710.0,2740.0,2670.0,2700.0,2584.41845703125,11590800,0.0,0.0
2024-08-06,AMRT,2750.0,2790.0,2720.0,2740.0,2622.7060546875,25699900,0.0,0.0
2024-08-07,AMRT,2740.0,2790.0,2740.0,2780.0,2660.993896484375,11432900,0.0,0.0
2024-08-08,AMRT,2780.0,2780.0,2740.0,2760.0,2641.85009765625,15911500,0.0,0.0
2024-08-09,AMRT,2770.0,2830.0,2770.0,2830.0,2708.853515625,13182400,0.0,0.0
2024-08-12,AMRT,2830.0,2830.0,2780.0,2800.0,2680.1376953125,11594900,0.0,0.0
2024-08-13,AMRT,2840.0,2840.0,2810.0,2830.0,2708.853515625,14998200,0.0,0.0
2024-08-14,AMRT,2810.0,2870.0,2810.0,2850.0,2727.9970703125,41865500,0.0,0.0
2024-08-15,AMRT,2860.0,2900.0,2830.0,2850.0,2727.9970703125,14359900,0.0,0.0
2024-08-16,AMRT,2880.0,2880.0,2840.0,2850.0,2727.9970703125,11101200,0.0,0.0
2024-08-19,AMRT,2810.0,2870.0,2810.0,2860.0,2737.569091796875,21168800,0.0,0.0
2024-08-20,AMRT,2880.0,2920.0,2830.0,2870.0,2747.14111328125,41124900,0.0,0.0
2024-08-21,AMRT,2920.0,2920.0,2890.0,2910.0,2785.428955078125,19289200,0.0,0.0
2024-08-22,AMRT,2870.0,2910.0,2860.0,2890.0,2766.284912109375,10813000,0.0,0.0
2024-08-23,AMRT,2900.0,2910.0,2850.0,2850.0,2727.9970703125,10265300,0.0,0.0
2024-08-26,AMRT,2830.0,2850.0,2790.0,2810.0,2689.70947265625,25441900,0.0,0.0
2024-08-27,AMRT,2840.0,2890.0,2830.0,2860.0,2737.569091796875,14446800,0.0,0.0
2024-08-28,AMRT,2890.0,2900.0,2840.0,2870.0,2747.14111328125,30870300,0.0,0.0
2024-08-29,AMRT,2900.0,2900.0,2830.0,2850.0,2727.9970703125,15581800,0.0,0.0
2024-08-30,AMRT,2850.0,2900.0,2810.0,2900.0,2775.85693359375,56676800,0.0,0.0
2024-09-02,AMRT,2900.0,2910.0,2860.0,2890.0,2766.284912109375,17688800,0.0,0.0
2024-09-03,AMRT,2870.0,2900.0,2870.0,2870.0,2747.14111328125,17128700,0.0,0.0
2024-09-04,AMRT,2900.0,2900.0,2870.0,2900.0,2775.85693359375,12093100,0.0,0.0
2024-09-05,AMRT,2900.0,2910.0,2850.0,2890.0,2766.284912109375,13084700,0.0,0.0
2024-09-06,AMRT,2890.0,2920.0,2880.0,2920.0,2795.000732421875,53056500,0.0,0.0
2024-09-09,AMRT,2920.0,2950.0,2890.0,2950.0,2823.716552734375,18655100,0.0,0.0
2024-09-10,AMRT,2960.0,3270.0,2950.0,3040.0,2909.86376953125,75273200,0.0,0.0
2024-09-11,AMRT,3050.0,3190.0,3050.0,3120.0,2986.43896484375,30991500,0.0,0.0
2024-09-12,AMRT,3150.0,3290.0,3140.0,3220.0,3082.158447265625,69530200,0.0,0.0
2024-09-13,AMRT,3250.0,3250.0,3080.0,3150.0,3015.155029296875,47960400,0.0,0.0
2024-09-17,AMRT,3150.0,3170.0,3130.0,3150.0,3015.155029296875,32831900,0.0,0.0
2024-09-18,AMRT,3150.0,3190.0,3140.0,3160.0,3024.726806640625,30441000,0.0,0.0
2024-09-19,AMRT,3110.0,3150.0,3100.0,3120.0,2986.43896484375,26017100,0.0,0.0
2024-09-20,AMRT,3120.0,3220.0,3120.0,3120.0,2986.43896484375,58978500,0.0,0.0
2024-09-23,AMRT,3120.0,3240.0,3120.0,3220.0,3082.158447265625,26476200,0.0,0.0
2024-09-24,AMRT,3220.0,3400.0,3200.0,3330.0,3187.449462890625,38933100,0.0,0.0
2024-09-25,AMRT,3330.0,3340.0,3190.0,3250.0,3110.8740234375,47951500,0.0,0.0
2024-09-26,AMRT,3300.0,3300.0,3200.0,3280.0,3139.58984375,23989600,0.0,0.0
2024-09-27,AMRT,3220.0,3250.0,3140.0,3200.0,3063.014404296875,30480800,0.0,0.0
2024-09-30,AMRT,3230.0,3230.0,3160.0,3160.0,3024.726806640625,39457300,0.0,0.0
2024-10-01,AMRT,3200.0,3210.0,3140.0,3190.0,3053.442626953125,9253400,0.0,0.0
2024-10-02,AMRT,3170.0,3170.0,3070.0,3130.0,2996.010986328125,27259400,0.0,0.0
2024-10-03,AMRT,3130.0,3170.0,3110.0,3150.0,3015.155029296875,11632700,0.0,0.0
2024-10-04,AMRT,3150.0,3200.0,3130.0,3150.0,3015.155029296875,23831200,0.0,0.0
2024-10-07,AMRT,3140.0,3160.0,3130.0,3160.0,3024.726806640625,13689800,0.0,0.0
2024-10-08,AMRT,3150.0,3180.0,3080.0,3140.0,3005.5830078125,19768500,0.0,0.0
2024-10-09,AMRT,3140.0,3170.0,3110.0,3140.0,3005.5830078125,12823500,0.0,0.0
2024-10-10,AMRT,3140.0,3200.0,3120.0,3140.0,3005.5830078125,17672900,0.0,0.0
2024-10-11,AMRT,3200.0,3200.0,3160.0,3170.0,3034.298828125,7347200,0.0,0.0
2024-10-14,AMRT,3180.0,3210.0,3150.0,3200.0,3063.014404296875,9182300,0.0,0.0
2024-10-15,AMRT,3200.0,3350.0,3190.0,3280.0,3139.58984375,53365400,0.0,0.0
2024-10-16,AMRT,3300.0,3300.0,3240.0,3280.0,3139.58984375,22512600,0.0,0.0
2024-10-17,AMRT,3280.0,3350.0,3260.0,3330.0,3187.449462890625,29758200,0.0,0.0
2024-10-18,AMRT,3340.0,3380.0,3330.0,3360.0,3216.165283203125,31934100,0.0,0.0
2024-10-21,AMRT,3360.0,3390.0,3340.0,3370.0,3225.7373046875,20559300,0.0,0.0
2024-10-22,AMRT,3370.0,3440.0,3370.0,3440.0,3292.740478515625,28253400,0.0,0.0
2024-10-23,AMRT,3450.0,3650.0,3440.0,3560.0,3407.603759765625,69547700,0.0,0.0
2024-10-24,AMRT,3570.0,3620.0,3530.0,3550.0,3398.03173828125,17261000,0.0,0.0
2024-10-25,AMRT,3560.0,3580.0,3480.0,3480.0,3331.0283203125,14934300,0.0,0.0
2024-10-28,AMRT,3500.0,3580.0,3460.0,3570.0,3417.175537109375,13850200,0.0,0.0
2024-10-29,AMRT,3570.0,3570.0,3470.0,3500.0,3350.172119140625,11245500,0.0,0.0
2024-10-30,AMRT,3450.0,3480.0,3350.0,3450.0,3302.3125,35829100,0.0,0.0
2024-10-31,AMRT,3450.0,3480.0,3280.0,3320.0,3177.87744140625,40543500,0.0,0.0
2024-11-01,AMRT,3320.0,3320.0,3170.0,3240.0,3101.30224609375,37751400,0.0,0.0
2024-11-04,AMRT,3240.0,3290.0,3180.0,3290.0,3149.161865234375,15776900,0.0,0.0
2024-11-05,AMRT,3290.0,3330.0,3200.0,3290.0,3149.161865234375,19096900,0.0,0.0
2024-11-06,AMRT,3300.0,3310.0,3100.0,3130.0,2996.010986328125,28312600,0.0,0.0
2024-11-07,AMRT,3150.0,3210.0,3120.0,3130.0,2996.010986328125,35086200,0.0,0.0
2024-11-08,AMRT,3150.0,3170.0,3090.0,3130.0,2996.010986328125,13455500,0.0,0.0
2024-11-11,AMRT,3120.0,3160.0,3070.0,3110.0,2976.8671875,19445800,0.0,0.0
2024-11-12,AMRT,3140.0,3180.0,3090.0,3150.0,3015.155029296875,20740500,0.0,0.0
2024-11-13,AMRT,3130.0,3150.0,2930.0,2950.0,2823.716552734375,46166900,0.0,0.0
2024-11-14,AMRT,2970.0,2990.0,2910.0,2950.0,2823.716552734375,21879200,0.0,0.0
2024-11-15,AMRT,2940.0,2980.0,2870.0,2880.0,2756.713134765625,31154400,0.0,0.0
2024-11-18,AMRT,2880.0,2920.0,2810.0,2920.0,2795.000732421875,16124900,0.0,0.0
2024-11-19,AMRT,2920.0,3000.0,2890.0,2960.0,2833.28857421875,18329500,0.0,0.0
2024-11-20,AMRT,2960.0,2970.0,2880.0,2910.0,2785.428955078125,16386500,0.0,0.0
2024-11-21,AMRT,2890.0,3000.0,2820.0,2890.0,2766.284912109375,39740200,0.0,0.0
2024-11-22,AMRT,2920.0,2960.0,2880.0,2890.0,2766.284912109375,17843900,0.0,0.0
2024-11-25,AMRT,2930.0,3020.0,2920.0,2980.0,2852.43212890625,59332600,0.0,0.0
2024-11-26,AMRT,2950.0,2960.0,2870.0,2900.0,2775.85693359375,35652600,0.0,0.0
2024-11-28,AMRT,2900.0,2900.0,2820.0,2870.0,2747.14111328125,32425300,0.0,0.0
2024-11-29,AMRT,2870.0,2900.0,2830.0,2850.0,2727.9970703125,34038100,0.0,0.0
2024-12-02,AMRT,2860.0,2900.0,2850.0,2870.0,2747.14111328125,16440200,0.0,0.0
2024-12-03,AMRT,2940.0,2940.0,2860.0,2900.0,2775.85693359375,33639900,0.0,0.0
2024-12-04,AMRT,2910.0,3030.0,2900.0,3020.0,2890.719970703125,37512300,0.0,0.0
2024-12-05,AMRT,3040.0,3050.0,2940.0,2990.0,2862.004150390625,14664400,0.0,0.0
2024-12-06,AMRT,3000.0,3170.0,2940.0,3070.0,2938.57958984375,28651000,0.0,0.0
2024-12-09,AMRT,3040.0,3040.0,2940.0,2940.0,2814.14453125,17778000,0.0,0.0
2024-12-10,AMRT,2950.0,3050.0,2950.0,3050.0,2919.435546875,15128700,0.0,0.0
2024-12-11,AMRT,3010.0,3040.0,2970.0,2970.0,2842.8603515625,13402200,0.0,0.0
2024-12-12,AMRT,2980.0,3020.0,2940.0,2940.0,2814.14453125,11695000,0.0,0.0
2024-12-13,AMRT,2940.0,2960.0,2890.0,2960.0,2833.28857421875,16013700,0.0,0.0
2024-12-16,AMRT,2940.0,2970.0,2870.0,2970.0,2842.8603515625,21696000,0.0,0.0
2024-12-17,AMRT,2930.0,2940.0,2830.0,2850.0,2727.9970703125,45370900,0.0,0.0
2024-12-18,AMRT,2850.0,2860.0,2800.0,2810.0,2689.70947265625,24456000,0.0,0.0
2024-12-19,AMRT,2820.0,2860.0,2750.0,2810.0,2689.70947265625,30399800,0.0,0.0
2024-12-20,AMRT,2780.0,2850.0,2770.0,2780.0,2660.993896484375,32576600,0.0,0.0
2024-12-23,AMRT,2780.0,2940.0,2760.0,2940.0,2814.14453125,12071900,0.0,0.0
2024-12-24,AMRT,2850.0,2860.0,2780.0,2780.0,2660.993896484375,11864800,0.0,0.0
2024-12-27,AMRT,2800.0,2870.0,2780.0,2800.0,2680.1376953125,8552000,0.0,0.0
2024-12-30,AMRT,2820.0,2850.0,2780.0,2850.0,2727.9970703125,15717100,0.0,0.0
2025-01-02,AMRT,2900.0,2900.0,2820.0,2820.0,2699.281494140625,9808900,0.0,0.0
2025-01-03,AMRT,2830.0,2900.0,2830.0,2850.0,2727.9970703125,14231100,0.0,0.0
2025-01-06,AMRT,2850.0,2870.0,2830.0,2860.0,2737.569091796875,10718900,0.0,0.0
2025-01-07,AMRT,2860.0,2880.0,2800.0,2850.0,2727.9970703125,12512300,0.0,0.0
2025-01-08,AMRT,2850.0,2930.0,2830.0,2880.0,2756.713134765625,16164400,0.0,0.0
2025-01-09,AMRT,2880.0,2900.0,2770.0,2800.0,2680.1376953125,51915400,0.0,0.0
2025-01-10,AMRT,2810.0,2860.0,2810.0,2820.0,2699.281494140625,13769900,0.0,0.0
2025-01-13,AMRT,2820.0,2870.0,2820.0,2830.0,2708.853515625,17281300,0.0,0.0
2025-01-14,AMRT,2830.0,2860.0,2820.0,2830.0,2708.853515625,11073100,0.0,0.0
2025-01-15,AMRT,2810.0,2870.0,2800.0,2850.0,2727.9970703125,11931200,0.0,0.0
2025-01-16,AMRT,2850.0,2870.0,2740.0,2770.0,2651.422119140625,29242000,0.0,0.0
2025-01-17,AMRT,2800.0,2890.0,2790.0,2840.0,2718.425537109375,15013000,0.0,0.0
2025-01-20,AMRT,2830.0,2910.0,2780.0,2780.0,2660.993896484375,11137800,0.0,0.0
2025-01-21,AMRT,2800.0,2820.0,2720.0,2720.0,2603.562255859375,10820300,0.0,0.0
2025-01-22,AMRT,2750.0,2900.0,2750.0,2900.0,2775.85693359375,24447500,0.0,0.0
2025-01-23,AMRT,2920.0,2920.0,2810.0,2810.0,2689.70947265625,20508400,0.0,0.0
2025-01-24,AMRT,2810.0,2830.0,2740.0,2740.0,2622.7060546875,16956600,0.0,0.0
2025-01-30,AMRT,2740.0,2810.0,2700.0,2760.0,2641.85009765625,11391200,0.0,0.0
2025-01-31,AMRT,2820.0,2900.0,2800.0,2870.0,2747.14111328125,23259700,0.0,0.0
2025-02-03,AMRT,2870.0,2880.0,2820.0,2880.0,2756.713134765625,8464400,0.0,0.0
2025-02-04,AMRT,2880.0,2950.0,2870.0,2890.0,2766.284912109375,13807400,0.0,0.0
2025-02-05,AMRT,2840.0,2980.0,2830.0,2930.0,2804.572509765625,20049000,0.0,0.0
2025-02-06,AMRT,2900.0,2970.0,2880.0,2960.0,2833.28857421875,12059200,0.0,0.0
2025-02-07,AMRT,2900.0,2940.0,2840.0,2910.0,2785.428955078125,14046900,0.0,0.0
2025-02-10,AMRT,2910.0,3000.0,2910.0,2980.0,2852.43212890625,20433700,0.0,0.0
2025-02-11,AMRT,3000.0,3080.0,2970.0,3020.0,2890.719970703125,44750000,0.0,0.0
2025-02-12,AMRT,3040.0,3060.0,2990.0,3020.0,2890.719970703125,23018200,0.0,0.0
2025-02-13,AMRT,2980.0,3010.0,2870.0,2870.0,2747.14111328125,20241500,0.0,0.0
2025-02-14,AMRT,2870.0,2900.0,2820.0,2830.0,2708.853515625,30910800,0.0,0.0
2025-02-17,AMRT,2830.0,2860.0,2740.0,2760.0,2641.85009765625,42234200,0.0,0.0
2025-02-18,AMRT,2760.0,2790.0,2700.0,2700.0,2584.41845703125,53936900,0.0,0.0
2025-02-19,AMRT,2710.0,2720.0,2440.0,2480.0,2373.836181640625,126489200,0.0,0.0
2025-02-20,AMRT,2450.0,2540.0,2290.0,2540.0,2431.267822265625,197980500,0.0,0.0
2025-02-21,AMRT,2560.0,2570.0,2450.0,2510.0,2402.552001953125,55682800,0.0,0.0
2025-02-24,AMRT,2510.0,2590.0,2470.0,2520.0,2412.1240234375,34137400,0.0,0.0
2025-02-25,AMRT,2520.0,2520.0,2400.0,2410.0,2306.832763671875,66277000,0.0,0.0
2025-02-26,AMRT,2400.0,2410.0,2230.0,2240.0,2144.110107421875,115058400,0.0,0.0
2025-02-27,AMRT,2230.0,2250.0,2170.0,2190.0,2096.250732421875,95701600,0.0,0.0
2025-02-28,AMRT,2180.0,2230.0,2080.0,2200.0,2105.822265625,89028900,0.0,0.0
2025-03-03,AMRT,2240.0,2420.0,2200.0,2360.0,2258.97314453125,64874700,0.0,0.0
2025-03-04,AMRT,2400.0,2470.0,2370.0,2390.0,2287.68896484375,57888100,0.0,0.0
2025-03-05,AMRT,2350.0,2400.0,2220.0,2390.0,2287.68896484375,64752200,0.0,0.0
2025-03-06,AMRT,2390.0,2490.0,2350.0,2370.0,2268.545166015625,38512800,0.0,0.0
2025-03-07,AMRT,2370.0,2450.0,2350.0,2420.0,2316.40478515625,20456300,0.0,0.0
2025-03-10,AMRT,2420.0,2440.0,2360.0,2440.0,2335.548583984375,9959600,0.0,0.0
2025-03-11,AMRT,2400.0,2410.0,2320.0,2320.0,2220.685546875,13593900,0.0,0.0
2025-03-12,AMRT,2320.0,2400.0,2320.0,2400.0,2297.2607421875,10046500,0.0,0.0
2025-03-13,AMRT,2450.0,2450.0,2390.0,2400.0,2297.2607421875,26767200,0.0,0.0
2025-03-14,AMRT,2430.0,2430.0,2350.0,2360.0,2258.97314453125,18482200,0.0,0.0
2025-03-17,AMRT,2410.0,2440.0,2380.0,2430.0,2325.9765625,18402100,0.0,0.0
2025-03-18,AMRT,2430.0,2470.0,2160.0,2240.0,2144.110107421875,55912200,0.0,0.0
2025-03-19,AMRT,2220.0,2230.0,2130.0,2170.0,2077.106689453125,61266600,0.0,0.0
2025-03-20,AMRT,2170.0,2190.0,2090.0,2130.0,2038.8189697265625,42313000,0.0,0.0
2025-03-21,AMRT,2130.0,2140.0,1885.0,1940.0,1856.9525146484375,208629700,0.0,0.0
2025-03-24,AMRT,1840.0,1840.0,1730.0,1820.0,1742.0894775390625,92819100,0.0,0.0
2025-03-25,AMRT,1780.0,1900.0,1780.0,1870.0,1789.9490966796875,50636000,0.0,0.0
2025-03-26,AMRT,1880.0,2040.0,1880.0,2010.0,1923.9560546875,53119300,0.0,0.0
2025-03-27,AMRT,2000.0,2060.0,1950.0,2050.0,1962.24365234375,39570500,0.0,0.0
2025-04-08,AMRT,2020.0,2070.0,2000.0,2030.0,1943.099853515625,68613600,0.0,0.0
2025-04-09,AMRT,2030.0,2140.0,2030.0,2070.0,1981.3875732421875,40809900,0.0,0.0
2025-04-10,AMRT,2150.0,2390.0,2140.0,2290.0,2191.9697265625,52667600,0.0,0.0
2025-04-11,AMRT,2220.0,2260.0,2170.0,2210.0,2115.394287109375,24938100,0.0,0.0
2025-04-14,AMRT,2170.0,2240.0,2170.0,2170.0,2077.106689453125,58785500,0.0,0.0
2025-04-15,AMRT,2190.0,2190.0,2050.0,2080.0,1990.95947265625,46085800,0.0,0.0
2025-04-16,AMRT,2080.0,2110.0,1940.0,1955.0,1871.3104248046875,100167400,0.0,0.0
2025-04-17,AMRT,1955.0,1995.0,1920.0,1960.0,1876.0963134765625,82892400,0.0,0.0
2025-04-21,AMRT,1960.0,1965.0,1905.0,1935.0,1852.1666259765625,23130400,0.0,0.0
2025-04-22,AMRT,1930.0,1940.0,1870.0,1910.0,1828.23681640625,61855600,0.0,0.0
2025-04-23,AMRT,1925.0,2030.0,1925.0,2000.0,1914.384033203125,61969100,0.0,0.0
2025-04-24,AMRT,2020.0,2090.0,1995.0,2030.0,1943.099853515625,63182300,0.0,0.0
2025-04-25,AMRT,2070.0,2100.0,2030.0,2090.0,2000.53125,47679700,0.0,0.0
2025-04-28,AMRT,2090.0,2110.0,2040.0,2040.0,1952.6717529296875,18878400,0.0,0.0
2025-04-29,AMRT,2050.0,2090.0,2040.0,2090.0,2000.53125,21007900,0.0,0.0
2025-04-30,AMRT,2090.0,2180.0,2080.0,2160.0,2067.53466796875,59779700,0.0,0.0
2025-05-02,AMRT,2180.0,2190.0,2080.0,2120.0,2029.2471923828125,54028500,0.0,0.0
2025-05-05,AMRT,2140.0,2270.0,2110.0,2180.0,2086.6787109375,50855800,0.0,0.0
2025-05-06,AMRT,2200.0,2320.0,2190.0,2280.0,2182.397705078125,60885800,0.0,0.0
2025-05-07,AMRT,2300.0,2380.0,2280.0,2310.0,2211.11376953125,63760900,0.0,0.0
2025-05-08,AMRT,2340.0,2380.0,2310.0,2350.0,2249.401123046875,93289200,0.0,0.0
2025-05-09,AMRT,2380.0,2380.0,2310.0,2360.0,2258.97314453125,24178200,0.0,0.0
2025-05-14,AMRT,2390.0,2520.0,2390.0,2480.0,2373.836181640625,73218100,0.0,0.0
2025-05-15,AMRT,2480.0,2500.0,2410.0,2410.0,2306.832763671875,32906600,0.0,0.0
2025-05-16,AMRT,2430.0,2500.0,2410.0,2500.0,2392.980224609375,30056900,0.0,0.0
2025-05-19,AMRT,2500.0,2520.0,2440.0,2500.0,2392.980224609375,32042700,0.0,0.0
2025-05-20,AMRT,2510.0,2580.0,2480.0,2500.0,2392.980224609375,42482500,0.0,0.0
2025-05-21,AMRT,2580.0,2640.0,2530.0,2610.0,2498.271240234375,35314300,0.0,0.0
2025-05-22,AMRT,2610.0,2610.0,2520.0,2600.0,2488.69921875,54111400,0.0,0.0
2025-05-23,AMRT,2590.0,2610.0,2560.0,2600.0,2488.69921875,26188100,0.0,0.0
2025-05-26,AMRT,2600.0,2620.0,2580.0,2600.0,2488.69921875,22161500,0.0,0.0
2025-05-27,AMRT,2600.0,2620.0,2530.0,2550.0,2440.839599609375,24660800,0.0,0.0
2025-05-28,AMRT,2540.0,2560.0,2410.0,2430.0,2325.9765625,168411700,0.0,0.0
2025-06-02,AMRT,2430.0,2570.0,2430.0,2530.0,2421.69580078125,68247400,0.0,0.0
2025-06-03,AMRT,2560.0,2630.0,2530.0,2620.0,2507.843017578125,40708000,0.0,0.0
2025-06-04,AMRT,2620.0,2630.0,2550.0,2550.0,2473.036376953125,30945800,34.11,0.0
2025-06-05,AMRT,2560.0,2580.0,2530.0,2540.0,2463.338134765625,10286000,0.0,0.0
2025-06-10,AMRT,2530.0,2550.0,2490.0,2520.0,2443.94189453125,28130600,0.0,0.0
2025-06-11,AMRT,2570.0,2570.0,2460.0,2480.0,2405.149169921875,21436800,0.0,0.0
2025-06-12,AMRT,2480.0,2510.0,2440.0,2480.0,2405.149169921875,23777600,0.0,0.0
2025-06-13,AMRT,2490.0,2490.0,2410.0,2440.0,2366.3564453125,18545800,0.0,0.0
2025-06-16,AMRT,2440.0,2490.0,2390.0,2400.0,2327.563720703125,23213800,0.0,0.0
2025-06-17,AMRT,2400.0,2450.0,2270.0,2310.0,2240.280029296875,76856000,0.0,0.0
2025-06-18,AMRT,2330.0,2350.0,2300.0,2330.0,2259.67626953125,21327000,0.0,0.0
2025-06-19,AMRT,2330.0,2330.0,2270.0,2290.0,2220.883544921875,17497700,0.0,0.0
2025-06-20,AMRT,2290.0,2300.0,2240.0,2280.0,2211.185546875,77847700,0.0,0.0
2025-06-23,AMRT,2220.0,2250.0,2140.0,2230.0,2162.694580078125,28159400,0.0,0.0
2025-06-24,AMRT,2300.0,2300.0,2250.0,2260.0,2191.7890625,16422900,0.0,0.0
2025-06-25,AMRT,2270.0,2350.0,2250.0,2280.0,2211.185546875,22228800,0.0,0.0
2025-06-26,AMRT,2290.0,2320.0,2230.0,2320.0,2249.978271484375,18760300,0.0,0.0
2025-06-30,AMRT,2390.0,2390.0,2250.0,2390.0,2317.865478515625,37268500,0.0,0.0
2025-07-01,AMRT,2410.0,2410.0,2340.0,2380.0,2308.167236328125,17766000,0.0,0.0
2025-07-02,AMRT,2370.0,2410.0,2320.0,2410.0,2337.26171875,20876100,0.0,0.0
2025-07-03,AMRT,2380.0,2390.0,2320.0,2380.0,2308.167236328125,14808700,0.0,0.0
2025-07-04,AMRT,2380.0,2390.0,2320.0,2330.0,2259.67626953125,17910800,0.0,0.0
2025-07-07,AMRT,2330.0,2400.0,2290.0,2400.0,2327.563720703125,16284800,0.0,0.0
2025-07-08,AMRT,2410.0,2440.0,2330.0,2370.0,2298.468994140625,27189700,0.0,0.0
2025-07-09,AMRT,2370.0,2370.0,2320.0,2370.0,2298.468994140625,23575600,0.0,0.0
2025-07-10,AMRT,2390.0,2390.0,2270.0,2270.0,2201.4873046875,48474400,0.0,0.0
2025-07-11,AMRT,2300.0,2320.0,2260.0,2300.0,2230.581787109375,17271500,0.0,0.0
2025-07-14,AMRT,2300.0,2310.0,2250.0,2290.0,2220.883544921875,26003000,0.0,0.0
2025-07-15,AMRT,2290.0,2300.0,2220.0,2220.0,2152.996337890625,27429400,0.0,0.0
2025-07-16,AMRT,2220.0,2230.0,2150.0,2150.0,2085.109130859375,45308000,0.0,0.0
2025-07-17,AMRT,2160.0,2270.0,2160.0,2260.0,2191.7890625,42867300,0.0,0.0
2025-07-18,AMRT,2260.0,2280.0,2230.0,2250.0,2182.0908203125,27911300,0.0,0.0
2025-07-21,AMRT,2250.0,2260.0,2210.0,2230.0,2162.694580078125,16687200,0.0,0.0
2025-07-22,AMRT,2230.0,2250.0,2190.0,2210.0,2143.298095703125,16993400,0.0,0.0
2025-07-23,AMRT,2230.0,2250.0,2210.0,2250.0,2182.0908203125,18446000,0.0,0.0
2025-07-24,AMRT,2250.0,2250.0,2180.0,2190.0,2123.90185546875,17844000,0.0,0.0
2025-07-25,AMRT,2190.0,2210.0,2160.0,2200.0,2133.60009765625,12847200,0.0,0.0
2025-07-28,AMRT,2210.0,2250.0,2180.0,2210.0,2143.298095703125,26459700,0.0,0.0
2025-07-29,AMRT,2210.0,2290.0,2180.0,2280.0,2211.185546875,36494500,0.0,0.0
2025-07-30,AMRT,2280.0,2290.0,2180.0,2180.0,2114.20361328125,27510800,0.0,0.0
2025-07-31,AMRT,2200.0,2350.0,2150.0,2320.0,2249.978271484375,58059900,0.0,0.0
2025-08-01,AMRT,2320.0,2370.0,2310.0,2320.0,2249.978271484375,22904500,0.0,0.0
2025-08-04,AMRT,2320.0,2330.0,2280.0,2290.0,2220.883544921875,21659300,0.0,0.0
2025-08-05,AMRT,2290.0,2490.0,2290.0,2420.0,2346.9599609375,47010800,0.0,0.0
2025-08-06,AMRT,2430.0,2440.0,2320.0,2320.0,2249.978271484375,22028600,0.0,0.0
2025-08-07,AMRT,2340.0,2420.0,2330.0,2380.0,2308.167236328125,24956100,0.0,0.0
2025-08-08,AMRT,2410.0,2410.0,2330.0,2350.0,2279.07275390625,23686400,0.0,0.0
2025-08-11,AMRT,2360.0,2400.0,2340.0,2380.0,2308.167236328125,11434700,0.0,0.0
2025-08-12,AMRT,2390.0,2420.0,2380.0,2390.0,2317.865478515625,9734500,0.0,0.0
2025-08-13,AMRT,2370.0,2410.0,2340.0,2350.0,2279.07275390625,19969600,0.0,0.0
2025-08-14,AMRT,2340.0,2380.0,2260.0,2310.0,2240.280029296875,58582100,0.0,0.0
2025-08-15,AMRT,2300.0,2310.0,2250.0,2260.0,2191.7890625,34862900,0.0,0.0
2025-08-19,AMRT,2240.0,2260.0,2210.0,2210.0,2143.298095703125,22291800,0.0,0.0
2025-08-20,AMRT,2210.0,2370.0,2210.0,2360.0,2288.77099609375,40462200,0.0,0.0
2025-08-21,AMRT,2310.0,2430.0,2270.0,2410.0,2337.26171875,29334500,0.0,0.0
2025-08-22,AMRT,2370.0,2390.0,2290.0,2300.0,2230.581787109375,17419100,0.0,0.0
2025-08-25,AMRT,2340.0,2340.0,2270.0,2280.0,2211.185546875,21226100,0.0,0.0
2025-08-26,AMRT,2270.0,2300.0,2220.0,2280.0,2211.185546875,54638700,0.0,0.0
2025-08-27,AMRT,2250.0,2270.0,2230.0,2250.0,2182.0908203125,14980100,0.0,0.0
2025-08-28,AMRT,2260.0,2270.0,2230.0,2230.0,2162.694580078125,12324700,0.0,0.0
2025-08-29,AMRT,2230.0,2250.0,2200.0,2200.0,2133.60009765625,35354400,0.0,0.0
2025-09-01,AMRT,2170.0,2170.0,2070.0,2160.0,2094.807373046875,25737100,0.0,0.0
2025-09-02,AMRT,2160.0,2160.0,2090.0,2110.0,2046.31640625,28461200,0.0,0.0
2025-09-03,AMRT,2110.0,2170.0,2110.0,2140.0,2075.410888671875,23760000,0.0,0.0
2025-09-04,AMRT,2140.0,2140.0,2080.0,2080.0,2017.2218017578125,25225600,0.0,0.0
2025-09-08,AMRT,2100.0,2140.0,2070.0,2080.0,2017.2218017578125,21888800,0.0,0.0
2025-09-09,AMRT,2080.0,2090.0,2030.0,2050.0,1988.1273193359375,33335200,0.0,0.0
2025-09-10,AMRT,2040.0,2130.0,2010.0,2130.0,2065.712646484375,55737400,0.0,0.0
2025-09-11,AMRT,2140.0,2220.0,2100.0,2170.0,2104.50537109375,41718100,0.0,0.0
2025-09-12,AMRT,2210.0,2210.0,2140.0,2150.0,2085.109130859375,19951700,0.0,0.0
2025-09-15,AMRT,2140.0,2190.0,2100.0,2130.0,2065.712646484375,18614900,0.0,0.0
2025-09-16,AMRT,2140.0,2160.0,2080.0,2110.0,2046.31640625,23451300,0.0,0.0
2025-09-17,AMRT,2130.0,2160.0,2100.0,2160.0,2094.807373046875,35311900,0.0,0.0
2025-09-18,AMRT,2160.0,2160.0,2020.0,2040.0,1978.4290771484375,52189900,0.0,0.0
2025-09-19,AMRT,2020.0,2030.0,1995.0,2000.0,1939.6363525390625,63295700,0.0,0.0
2025-09-22,AMRT,2010.0,2010.0,1905.0,1905.0,1847.503662109375,70466300,0.0,0.0
2025-09-23,AMRT,1905.0,1945.0,1900.0,1925.0,1866.9000244140625,79425500,0.0,0.0
2025-09-24,AMRT,1920.0,1925.0,1885.0,1905.0,1847.503662109375,103881000,0.0,0.0
2025-09-25,AMRT,1900.0,1905.0,1820.0,1860.0,1803.86181640625,135193400,0.0,0.0
2025-09-26,AMRT,1865.0,1910.0,1850.0,1875.0,1818.4090576171875,40168400,0.0,0.0
2025-09-29,AMRT,1875.0,1900.0,1855.0,1880.0,1823.2581787109375,39187000,0.0,0.0
2025-09-30,AMRT,1900.0,1980.0,1885.0,1930.0,1871.7490234375,86787800,0.0,0.0
2025-10-01,AMRT,1930.0,1945.0,1840.0,1850.0,1794.16357421875,66962500,0.0,0.0
2025-10-02,AMRT,1875.0,1970.0,1850.0,1940.0,1881.447265625,65203000,0.0,0.0
2025-10-03,AMRT,1980.0,1980.0,1920.0,1955.0,1895.9945068359375,31815400,0.0,0.0
2025-10-06,AMRT,1970.0,2030.0,1960.0,1960.0,1900.8436279296875,40107200,0.0,0.0
2025-10-07,AMRT,1990.0,1995.0,1900.0,1900.0,1842.654541015625,36778400,0.0,0.0
2025-10-08,AMRT,1910.0,1935.0,1900.0,1930.0,1871.7490234375,37401800,0.0,0.0
2025-10-09,AMRT,1930.0,1940.0,1905.0,1920.0,1862.0509033203125,18878700,0.0,0.0
2025-10-10,AMRT,1920.0,1945.0,1920.0,1940.0,1881.447265625,17918400,0.0,0.0
2025-10-13,AMRT,1940.0,2120.0,1920.0,2090.0,2026.9200439453125,96826200,0.0,0.0
2025-10-14,AMRT,2200.0,2220.0,2120.0,2140.0,2075.410888671875,128169100,0.0,0.0
2025-10-15,AMRT,2180.0,2250.0,2140.0,2220.0,2152.996337890625,95635500,0.0,0.0
2025-10-16,AMRT,2220.0,2270.0,2160.0,2220.0,2152.996337890625,55170200,0.0,0.0
2025-10-17,AMRT,2220.0,2220.0,2110.0,2130.0,2065.712646484375,35797500,0.0,0.0
2025-10-20,AMRT,2220.0,2330.0,2220.0,2250.0,2182.0908203125,49774600,0.0,0.0
2025-10-21,AMRT,2240.0,2270.0,2200.0,2210.0,2143.298095703125,40600500,0.0,0.0
2025-10-22,AMRT,2210.0,2230.0,2180.0,2190.0,2123.90185546875,50450700,0.0,0.0
2025-10-23,AMRT,2210.0,2240.0,2200.0,2210.0,2143.298095703125,23824400,0.0,0.0
2025-10-24,AMRT,2210.0,2220.0,2150.0,2180.0,2114.20361328125,24148400,0.0,0.0
2025-10-27,AMRT,2200.0,2210.0,2100.0,2130.0,2065.712646484375,31208600,0.0,0.0
2025-10-28,AMRT,2150.0,2180.0,2030.0,2080.0,2017.2218017578125,68975800,0.0,0.0
2025-10-29,AMRT,2080.0,2080.0,1990.0,2010.0,1949.33447265625,82846400,0.0,0.0
2025-10-30,AMRT,2020.0,2090.0,2020.0,2040.0,1978.4290771484375,44515200,0.0,0.0
2025-10-31,AMRT,2040.0,2060.0,2010.0,2010.0,1949.33447265625,52769900,0.0,0.0
2025-11-03,AMRT,2000.0,2000.0,1925.0,1925.0,1866.9000244140625,130821200,0.0,0.0
2025-11-04,AMRT,1925.0,1955.0,1890.0,1900.0,1842.654541015625,85938300,0.0,0.0
2025-11-05,AMRT,1905.0,1950.0,1900.0,1935.0,1876.59814453125,50367700,0.0,0.0
2025-11-06,AMRT,1950.0,1950.0,1900.0,1900.0,1842.654541015625,38960400,0.0,0.0
2025-11-07,AMRT,1900.0,1920.0,1900.0,1910.0,1852.3526611328125,23275100,0.0,0.0
2025-11-10,AMRT,1915.0,1920.0,1875.0,1885.0,1828.1072998046875,52298700,0.0,0.0
2025-11-11,AMRT,1895.0,1895.0,1855.0,1855.0,1799.0126953125,59392900,0.0,0.0
2025-11-12,AMRT,1865.0,1920.0,1860.0,1910.0,1852.3526611328125,41836600,0.0,0.0
2025-11-13,AMRT,1920.0,1925.0,1890.0,1895.0,1837.805419921875,33061000,0.0,0.0
2025-11-14,AMRT,1895.0,1900.0,1865.0,1865.0,1808.7109375,22844500,0.0,0.0
2025-11-17,AMRT,1875.0,1895.0,1855.0,1855.0,1799.0126953125,22978500,0.0,0.0
2025-11-18,AMRT,1860.0,1880.0,1850.0,1860.0,1803.86181640625,33913000,0.0,0.0
2025-11-19,AMRT,1875.0,1895.0,1860.0,1885.0,1828.1072998046875,19845900,0.0,0.0
2025-11-20,AMRT,1890.0,1895.0,1840.0,1840.0,1784.4654541015625,42749600,0.0,0.0
2025-11-21,AMRT,1845.0,1855.0,1825.0,1830.0,1774.7672119140625,31362500,0.0,0.0
2025-11-24,AMRT,1835.0,1890.0,1825.0,1870.0,1813.5599365234375,79110500,0.0,0.0
2025-11-25,AMRT,1875.0,1885.0,1835.0,1850.0,1794.16357421875,33209700,0.0,0.0
2025-11-26,AMRT,1840.0,1855.0,1825.0,1835.0,1779.6163330078125,35469800,0.0,0.0
2025-11-27,AMRT,1835.0,1845.0,1800.0,1810.0,1755.370849609375,38515100,0.0,0.0
2025-11-28,AMRT,1815.0,1820.0,1780.0,1800.0,1745.6727294921875,43014000,0.0,0.0
2025-12-01,AMRT,1800.0,1810.0,1780.0,1785.0,1731.12548828125,39847000,0.0,0.0
2025-12-02,AMRT,1790.0,1815.0,1790.0,1805.0,1750.5218505859375,32182100,0.0,0.0
2025-12-03,AMRT,1820.0,1845.0,1820.0,1840.0,1784.4654541015625,31159800,0.0,0.0
2025-12-04,AMRT,1850.0,1860.0,1840.0,1850.0,1794.16357421875,30075900,0.0,0.0
2025-12-05,AMRT,1850.0,1855.0,1825.0,1845.0,1789.3145751953125,35267100,0.0,0.0
2025-12-08,AMRT,1890.0,1935.0,1875.0,1935.0,1876.59814453125,75794200,0.0,0.0
2025-12-09,AMRT,1940.0,1945.0,1900.0,1930.0,1871.7490234375,29492800,0.0,0.0
2025-12-10,AMRT,1930.0,1935.0,1910.0,1925.0,1866.9000244140625,34795300,0.0,0.0
2025-12-11,AMRT,1925.0,1930.0,1875.0,1910.0,1852.3526611328125,57223600,0.0,0.0
2025-12-12,AMRT,1910.0,1915.0,1890.0,1900.0,1842.654541015625,29323900,0.0,0.0
2025-12-15,AMRT,1905.0,1905.0,1895.0,1900.0,1842.654541015625,18814100,0.0,0.0
2025-12-16,AMRT,1900.0,1920.0,1895.0,1905.0,1847.503662109375,39472200,0.0,0.0
2025-12-17,AMRT,1910.0,1920.0,1900.0,1910.0,1852.3526611328125,19677400,0.0,0.0
2025-12-18,AMRT,1915.0,1920.0,1910.0,1915.0,1857.2017822265625,15671900,0.0,0.0
2025-12-19,AMRT,1920.0,1970.0,1900.0,1920.0,1862.0509033203125,70729600,0.0,0.0
2025-12-22,AMRT,1935.0,1980.0,1930.0,1965.0,1905.6927490234375,37306900,0.0,0.0
2025-12-23,AMRT,1970.0,1975.0,1935.0,1955.0,1895.9945068359375,17663800,0.0,0.0
2025-12-24,AMRT,1960.0,1985.0,1960.0,1960.0,1900.8436279296875,17195200,0.0,0.0
2025-12-29,AMRT,1965.0,1975.0,1945.0,1955.0,1895.9945068359375,16544500,0.0,0.0
2025-12-30,AMRT,1960.0,2010.0,1950.0,1975.0,1915.390869140625,48866600,0.0,0.0
2026-01-02,AMRT,1985.0,1995.0,1975.0,1985.0,1925.089111328125,10501900,0.0,0.0
2026-01-05,AMRT,1985.0,2000.0,1985.0,2000.0,1939.6363525390625,16412600,0.0,0.0
2026-01-06,AMRT,2020.0,2020.0,1990.0,1995.0,1934.7872314453125,30344000,0.0,0.0
2026-01-07,AMRT,2000.0,2010.0,1985.0,1995.0,1934.7872314453125,29010200,0.0,0.0
2026-01-08,AMRT,1995.0,2010.0,1970.0,1975.0,1915.390869140625,37594900,0.0,0.0
2026-01-09,AMRT,1985.0,1995.0,1955.0,1955.0,1895.9945068359375,27339500,0.0,0.0
2026-01-12,AMRT,1960.0,1965.0,1910.0,1940.0,1881.447265625,24878800,0.0,0.0
2026-01-13,AMRT,1945.0,1975.0,1940.0,1975.0,1915.390869140625,12686300,0.0,0.0
2026-01-14,AMRT,2000.0,2000.0,1950.0,1990.0,1929.9381103515625,13493500,0.0,0.0
2026-01-15,AMRT,1990.0,1990.0,1940.0,1980.0,1920.239990234375,23147900,0.0,0.0
2026-01-19,AMRT,1980.0,1980.0,1940.0,1940.0,1881.447265625,17745400,0.0,0.0
2026-01-20,AMRT,1940.0,1950.0,1930.0,1930.0,1871.7490234375,30271600,0.0,0.0
2026-01-21,AMRT,1930.0,1945.0,1920.0,1940.0,1881.447265625,28307400,0.0,0.0
2026-01-22,AMRT,1955.0,1960.0,1940.0,1950.0,1891.1453857421875,19947900,0.0,0.0
2026-01-23,AMRT,1950.0,1950.0,1935.0,1935.0,1876.59814453125,35002800,0.0,0.0
2026-01-26,AMRT,1935.0,1940.0,1910.0,1925.0,1866.9000244140625,29407200,0.0,0.0
2026-01-27,AMRT,1925.0,1930.0,1860.0,1870.0,1813.5599365234375,41749400,0.0,0.0
2026-01-28,AMRT,1850.0,1895.0,1705.0,1735.0,1682.634521484375,111395600,0.0,0.0
2026-01-29,AMRT,1715.0,1720.0,1475.0,1640.0,1590.5018310546875,153665600,0.0,0.0
2026-01-30,AMRT,1645.0,1795.0,1645.0,1745.0,1692.332763671875,80156400,0.0,0.0
2026-02-02,AMRT,1845.0,1845.0,1705.0,1725.0,1672.9364013671875,50891300,0.0,0.0
2026-02-03,AMRT,1725.0,1755.0,1705.0,1750.0,1697.1817626953125,27038700,0.0,0.0
2026-02-04,AMRT,1745.0,1775.0,1730.0,1730.0,1677.785400390625,24859100,0.0,0.0
2026-02-05,AMRT,1740.0,1830.0,1740.0,1770.0,1716.578125,40363500,0.0,0.0
2026-02-06,AMRT,1770.0,1815.0,1755.0,1810.0,1755.370849609375,27402100,0.0,0.0
2026-02-09,AMRT,1810.0,1945.0,1810.0,1920.0,1862.0509033203125,48588800,0.0,0.0
2026-02-10,AMRT,1935.0,1950.0,1880.0,1950.0,1891.1453857421875,15963800,0.0,0.0
2026-02-11,AMRT,1940.0,1945.0,1920.0,1930.0,1871.7490234375,21476500,0.0,0.0
2026-02-12,AMRT,1935.0,1940.0,1885.0,1885.0,1828.1072998046875,16589700,0.0,0.0
2026-02-13,AMRT,1905.0,1920.0,1845.0,1845.0,1789.3145751953125,25502000,0.0,0.0
2026-02-18,AMRT,1865.0,1910.0,1865.0,1910.0,1852.3526611328125,17197600,0.0,0.0
2026-02-19,AMRT,1910.0,1920.0,1895.0,1900.0,1842.654541015625,36545000,0.0,0.0
2026-02-20,AMRT,1915.0,1965.0,1800.0,1815.0,1760.219970703125,80172900,0.0,0.0
2026-02-23,AMRT,1815.0,1855.0,1785.0,1800.0,1745.6727294921875,65132400,0.0,0.0
2026-02-24,AMRT,1800.0,1815.0,1765.0,1785.0,1731.12548828125,47340700,0.0,0.0
2026-02-25,AMRT,1785.0,1795.0,1735.0,1735.0,1682.634521484375,46762700,0.0,0.0
2026-02-26,AMRT,1755.0,1775.0,1700.0,1720.0,1668.0872802734375,42431000,0.0,0.0
2026-02-27,AMRT,1720.0,1720.0,1670.0,1670.0,1619.5963134765625,50003900,0.0,0.0
2026-03-02,AMRT,1640.0,1645.0,1600.0,1600.0,1551.7091064453125,62763100,0.0,0.0
2026-03-03,AMRT,1610.0,1645.0,1595.0,1600.0,1551.7091064453125,46397500,0.0,0.0
2026-03-04,AMRT,1605.0,1615.0,1515.0,1550.0,1503.2181396484375,71413700,0.0,0.0
2026-03-05,AMRT,1595.0,1640.0,1545.0,1555.0,1508.0672607421875,34862500,0.0,0.0
2026-03-06,AMRT,1540.0,1540.0,1450.0,1520.0,1474.1236572265625,45295900,0.0,0.0
2026-03-09,AMRT,1440.0,1460.0,1405.0,1435.0,1391.6890869140625,29742200,0.0,0.0
2026-03-10,AMRT,1460.0,1480.0,1435.0,1435.0,1391.6890869140625,22012800,0.0,0.0
2026-03-11,AMRT,1440.0,1465.0,1410.0,1440.0,1396.5382080078125,25652600,0.0,0.0
2026-03-12,AMRT,1440.0,1475.0,1415.0,1450.0,1406.236328125,23834600,0.0,0.0
2026-03-13,AMRT,1455.0,1520.0,1445.0,1460.0,1415.9345703125,26769700,0.0,0.0
2026-03-16,AMRT,1460.0,1465.0,1375.0,1420.0,1377.141845703125,26486700,0.0,0.0
2026-03-17,AMRT,1420.0,1445.0,1405.0,1445.0,1401.38720703125,35281500,0.0,0.0
2026-03-25,AMRT,1585.0,1595.0,1450.0,1525.0,1478.97265625,57846700,0.0,0.0
2026-03-26,AMRT,1545.0,1545.0,1455.0,1460.0,1415.9345703125,20111700,0.0,0.0
2026-03-27,AMRT,1450.0,1455.0,1390.0,1455.0,1411.08544921875,41829000,0.0,0.0
2026-03-30,AMRT,1400.0,1430.0,1370.0,1405.0,1362.594482421875,95216800,0.0,0.0
2026-03-31,AMRT,1395.0,1480.0,1390.0,1480.0,1435.3309326171875,69254400,0.0,0.0
2026-04-01,AMRT,1490.0,1510.0,1455.0,1475.0,1430.4818115234375,53643700,0.0,0.0
2026-04-02,AMRT,1475.0,1480.0,1425.0,1440.0,1396.5382080078125,21640300,0.0,0.0
2026-04-06,AMRT,1435.0,1460.0,1400.0,1455.0,1411.08544921875,18976900,0.0,0.0
2026-04-07,AMRT,1455.0,1460.0,1405.0,1405.0,1362.594482421875,21221900,0.0,0.0
2026-04-08,AMRT,1450.0,1530.0,1440.0,1530.0,1483.82177734375,48959100,0.0,0.0
2026-04-09,AMRT,1525.0,1530.0,1480.0,1505.0,1459.5762939453125,38276500,0.0,0.0
2026-04-10,AMRT,1510.0,1520.0,1465.0,1490.0,1445.029052734375,26768700,0.0,0.0
2026-04-13,AMRT,1490.0,1505.0,1460.0,1500.0,1454.727294921875,22870500,0.0,0.0
2026-04-14,AMRT,1505.0,1550.0,1505.0,1530.0,1483.82177734375,27314900,0.0,0.0
2026-04-15,AMRT,1535.0,1565.0,1510.0,1530.0,1483.82177734375,34922000,0.0,0.0
2026-04-16,AMRT,1530.0,1550.0,1520.0,1540.0,1493.52001953125,35579400,0.0,0.0
2026-04-17,AMRT,1535.0,1570.0,1510.0,1530.0,1483.82177734375,48907300,0.0,0.0
2026-04-20,AMRT,1535.0,1535.0,1460.0,1460.0,1415.9345703125,31035500,0.0,0.0
2026-04-21,AMRT,1480.0,1490.0,1440.0,1490.0,1445.029052734375,49999100,0.0,0.0
2026-04-22,AMRT,1505.0,1520.0,1460.0,1465.0,1420.7835693359375,34518400,0.0,0.0
2026-04-23,AMRT,1465.0,1470.0,1415.0,1430.0,1386.8399658203125,24814900,0.0,0.0
2026-04-24,AMRT,1430.0,1435.0,1395.0,1410.0,1367.443603515625,28344300,0.0,0.0
2026-04-27,AMRT,1410.0,1440.0,1395.0,1405.0,1362.594482421875,15958400,0.0,0.0
2026-04-28,AMRT,1415.0,1415.0,1310.0,1325.0,1285.009033203125,52415900,0.0,0.0
2026-04-29,AMRT,1325.0,1360.0,1305.0,1360.0,1318.9527587890625,56945600,0.0,0.0
2026-04-30,AMRT,1360.0,1365.0,1315.0,1320.0,1280.1600341796875,46966500,0.0,0.0
2026-05-04,AMRT,1335.0,1425.0,1320.0,1425.0,1381.9908447265625,53575000,0.0,0.0
2026-05-05,AMRT,1425.0,1465.0,1400.0,1440.0,1396.5382080078125,42807200,0.0,0.0
2026-05-06,AMRT,1440.0,1520.0,1435.0,1520.0,1474.1236572265625,41470900,0.0,0.0
2026-05-07,AMRT,1515.0,1525.0,1455.0,1510.0,1464.4254150390625,46217800,0.0,0.0
2026-05-08,AMRT,1510.0,1510.0,1465.0,1480.0,1435.3309326171875,23138800,0.0,0.0
2026-05-11,AMRT,1485.0,1500.0,1460.0,1485.0,1440.179931640625,16755200,0.0,0.0
2026-05-12,AMRT,1480.0,1485.0,1395.0,1415.0,1372.292724609375,45718200,0.0,0.0
2026-05-13,AMRT,1400.0,1415.0,1305.0,1415.0,1372.292724609375,117982500,0.0,0.0
2026-05-14,AMRT,1415.0,1415.0,1415.0,1415.0,1372.292724609375,0,0.0,0.0
2026-05-15,AMRT,1415.0,1415.0,1415.0,1415.0,1372.292724609375,0,0.0,0.0
2026-05-18,AMRT,1415.0,1415.0,1310.0,1415.0,1372.292724609375,120402100,0.0,0.0
2026-05-19,AMRT,1415.0,1475.0,1375.0,1445.0,1401.38720703125,99901900,0.0,0.0
2026-05-20,AMRT,1445.0,1490.0,1400.0,1405.0,1362.594482421875,36075400,0.0,0.0
2026-05-21,AMRT,1405.0,1455.0,1355.0,1440.0,1396.5382080078125,80420500,0.0,0.0
2026-05-22,AMRT,1425.0,1450.0,1370.0,1425.0,1381.9908447265625,53113800,0.0,0.0
2026-05-25,AMRT,1435.0,1445.0,1285.0,1295.0,1255.91455078125,199747100,0.0,0.0
2026-05-26,AMRT,1180.0,1290.0,1150.0,1190.0,1154.0836181640625,369282900,0.0,0.0
2026-05-27,AMRT,1190.0,1190.0,1190.0,1190.0,1154.0836181640625,0,0.0,0.0
2026-05-28,AMRT,1190.0,1190.0,1190.0,1190.0,1154.0836181640625,0,0.0,0.0
2026-05-29,AMRT,1105.0,1230.0,1105.0,1150.0,1115.2908935546875,1511486200,0.0,0.0
2026-06-02,AMRT,1170.0,1415.0,1160.0,1380.0,1338.34912109375,313961800,0.0,0.0
2026-06-03,AMRT,1380.0,1390.0,1320.0,1350.0,1309.2545166015625,121316500,0.0,0.0
2026-06-04,AMRT,1345.0,1380.0,1310.0,1330.0,1289.858154296875,143224600,0.0,0.0
2026-06-05,AMRT,1330.0,1335.0,1220.0,1255.0,1217.121826171875,126008800,0.0,0.0
2026-06-08,AMRT,1210.0,1220.0,1160.0,1195.0,1158.9327392578125,89080000,0.0,0.0
2026-06-09,AMRT,1215.0,1380.0,1210.0,1365.0,1323.8017578125,96280300,0.0,0.0
2026-06-10,AMRT,1340.0,1395.0,1300.0,1370.0,1328.65087890625,90362300,0.0,0.0
2026-06-11,AMRT,1370.0,1370.0,1325.0,1335.0,1294.707275390625,79549300,0.0,0.0
2026-06-12,AMRT,1340.0,1415.0,1325.0,1375.0,1333.5,91250600,0.0,0.0
2026-06-15,AMRT,1345.0,1450.0,1340.0,1385.0,1385.0,137560400,41.5,0.0
2026-06-17,AMRT,1400.0,1455.0,1355.0,1425.0,1425.0,131422000,0.0,0.0
2026-06-18,AMRT,1425.0,1430.0,1385.0,1390.0,1390.0,62937200,0.0,0.0
2026-06-19,AMRT,1425.0,1450.0,1350.0,1350.0,1350.0,355372900,0.0,0.0
2026-06-22,AMRT,1365.0,1445.0,1360.0,1410.0,1410.0,75932900,0.0,0.0
2026-06-23,AMRT,1405.0,1450.0,1355.0,1440.0,1440.0,78107000,0.0,0.0
2026-06-24,AMRT,1420.0,1475.0,1365.0,1385.0,1385.0,73354900,0.0,0.0
2026-06-25,AMRT,1385.0,1480.0,1385.0,1450.0,1450.0,53674900,0.0,0.0
2026-06-26,AMRT,1480.0,1520.0,1450.0,1460.0,1460.0,64168300,0.0,0.0
2026-06-29,AMRT,1460.0,1460.0,1390.0,1420.0,1420.0,55404400,0.0,0.0
2026-06-30,AMRT,1420.0,1425.0,1360.0,1370.0,1370.0,58265000,0.0,0.0
2026-07-01,AMRT,1385.0,1400.0,1350.0,1380.0,1380.0,28214400,0.0,0.0
2026-07-02,AMRT,1380.0,1415.0,1360.0,1375.0,1375.0,38717500,0.0,0.0
2026-07-03,AMRT,1380.0,1410.0,1380.0,1395.0,1395.0,21031400,0.0,0.0
2026-07-06,AMRT,1395.0,1420.0,1380.0,1395.0,1395.0,35624300,0.0,0.0
2026-07-07,AMRT,1390.0,1400.0,1360.0,1395.0,1395.0,37107900,0.0,0.0
2026-07-08,AMRT,1395.0,1405.0,1375.0,1390.0,1390.0,30029800,0.0,0.0
2026-07-09,AMRT,1395.0,1440.0,1395.0,1420.0,1420.0,28032200,0.0,0.0
2026-07-10,AMRT,1415.0,1420.0,1380.0,1400.0,1400.0,27749700,0.0,0.0
2026-07-13,AMRT,1400.0,1405.0,1370.0,1400.0,1400.0,18311600,0.0,0.0
2026-07-14,AMRT,1400.0,1415.0,1385.0,1400.0,1400.0,25637200,0.0,0.0
2026-07-15,AMRT,1395.0,1400.0,1355.0,1360.0,1360.0,29626200,0.0,0.0
2026-07-16,AMRT,1360.0,1370.0,1330.0,1330.0,1330.0,49228400,0.0,0.0
2026-07-17,AMRT,1325.0,1360.0,1315.0,1335.0,1335.0,45667700,0.0,0.0
2026-07-20,AMRT,1350.0,1415.0,1350.0,1370.0,1370.0,36623700,0.0,0.0
2026-07-21,AMRT,1370.0,1400.0,1365.0,1390.0,1390.0,34754500,0.0,0.0
2026-07-22,AMRT,1390.0,1415.0,1370.0,1400.0,1400.0,47990200,0.0,0.0
2026-07-23,AMRT,1405.0,1425.0,1400.0,1415.0,1415.0,24031000,0.0,0.0
2026-07-24,AMRT,1410.0,1410.0,1365.0,1375.0,1375.0,37290000,0.0,0.0
2026-07-27,AMRT,1365.0,1370.0,1305.0,1310.0,1310.0,53323400,0.0,0.0
2026-07-28,AMRT,1310.0,1355.0,1310.0,1340.0,1340.0,34426100,0.0,0.0
2026-07-29,AMRT,1355.0,1360.0,1295.0,1305.0,1305.0,31614000,0.0,0.0
2026-07-30,AMRT,1305.0,1335.0,1300.0,1335.0,1335.0,47391500,0.0,0.0
2026-07-31,AMRT,1330.0,1345.0,1315.0,1325.0,1325.0,36547700,0.0,0.0
2026-08-03,AMRT,1360.0,1360.0,1310.0,1325.0,1325.0,43707600,0.0,0.0
2026-08-04,AMRT,1330.0,1335.0,1320.0,1325.0,1325.0,38218300,0.0,0.0
2026-08-05,AMRT,1335.0,1440.0,1330.0,1425.0,1425.0,68734700,0.0,0.0
2026-08-06,AMRT,1425.0,1430.0,1390.0,1400.0,1400.0,36788000,0.0,0.0
2026-08-07,AMRT,1400.0,1430.0,1385.0,1420.0,1420.0,19096000,0.0,0.0
2026-08-10,AMRT,1425.0,1440.0,1365.0,1385.0,1385.0,37440400,0.0,0.0
2026-08-11,AMRT,1395.0,1405.0,1385.0,1395.0,1395.0,50177000,0.0,0.0
2026-08-12,AMRT,1405.0,1415.0,1370.0,1390.0,1390.0,30175500,0.0,0.0
2026-08-13,AMRT,1395.0,1400.0,1315.0,1350.0,1350.0,35838400,0.0,0.0
2026-08-14,AMRT,1360.0,1380.0,1350.0,1370.0,1370.0,22066000,0.0,0.0
2026-08-18,AMRT,1370.0,1440.0,1360.0,1400.0,1400.0,40228000,0.0,0.0
2026-08-19,AMRT,1400.0,1400.0,1350.0,1355.0,1355.0,36791800,0.0,0.0
2026-08-20,AMRT,1365.0,1385.0,1355.0,1375.0,1375.0,18249900,0.0,0.0
2026-08-21,AMRT,1380.0,1455.0,1380.0,1440.0,1440.0,43120200,0.0,0.0
2026-08-24,AMRT,1440.0,1450.0,1390.0,1415.0,1415.0,27292400,0.0,0.0
2026-08-26,AMRT,1415.0,1425.0,1380.0,1380.0,1380.0,29307200,0.0,0.0
2026-08-27,AMRT,1380.0,1395.0,1375.0,1375.0,1375.0,20056500,0.0,0.0
2026-08-28,AMRT,1375.0,1395.0,1330.0,1340.0,1340.0,48088200,0.0,0.0
2026-08-31,AMRT,1345.0,1350.0,1325.0,1335.0,1335.0,72131700,0.0,0.0
2026-09-01,AMRT,1345.0,1360.0,1335.0,1340.0,1340.0,28779900,0.0,0.0
2026-09-02,AMRT,1350.0,1350.0,1305.0,1305.0,1305.0,35888700,0.0,0.0
2026-09-03,AMRT,1305.0,1335.0,1305.0,1325.0,1325.0,32300100,0.0,0.0
2026-09-04,AMRT,1335.0,1335.0,1305.0,1310.0,1310.0,30783000,0.0,0.0
2026-09-07,AMRT,1320.0,1325.0,1310.0,1315.0,1315.0,18085300,0.0,0.0
2026-09-08,AMRT,1315.0,1325.0,1310.0,1310.0,1310.0,19926100,0.0,0.0
2026-09-09,AMRT,1310.0,1315.0,1290.0,1310.0,1310.0,40247100,0.0,0.0
