date,Ticker,open,high,low,close,adj_close,volume,dividends,stock_splits
2000-10-17,ASII,189.72413635253906,192.81536865234375,187.4057159423828,187.7921142578125,70.59365844726562,30266285,0.0,0.0
2000-10-18,ASII,187.7921142578125,188.95132446289062,181.6096649169922,181.99606323242188,68.41483306884766,45082402,0.0,0.0
2000-10-19,ASII,183.92808532714844,187.4057159423828,179.29124450683594,186.2465057373047,70.01265716552734,43730189,0.0,0.0
2000-10-20,ASII,193.20176696777344,195.1337890625,175.81361389160156,177.74563598632812,66.81705474853516,212012808,0.0,0.0
2000-10-23,ASII,177.74563598632812,181.6096649169922,173.881591796875,175.81361389160156,66.09075927734375,84723602,0.0,0.0
2000-10-24,ASII,175.81361389160156,175.81361389160156,173.881591796875,175.81361389160156,66.09075927734375,58345738,0.0,0.0
2000-10-25,ASII,175.81361389160156,175.81361389160156,175.81361389160156,175.81361389160156,66.09075927734375,0,0.0,0.0
2000-10-26,ASII,173.881591796875,173.881591796875,171.94956970214844,173.881591796875,65.36450958251953,46913389,0.0,0.0
2000-10-27,ASII,173.881591796875,173.881591796875,173.881591796875,173.881591796875,65.36450958251953,0,0.0,0.0
2000-10-30,ASII,173.881591796875,173.881591796875,166.1535186767578,166.1535186767578,62.459407806396484,89420764,0.0,0.0
2000-10-31,ASII,166.1535186767578,166.1535186767578,164.2215118408203,166.1535186767578,62.459407806396484,74164692,0.0,0.0
2000-11-01,ASII,166.1535186767578,171.94956970214844,166.1535186767578,168.08554077148438,63.185691833496094,188669337,0.0,0.0
2000-11-02,ASII,168.08554077148438,168.08554077148438,164.2215118408203,166.1535186767578,62.459407806396484,66446078,0.0,0.0
2000-11-03,ASII,168.08554077148438,168.08554077148438,164.2215118408203,164.2215118408203,61.733158111572266,91193522,0.0,0.0
2000-11-06,ASII,166.1535186767578,170.01756286621094,166.1535186767578,170.01756286621094,63.91196060180664,69732797,0.0,0.0
2000-11-07,ASII,170.01756286621094,171.94956970214844,168.08554077148438,168.08554077148438,63.185691833496094,40249372,0.0,0.0
2000-11-08,ASII,168.08554077148438,173.881591796875,168.08554077148438,170.01756286621094,63.91196060180664,183525750,0.0,0.0
2000-11-09,ASII,170.01756286621094,171.94956970214844,168.08554077148438,170.01756286621094,63.91196060180664,39770598,0.0,0.0
2000-11-10,ASII,168.08554077148438,168.08554077148438,164.2215118408203,168.08554077148438,63.185691833496094,125050613,0.0,0.0
2000-11-13,ASII,166.1535186767578,168.08554077148438,164.2215118408203,166.1535186767578,62.459407806396484,40812255,0.0,0.0
2000-11-14,ASII,166.1535186767578,168.08554077148438,166.1535186767578,166.1535186767578,62.459407806396484,142577627,0.0,0.0
2000-11-15,ASII,166.1535186767578,170.01756286621094,162.28948974609375,162.28948974609375,61.00687026977539,144984437,0.0,0.0
2000-11-16,ASII,162.28948974609375,164.2215118408203,160.3574676513672,160.3574676513672,60.28059005737305,38871279,0.0,0.0
2000-11-17,ASII,160.3574676513672,162.28948974609375,158.42544555664062,158.42544555664062,59.5543098449707,35183424,0.0,0.0
2000-11-20,ASII,158.42544555664062,164.2215118408203,158.42544555664062,162.28948974609375,61.00687026977539,78027235,0.0,0.0
2000-11-21,ASII,162.28948974609375,162.28948974609375,160.3574676513672,162.28948974609375,61.00687026977539,9433143,0.0,0.0
2000-11-22,ASII,162.28948974609375,183.54168701171875,162.28948974609375,181.6096649169922,68.26958465576172,856837385,0.0,0.0
2000-11-23,ASII,183.54168701171875,185.47369384765625,173.881591796875,173.881591796875,65.36450958251953,398999966,0.0,0.0
2000-11-24,ASII,177.74563598632812,181.6096649169922,175.81361389160156,177.74563598632812,66.81705474853516,192176033,0.0,0.0
2000-11-27,ASII,177.74563598632812,179.67764282226562,175.81361389160156,177.74563598632812,66.81705474853516,39492391,0.0,0.0
2000-11-28,ASII,177.74563598632812,177.74563598632812,173.881591796875,175.81361389160156,66.09075927734375,38696591,0.0,0.0
2000-11-29,ASII,175.81361389160156,175.81361389160156,173.881591796875,175.81361389160156,66.09075927734375,23078204,0.0,0.0
2000-11-30,ASII,173.881591796875,175.81361389160156,171.94956970214844,175.81361389160156,66.09075927734375,91264691,0.0,0.0
2000-12-01,ASII,173.881591796875,173.881591796875,170.01756286621094,170.01756286621094,63.91196060180664,40598748,0.0,0.0
2000-12-04,ASII,171.94956970214844,175.81361389160156,170.01756286621094,171.94956970214844,64.63822174072266,36173322,0.0,0.0
2000-12-05,ASII,171.94956970214844,171.94956970214844,170.01756286621094,171.94956970214844,64.63822174072266,11678205,0.0,0.0
2000-12-06,ASII,175.81361389160156,177.74563598632812,171.94956970214844,173.881591796875,65.36450958251953,72747780,0.0,0.0
2000-12-07,ASII,171.94956970214844,173.881591796875,171.94956970214844,173.881591796875,65.36450958251953,17850509,0.0,0.0
2000-12-08,ASII,171.94956970214844,171.94956970214844,170.01756286621094,170.01756286621094,63.91196060180664,11639386,0.0,0.0
2000-12-11,ASII,171.94956970214844,171.94956970214844,164.2215118408203,166.1535186767578,62.459407806396484,75581605,0.0,0.0
2000-12-12,ASII,166.1535186767578,166.1535186767578,158.42544555664062,160.3574676513672,60.28059005737305,211346406,0.0,0.0
2000-12-13,ASII,160.3574676513672,164.2215118408203,158.42544555664062,160.3574676513672,60.28059005737305,116743236,0.0,0.0
2000-12-14,ASII,160.3574676513672,162.28948974609375,158.42544555664062,160.3574676513672,60.28059005737305,68490573,0.0,0.0
2000-12-15,ASII,158.42544555664062,160.3574676513672,158.42544555664062,160.3574676513672,60.28059005737305,39686489,0.0,0.0
2000-12-18,ASII,158.42544555664062,158.42544555664062,152.62939453125,156.49343872070312,58.82805633544922,89000219,0.0,0.0
2000-12-19,ASII,156.49343872070312,156.49343872070312,154.56141662597656,156.49343872070312,58.82805633544922,27277182,0.0,0.0
2000-12-20,ASII,156.49343872070312,160.3574676513672,156.49343872070312,156.49343872070312,58.82805633544922,74494658,0.0,0.0
2000-12-21,ASII,156.49343872070312,156.49343872070312,154.56141662597656,156.49343872070312,58.82805633544922,23252892,0.0,0.0
2000-12-22,ASII,156.49343872070312,158.42544555664062,152.62939453125,154.56141662597656,58.101768493652344,43115546,0.0,0.0
2000-12-25,ASII,154.56141662597656,154.56141662597656,154.56141662597656,154.56141662597656,58.101768493652344,0,0.0,0.0
2000-12-26,ASII,154.56141662597656,154.56141662597656,154.56141662597656,154.56141662597656,58.101768493652344,0,0.0,0.0
2000-12-27,ASII,154.56141662597656,154.56141662597656,154.56141662597656,154.56141662597656,58.101768493652344,0,0.0,0.0
2000-12-28,ASII,154.56141662597656,154.56141662597656,154.56141662597656,154.56141662597656,58.101768493652344,0,0.0,0.0
2000-12-29,ASII,154.56141662597656,154.56141662597656,154.56141662597656,154.56141662597656,58.101768493652344,0,0.0,0.0
2001-01-01,ASII,154.56141662597656,154.56141662597656,154.56141662597656,154.56141662597656,58.101768493652344,0,0.0,0.0
2001-01-02,ASII,152.62939453125,152.62939453125,144.9013214111328,146.83334350585938,55.19668960571289,53745625,0.0,0.0
2001-01-03,ASII,146.83334350585938,146.83334350585938,137.1732635498047,137.1732635498047,51.56534194946289,73660039,0.0,0.0
2001-01-04,ASII,141.03729248046875,150.6973876953125,141.03729248046875,150.6973876953125,56.649253845214844,205517008,0.0,0.0
2001-01-05,ASII,152.62939453125,152.62939453125,146.83334350585938,148.76536560058594,55.922950744628906,206920981,0.0,0.0
2001-01-08,ASII,148.76536560058594,148.76536560058594,144.9013214111328,148.76536560058594,55.922950744628906,69079335,0.0,0.0
2001-01-09,ASII,146.83334350585938,154.56141662597656,146.83334350585938,150.6973876953125,56.649253845214844,265460817,0.0,0.0
2001-01-10,ASII,150.6973876953125,152.62939453125,148.76536560058594,150.6973876953125,56.649253845214844,97611683,0.0,0.0
2001-01-11,ASII,148.76536560058594,148.76536560058594,144.9013214111328,146.83334350585938,55.19668960571289,112977743,0.0,0.0
2001-01-12,ASII,146.83334350585938,146.83334350585938,144.9013214111328,144.9013214111328,54.47042465209961,18769237,0.0,0.0
2001-01-15,ASII,146.83334350585938,150.6973876953125,146.83334350585938,150.6973876953125,56.649253845214844,60771958,0.0,0.0
2001-01-16,ASII,150.6973876953125,160.3574676513672,150.6973876953125,160.3574676513672,60.28059005737305,434681575,0.0,0.0
2001-01-17,ASII,160.3574676513672,162.28948974609375,152.62939453125,156.49343872070312,58.82805633544922,324925852,0.0,0.0
2001-01-18,ASII,156.49343872070312,160.3574676513672,156.49343872070312,160.3574676513672,60.28059005737305,154139374,0.0,0.0
2001-01-19,ASII,160.3574676513672,160.3574676513672,154.56141662597656,156.49343872070312,58.82805633544922,111463781,0.0,0.0
2001-01-22,ASII,158.42544555664062,164.2215118408203,156.49343872070312,164.2215118408203,61.733158111572266,282709624,0.0,0.0
2001-01-23,ASII,162.28948974609375,164.2215118408203,158.42544555664062,162.28948974609375,61.00687026977539,228608153,0.0,0.0
2001-01-24,ASII,162.28948974609375,164.2215118408203,162.28948974609375,164.2215118408203,61.733158111572266,24805673,0.0,0.0
2001-01-25,ASII,164.2215118408203,164.2215118408203,162.28948974609375,164.2215118408203,61.733158111572266,55272526,0.0,0.0
2001-01-26,ASII,162.28948974609375,164.2215118408203,162.28948974609375,162.28948974609375,61.00687026977539,55971277,0.0,0.0
2001-01-29,ASII,162.28948974609375,162.28948974609375,156.49343872070312,160.3574676513672,60.28059005737305,160124050,0.0,0.0
2001-01-30,ASII,160.3574676513672,160.3574676513672,158.42544555664062,158.42544555664062,59.5543098449707,24999770,0.0,0.0
2001-01-31,ASII,160.3574676513672,166.1535186767578,160.3574676513672,164.2215118408203,61.733158111572266,267828808,0.0,0.0
2001-02-01,ASII,166.1535186767578,170.01756286621094,162.28948974609375,168.08554077148438,63.185691833496094,429279192,0.0,0.0
2001-02-02,ASII,168.08554077148438,193.20176696777344,168.08554077148438,189.33773803710938,71.1746826171875,1024667110,0.0,0.0
2001-02-05,ASII,193.20176696777344,206.72589111328125,193.20176696777344,206.72589111328125,77.71112823486328,1276761072,0.0,0.0
2001-02-06,ASII,202.8618621826172,202.8618621826172,197.06581115722656,198.99781799316406,74.80603790283203,345377269,0.0,0.0
2001-02-07,ASII,197.06581115722656,197.06581115722656,187.4057159423828,191.26974487304688,71.90094757080078,323088395,0.0,0.0
2001-02-08,ASII,193.20176696777344,193.20176696777344,183.54168701171875,185.47369384765625,69.72213745117188,241243907,0.0,0.0
2001-02-09,ASII,183.54168701171875,183.54168701171875,171.94956970214844,173.881591796875,65.36450958251953,327300312,0.0,0.0
2001-02-12,ASII,171.94956970214844,171.94956970214844,166.1535186767578,168.08554077148438,63.185691833496094,224978528,0.0,0.0
2001-02-13,ASII,168.08554077148438,170.01756286621094,164.2215118408203,166.1535186767578,62.459407806396484,195896237,0.0,0.0
2001-02-14,ASII,166.1535186767578,166.1535186767578,160.3574676513672,162.28948974609375,61.00687026977539,123264915,0.0,0.0
2001-02-15,ASII,164.2215118408203,179.67764282226562,164.2215118408203,175.81361389160156,66.09075927734375,559292234,0.0,0.0
2001-02-16,ASII,175.81361389160156,175.81361389160156,168.08554077148438,170.01756286621094,63.91196060180664,356576700,0.0,0.0
2001-02-19,ASII,166.1535186767578,173.881591796875,166.1535186767578,170.01756286621094,63.91196060180664,180206681,0.0,0.0
2001-02-20,ASII,171.94956970214844,173.881591796875,170.01756286621094,171.94956970214844,64.63822174072266,83429618,0.0,0.0
2001-02-21,ASII,171.94956970214844,175.81361389160156,171.94956970214844,173.881591796875,65.36450958251953,235776824,0.0,0.0
2001-02-22,ASII,171.94956970214844,173.881591796875,168.08554077148438,170.01756286621094,63.91196060180664,150936763,0.0,0.0
2001-02-23,ASII,170.01756286621094,170.01756286621094,166.1535186767578,170.01756286621094,63.91196060180664,141134834,0.0,0.0
2001-02-26,ASII,168.08554077148438,168.08554077148438,162.28948974609375,164.2215118408203,61.733158111572266,191140846,0.0,0.0
2001-02-27,ASII,164.2215118408203,166.1535186767578,162.28948974609375,164.2215118408203,61.733158111572266,58313388,0.0,0.0
2001-02-28,ASII,162.28948974609375,162.28948974609375,156.49343872070312,158.42544555664062,59.5543098449707,156507364,0.0,0.0
2001-03-01,ASII,158.42544555664062,158.42544555664062,152.62939453125,154.56141662597656,58.101768493652344,157225525,0.0,0.0
2001-03-02,ASII,154.56141662597656,156.49343872070312,150.6973876953125,152.62939453125,57.37551498413086,165765820,0.0,0.0
2001-03-05,ASII,152.62939453125,152.62939453125,152.62939453125,152.62939453125,57.37551498413086,0,0.0,0.0
2001-03-06,ASII,152.62939453125,152.62939453125,150.6973876953125,152.62939453125,57.37551498413086,47948577,0.0,0.0
2001-03-07,ASII,152.62939453125,154.56141662597656,150.6973876953125,152.62939453125,57.37551498413086,168133811,0.0,0.0
2001-03-08,ASII,152.62939453125,152.62939453125,148.76536560058594,150.6973876953125,56.649253845214844,45308849,0.0,0.0
2001-03-09,ASII,148.76536560058594,148.76536560058594,139.1052703857422,142.9693145751953,53.74415969848633,239904633,0.0,0.0
2001-03-12,ASII,137.1732635498047,137.1732635498047,121.71711730957031,125.58114624023438,47.207679748535156,889931026,0.0,0.0
2001-03-13,ASII,123.64913177490234,123.64913177490234,106.26097106933594,110.12500762939453,41.39751434326172,1020073466,0.0,0.0
2001-03-14,ASII,110.12500762939453,110.12500762939453,110.12500762939453,110.12500762939453,41.39751434326172,0,0.0,0.0
2001-03-15,ASII,112.0570297241211,113.98904418945312,106.26097106933594,113.98904418945312,42.85007095336914,467872264,0.0,0.0
2001-03-16,ASII,115.92105865478516,115.92105865478516,108.1929931640625,110.12500762939453,41.39751434326172,243928923,0.0,0.0
2001-03-19,ASII,108.1929931640625,110.12500762939453,102.39693450927734,106.26097106933594,39.94497299194336,323392481,0.0,0.0
2001-03-20,ASII,106.26097106933594,106.26097106933594,100.46492004394531,104.3289566040039,39.21870422363281,314127555,0.0,0.0
2001-03-21,ASII,100.46492004394531,110.12500762939453,96.60088348388672,110.12500762939453,41.39751434326172,949861895,0.0,0.0
2001-03-22,ASII,108.1929931640625,108.1929931640625,102.39693450927734,104.3289566040039,39.21870422363281,360542761,0.0,0.0
2001-03-23,ASII,102.39693450927734,110.12500762939453,102.39693450927734,108.1929931640625,40.67125701904297,405178740,0.0,0.0
2001-03-26,ASII,108.1929931640625,108.1929931640625,108.1929931640625,108.1929931640625,40.67125701904297,0,0.0,0.0
2001-03-27,ASII,108.1929931640625,112.0570297241211,104.3289566040039,106.26097106933594,39.94497299194336,215260708,0.0,0.0
2001-03-28,ASII,106.26097106933594,110.12500762939453,106.26097106933594,108.1929931640625,40.67125701904297,185634944,0.0,0.0
2001-03-29,ASII,106.26097106933594,112.0570297241211,106.26097106933594,112.0570297241211,42.1237907409668,242576710,0.0,0.0
2001-03-30,ASII,112.0570297241211,113.98904418945312,108.1929931640625,108.1929931640625,40.67125701904297,335277724,0.0,0.0
2001-04-02,ASII,108.1929931640625,108.1929931640625,104.3289566040039,104.3289566040039,39.21870422363281,172695104,0.0,0.0
2001-04-03,ASII,104.3289566040039,104.3289566040039,100.46492004394531,102.39693450927734,38.492435455322266,111269684,0.0,0.0
2001-04-04,ASII,100.46492004394531,100.46492004394531,96.60088348388672,96.60088348388672,36.3136100769043,208357303,0.0,0.0
2001-04-05,ASII,96.60088348388672,102.39693450927734,94.66886901855469,96.60088348388672,36.3136100769043,228194078,0.0,0.0
2001-04-06,ASII,98.53290557861328,100.46492004394531,96.60088348388672,98.53290557861328,37.039894104003906,151965480,0.0,0.0
2001-04-09,ASII,98.53290557861328,98.53290557861328,96.60088348388672,96.60088348388672,36.3136100769043,60105556,0.0,0.0
2001-04-10,ASII,98.53290557861328,104.3289566040039,98.53290557861328,102.39693450927734,38.492435455322266,305444923,0.0,0.0
2001-04-11,ASII,104.3289566040039,108.1929931640625,100.46492004394531,102.39693450927734,38.492435455322266,294174322,0.0,0.0
2001-04-12,ASII,102.39693450927734,104.3289566040039,100.46492004394531,100.46492004394531,37.766151428222656,94033817,0.0,0.0
2001-04-13,ASII,100.46492004394531,100.46492004394531,100.46492004394531,100.46492004394531,37.766151428222656,0,0.0,0.0
2001-04-16,ASII,100.46492004394531,100.46492004394531,98.53290557861328,98.53290557861328,37.039894104003906,26720769,0.0,0.0
2001-04-17,ASII,98.53290557861328,98.53290557861328,96.60088348388672,96.60088348388672,36.3136100769043,46143469,0.0,0.0
2001-04-18,ASII,96.60088348388672,98.53290557861328,96.60088348388672,98.53290557861328,37.039894104003906,49430188,0.0,0.0
2001-04-19,ASII,100.46492004394531,100.46492004394531,94.66886901855469,96.60088348388672,36.3136100769043,171685797,0.0,0.0
2001-04-20,ASII,92.73684692382812,92.73684692382812,86.9407958984375,88.87281036376953,33.40851974487305,259307923,0.0,0.0
2001-04-23,ASII,86.9407958984375,90.8048324584961,85.00878143310547,88.87281036376953,33.40851974487305,217479890,0.0,0.0
2001-04-24,ASII,88.87281036376953,92.73684692382812,88.87281036376953,90.8048324584961,34.13479232788086,170456512,0.0,0.0
2001-04-25,ASII,90.8048324584961,98.53290557861328,90.8048324584961,98.53290557861328,37.039894104003906,269685675,0.0,0.0
2001-04-26,ASII,90.8048324584961,98.53290557861328,90.8048324584961,98.53290557861328,37.039894104003906,269685675,0.0,0.0
2001-04-27,ASII,92.73684692382812,102.39693450927734,92.73684692382812,100.46492004394531,37.766151428222656,578449667,0.0,0.0
2001-04-30,ASII,102.39693450927734,110.12500762939453,100.46492004394531,108.1929931640625,40.67125701904297,469489744,0.0,0.0
2001-05-01,ASII,110.12500762939453,113.98904418945312,106.26097106933594,106.26097106933594,39.94497299194336,1017136123,0.0,0.0
2001-05-02,ASII,106.26097106933594,112.0570297241211,106.26097106933594,106.26097106933594,39.94497299194336,504990195,0.0,0.0
2001-05-03,ASII,106.26097106933594,117.85308074951172,106.26097106933594,117.85308074951172,44.3026008605957,830051916,0.0,0.0
2001-05-04,ASII,117.85308074951172,119.78509521484375,115.92105865478516,115.92105865478516,43.57633590698242,449348883,0.0,0.0
2001-05-07,ASII,115.92105865478516,115.92105865478516,115.92105865478516,115.92105865478516,43.57633590698242,0,0.0,0.0
2001-05-08,ASII,115.92105865478516,117.85308074951172,115.92105865478516,117.85308074951172,44.3026008605957,168871381,0.0,0.0
2001-05-09,ASII,113.98904418945312,115.92105865478516,112.0570297241211,113.98904418945312,42.85007095336914,234321092,0.0,0.0
2001-05-10,ASII,113.98904418945312,115.92105865478516,108.1929931640625,108.1929931640625,40.67125701904297,306027216,0.0,0.0
2001-05-11,ASII,108.1929931640625,112.0570297241211,108.1929931640625,110.12500762939453,41.39751434326172,178155717,0.0,0.0
2001-05-14,ASII,110.12500762939453,110.12500762939453,108.1929931640625,108.1929931640625,40.67125701904297,60933706,0.0,0.0
2001-05-15,ASII,108.1929931640625,112.0570297241211,108.1929931640625,110.12500762939453,41.39751434326172,79728824,0.0,0.0
2001-05-16,ASII,112.0570297241211,117.85308074951172,110.12500762939453,115.92105865478516,43.57633590698242,231668425,0.0,0.0
2001-05-17,ASII,117.85308074951172,119.78509521484375,115.92105865478516,115.92105865478516,43.57633590698242,264419160,0.0,0.0
2001-05-18,ASII,115.92105865478516,115.92105865478516,113.98904418945312,115.92105865478516,43.57633590698242,85357654,0.0,0.0
2001-05-21,ASII,112.0570297241211,115.92105865478516,112.0570297241211,113.98904418945312,42.85007095336914,138896242,0.0,0.0
2001-05-22,ASII,115.92105865478516,117.85308074951172,112.0570297241211,113.98904418945312,42.85007095336914,181707703,0.0,0.0
2001-05-23,ASII,112.0570297241211,113.98904418945312,112.0570297241211,112.0570297241211,42.1237907409668,35306353,0.0,0.0
2001-05-24,ASII,112.0570297241211,112.0570297241211,112.0570297241211,112.0570297241211,42.1237907409668,0,0.0,0.0
2001-05-25,ASII,112.0570297241211,119.78509521484375,112.0570297241211,117.85308074951172,44.3026008605957,466811197,0.0,0.0
2001-05-28,ASII,115.92105865478516,119.78509521484375,115.92105865478516,115.92105865478516,43.57633590698242,512081228,0.0,0.0
2001-05-29,ASII,117.85308074951172,135.24124145507812,117.85308074951172,135.24124145507812,50.83906173706055,1328274576,0.0,0.0
2001-05-30,ASII,135.24124145507812,141.03729248046875,133.30921936035156,133.30921936035156,50.1127815246582,1445897721,0.0,0.0
2001-05-31,ASII,137.1732635498047,141.03729248046875,131.377197265625,133.30921936035156,50.1127815246582,971568476,0.0,0.0
2001-06-01,ASII,133.30921936035156,135.24124145507812,123.64913177490234,123.64913177490234,46.48141860961914,562760111,0.0,0.0
2001-06-04,ASII,123.64913177490234,123.64913177490234,123.64913177490234,123.64913177490234,46.48141860961914,0,0.0,0.0
2001-06-05,ASII,121.71711730957031,123.64913177490234,115.92105865478516,121.71711730957031,45.75514221191406,625822421,0.0,0.0
2001-06-06,ASII,125.58114624023438,127.51316833496094,123.64913177490234,125.58114624023438,47.207679748535156,308841631,0.0,0.0
2001-06-07,ASII,125.58114624023438,127.51316833496094,123.64913177490234,123.64913177490234,46.48141860961914,102535292,0.0,0.0
2001-06-08,ASII,125.58114624023438,127.51316833496094,123.64913177490234,125.58114624023438,47.207679748535156,71913160,0.0,0.0
2001-06-11,ASII,125.58114624023438,131.377197265625,125.58114624023438,127.51316833496094,47.93396759033203,289606559,0.0,0.0
2001-06-12,ASII,129.4451904296875,133.30921936035156,129.4451904296875,133.30921936035156,50.1127815246582,458555580,0.0,0.0
2001-06-13,ASII,135.24124145507812,135.24124145507812,131.377197265625,131.377197265625,49.38650131225586,286028693,0.0,0.0
2001-06-14,ASII,133.30921936035156,135.24124145507812,131.377197265625,133.30921936035156,50.1127815246582,259592600,0.0,0.0
2001-06-15,ASII,131.377197265625,133.30921936035156,131.377197265625,133.30921936035156,50.1127815246582,83384328,0.0,0.0
2001-06-18,ASII,131.377197265625,135.24124145507812,131.377197265625,133.30921936035156,50.1127815246582,77043807,0.0,0.0
2001-06-19,ASII,133.30921936035156,137.1732635498047,133.30921936035156,133.30921936035156,50.1127815246582,136385913,0.0,0.0
2001-06-20,ASII,133.30921936035156,139.1052703857422,133.30921936035156,137.1732635498047,51.56534194946289,189956851,0.0,0.0
2001-06-21,ASII,139.1052703857422,141.03729248046875,137.1732635498047,141.03729248046875,53.01786804199219,542185765,0.0,0.0
2001-06-22,ASII,139.1052703857422,141.03729248046875,137.1732635498047,139.1052703857422,52.291595458984375,152560713,0.0,0.0
2001-06-25,ASII,139.1052703857422,139.1052703857422,135.24124145507812,137.1732635498047,51.56534194946289,207645612,0.0,0.0
2001-06-26,ASII,137.1732635498047,139.1052703857422,137.1732635498047,139.1052703857422,52.291595458984375,206817462,0.0,0.0
2001-06-27,ASII,139.1052703857422,144.9013214111328,139.1052703857422,141.03729248046875,53.01786804199219,630636042,0.0,0.0
2001-06-28,ASII,142.9693145751953,142.9693145751953,139.1052703857422,142.9693145751953,53.74415969848633,403697128,0.0,0.0
2001-06-29,ASII,142.9693145751953,152.62939453125,142.9693145751953,152.62939453125,57.37551498413086,1396499882,0.0,0.0
2001-07-02,ASII,152.62939453125,152.62939453125,146.83334350585938,148.76536560058594,55.922950744628906,238668878,0.0,0.0
2001-07-03,ASII,148.76536560058594,148.76536560058594,144.9013214111328,144.9013214111328,54.47042465209961,114284666,0.0,0.0
2001-07-04,ASII,146.83334350585938,146.83334350585938,142.9693145751953,144.9013214111328,54.47042465209961,93296246,0.0,0.0
2001-07-05,ASII,144.9013214111328,146.83334350585938,144.9013214111328,146.83334350585938,55.19668960571289,71453796,0.0,0.0
2001-07-06,ASII,146.83334350585938,146.83334350585938,144.9013214111328,146.83334350585938,55.19668960571289,53040404,0.0,0.0
2001-07-09,ASII,144.9013214111328,150.6973876953125,144.9013214111328,150.6973876953125,56.649253845214844,249758321,0.0,0.0
2001-07-10,ASII,148.76536560058594,168.08554077148438,148.76536560058594,162.28948974609375,61.00687026977539,1154718972,0.0,0.0
2001-07-11,ASII,162.28948974609375,166.1535186767578,160.3574676513672,160.3574676513672,60.28059005737305,752678143,0.0,0.0
2001-07-12,ASII,162.28948974609375,164.2215118408203,154.56141662597656,154.56141662597656,58.101768493652344,302423470,0.0,0.0
2001-07-13,ASII,156.49343872070312,162.28948974609375,156.49343872070312,156.49343872070312,58.82805633544922,523222430,0.0,0.0
2001-07-16,ASII,158.42544555664062,162.28948974609375,158.42544555664062,160.3574676513672,60.28059005737305,187537101,0.0,0.0
2001-07-17,ASII,158.42544555664062,160.3574676513672,158.42544555664062,160.3574676513672,60.28059005737305,150328591,0.0,0.0
2001-07-18,ASII,160.3574676513672,166.1535186767578,160.3574676513672,164.2215118408203,61.733158111572266,305541972,0.0,0.0
2001-07-19,ASII,166.1535186767578,181.6096649169922,166.1535186767578,181.6096649169922,68.26958465576172,1059960523,0.0,0.0
2001-07-20,ASII,181.6096649169922,189.33773803710938,181.6096649169922,185.47369384765625,69.72213745117188,2449369373,0.0,0.0
2001-07-23,ASII,200.92984008789062,216.385986328125,193.20176696777344,208.6579132080078,78.43740844726562,2485057452,0.0,0.0
2001-07-24,ASII,214.45396423339844,214.45396423339844,200.92984008789062,202.8618621826172,76.2585678100586,1443148005,0.0,0.0
2001-07-25,ASII,200.92984008789062,202.8618621826172,191.26974487304688,193.20176696777344,72.6272201538086,1977362830,0.0,0.0
2001-07-26,ASII,193.20176696777344,198.99781799316406,183.54168701171875,187.4057159423828,70.44841003417969,1171728391,0.0,0.0
2001-07-27,ASII,187.4057159423828,189.33773803710938,181.6096649169922,185.47369384765625,69.72213745117188,652051477,0.0,0.0
2001-07-30,ASII,187.4057159423828,191.26974487304688,185.47369384765625,189.33773803710938,71.1746826171875,348987484,0.0,0.0
2001-07-31,ASII,191.26974487304688,191.26974487304688,181.6096649169922,183.54168701171875,68.99585723876953,476011424,0.0,0.0
2001-08-01,ASII,183.54168701171875,193.20176696777344,183.54168701171875,185.47369384765625,69.72213745117188,328439018,0.0,0.0
2001-08-02,ASII,185.47369384765625,187.4057159423828,177.74563598632812,177.74563598632812,66.81705474853516,218612126,0.0,0.0
2001-08-03,ASII,177.74563598632812,179.67764282226562,171.94956970214844,179.67764282226562,67.5433120727539,334695431,0.0,0.0
2001-08-06,ASII,179.67764282226562,181.6096649169922,177.74563598632812,177.74563598632812,66.81705474853516,102179446,0.0,0.0
2001-08-07,ASII,177.74563598632812,185.47369384765625,177.74563598632812,185.47369384765625,69.72213745117188,245061159,0.0,0.0
2001-08-08,ASII,185.47369384765625,193.20176696777344,185.47369384765625,193.20176696777344,72.6272201538086,524814030,0.0,0.0
2001-08-09,ASII,197.06581115722656,200.92984008789062,181.6096649169922,183.54168701171875,68.99585723876953,1606985789,0.0,0.0
2001-08-10,ASII,183.54168701171875,193.20176696777344,183.54168701171875,191.26974487304688,71.90094757080078,453470222,0.0,0.0
2001-08-13,ASII,193.20176696777344,198.99781799316406,193.20176696777344,197.06581115722656,74.07978820800781,550848988,0.0,0.0
2001-08-14,ASII,198.99781799316406,200.92984008789062,197.06581115722656,198.99781799316406,74.80603790283203,439359327,0.0,0.0
2001-08-15,ASII,198.99781799316406,200.92984008789062,191.26974487304688,191.26974487304688,71.90094757080078,309624491,0.0,0.0
2001-08-16,ASII,191.26974487304688,195.1337890625,191.26974487304688,195.1337890625,73.35350036621094,138993291,0.0,0.0
2001-08-17,ASII,195.1337890625,195.1337890625,195.1337890625,195.1337890625,73.35350036621094,0,0.0,0.0
2001-08-20,ASII,195.1337890625,198.99781799316406,195.1337890625,195.1337890625,73.35350036621094,146569567,0.0,0.0
2001-08-21,ASII,197.06581115722656,198.99781799316406,195.1337890625,195.1337890625,73.35350036621094,82717927,0.0,0.0
2001-08-22,ASII,197.06581115722656,198.99781799316406,195.1337890625,197.06581115722656,74.07978820800781,128110885,0.0,0.0
2001-08-23,ASII,197.06581115722656,197.06581115722656,193.20176696777344,197.06581115722656,74.07978820800781,114627572,0.0,0.0
2001-08-24,ASII,195.1337890625,197.06581115722656,193.20176696777344,193.20176696777344,72.6272201538086,211501684,0.0,0.0
2001-08-27,ASII,195.1337890625,195.1337890625,189.33773803710938,191.26974487304688,71.90094757080078,175037215,0.0,0.0
2001-08-28,ASII,189.33773803710938,189.33773803710938,183.54168701171875,183.54168701171875,68.99585723876953,153764118,0.0,0.0
2001-08-29,ASII,183.54168701171875,183.54168701171875,179.67764282226562,179.67764282226562,67.5433120727539,110680921,0.0,0.0
2001-08-30,ASII,179.67764282226562,181.6096649169922,175.81361389160156,179.67764282226562,67.5433120727539,233564112,0.0,0.0
2001-08-31,ASII,179.67764282226562,183.54168701171875,179.67764282226562,183.54168701171875,68.99585723876953,170249474,0.0,0.0
2001-09-03,ASII,183.54168701171875,183.54168701171875,179.67764282226562,181.6096649169922,68.26958465576172,151971950,0.0,0.0
2001-09-04,ASII,181.6096649169922,193.20176696777344,181.6096649169922,191.26974487304688,71.90094757080078,408821304,0.0,0.0
2001-09-05,ASII,191.26974487304688,195.1337890625,189.33773803710938,193.20176696777344,72.6272201538086,549710282,0.0,0.0
2001-09-06,ASII,193.20176696777344,200.92984008789062,193.20176696777344,197.06581115722656,74.07978820800781,532707333,0.0,0.0
2001-09-07,ASII,198.99781799316406,198.99781799316406,193.20176696777344,193.20176696777344,72.6272201538086,290635276,0.0,0.0
2001-09-10,ASII,193.20176696777344,195.1337890625,193.20176696777344,193.20176696777344,72.6272201538086,46518724,0.0,0.0
2001-09-11,ASII,195.1337890625,195.1337890625,187.4057159423828,187.4057159423828,70.44841003417969,207263887,0.0,0.0
2001-09-12,ASII,179.67764282226562,185.47369384765625,175.81361389160156,183.54168701171875,68.99585723876953,356589640,0.0,0.0
2001-09-13,ASII,183.54168701171875,185.47369384765625,181.6096649169922,183.54168701171875,68.99585723876953,146679556,0.0,0.0
2001-09-14,ASII,183.54168701171875,183.54168701171875,177.74563598632812,177.74563598632812,66.81705474853516,206895101,0.0,0.0
2001-09-17,ASII,175.81361389160156,175.81361389160156,166.1535186767578,168.08554077148438,63.185691833496094,387172952,0.0,0.0
2001-09-18,ASII,168.08554077148438,173.881591796875,168.08554077148438,170.01756286621094,63.91196060180664,222726996,0.0,0.0
2001-09-19,ASII,170.01756286621094,175.81361389160156,168.08554077148438,175.81361389160156,66.09075927734375,187194195,0.0,0.0
2001-09-20,ASII,173.881591796875,175.81361389160156,171.94956970214844,175.81361389160156,66.09075927734375,178530972,0.0,0.0
2001-09-21,ASII,171.94956970214844,173.881591796875,170.01756286621094,170.01756286621094,63.91196060180664,120864575,0.0,0.0
2001-09-24,ASII,170.01756286621094,170.01756286621094,170.01756286621094,170.01756286621094,63.91196060180664,0,0.0,0.0
2001-09-25,ASII,168.08554077148438,171.94956970214844,164.2215118408203,164.2215118408203,61.733158111572266,187155375,0.0,0.0
2001-09-26,ASII,166.1535186767578,166.1535186767578,158.42544555664062,158.42544555664062,59.5543098449707,195533922,0.0,0.0
2001-09-27,ASII,158.42544555664062,158.42544555664062,152.62939453125,154.56141662597656,58.101768493652344,175490110,0.0,0.0
2001-09-28,ASII,154.56141662597656,154.56141662597656,154.56141662597656,154.56141662597656,58.101768493652344,0,0.0,0.0
2001-10-01,ASII,150.6973876953125,152.62939453125,142.9693145751953,144.9013214111328,54.47042465209961,214490787,0.0,0.0
2001-10-02,ASII,142.9693145751953,142.9693145751953,133.30921936035156,135.24124145507812,50.83906173706055,316197930,0.0,0.0
2001-10-03,ASII,135.24124145507812,135.24124145507812,119.78509521484375,127.51316833496094,47.93396759033203,726267929,0.0,0.0
2001-10-04,ASII,131.377197265625,139.1052703857422,129.4451904296875,139.1052703857422,52.291595458984375,761865429,0.0,0.0
2001-10-05,ASII,139.1052703857422,139.1052703857422,133.30921936035156,137.1732635498047,51.56534194946289,360536292,0.0,0.0
2001-10-08,ASII,127.51316833496094,127.51316833496094,119.78509521484375,125.58114624023438,47.207679748535156,594190982,0.0,0.0
2001-10-09,ASII,125.58114624023438,131.377197265625,123.64913177490234,127.51316833496094,47.93396759033203,494580094,0.0,0.0
2001-10-10,ASII,127.51316833496094,129.4451904296875,125.58114624023438,125.58114624023438,47.207679748535156,226563658,0.0,0.0
2001-10-11,ASII,129.4451904296875,133.30921936035156,129.4451904296875,129.4451904296875,48.66022872924805,343151616,0.0,0.0
2001-10-12,ASII,131.377197265625,137.1732635498047,129.4451904296875,135.24124145507812,50.83906173706055,478482933,0.0,0.0
2001-10-15,ASII,135.24124145507812,135.24124145507812,135.24124145507812,135.24124145507812,50.83906173706055,0,0.0,0.0
2001-10-16,ASII,135.24124145507812,135.24124145507812,129.4451904296875,131.377197265625,49.38650131225586,438142982,0.0,0.0
2001-10-17,ASII,131.377197265625,133.30921936035156,129.4451904296875,133.30921936035156,50.1127815246582,99759696,0.0,0.0
2001-10-18,ASII,133.30921936035156,135.24124145507812,131.377197265625,133.30921936035156,50.1127815246582,186294876,0.0,0.0
2001-10-19,ASII,133.30921936035156,142.9693145751953,133.30921936035156,141.03729248046875,53.01786804199219,628682126,0.0,0.0
2001-10-22,ASII,139.1052703857422,148.76536560058594,137.1732635498047,146.83334350585938,55.19668960571289,573150803,0.0,0.0
2001-10-23,ASII,150.6973876953125,152.62939453125,148.76536560058594,148.76536560058594,55.922950744628906,326569212,0.0,0.0
2001-10-24,ASII,148.76536560058594,150.6973876953125,141.03729248046875,141.03729248046875,53.01786804199219,255264223,0.0,0.0
2001-10-25,ASII,139.1052703857422,144.9013214111328,139.1052703857422,142.9693145751953,53.74415969848633,128395562,0.0,0.0
2001-10-26,ASII,142.9693145751953,144.9013214111328,139.1052703857422,139.1052703857422,52.291595458984375,148309976,0.0,0.0
2001-10-29,ASII,139.1052703857422,141.03729248046875,137.1732635498047,139.1052703857422,52.291595458984375,79133591,0.0,0.0
2001-10-30,ASII,137.1732635498047,137.1732635498047,131.377197265625,135.24124145507812,50.83906173706055,319012345,0.0,0.0
2001-10-31,ASII,133.30921936035156,141.03729248046875,131.377197265625,137.1732635498047,51.56534194946289,332961492,0.0,0.0
2001-11-01,ASII,137.1732635498047,139.1052703857422,133.30921936035156,133.30921936035156,50.1127815246582,97275247,0.0,0.0
2001-11-02,ASII,135.24124145507812,137.1732635498047,131.377197265625,133.30921936035156,50.1127815246582,106811909,0.0,0.0
2001-11-05,ASII,131.377197265625,131.377197265625,127.51316833496094,127.51316833496094,47.93396759033203,164918260,0.0,0.0
2001-11-06,ASII,127.51316833496094,133.30921936035156,127.51316833496094,131.377197265625,49.38650131225586,125451748,0.0,0.0
2001-11-07,ASII,133.30921936035156,135.24124145507812,131.377197265625,133.30921936035156,50.1127815246582,168631994,0.0,0.0
2001-11-08,ASII,135.24124145507812,139.1052703857422,135.24124145507812,135.24124145507812,50.83906173706055,267136526,0.0,0.0
2001-11-09,ASII,135.24124145507812,135.24124145507812,135.24124145507812,135.24124145507812,50.83906173706055,0,0.0,0.0
2001-11-12,ASII,135.24124145507812,135.24124145507812,131.377197265625,135.24124145507812,50.83906173706055,134024392,0.0,0.0
2001-11-13,ASII,131.377197265625,137.1732635498047,131.377197265625,137.1732635498047,51.56534194946289,141315992,0.0,0.0
2001-11-14,ASII,137.1732635498047,142.9693145751953,137.1732635498047,141.03729248046875,53.01786804199219,487909607,0.0,0.0
2001-11-15,ASII,141.03729248046875,142.9693145751953,137.1732635498047,141.03729248046875,53.01786804199219,176971721,0.0,0.0
2001-11-16,ASII,141.03729248046875,144.9013214111328,141.03729248046875,142.9693145751953,53.74415969848633,185615534,0.0,0.0
2001-11-19,ASII,142.9693145751953,148.76536560058594,141.03729248046875,148.76536560058594,55.922950744628906,240144020,0.0,0.0
2001-11-20,ASII,148.76536560058594,150.6973876953125,144.9013214111328,144.9013214111328,54.47042465209961,321108599,0.0,0.0
2001-11-21,ASII,146.83334350585938,152.62939453125,146.83334350585938,150.6973876953125,56.649253845214844,365822216,0.0,0.0
2001-11-22,ASII,148.76536560058594,148.76536560058594,144.9013214111328,144.9013214111328,54.47042465209961,140138467,0.0,0.0
2001-11-23,ASII,146.83334350585938,150.6973876953125,146.83334350585938,150.6973876953125,56.649253845214844,152612472,0.0,0.0
2001-11-26,ASII,150.6973876953125,154.56141662597656,148.76536560058594,148.76536560058594,55.922950744628906,127431544,0.0,0.0
2001-11-27,ASII,150.6973876953125,154.56141662597656,150.6973876953125,152.62939453125,57.37551498413086,162207364,0.0,0.0
2001-11-28,ASII,150.6973876953125,156.49343872070312,150.6973876953125,156.49343872070312,58.82805633544922,424588500,0.0,0.0
2001-11-29,ASII,156.49343872070312,158.42544555664062,156.49343872070312,158.42544555664062,59.5543098449707,159444708,0.0,0.0
2001-11-30,ASII,158.42544555664062,158.42544555664062,154.56141662597656,156.49343872070312,58.82805633544922,157322574,0.0,0.0
2001-12-03,ASII,156.49343872070312,162.28948974609375,156.49343872070312,162.28948974609375,61.00687026977539,265324949,0.0,0.0
2001-12-04,ASII,160.3574676513672,160.3574676513672,156.49343872070312,160.3574676513672,60.28059005737305,139012701,0.0,0.0
2001-12-05,ASII,158.42544555664062,160.3574676513672,158.42544555664062,158.42544555664062,59.5543098449707,40307601,0.0,0.0
2001-12-06,ASII,160.3574676513672,160.3574676513672,156.49343872070312,156.49343872070312,58.82805633544922,129100783,0.0,0.0
2001-12-07,ASII,158.42544555664062,158.42544555664062,152.62939453125,152.62939453125,57.37551498413086,123776039,0.0,0.0
2001-12-10,ASII,152.62939453125,156.49343872070312,146.83334350585938,148.76536560058594,55.922950744628906,213850265,0.0,0.0
2001-12-11,ASII,150.6973876953125,150.6973876953125,144.9013214111328,146.83334350585938,55.19668960571289,269789194,0.0,0.0
2001-12-12,ASII,146.83334350585938,146.83334350585938,139.1052703857422,142.9693145751953,53.74415969848633,238190104,0.0,0.0
2001-12-13,ASII,142.9693145751953,144.9013214111328,141.03729248046875,142.9693145751953,53.74415969848633,81365713,0.0,0.0
2001-12-14,ASII,142.9693145751953,142.9693145751953,142.9693145751953,142.9693145751953,53.74415969848633,0,0.0,0.0
2001-12-17,ASII,142.9693145751953,142.9693145751953,142.9693145751953,142.9693145751953,53.74415969848633,0,0.0,0.0
2001-12-18,ASII,142.9693145751953,142.9693145751953,142.9693145751953,142.9693145751953,53.74415969848633,0,0.0,0.0
2001-12-19,ASII,142.9693145751953,146.83334350585938,141.03729248046875,142.9693145751953,53.74415969848633,88139720,0.0,0.0
2001-12-20,ASII,142.9693145751953,144.9013214111328,142.9693145751953,144.9013214111328,54.47042465209961,33488305,0.0,0.0
2001-12-21,ASII,142.9693145751953,146.83334350585938,142.9693145751953,146.83334350585938,55.19668960571289,89828369,0.0,0.0
2001-12-24,ASII,146.83334350585938,146.83334350585938,146.83334350585938,146.83334350585938,55.19668960571289,0,0.0,0.0
2001-12-25,ASII,146.83334350585938,146.83334350585938,146.83334350585938,146.83334350585938,55.19668960571289,0,0.0,0.0
2001-12-26,ASII,146.83334350585938,146.83334350585938,144.9013214111328,146.83334350585938,55.19668960571289,16731213,0.0,0.0
2001-12-27,ASII,146.83334350585938,148.76536560058594,144.9013214111328,144.9013214111328,54.47042465209961,27762426,0.0,0.0
2001-12-28,ASII,146.83334350585938,150.6973876953125,144.9013214111328,150.6973876953125,56.649253845214844,150005095,0.0,0.0
2001-12-31,ASII,150.6973876953125,150.6973876953125,150.6973876953125,150.6973876953125,56.649253845214844,0,0.0,0.0
2002-01-01,ASII,150.6973876953125,150.6973876953125,150.6973876953125,150.6973876953125,56.649253845214844,0,0.0,0.0
2002-01-02,ASII,146.83334350585938,146.83334350585938,144.9013214111328,144.9013214111328,54.47042465209961,29295797,0.0,0.0
2002-01-03,ASII,144.9013214111328,144.9013214111328,144.9013214111328,144.9013214111328,54.47042465209961,0,0.0,0.0
2002-01-04,ASII,144.9013214111328,152.62939453125,144.9013214111328,152.62939453125,57.37551498413086,601579631,0.0,0.0
2002-01-07,ASII,152.62939453125,162.28948974609375,152.62939453125,162.28948974609375,61.00687026977539,846362584,0.0,0.0
2002-01-08,ASII,160.3574676513672,162.28948974609375,156.49343872070312,158.42544555664062,59.5543098449707,437489520,0.0,0.0
2002-01-09,ASII,156.49343872070312,164.2215118408203,156.49343872070312,164.2215118408203,61.733158111572266,382035836,0.0,0.0
2002-01-10,ASII,162.28948974609375,166.1535186767578,160.3574676513672,166.1535186767578,62.459407806396484,234379321,0.0,0.0
2002-01-11,ASII,166.1535186767578,173.881591796875,164.2215118408203,168.08554077148438,63.185691833496094,839724446,0.0,0.0
2002-01-14,ASII,168.08554077148438,171.94956970214844,166.1535186767578,168.08554077148438,63.185691833496094,357210753,0.0,0.0
2002-01-15,ASII,168.08554077148438,173.881591796875,168.08554077148438,171.94956970214844,64.63822174072266,367912000,0.0,0.0
2002-01-16,ASII,171.94956970214844,181.6096649169922,171.94956970214844,173.881591796875,65.36450958251953,895579266,0.0,0.0
2002-01-17,ASII,170.01756286621094,170.01756286621094,166.1535186767578,170.01756286621094,63.91196060180664,257192259,0.0,0.0
2002-01-18,ASII,170.01756286621094,173.881591796875,170.01756286621094,171.94956970214844,64.63822174072266,148568772,0.0,0.0
2002-01-21,ASII,171.94956970214844,173.881591796875,170.01756286621094,171.94956970214844,64.63822174072266,98265144,0.0,0.0
2002-01-22,ASII,171.94956970214844,171.94956970214844,170.01756286621094,171.94956970214844,64.63822174072266,89601922,0.0,0.0
2002-01-23,ASII,171.94956970214844,177.74563598632812,171.94956970214844,177.74563598632812,66.81705474853516,130873541,0.0,0.0
2002-01-24,ASII,177.74563598632812,189.33773803710938,177.74563598632812,187.4057159423828,70.44841003417969,778823089,0.0,0.0
2002-01-25,ASII,189.33773803710938,191.26974487304688,187.4057159423828,187.4057159423828,70.44841003417969,291812801,0.0,0.0
2002-01-28,ASII,189.33773803710938,189.33773803710938,183.54168701171875,185.47369384765625,69.72213745117188,292136297,0.0,0.0
2002-01-29,ASII,185.47369384765625,198.99781799316406,185.47369384765625,197.06581115722656,74.07978820800781,406789750,0.0,0.0
2002-01-30,ASII,197.06581115722656,200.92984008789062,195.1337890625,195.1337890625,73.35350036621094,96822352,0.0,0.0
2002-01-31,ASII,195.1337890625,195.1337890625,195.1337890625,195.1337890625,73.35350036621094,0,0.0,0.0
2002-02-01,ASII,204.7938690185547,206.72589111328125,200.92984008789062,200.92984008789062,75.53230285644531,149235174,0.0,0.0
2002-02-04,ASII,198.99781799316406,200.92984008789062,198.99781799316406,200.92984008789062,75.53230285644531,89951297,0.0,0.0
2002-02-05,ASII,200.92984008789062,206.72589111328125,198.99781799316406,206.72589111328125,77.71112823486328,129903053,0.0,0.0
2002-02-06,ASII,206.72589111328125,206.72589111328125,198.99781799316406,198.99781799316406,74.80603790283203,138378648,0.0,0.0
2002-02-07,ASII,198.99781799316406,200.92984008789062,189.33773803710938,191.26974487304688,71.90094757080078,164808272,0.0,0.0
2002-02-08,ASII,189.33773803710938,197.06581115722656,181.6096649169922,195.1337890625,73.35350036621094,605267485,0.0,0.0
2002-02-11,ASII,197.06581115722656,198.99781799316406,193.20176696777344,198.99781799316406,74.80603790283203,131585232,0.0,0.0
2002-02-12,ASII,198.99781799316406,198.99781799316406,198.99781799316406,198.99781799316406,74.80603790283203,0,0.0,0.0
2002-02-13,ASII,198.99781799316406,200.92984008789062,198.99781799316406,198.99781799316406,74.80603790283203,72560152,0.0,0.0
2002-02-14,ASII,200.92984008789062,200.92984008789062,198.99781799316406,200.92984008789062,75.53230285644531,46272867,0.0,0.0
2002-02-15,ASII,200.92984008789062,210.58993530273438,200.92984008789062,210.58993530273438,79.16368103027344,424439691,0.0,0.0
2002-02-18,ASII,210.58993530273438,233.77413940429688,210.58993530273438,229.9101104736328,86.4264144897461,833176887,0.0,0.0
2002-02-19,ASII,229.9101104736328,237.63818359375,226.0460662841797,229.9101104736328,86.4264144897461,632564078,0.0,0.0
2002-02-20,ASII,227.97808837890625,231.8421173095703,224.1140594482422,226.0460662841797,84.97386932373047,272273643,0.0,0.0
2002-02-21,ASII,226.0460662841797,229.9101104736328,226.0460662841797,227.97808837890625,85.70014190673828,100341989,0.0,0.0
2002-02-22,ASII,227.97808837890625,227.97808837890625,227.97808837890625,227.97808837890625,85.70014190673828,0,0.0,0.0
2002-02-25,ASII,227.97808837890625,227.97808837890625,218.3179931640625,222.18203735351562,83.52132415771484,216347654,0.0,0.0
2002-02-26,ASII,224.1140594482422,224.1140594482422,220.25001525878906,220.25001525878906,82.79502868652344,37124400,0.0,0.0
2002-02-27,ASII,220.25001525878906,226.0460662841797,220.25001525878906,222.18203735351562,83.52132415771484,132381033,0.0,0.0
2002-02-28,ASII,222.18203735351562,224.1140594482422,210.58993530273438,210.58993530273438,79.16368103027344,459810744,0.0,0.0
2002-03-01,ASII,210.58993530273438,210.58993530273438,198.99781799316406,200.92984008789062,75.53230285644531,400863303,0.0,0.0
2002-03-04,ASII,202.8618621826172,204.7938690185547,200.92984008789062,204.7938690185547,76.98487091064453,182949927,0.0,0.0
2002-03-05,ASII,204.7938690185547,210.58993530273438,204.7938690185547,206.72589111328125,77.71112823486328,322053207,0.0,0.0
2002-03-06,ASII,208.6579132080078,212.52194213867188,206.72589111328125,210.58993530273438,79.16368103027344,404667616,0.0,0.0
2002-03-07,ASII,210.58993530273438,220.25001525878906,210.58993530273438,218.3179931640625,82.06877136230469,472899392,0.0,0.0
2002-03-08,ASII,218.3179931640625,218.3179931640625,212.52194213867188,212.52194213867188,79.88994598388672,165584662,0.0,0.0
2002-03-11,ASII,212.52194213867188,216.385986328125,212.52194213867188,214.45396423339844,80.61621856689453,82789096,0.0,0.0
2002-03-12,ASII,212.52194213867188,212.52194213867188,206.72589111328125,212.52194213867188,79.88994598388672,197526657,0.0,0.0
2002-03-13,ASII,210.58993530273438,216.385986328125,206.72589111328125,216.385986328125,81.34251403808594,199745840,0.0,0.0
2002-03-14,ASII,216.385986328125,216.385986328125,210.58993530273438,210.58993530273438,79.16368103027344,135240737,0.0,0.0
2002-03-15,ASII,210.58993530273438,210.58993530273438,210.58993530273438,210.58993530273438,79.16368103027344,0,0.0,0.0
2002-03-18,ASII,210.58993530273438,216.385986328125,210.58993530273438,212.52194213867188,79.88994598388672,91329390,0.0,0.0
2002-03-19,ASII,214.45396423339844,214.45396423339844,210.58993530273438,210.58993530273438,79.16368103027344,57297611,0.0,0.0
2002-03-20,ASII,212.52194213867188,214.45396423339844,212.52194213867188,212.52194213867188,79.88994598388672,102457653,0.0,0.0
2002-03-21,ASII,214.45396423339844,216.385986328125,212.52194213867188,212.52194213867188,79.88994598388672,414178398,0.0,0.0
2002-03-22,ASII,212.52194213867188,212.52194213867188,197.06581115722656,197.06581115722656,74.07978820800781,715404934,0.0,0.0
2002-03-25,ASII,193.20176696777344,202.8618621826172,193.20176696777344,198.99781799316406,74.80603790283203,177437556,0.0,0.0
2002-03-26,ASII,202.8618621826172,202.8618621826172,200.92984008789062,202.8618621826172,76.2585678100586,111088526,0.0,0.0
2002-03-27,ASII,202.8618621826172,204.7938690185547,198.99781799316406,200.92984008789062,75.53230285644531,71085011,0.0,0.0
2002-03-28,ASII,200.92984008789062,202.8618621826172,197.06581115722656,197.06581115722656,74.07978820800781,132452202,0.0,0.0
2002-03-29,ASII,197.06581115722656,197.06581115722656,197.06581115722656,197.06581115722656,74.07978820800781,0,0.0,0.0
2002-04-01,ASII,198.99781799316406,208.6579132080078,198.99781799316406,208.6579132080078,78.43740844726562,237536642,0.0,0.0
2002-04-02,ASII,208.6579132080078,212.52194213867188,208.6579132080078,210.58993530273438,79.16368103027344,382262283,0.0,0.0
2002-04-03,ASII,212.52194213867188,212.52194213867188,208.6579132080078,210.58993530273438,79.16368103027344,56540630,0.0,0.0
2002-04-04,ASII,212.52194213867188,214.45396423339844,210.58993530273438,212.52194213867188,79.88994598388672,171226432,0.0,0.0
2002-04-05,ASII,214.45396423339844,233.77413940429688,214.45396423339844,229.9101104736328,86.4264144897461,839420360,0.0,0.0
2002-04-08,ASII,231.8421173095703,243.43423461914062,227.97808837890625,237.63818359375,89.33149719238281,657926164,0.0,0.0
2002-04-09,ASII,237.63818359375,251.1623077392578,237.63818359375,247.2982635498047,92.96283721923828,452700302,0.0,0.0
2002-04-10,ASII,247.2982635498047,270.48248291015625,247.2982635498047,270.48248291015625,101.6781234741211,627847506,0.0,0.0
2002-04-11,ASII,270.48248291015625,276.2785339355469,247.2982635498047,251.1623077392578,94.41536712646484,733585409,0.0,0.0
2002-04-12,ASII,251.1623077392578,262.75439453125,245.36624145507812,262.75439453125,98.77300262451172,331913365,0.0,0.0
2002-04-15,ASII,266.6184387207031,280.142578125,266.6184387207031,276.2785339355469,103.85693359375,318294184,0.0,0.0
2002-04-16,ASII,278.2105407714844,305.2587890625,278.2105407714844,297.5307312011719,111.84590148925781,803272917,0.0,0.0
2002-04-17,ASII,297.5307312011719,326.510986328125,297.5307312011719,320.7149353027344,120.5611801147461,784710717,0.0,0.0
2002-04-18,ASII,318.7829284667969,328.4430236816406,295.59869384765625,299.4627380371094,112.57218170166016,491526292,0.0,0.0
2002-04-19,ASII,297.5307312011719,303.3267822265625,287.8706359863281,301.394775390625,113.29850769042969,259961385,0.0,0.0
2002-04-22,ASII,303.3267822265625,312.98687744140625,297.5307312011719,297.5307312011719,111.84590148925781,169408385,0.0,0.0
2002-04-23,ASII,297.5307312011719,303.3267822265625,297.5307312011719,297.5307312011719,111.84590148925781,76442104,0.0,0.0
2002-04-24,ASII,297.5307312011719,305.2587890625,293.66668701171875,301.394775390625,113.29850769042969,120411681,0.0,0.0
2002-04-25,ASII,301.394775390625,303.3267822265625,295.59869384765625,299.4627380371094,112.57218170166016,45917022,0.0,0.0
2002-04-26,ASII,297.5307312011719,297.5307312011719,289.8026428222656,295.59869384765625,111.11965942382812,83494317,0.0,0.0
2002-04-29,ASII,295.59869384765625,295.59869384765625,284.006591796875,284.006591796875,106.76201629638672,98705099,0.0,0.0
2002-04-30,ASII,285.9386291503906,305.2587890625,285.9386291503906,301.394775390625,113.29850769042969,235835053,0.0,0.0
2002-05-01,ASII,301.394775390625,301.394775390625,295.59869384765625,297.5307312011719,111.84590148925781,101299537,0.0,0.0
2002-05-02,ASII,295.59869384765625,299.4627380371094,287.8706359863281,293.66668701171875,110.39337921142578,152547773,0.0,0.0
2002-05-03,ASII,293.66668701171875,305.2587890625,293.66668701171875,303.3267822265625,114.0247573852539,251828696,0.0,0.0
2002-05-06,ASII,303.3267822265625,303.3267822265625,297.5307312011719,299.4627380371094,112.57218170166016,74242332,0.0,0.0
2002-05-07,ASII,299.4627380371094,301.394775390625,295.59869384765625,301.394775390625,113.29850769042969,43840177,0.0,0.0
2002-05-08,ASII,303.3267822265625,312.98687744140625,303.3267822265625,309.1228332519531,116.20353698730469,239121773,0.0,0.0
2002-05-09,ASII,309.1228332519531,309.1228332519531,309.1228332519531,309.1228332519531,116.20353698730469,0,0.0,0.0
2002-05-10,ASII,309.1228332519531,324.5789794921875,309.1228332519531,324.5789794921875,122.01374053955078,286397478,0.0,0.0
2002-05-13,ASII,324.5789794921875,330.3750305175781,318.7829284667969,324.5789794921875,122.01374053955078,253672623,0.0,0.0
2002-05-14,ASII,324.5789794921875,326.510986328125,322.6469421386719,326.510986328125,122.74002075195312,171989883,0.0,0.0
2002-05-15,ASII,326.510986328125,326.510986328125,320.7149353027344,320.7149353027344,120.5611801147461,67979449,0.0,0.0
2002-05-16,ASII,320.7149353027344,322.6469421386719,316.85089111328125,322.6469421386719,121.28746032714844,99649707,0.0,0.0
2002-05-17,ASII,322.6469421386719,328.4430236816406,322.6469421386719,328.4430236816406,123.46631622314453,122229728,0.0,0.0
2002-05-20,ASII,330.3750305175781,330.3750305175781,322.6469421386719,324.5789794921875,122.01374053955078,132044597,0.0,0.0
2002-05-21,ASII,324.5789794921875,326.510986328125,322.6469421386719,324.5789794921875,122.01374053955078,64065147,0.0,0.0
2002-05-22,ASII,324.5789794921875,324.5789794921875,309.1228332519531,309.1228332519531,116.20353698730469,106980127,0.0,0.0
2002-05-23,ASII,305.2587890625,305.2587890625,289.8026428222656,293.66668701171875,110.39337921142578,230050945,0.0,0.0
2002-05-24,ASII,293.66668701171875,299.4627380371094,293.66668701171875,297.5307312011719,111.84590148925781,58733933,0.0,0.0
2002-05-27,ASII,297.5307312011719,303.3267822265625,297.5307312011719,301.394775390625,113.29850769042969,28299430,0.0,0.0
2002-05-28,ASII,303.3267822265625,309.1228332519531,303.3267822265625,309.1228332519531,116.20353698730469,119260035,0.0,0.0
2002-05-29,ASII,309.1228332519531,330.3750305175781,309.1228332519531,330.3750305175781,124.19254302978516,259469671,0.0,0.0
2002-05-30,ASII,330.3750305175781,340.0351257324219,330.3750305175781,340.0351257324219,127.82392120361328,335821197,0.0,0.0
2002-05-31,ASII,340.0351257324219,341.9671325683594,334.23907470703125,341.9671325683594,128.55018615722656,246219275,0.0,0.0
2002-06-03,ASII,343.8991394042969,343.8991394042969,332.3070373535156,334.23907470703125,125.64514923095703,57401130,0.0,0.0
2002-06-04,ASII,334.23907470703125,340.0351257324219,334.23907470703125,340.0351257324219,127.82392120361328,124306572,0.0,0.0
2002-06-05,ASII,338.10308837890625,338.10308837890625,330.3750305175781,334.23907470703125,125.64514923095703,58442787,0.0,0.0
2002-06-06,ASII,334.23907470703125,334.23907470703125,320.7149353027344,320.7149353027344,120.5611801147461,70328030,0.0,0.0
2002-06-07,ASII,320.7149353027344,322.6469421386719,318.7829284667969,322.6469421386719,121.28746032714844,57951073,0.0,0.0
2002-06-10,ASII,322.6469421386719,326.510986328125,320.7149353027344,324.5789794921875,122.01374053955078,49572527,0.0,0.0
2002-06-11,ASII,326.510986328125,336.17108154296875,326.510986328125,336.17108154296875,126.37138366699219,242039707,0.0,0.0
2002-06-12,ASII,336.17108154296875,349.6951904296875,336.17108154296875,349.6951904296875,131.4552764892578,320228690,0.0,0.0
2002-06-13,ASII,349.6951904296875,369.015380859375,349.6951904296875,365.1513366699219,137.26541137695312,464967270,0.0,0.0
2002-06-14,ASII,365.1513366699219,388.3355712890625,363.2193298339844,386.4035339355469,145.2544403076172,242764338,0.0,0.0
2002-06-17,ASII,386.4035339355469,386.4035339355469,370.9473876953125,378.67547607421875,142.349365234375,110997947,0.0,0.0
2002-06-18,ASII,378.67547607421875,378.67547607421875,363.2193298339844,365.1513366699219,137.26541137695312,66691935,0.0,0.0
2002-06-19,ASII,363.2193298339844,363.2193298339844,349.6951904296875,355.49127197265625,133.6341094970703,48446760,0.0,0.0
2002-06-20,ASII,353.5592346191406,357.42327880859375,351.6272277832031,353.5592346191406,132.9078369140625,58455727,0.0,0.0
2002-06-21,ASII,353.5592346191406,353.5592346191406,347.76318359375,349.6951904296875,131.4552764892578,37169690,0.0,0.0
2002-06-24,ASII,349.6951904296875,355.49127197265625,343.8991394042969,355.49127197265625,133.6341094970703,55738360,0.0,0.0
2002-06-25,ASII,355.49127197265625,355.49127197265625,341.9671325683594,347.76318359375,130.72901916503906,93567983,0.0,0.0
2002-06-26,ASII,345.8311767578125,349.6951904296875,322.6469421386719,326.510986328125,122.74002075195312,121084552,0.0,0.0
2002-06-27,ASII,328.4430236816406,336.17108154296875,326.510986328125,330.3750305175781,124.19254302978516,164310088,0.0,0.0
2002-06-28,ASII,334.23907470703125,334.23907470703125,326.510986328125,328.4430236816406,123.46631622314453,56579450,0.0,0.0
2002-07-01,ASII,328.4430236816406,330.3750305175781,301.394775390625,307.1908264160156,115.47727966308594,134742553,0.0,0.0
2002-07-02,ASII,301.394775390625,326.510986328125,293.66668701171875,322.6469421386719,121.28746032714844,198827111,0.0,0.0
2002-07-03,ASII,322.6469421386719,328.4430236816406,312.98687744140625,328.4430236816406,123.46631622314453,61561288,0.0,0.0
2002-07-04,ASII,328.4430236816406,338.10308837890625,324.5789794921875,328.4430236816406,123.46631622314453,96802943,0.0,0.0
2002-07-05,ASII,330.3750305175781,332.3070373535156,320.7149353027344,322.6469421386719,121.28746032714844,42669122,0.0,0.0
2002-07-08,ASII,326.510986328125,328.4430236816406,311.0548400878906,311.0548400878906,116.92984771728516,69913955,0.0,0.0
2002-07-09,ASII,311.0548400878906,316.85089111328125,295.59869384765625,297.5307312011719,111.84590148925781,82355611,0.0,0.0
2002-07-10,ASII,297.5307312011719,301.394775390625,293.66668701171875,297.5307312011719,111.84590148925781,39401812,0.0,0.0
2002-07-11,ASII,293.66668701171875,297.5307312011719,287.8706359863281,287.8706359863281,108.2145767211914,58462197,0.0,0.0
2002-07-12,ASII,291.73468017578125,312.98687744140625,291.73468017578125,312.98687744140625,117.65611267089844,145967865,0.0,0.0
2002-07-15,ASII,312.98687744140625,314.91888427734375,303.3267822265625,314.91888427734375,118.38240051269531,73621219,0.0,0.0
2002-07-16,ASII,314.91888427734375,322.6469421386719,314.91888427734375,320.7149353027344,120.5611801147461,43898407,0.0,0.0
2002-07-17,ASII,314.91888427734375,340.0351257324219,311.0548400878906,338.10308837890625,127.09758758544922,104036313,0.0,0.0
2002-07-18,ASII,340.0351257324219,347.76318359375,340.0351257324219,343.8991394042969,129.2764434814453,72262536,0.0,0.0
2002-07-19,ASII,343.8991394042969,345.8311767578125,332.3070373535156,338.10308837890625,127.09758758544922,32168442,0.0,0.0
2002-07-22,ASII,330.3750305175781,330.3750305175781,316.85089111328125,322.6469421386719,121.28746032714844,71020311,0.0,0.0
2002-07-23,ASII,314.91888427734375,322.6469421386719,311.0548400878906,322.6469421386719,121.28746032714844,57135863,0.0,0.0
2002-07-24,ASII,320.7149353027344,320.7149353027344,305.2587890625,305.2587890625,114.75102996826172,60163786,0.0,0.0
2002-07-25,ASII,312.98687744140625,318.7829284667969,307.1908264160156,307.1908264160156,115.47727966308594,82284442,0.0,0.0
2002-07-26,ASII,301.394775390625,309.1228332519531,293.66668701171875,295.59869384765625,111.11965942382812,36393300,0.0,0.0
2002-07-29,ASII,295.59869384765625,299.4627380371094,282.0745849609375,297.5307312011719,111.84590148925781,145896696,0.0,0.0
2002-07-30,ASII,303.3267822265625,305.2587890625,291.73468017578125,291.73468017578125,109.6670913696289,138197491,0.0,0.0
2002-07-31,ASII,295.59869384765625,295.59869384765625,282.0745849609375,287.8706359863281,108.2145767211914,160221098,0.0,0.0
2002-08-01,ASII,285.9386291503906,287.8706359863281,255.02633666992188,256.9583435058594,96.59420013427734,435865570,0.0,0.0
2002-08-02,ASII,249.23028564453125,262.75439453125,243.43423461914062,258.890380859375,97.3204574584961,568395411,0.0,0.0
2002-08-05,ASII,256.9583435058594,258.890380859375,245.36624145507812,247.2982635498047,92.96283721923828,118858900,0.0,0.0
2002-08-06,ASII,241.50221252441406,243.43423461914062,229.9101104736328,233.77413940429688,87.87894439697266,284113596,0.0,0.0
2002-08-07,ASII,239.5701904296875,253.0943145751953,239.5701904296875,251.1623077392578,94.41536712646484,245209968,0.0,0.0
2002-08-08,ASII,253.0943145751953,255.02633666992188,245.36624145507812,251.1623077392578,94.41536712646484,148762870,0.0,0.0
2002-08-09,ASII,251.1623077392578,255.02633666992188,251.1623077392578,251.1623077392578,94.41536712646484,75238699,0.0,0.0
2002-08-12,ASII,253.0943145751953,258.890380859375,249.23028564453125,256.9583435058594,96.59420013427734,36600337,0.0,0.0
2002-08-13,ASII,258.890380859375,258.890380859375,255.02633666992188,255.02633666992188,95.86793518066406,46641653,0.0,0.0
2002-08-14,ASII,255.02633666992188,255.02633666992188,243.43423461914062,247.2982635498047,92.96283721923828,75756293,0.0,0.0
2002-08-15,ASII,249.23028564453125,249.23028564453125,239.5701904296875,241.50221252441406,90.78401947021484,83940742,0.0,0.0
2002-08-16,ASII,241.50221252441406,247.2982635498047,239.5701904296875,243.43423461914062,91.51028442382812,189180460,0.0,0.0
2002-08-19,ASII,243.43423461914062,256.9583435058594,243.43423461914062,256.9583435058594,96.59420013427734,90980015,0.0,0.0
2002-08-20,ASII,258.890380859375,276.2785339355469,258.890380859375,276.2785339355469,103.85693359375,278911781,0.0,0.0
2002-08-21,ASII,276.2785339355469,284.006591796875,272.41448974609375,282.0745849609375,106.03573608398438,222481139,0.0,0.0
2002-08-22,ASII,282.0745849609375,284.006591796875,270.48248291015625,272.41448974609375,102.40437316894531,101907709,0.0,0.0
2002-08-23,ASII,272.41448974609375,272.41448974609375,272.41448974609375,272.41448974609375,102.40437316894531,0,0.0,0.0
2002-08-26,ASII,268.55047607421875,272.41448974609375,266.6184387207031,268.55047607421875,100.95185089111328,27458340,0.0,0.0
2002-08-27,ASII,268.55047607421875,268.55047607421875,260.8223876953125,260.8223876953125,98.0467758178711,16504765,0.0,0.0
2002-08-28,ASII,258.890380859375,258.890380859375,241.50221252441406,245.36624145507812,92.23656463623047,119098287,0.0,0.0
2002-08-29,ASII,241.50221252441406,247.2982635498047,235.70616149902344,237.63818359375,89.33149719238281,195294535,0.0,0.0
2002-08-30,ASII,237.63818359375,247.2982635498047,237.63818359375,247.2982635498047,92.96283721923828,100995451,0.0,0.0
2002-09-02,ASII,247.2982635498047,251.1623077392578,245.36624145507812,247.2982635498047,92.96283721923828,45917022,0.0,0.0
2002-09-03,ASII,247.2982635498047,249.23028564453125,245.36624145507812,247.2982635498047,92.96283721923828,108403509,0.0,0.0
2002-09-04,ASII,243.43423461914062,245.36624145507812,233.77413940429688,241.50221252441406,90.78401947021484,122352657,0.0,0.0
2002-09-05,ASII,243.43423461914062,255.02633666992188,243.43423461914062,247.2982635498047,92.96283721923828,204313603,0.0,0.0
2002-09-06,ASII,243.43423461914062,251.1623077392578,243.43423461914062,247.2982635498047,92.96283721923828,64725079,0.0,0.0
2002-09-09,ASII,249.23028564453125,253.0943145751953,249.23028564453125,251.1623077392578,94.41536712646484,45367079,0.0,0.0
2002-09-10,ASII,251.1623077392578,253.0943145751953,245.36624145507812,251.1623077392578,94.41536712646484,91102943,0.0,0.0
2002-09-11,ASII,249.23028564453125,249.23028564453125,247.2982635498047,247.2982635498047,92.96283721923828,36542108,0.0,0.0
2002-09-12,ASII,249.23028564453125,249.23028564453125,239.5701904296875,243.43423461914062,91.51028442382812,95463669,0.0,0.0
2002-09-13,ASII,239.5701904296875,241.50221252441406,237.63818359375,237.63818359375,89.33149719238281,43348464,0.0,0.0
2002-09-16,ASII,237.63818359375,237.63818359375,233.77413940429688,235.70616149902344,88.6052017211914,26791938,0.0,0.0
2002-09-17,ASII,239.5701904296875,245.36624145507812,239.5701904296875,243.43423461914062,91.51028442382812,85998176,0.0,0.0
2002-09-18,ASII,239.5701904296875,239.5701904296875,235.70616149902344,235.70616149902344,88.6052017211914,70580357,0.0,0.0
2002-09-19,ASII,231.8421173095703,231.8421173095703,198.99781799316406,198.99781799316406,74.80603790283203,550350804,0.0,0.0
2002-09-20,ASII,193.20176696777344,195.1337890625,181.6096649169922,187.4057159423828,70.44841003417969,380819491,0.0,0.0
2002-09-23,ASII,185.47369384765625,197.06581115722656,185.47369384765625,193.20176696777344,72.6272201538086,216709970,0.0,0.0
2002-09-24,ASII,189.33773803710938,195.1337890625,187.4057159423828,193.20176696777344,72.6272201538086,136392383,0.0,0.0
2002-09-25,ASII,191.26974487304688,202.8618621826172,189.33773803710938,202.8618621826172,76.2585678100586,152140168,0.0,0.0
2002-09-26,ASII,204.7938690185547,212.52194213867188,204.7938690185547,208.6579132080078,78.43740844726562,208506111,0.0,0.0
2002-09-27,ASII,212.52194213867188,212.52194213867188,208.6579132080078,212.52194213867188,79.88994598388672,214646065,0.0,0.0
2002-09-30,ASII,206.72589111328125,208.6579132080078,202.8618621826172,206.72589111328125,77.71112823486328,105776722,0.0,0.0
2002-10-01,ASII,202.8618621826172,204.7938690185547,200.92984008789062,204.7938690185547,76.98487091064453,28461178,0.0,0.0
2002-10-02,ASII,206.72589111328125,206.72589111328125,200.92984008789062,200.92984008789062,75.53230285644531,98388073,0.0,0.0
2002-10-03,ASII,198.99781799316406,202.8618621826172,198.99781799316406,202.8618621826172,76.2585678100586,32239611,0.0,0.0
2002-10-04,ASII,202.8618621826172,202.8618621826172,202.8618621826172,202.8618621826172,76.2585678100586,0,0.0,0.0
2002-10-07,ASII,198.99781799316406,198.99781799316406,187.4057159423828,187.4057159423828,70.44841003417969,130427117,0.0,0.0
2002-10-08,ASII,185.47369384765625,185.47369384765625,173.881591796875,175.81361389160156,66.09075927734375,332715636,0.0,0.0
2002-10-09,ASII,173.881591796875,173.881591796875,158.42544555664062,162.28948974609375,61.00687026977539,349563307,0.0,0.0
2002-10-10,ASII,160.3574676513672,164.2215118408203,158.42544555664062,164.2215118408203,61.733158111572266,322428463,0.0,0.0
2002-10-11,ASII,168.08554077148438,170.01756286621094,162.28948974609375,162.28948974609375,61.00687026977539,150419170,0.0,0.0
2002-10-14,ASII,154.56141662597656,154.56141662597656,139.1052703857422,139.1052703857422,52.291595458984375,431304276,0.0,0.0
2002-10-15,ASII,139.1052703857422,139.1052703857422,110.12500762939453,131.377197265625,49.38650131225586,2381862228,0.0,0.0
2002-10-16,ASII,133.30921936035156,139.1052703857422,129.4451904296875,131.377197265625,49.38650131225586,1106265741,0.0,0.0
2002-10-17,ASII,131.377197265625,135.24124145507812,127.51316833496094,133.30921936035156,50.1127815246582,417607456,0.0,0.0
2002-10-18,ASII,135.24124145507812,144.9013214111328,135.24124145507812,141.03729248046875,53.01786804199219,552906423,0.0,0.0
2002-10-21,ASII,141.03729248046875,154.56141662597656,141.03729248046875,150.6973876953125,56.649253845214844,418241508,0.0,0.0
2002-10-22,ASII,154.56141662597656,156.49343872070312,146.83334350585938,146.83334350585938,55.19668960571289,390039127,0.0,0.0
2002-10-23,ASII,146.83334350585938,152.62939453125,144.9013214111328,148.76536560058594,55.922950744628906,244355938,0.0,0.0
2002-10-24,ASII,150.6973876953125,150.6973876953125,146.83334350585938,146.83334350585938,55.19668960571289,33235979,0.0,0.0
2002-10-25,ASII,148.76536560058594,150.6973876953125,146.83334350585938,146.83334350585938,55.19668960571289,103822806,0.0,0.0
2002-10-28,ASII,148.76536560058594,156.49343872070312,148.76536560058594,154.56141662597656,58.101768493652344,143237558,0.0,0.0
2002-10-29,ASII,154.56141662597656,166.1535186767578,154.56141662597656,164.2215118408203,61.733158111572266,379493157,0.0,0.0
2002-10-30,ASII,162.28948974609375,162.28948974609375,156.49343872070312,160.3574676513672,60.28059005737305,226893624,0.0,0.0
2002-10-31,ASII,160.3574676513672,164.2215118408203,160.3574676513672,160.3574676513672,60.28059005737305,333123240,0.0,0.0
2002-11-01,ASII,162.28948974609375,166.1535186767578,158.42544555664062,160.3574676513672,60.28059005737305,351290776,0.0,0.0
2002-11-04,ASII,160.3574676513672,162.28948974609375,158.42544555664062,162.28948974609375,61.00687026977539,297693959,0.0,0.0
2002-11-05,ASII,164.2215118408203,164.2215118408203,158.42544555664062,158.42544555664062,59.5543098449707,280995095,0.0,0.0
2002-11-06,ASII,160.3574676513672,160.3574676513672,146.83334350585938,148.76536560058594,55.922950744628906,319478179,0.0,0.0
2002-11-07,ASII,146.83334350585938,150.6973876953125,142.9693145751953,146.83334350585938,55.19668960571289,199415874,0.0,0.0
2002-11-08,ASII,142.9693145751953,144.9013214111328,139.1052703857422,141.03729248046875,53.01786804199219,212569221,0.0,0.0
2002-11-11,ASII,139.1052703857422,141.03729248046875,137.1732635498047,141.03729248046875,53.01786804199219,114524053,0.0,0.0
2002-11-12,ASII,139.1052703857422,148.76536560058594,139.1052703857422,148.76536560058594,55.922950744628906,155336309,0.0,0.0
2002-11-13,ASII,150.6973876953125,150.6973876953125,144.9013214111328,144.9013214111328,54.47042465209961,137511679,0.0,0.0
2002-11-14,ASII,146.83334350585938,148.76536560058594,146.83334350585938,146.83334350585938,55.19668960571289,114976948,0.0,0.0
2002-11-15,ASII,150.6973876953125,152.62939453125,148.76536560058594,148.76536560058594,55.922950744628906,229481592,0.0,0.0
2002-11-18,ASII,139.1052703857422,139.1052703857422,129.4451904296875,133.30921936035156,50.1127815246582,456103480,0.0,0.0
2002-11-19,ASII,133.30921936035156,142.9693145751953,127.51316833496094,141.03729248046875,53.01786804199219,424653199,0.0,0.0
2002-11-20,ASII,142.9693145751953,156.49343872070312,142.9693145751953,152.62939453125,57.37551498413086,519974530,0.0,0.0
2002-11-21,ASII,154.56141662597656,158.42544555664062,152.62939453125,156.49343872070312,58.82805633544922,285278182,0.0,0.0
2002-11-22,ASII,160.3574676513672,189.33773803710938,158.42544555664062,189.33773803710938,71.1746826171875,841730122,0.0,0.0
2002-11-25,ASII,189.33773803710938,218.3179931640625,189.33773803710938,198.99781799316406,74.80603790283203,777639094,0.0,0.0
2002-11-26,ASII,193.20176696777344,193.20176696777344,171.94956970214844,185.47369384765625,69.72213745117188,416436400,0.0,0.0
2002-11-27,ASII,177.74563598632812,198.99781799316406,175.81361389160156,189.33773803710938,71.1746826171875,250573531,0.0,0.0
2002-11-28,ASII,195.1337890625,195.1337890625,191.26974487304688,193.20176696777344,72.6272201538086,139426776,0.0,0.0
2002-11-29,ASII,195.1337890625,195.1337890625,191.26974487304688,193.20176696777344,72.6272201538086,38379565,0.0,0.0
2002-12-02,ASII,193.20176696777344,193.20176696777344,193.20176696777344,193.20176696777344,72.6272201538086,0,0.0,0.0
2002-12-03,ASII,195.1337890625,216.385986328125,195.1337890625,212.52194213867188,79.88994598388672,180937782,0.0,0.0
2002-12-04,ASII,212.52194213867188,212.52194213867188,206.72589111328125,206.72589111328125,77.71112823486328,38120768,0.0,0.0
2002-12-05,ASII,206.72589111328125,206.72589111328125,206.72589111328125,206.72589111328125,77.71112823486328,0,0.0,0.0
2002-12-06,ASII,206.72589111328125,206.72589111328125,206.72589111328125,206.72589111328125,77.71112823486328,0,0.0,0.0
2002-12-09,ASII,206.72589111328125,206.72589111328125,206.72589111328125,206.72589111328125,77.71112823486328,0,0.0,0.0
2002-12-10,ASII,206.72589111328125,206.72589111328125,206.72589111328125,206.72589111328125,77.71112823486328,0,0.0,0.0
2002-12-11,ASII,206.72589111328125,216.385986328125,200.92984008789062,202.8618621826172,76.2585678100586,121945052,0.0,0.0
2002-12-12,ASII,202.8618621826172,220.25001525878906,195.1337890625,200.92984008789062,75.53230285644531,298606217,0.0,0.0
2002-12-13,ASII,200.92984008789062,200.92984008789062,193.20176696777344,195.1337890625,73.35350036621094,95334271,0.0,0.0
2002-12-16,ASII,198.99781799316406,200.92984008789062,183.54168701171875,185.47369384765625,69.72213745117188,111780807,0.0,0.0
2002-12-17,ASII,187.4057159423828,202.8618621826172,181.6096649169922,202.8618621826172,76.2585678100586,190319166,0.0,0.0
2002-12-18,ASII,193.20176696777344,224.1140594482422,193.20176696777344,216.385986328125,81.34251403808594,497737415,0.0,0.0
2002-12-19,ASII,216.385986328125,255.02633666992188,216.385986328125,251.1623077392578,94.41536712646484,351031979,0.0,0.0
2002-12-20,ASII,253.0943145751953,266.6184387207031,243.43423461914062,256.9583435058594,96.59420013427734,344775566,0.0,0.0
2002-12-23,ASII,256.9583435058594,274.3465270996094,256.9583435058594,268.55047607421875,100.95185089111328,175781256,0.0,0.0
2002-12-24,ASII,268.55047607421875,268.55047607421875,268.55047607421875,268.55047607421875,100.95185089111328,0,0.0,0.0
2002-12-25,ASII,268.55047607421875,268.55047607421875,268.55047607421875,268.55047607421875,100.95185089111328,0,0.0,0.0
2002-12-26,ASII,268.55047607421875,268.55047607421875,268.55047607421875,268.55047607421875,100.95185089111328,0,0.0,0.0
2002-12-27,ASII,268.55047607421875,268.55047607421875,243.43423461914062,243.43423461914062,91.51028442382812,88967869,0.0,0.0
2002-12-30,ASII,243.43423461914062,243.43423461914062,243.43423461914062,243.43423461914062,91.51028442382812,0,0.0,0.0
2002-12-31,ASII,243.43423461914062,243.43423461914062,243.43423461914062,243.43423461914062,91.51028442382812,0,0.0,0.0
2003-01-01,ASII,243.43423461914062,243.43423461914062,243.43423461914062,243.43423461914062,91.51028442382812,0,0.0,0.0
2003-01-02,ASII,243.43423461914062,243.43423461914062,226.0460662841797,226.0460662841797,84.97386932373047,85700560,0.0,0.0
2003-01-03,ASII,231.8421173095703,247.2982635498047,231.8421173095703,243.43423461914062,91.51028442382812,111560830,0.0,0.0
2003-01-06,ASII,243.43423461914062,247.2982635498047,235.70616149902344,241.50221252441406,90.78401947021484,124992384,0.0,0.0
2003-01-07,ASII,241.50221252441406,245.36624145507812,231.8421173095703,231.8421173095703,87.15267181396484,123129047,0.0,0.0
2003-01-08,ASII,233.77413940429688,233.77413940429688,198.99781799316406,200.92984008789062,75.53230285644531,216968767,0.0,0.0
2003-01-09,ASII,198.99781799316406,229.9101104736328,197.06581115722656,220.25001525878906,82.79502868652344,258842089,0.0,0.0
2003-01-10,ASII,222.5,247.5,222.5,230.0,86.46016693115234,167405000,0.0,0.0
2003-01-13,ASII,230.0,235.0,215.0,220.0,82.7010269165039,102730000,0.0,0.0
2003-01-14,ASII,222.5,237.5,217.5,232.5,87.39997863769531,209490000,0.0,0.0
2003-01-15,ASII,240.0,245.0,232.5,237.5,89.279541015625,160410000,0.0,0.0
2003-01-16,ASII,237.5,245.0,232.5,240.0,90.21932220458984,80740000,0.0,0.0
2003-01-17,ASII,245.0,250.0,242.5,242.5,91.15913391113281,103315000,0.0,0.0
2003-01-20,ASII,242.5,242.5,237.5,242.5,91.15913391113281,38965000,0.0,0.0
2003-01-21,ASII,242.5,242.5,235.0,235.0,88.33975219726562,32910000,0.0,0.0
2003-01-22,ASII,235.0,247.5,235.0,242.5,91.15913391113281,179850000,0.0,0.0
2003-01-23,ASII,242.5,245.0,240.0,245.0,92.09889221191406,69190000,0.0,0.0
2003-01-24,ASII,245.0,245.0,232.5,235.0,88.33975219726562,97210000,0.0,0.0
2003-01-27,ASII,230.0,230.0,212.5,220.0,82.7010269165039,93375000,0.0,0.0
2003-01-28,ASII,215.0,215.0,197.5,215.0,80.82145690917969,425700000,0.0,0.0
2003-01-29,ASII,217.5,222.5,210.0,210.0,78.9419174194336,176540000,0.0,0.0
2003-01-30,ASII,212.5,220.0,205.0,207.5,78.00212860107422,137345000,0.0,0.0
2003-01-31,ASII,207.5,212.5,202.5,210.0,78.9419174194336,71570000,0.0,0.0
2003-02-03,ASII,212.5,225.0,210.0,225.0,84.58061218261719,163990000,0.0,0.0
2003-02-04,ASII,227.5,240.0,227.5,237.5,89.279541015625,153740000,0.0,0.0
2003-02-05,ASII,240.0,242.5,237.5,240.0,90.21932220458984,104125000,0.0,0.0
2003-02-06,ASII,240.0,245.0,240.0,242.5,91.15913391113281,158545000,0.0,0.0
2003-02-07,ASII,245.0,245.0,240.0,245.0,92.09889221191406,43710000,0.0,0.0
2003-02-10,ASII,242.5,245.0,235.0,237.5,89.279541015625,44185000,0.0,0.0
2003-02-11,ASII,237.5,237.5,230.0,235.0,88.33975219726562,45330000,0.0,0.0
2003-02-12,ASII,235.0,235.0,235.0,235.0,88.33975219726562,0,0.0,0.0
2003-02-13,ASII,237.5,242.5,237.5,240.0,90.21932220458984,138950000,0.0,0.0
2003-02-14,ASII,240.0,240.0,235.0,240.0,90.21932220458984,38490000,0.0,0.0
2003-02-17,ASII,242.5,247.5,240.0,242.5,91.15913391113281,137205000,0.0,0.0
2003-02-18,ASII,242.5,245.0,240.0,245.0,92.09889221191406,34815000,0.0,0.0
2003-02-19,ASII,245.0,245.0,240.0,240.0,90.21932220458984,72970000,0.0,0.0
2003-02-20,ASII,240.0,240.0,230.0,232.5,87.39997863769531,72245000,0.0,0.0
2003-02-21,ASII,232.5,237.5,232.5,237.5,89.279541015625,62670000,0.0,0.0
2003-02-24,ASII,237.5,240.0,235.0,240.0,90.21932220458984,36675000,0.0,0.0
2003-02-25,ASII,237.5,237.5,232.5,235.0,88.33975219726562,64460000,0.0,0.0
2003-02-26,ASII,237.5,237.5,225.0,225.0,84.58061218261719,101025000,0.0,0.0
2003-02-27,ASII,227.5,232.5,227.5,230.0,86.46016693115234,62910000,0.0,0.0
2003-02-28,ASII,237.5,237.5,230.0,235.0,88.33975219726562,61450000,0.0,0.0
2003-03-03,ASII,235.0,235.0,235.0,235.0,88.33975219726562,0,0.0,0.0
2003-03-04,ASII,235.0,235.0,230.0,235.0,88.33975219726562,39060000,0.0,0.0
2003-03-05,ASII,232.5,232.5,230.0,230.0,86.46016693115234,28405000,0.0,0.0
2003-03-06,ASII,230.0,232.5,230.0,232.5,87.39997863769531,34550000,0.0,0.0
2003-03-07,ASII,230.0,232.5,230.0,232.5,87.39997863769531,69190000,0.0,0.0
2003-03-10,ASII,230.0,230.0,227.5,227.5,85.5204086303711,149435000,0.0,0.0
2003-03-11,ASII,227.5,230.0,220.0,227.5,85.5204086303711,153620000,0.0,0.0
2003-03-12,ASII,227.5,232.5,227.5,230.0,86.46016693115234,23975000,0.0,0.0
2003-03-13,ASII,232.5,232.5,230.0,232.5,87.39997863769531,22880000,0.0,0.0
2003-03-14,ASII,235.0,237.5,232.5,232.5,87.39997863769531,37640000,0.0,0.0
2003-03-17,ASII,230.0,232.5,230.0,232.5,87.39997863769531,30605000,0.0,0.0
2003-03-18,ASII,235.0,235.0,230.0,232.5,87.39997863769531,65065000,0.0,0.0
2003-03-19,ASII,232.5,232.5,230.0,230.0,86.46016693115234,12080000,0.0,0.0
2003-03-20,ASII,232.5,242.5,230.0,240.0,90.21932220458984,147225000,0.0,0.0
2003-03-21,ASII,240.0,247.5,240.0,245.0,92.09889221191406,193070000,0.0,0.0
2003-03-24,ASII,245.0,247.5,240.0,242.5,91.15913391113281,152235000,0.0,0.0
2003-03-25,ASII,240.0,247.5,240.0,247.5,93.03866577148438,189535000,0.0,0.0
2003-03-26,ASII,247.5,252.5,247.5,247.5,93.03866577148438,198280000,0.0,0.0
2003-03-27,ASII,250.0,257.5,250.0,257.5,96.79784393310547,268715000,0.0,0.0
2003-03-28,ASII,255.0,260.0,255.0,260.0,97.73760986328125,109325000,0.0,0.0
2003-03-31,ASII,257.5,257.5,247.5,250.0,93.97843170166016,125200000,0.0,0.0
2003-04-01,ASII,245.0,255.0,245.0,255.0,95.85804748535156,46025000,0.0,0.0
2003-04-02,ASII,255.0,255.0,255.0,255.0,95.85804748535156,0,0.0,0.0
2003-04-03,ASII,257.5,260.0,257.5,260.0,97.73760986328125,64420000,0.0,0.0
2003-04-04,ASII,257.5,272.5,257.5,272.5,102.43653106689453,133600000,0.0,0.0
2003-04-07,ASII,275.0,302.5,275.0,300.0,112.77418518066406,228105000,0.0,0.0
2003-04-08,ASII,297.5,305.0,290.0,295.0,110.89459991455078,149005000,0.0,0.0
2003-04-09,ASII,290.0,312.5,290.0,300.0,112.77418518066406,285115000,0.0,0.0
2003-04-10,ASII,297.5,305.0,297.5,305.0,114.65373992919922,120430000,0.0,0.0
2003-04-11,ASII,305.0,310.0,302.5,305.0,114.65373992919922,133695000,0.0,0.0
2003-04-14,ASII,302.5,305.0,295.0,300.0,112.77418518066406,49805000,0.0,0.0
2003-04-15,ASII,302.5,305.0,295.0,302.5,113.71395111083984,104750000,0.0,0.0
2003-04-16,ASII,305.0,317.5,305.0,315.0,118.41287994384766,356450000,0.0,0.0
2003-04-17,ASII,312.5,312.5,305.0,312.5,117.47308349609375,116930000,0.0,0.0
2003-04-18,ASII,312.5,312.5,312.5,312.5,117.47308349609375,0,0.0,0.0
2003-04-21,ASII,310.0,310.0,307.5,310.0,116.5333023071289,44030000,0.0,0.0
2003-04-22,ASII,310.0,310.0,297.5,305.0,114.65373992919922,96905000,0.0,0.0
2003-04-23,ASII,307.5,307.5,300.0,305.0,114.65373992919922,123975000,0.0,0.0
2003-04-24,ASII,307.5,312.5,305.0,310.0,116.5333023071289,106000000,0.0,0.0
2003-04-25,ASII,305.0,305.0,290.0,292.5,109.95479583740234,248755000,0.0,0.0
2003-04-28,ASII,287.5,292.5,272.5,287.5,108.07523345947266,274985000,0.0,0.0
2003-04-29,ASII,292.5,305.0,292.5,305.0,114.65373992919922,143245000,0.0,0.0
2003-04-30,ASII,305.0,310.0,300.0,302.5,113.71395111083984,215835000,0.0,0.0
2003-05-01,ASII,302.5,310.0,302.5,305.0,114.65373992919922,113590000,0.0,0.0
2003-05-02,ASII,305.0,305.0,302.5,302.5,113.71395111083984,20955000,0.0,0.0
2003-05-05,ASII,307.5,312.5,305.0,312.5,117.47308349609375,176110000,0.0,0.0
2003-05-06,ASII,315.0,330.0,315.0,327.5,123.11177062988281,328210000,0.0,0.0
2003-05-07,ASII,327.5,350.0,327.5,347.5,130.6300506591797,324215000,0.0,0.0
2003-05-08,ASII,347.5,355.0,342.5,345.0,129.6903076171875,207110000,0.0,0.0
2003-05-09,ASII,345.0,347.5,340.0,340.0,127.81071472167969,171600000,0.0,0.0
2003-05-12,ASII,350.0,350.0,340.0,342.5,128.75051879882812,68505000,0.0,0.0
2003-05-13,ASII,345.0,347.5,340.0,340.0,127.81071472167969,109350000,0.0,0.0
2003-05-14,ASII,335.0,335.0,322.5,325.0,122.1720199584961,219540000,0.0,0.0
2003-05-15,ASII,325.0,325.0,325.0,325.0,122.1720199584961,0,0.0,0.0
2003-05-16,ASII,325.0,325.0,325.0,325.0,122.1720199584961,0,0.0,0.0
2003-05-19,ASII,322.5,322.5,305.0,305.0,114.65373992919922,248635000,0.0,0.0
2003-05-20,ASII,305.0,322.5,302.5,320.0,120.29244232177734,275100000,0.0,0.0
2003-05-21,ASII,320.0,327.5,317.5,317.5,119.35266876220703,204410000,0.0,0.0
2003-05-22,ASII,320.0,325.0,317.5,325.0,122.1720199584961,66265000,0.0,0.0
2003-05-23,ASII,325.0,337.5,325.0,335.0,125.93114471435547,164490000,0.0,0.0
2003-05-26,ASII,340.0,360.0,340.0,355.0,133.4494171142578,297110000,0.0,0.0
2003-05-27,ASII,355.0,360.0,352.5,360.0,135.32901000976562,144900000,0.0,0.0
2003-05-28,ASII,360.0,365.0,357.5,362.5,136.26881408691406,215135000,0.0,0.0
2003-05-29,ASII,362.5,370.0,360.0,360.0,135.32901000976562,122805000,0.0,0.0
2003-05-30,ASII,360.0,360.0,360.0,360.0,135.32901000976562,0,0.0,0.0
2003-06-02,ASII,362.5,365.0,357.5,362.5,136.26881408691406,89640000,0.0,0.0
2003-06-03,ASII,362.5,365.0,355.0,355.0,133.4494171142578,99330000,0.0,0.0
2003-06-04,ASII,355.0,360.0,350.0,357.5,134.38922119140625,65440000,0.0,0.0
2003-06-05,ASII,360.0,367.5,357.5,360.0,135.32901000976562,142205000,0.0,0.0
2003-06-06,ASII,360.0,367.5,357.5,365.0,137.2085723876953,77350000,0.0,0.0
2003-06-09,ASII,367.5,375.0,365.0,375.0,140.9676971435547,118435000,0.0,0.0
2003-06-10,ASII,375.0,375.0,367.5,372.5,140.0279083251953,50690000,0.0,0.0
2003-06-11,ASII,372.5,377.5,357.5,362.5,136.26881408691406,164980000,0.0,0.0
2003-06-12,ASII,360.0,360.0,352.5,357.5,134.38922119140625,103645000,0.0,0.0
2003-06-13,ASII,360.0,365.0,357.5,362.5,136.26881408691406,79620000,0.0,0.0
2003-06-16,ASII,362.5,367.5,362.5,367.5,138.14834594726562,47690000,0.0,0.0
2003-06-17,ASII,367.5,372.5,352.5,352.5,132.5096435546875,110320000,0.0,0.0
2003-06-18,ASII,355.0,355.0,347.5,352.5,132.5096435546875,105500000,0.0,0.0
2003-06-19,ASII,352.5,365.0,352.5,365.0,137.2085723876953,112720000,0.0,0.0
2003-06-20,ASII,362.5,370.0,362.5,370.0,139.088134765625,113310000,0.0,0.0
2003-06-23,ASII,370.0,370.0,362.5,365.0,137.2085723876953,66190000,0.0,0.0
2003-06-24,ASII,360.0,362.5,352.5,355.0,133.4494171142578,94825000,0.0,0.0
2003-06-25,ASII,355.0,357.5,347.5,350.0,131.56982421875,67915000,0.0,0.0
2003-06-26,ASII,352.5,357.5,350.0,355.0,133.4494171142578,106665000,0.0,0.0
2003-06-27,ASII,355.0,365.0,355.0,365.0,137.2085723876953,111890000,0.0,0.0
2003-06-30,ASII,362.5,365.0,357.5,357.5,134.38922119140625,53850000,0.0,0.0
2003-07-01,ASII,360.0,362.5,357.5,360.0,135.32901000976562,30315000,0.0,0.0
2003-07-02,ASII,360.0,365.0,360.0,365.0,137.2085723876953,52160000,0.0,0.0
2003-07-03,ASII,367.5,370.0,355.0,357.5,134.38922119140625,109910000,0.0,0.0
2003-07-04,ASII,357.5,357.5,355.0,357.5,134.38922119140625,19060000,0.0,0.0
2003-07-07,ASII,357.5,365.0,357.5,365.0,137.2085723876953,64650000,0.0,0.0
2003-07-08,ASII,365.0,380.0,365.0,380.0,142.84725952148438,207385000,0.0,0.0
2003-07-09,ASII,380.0,382.5,377.5,382.5,143.78707885742188,62960000,0.0,0.0
2003-07-10,ASII,382.5,385.0,380.0,385.0,144.72683715820312,63690000,0.0,0.0
2003-07-11,ASII,380.0,410.0,377.5,410.0,154.12469482421875,190575000,0.0,0.0
2003-07-14,ASII,410.0,427.5,400.0,425.0,159.76336669921875,143725000,0.0,0.0
2003-07-15,ASII,425.0,435.0,425.0,425.0,159.76336669921875,138500000,0.0,0.0
2003-07-16,ASII,422.5,422.5,395.0,397.5,149.42576599121094,144230000,0.0,0.0
2003-07-17,ASII,390.0,397.5,385.0,387.5,145.6666259765625,130215000,0.0,0.0
2003-07-18,ASII,385.0,390.0,385.0,390.0,146.6063995361328,33295000,0.0,0.0
2003-07-21,ASII,395.0,395.0,390.0,392.5,147.54620361328125,79660000,0.0,0.0
2003-07-22,ASII,392.5,400.0,387.5,390.0,146.6063995361328,123645000,0.0,0.0
2003-07-23,ASII,387.5,390.0,382.5,385.0,144.72683715820312,72945000,0.0,0.0
2003-07-24,ASII,380.0,380.0,367.5,375.0,140.9676971435547,202435000,0.0,0.0
2003-07-25,ASII,375.0,377.5,375.0,375.0,140.9676971435547,77435000,0.0,0.0
2003-07-28,ASII,380.0,382.5,372.5,375.0,140.9676971435547,56215000,0.0,0.0
2003-07-29,ASII,375.0,377.5,372.5,375.0,140.9676971435547,38985000,0.0,0.0
2003-07-30,ASII,372.5,382.5,370.0,382.5,143.78707885742188,56800000,0.0,0.0
2003-07-31,ASII,382.5,382.5,377.5,380.0,142.84725952148438,32775000,0.0,0.0
2003-08-01,ASII,382.5,382.5,372.5,375.0,140.9676971435547,27695000,0.0,0.0
2003-08-04,ASII,372.5,372.5,370.0,372.5,140.0279083251953,45520000,0.0,0.0
2003-08-05,ASII,370.0,372.5,345.0,347.5,130.6300506591797,222580000,0.0,0.0
2003-08-06,ASII,347.5,367.5,347.5,365.0,137.2085723876953,281010000,0.0,0.0
2003-08-07,ASII,372.5,387.5,372.5,387.5,145.6666259765625,152080000,0.0,0.0
2003-08-08,ASII,390.0,390.0,380.0,382.5,143.78707885742188,41055000,0.0,0.0
2003-08-11,ASII,382.5,382.5,380.0,382.5,143.78707885742188,23165000,0.0,0.0
2003-08-12,ASII,382.5,382.5,380.0,382.5,143.78707885742188,14780000,0.0,0.0
2003-08-13,ASII,382.5,385.0,380.0,382.5,143.78707885742188,33325000,0.0,0.0
2003-08-14,ASII,380.0,380.0,367.5,370.0,139.088134765625,88265000,0.0,0.0
2003-08-15,ASII,370.0,377.5,367.5,375.0,140.9676971435547,162875000,0.0,0.0
2003-08-18,ASII,375.0,375.0,375.0,375.0,140.9676971435547,0,0.0,0.0
2003-08-19,ASII,377.5,387.5,372.5,375.0,140.9676971435547,231095000,0.0,0.0
2003-08-20,ASII,375.0,380.0,372.5,380.0,142.84725952148438,86335000,0.0,0.0
2003-08-21,ASII,380.0,382.5,377.5,380.0,142.84725952148438,146680000,0.0,0.0
2003-08-22,ASII,380.0,380.0,377.5,380.0,142.84725952148438,115175000,0.0,0.0
2003-08-25,ASII,380.0,380.0,377.5,380.0,142.84725952148438,28830000,0.0,0.0
2003-08-26,ASII,375.0,380.0,375.0,380.0,142.84725952148438,49490000,0.0,0.0
2003-08-27,ASII,380.0,385.0,375.0,380.0,142.84725952148438,149700000,0.0,0.0
2003-08-28,ASII,377.5,382.5,377.5,380.0,142.84725952148438,42230000,0.0,0.0
2003-08-29,ASII,380.0,380.0,377.5,380.0,142.84725952148438,131595000,0.0,0.0
2003-09-01,ASII,380.0,382.5,377.5,380.0,142.84725952148438,143630000,0.0,0.0
2003-09-02,ASII,380.0,385.0,377.5,385.0,144.72683715820312,189190000,0.0,0.0
2003-09-03,ASII,392.5,410.0,387.5,407.5,153.18487548828125,553620000,0.0,0.0
2003-09-04,ASII,412.5,427.5,412.5,422.5,158.82359313964844,348005000,0.0,0.0
2003-09-05,ASII,430.0,445.0,425.0,440.0,165.4020538330078,466495000,0.0,0.0
2003-09-08,ASII,435.0,457.5,427.5,455.0,171.0408172607422,100015000,0.0,0.0
2003-09-09,ASII,452.5,457.5,445.0,445.0,167.28167724609375,76285000,0.0,0.0
2003-09-10,ASII,432.5,442.5,425.0,425.0,159.76336669921875,93565000,0.0,0.0
2003-09-11,ASII,425.0,425.0,410.0,415.0,156.00425720214844,89590000,0.0,0.0
2003-09-12,ASII,415.0,435.0,415.0,430.0,161.64291381835938,132925000,0.0,0.0
2003-09-15,ASII,430.0,430.0,412.5,412.5,155.064453125,89185000,0.0,0.0
2003-09-16,ASII,417.5,422.5,415.0,422.5,158.82359313964844,77185000,0.0,0.0
2003-09-17,ASII,427.5,435.0,427.5,427.5,160.70318603515625,124745000,0.0,0.0
2003-09-18,ASII,427.5,432.5,427.5,430.0,161.64291381835938,71935000,0.0,0.0
2003-09-19,ASII,430.0,430.0,427.5,430.0,161.64291381835938,14745000,0.0,0.0
2003-09-22,ASII,430.0,430.0,430.0,430.0,161.64291381835938,0,0.0,0.0
2003-09-23,ASII,422.5,432.5,420.0,432.5,162.58274841308594,73625000,0.0,0.0
2003-09-24,ASII,432.5,440.0,430.0,437.5,164.46231079101562,166950000,0.0,0.0
2003-09-25,ASII,437.5,452.5,435.0,450.0,169.16122436523438,353560000,0.0,0.0
2003-09-26,ASII,452.5,455.0,447.5,455.0,171.0408172607422,383585000,0.0,0.0
2003-09-29,ASII,455.0,460.0,450.0,452.5,170.10096740722656,89525000,0.0,0.0
2003-09-30,ASII,455.0,457.5,450.0,452.5,170.10096740722656,126160000,0.0,0.0
2003-10-01,ASII,452.5,455.0,450.0,452.5,170.10096740722656,90330000,0.0,0.0
2003-10-02,ASII,457.5,470.0,457.5,467.5,175.73968505859375,262355000,0.0,0.0
2003-10-03,ASII,467.5,480.0,467.5,475.0,178.55908203125,153325000,0.0,0.0
2003-10-06,ASII,477.5,482.5,467.5,472.5,177.6193084716797,102510000,0.0,0.0
2003-10-07,ASII,472.5,472.5,457.5,465.0,174.79995727539062,127375000,0.0,0.0
2003-10-08,ASII,465.0,475.0,465.0,467.5,175.73968505859375,72815000,0.0,0.0
2003-10-09,ASII,470.0,482.5,470.0,480.0,180.4386444091797,131730000,0.0,0.0
2003-10-10,ASII,485.0,487.5,475.0,482.5,181.3784637451172,108740000,0.0,0.0
2003-10-13,ASII,485.0,492.5,482.5,487.5,183.25802612304688,91215000,0.0,0.0
2003-10-14,ASII,490.0,495.0,477.5,477.5,179.49887084960938,96985000,0.0,0.0
2003-10-15,ASII,480.0,485.0,477.5,477.5,179.49887084960938,50400000,0.0,0.0
2003-10-16,ASII,480.0,480.0,467.5,470.0,176.67950439453125,99375000,0.0,0.0
2003-10-17,ASII,477.5,480.0,475.0,477.5,179.49887084960938,54275000,0.0,0.0
2003-10-20,ASII,480.0,480.0,477.5,477.5,179.49887084960938,44735000,0.0,0.0
2003-10-21,ASII,480.0,490.0,477.5,477.5,179.49887084960938,69555000,0.0,0.0
2003-10-22,ASII,477.5,485.0,477.5,480.0,180.4386444091797,63300000,0.0,0.0
2003-10-23,ASII,477.5,480.0,470.0,472.5,177.6193084716797,91180000,0.0,0.0
2003-10-24,ASII,475.0,475.0,465.0,467.5,175.73968505859375,42830000,0.0,0.0
2003-10-27,ASII,462.5,462.5,445.0,447.5,168.22145080566406,87555000,0.0,0.0
2003-10-28,ASII,450.0,452.5,440.0,440.0,165.4020538330078,78335000,0.0,0.0
2003-10-29,ASII,450.0,450.0,432.5,437.5,164.46231079101562,84195000,0.0,0.0
2003-10-30,ASII,440.0,442.5,435.0,437.5,164.46231079101562,49160000,0.0,0.0
2003-10-31,ASII,440.0,442.5,435.0,435.0,163.52249145507812,75880000,0.0,0.0
2003-11-03,ASII,437.5,437.5,422.5,427.5,160.70318603515625,65715000,0.0,0.0
2003-11-04,ASII,432.5,450.0,432.5,450.0,169.16122436523438,188840000,0.0,0.0
2003-11-05,ASII,455.0,475.0,455.0,462.5,173.86012268066406,246050000,0.0,0.0
2003-11-06,ASII,465.0,470.0,457.5,462.5,173.86012268066406,161915000,0.0,0.0
2003-11-07,ASII,462.5,462.5,457.5,460.0,172.9203338623047,27460000,0.0,0.0
2003-11-10,ASII,460.0,460.0,447.5,447.5,168.22145080566406,47265000,0.0,0.0
2003-11-11,ASII,445.0,457.5,445.0,455.0,171.0408172607422,90955000,0.0,0.0
2003-11-12,ASII,455.0,455.0,447.5,450.0,169.16122436523438,253245000,0.0,0.0
2003-11-13,ASII,452.5,452.5,445.0,447.5,168.22145080566406,129300000,0.0,0.0
2003-11-14,ASII,445.0,447.5,445.0,447.5,168.22145080566406,69545000,0.0,0.0
2003-11-17,ASII,442.5,442.5,437.5,437.5,164.46231079101562,89445000,0.0,0.0
2003-11-18,ASII,437.5,442.5,437.5,440.0,165.4020538330078,39545000,0.0,0.0
2003-11-19,ASII,440.0,445.0,435.0,445.0,167.28167724609375,31250000,0.0,0.0
2003-11-20,ASII,445.0,447.5,445.0,447.5,168.22145080566406,15035000,0.0,0.0
2003-11-21,ASII,445.0,450.0,440.0,447.5,168.22145080566406,119605000,0.0,0.0
2003-11-24,ASII,447.5,447.5,447.5,447.5,168.22145080566406,0,0.0,0.0
2003-11-25,ASII,447.5,447.5,447.5,447.5,168.22145080566406,0,0.0,0.0
2003-11-26,ASII,447.5,447.5,447.5,447.5,168.22145080566406,0,0.0,0.0
2003-11-27,ASII,447.5,447.5,447.5,447.5,168.22145080566406,0,0.0,0.0
2003-11-28,ASII,447.5,447.5,447.5,447.5,168.22145080566406,0,0.0,0.0
2003-12-01,ASII,450.0,457.5,447.5,452.5,170.10096740722656,149425000,0.0,0.0
2003-12-02,ASII,452.5,455.0,447.5,452.5,172.00152587890625,77870000,5.0,0.0
2003-12-03,ASII,452.5,460.0,452.5,455.0,172.951904296875,114585000,0.0,0.0
2003-12-04,ASII,455.0,460.0,452.5,460.0,174.85240173339844,68380000,0.0,0.0
2003-12-05,ASII,457.5,460.0,452.5,455.0,172.951904296875,22900000,0.0,0.0
2003-12-08,ASII,455.0,462.5,455.0,462.5,175.80270385742188,63975000,0.0,0.0
2003-12-09,ASII,462.5,462.5,455.0,457.5,173.90216064453125,74940000,0.0,0.0
2003-12-10,ASII,455.0,455.0,447.5,452.5,172.00152587890625,79320000,0.0,0.0
2003-12-11,ASII,452.5,455.0,452.5,455.0,172.951904296875,45750000,0.0,0.0
2003-12-12,ASII,457.5,457.5,450.0,452.5,172.00152587890625,67875000,0.0,0.0
2003-12-15,ASII,455.0,457.5,452.5,457.5,173.90216064453125,58170000,0.0,0.0
2003-12-16,ASII,455.0,455.0,450.0,455.0,172.951904296875,47355000,0.0,0.0
2003-12-17,ASII,455.0,455.0,452.5,455.0,172.951904296875,11605000,0.0,0.0
2003-12-18,ASII,455.0,462.5,455.0,462.5,175.80270385742188,82245000,0.0,0.0
2003-12-19,ASII,462.5,475.0,462.5,475.0,180.5541534423828,134520000,0.0,0.0
2003-12-22,ASII,475.0,482.5,475.0,482.5,183.40504455566406,71345000,0.0,0.0
2003-12-23,ASII,482.5,490.0,482.5,487.5,185.30560302734375,79395000,0.0,0.0
2003-12-24,ASII,487.5,487.5,487.5,487.5,185.30560302734375,0,0.0,0.0
2003-12-25,ASII,487.5,487.5,487.5,487.5,185.30560302734375,0,0.0,0.0
2003-12-26,ASII,487.5,487.5,487.5,487.5,185.30560302734375,0,0.0,0.0
2003-12-29,ASII,490.0,505.0,490.0,502.5,191.0072784423828,117290000,0.0,0.0
2003-12-30,ASII,510.0,515.0,485.0,500.0,190.0569610595703,105475000,0.0,0.0
2003-12-31,ASII,500.0,500.0,500.0,500.0,190.0569610595703,0,0.0,0.0
2004-01-01,ASII,500.0,500.0,500.0,500.0,190.0569610595703,0,0.0,0.0
2004-01-02,ASII,495.0,515.0,490.0,510.0,193.85818481445312,45315000,0.0,0.0
2004-01-05,ASII,515.0,545.0,515.0,540.0,205.26156616210938,151625000,0.0,0.0
2004-01-06,ASII,540.0,565.0,520.0,525.0,199.5598907470703,149605000,0.0,0.0
2004-01-07,ASII,525.0,535.0,515.0,535.0,203.36097717285156,133975000,0.0,0.0
2004-01-08,ASII,535.0,580.0,535.0,580.0,220.4662322998047,316255000,0.0,0.0
2004-01-09,ASII,585.0,600.0,565.0,565.0,214.7643585205078,100070000,0.0,0.0
2004-01-12,ASII,560.0,570.0,545.0,550.0,209.06272888183594,110015000,0.0,0.0
2004-01-13,ASII,545.0,565.0,545.0,550.0,209.06272888183594,68095000,0.0,0.0
2004-01-14,ASII,550.0,565.0,550.0,560.0,212.86386108398438,78060000,0.0,0.0
2004-01-15,ASII,570.0,585.0,570.0,575.0,218.5655975341797,121340000,0.0,0.0
2004-01-16,ASII,575.0,590.0,565.0,570.0,216.6649627685547,104670000,0.0,0.0
2004-01-19,ASII,580.0,585.0,550.0,555.0,210.9632568359375,102550000,0.0,0.0
2004-01-20,ASII,560.0,560.0,555.0,560.0,212.86386108398438,51765000,0.0,0.0
2004-01-21,ASII,550.0,565.0,550.0,555.0,210.9632568359375,58740000,0.0,0.0
2004-01-22,ASII,555.0,555.0,555.0,555.0,210.9632568359375,0,0.0,0.0
2004-01-23,ASII,555.0,560.0,555.0,560.0,212.86386108398438,36580000,0.0,0.0
2004-01-26,ASII,560.0,560.0,535.0,545.0,207.16217041015625,110855000,0.0,0.0
2004-01-27,ASII,545.0,550.0,535.0,545.0,207.16217041015625,103485000,0.0,0.0
2004-01-28,ASII,545.0,550.0,530.0,535.0,203.36097717285156,47085000,0.0,0.0
2004-01-29,ASII,535.0,535.0,505.0,515.0,195.75875854492188,90650000,0.0,0.0
2004-01-30,ASII,515.0,520.0,505.0,520.0,197.65933227539062,54425000,0.0,0.0
2004-02-02,ASII,520.0,520.0,520.0,520.0,197.65933227539062,0,0.0,0.0
2004-02-03,ASII,510.0,510.0,485.0,500.0,190.0569610595703,126780000,0.0,0.0
2004-02-04,ASII,500.0,510.0,490.0,495.0,188.15643310546875,121570000,0.0,0.0
2004-02-05,ASII,492.5,515.0,492.5,515.0,195.75875854492188,104315000,0.0,0.0
2004-02-06,ASII,520.0,545.0,520.0,535.0,203.36097717285156,181765000,0.0,0.0
2004-02-09,ASII,540.0,555.0,535.0,550.0,209.06272888183594,160270000,0.0,0.0
2004-02-10,ASII,550.0,550.0,535.0,545.0,207.16217041015625,44615000,0.0,0.0
2004-02-11,ASII,545.0,555.0,545.0,545.0,207.16217041015625,79475000,0.0,0.0
2004-02-12,ASII,550.0,555.0,520.0,530.0,201.46043395996094,171550000,0.0,0.0
2004-02-13,ASII,530.0,540.0,530.0,535.0,203.36097717285156,40540000,0.0,0.0
2004-02-16,ASII,535.0,550.0,530.0,540.0,205.26156616210938,55900000,0.0,0.0
2004-02-17,ASII,545.0,565.0,540.0,545.0,207.16217041015625,189670000,0.0,0.0
2004-02-18,ASII,555.0,555.0,540.0,555.0,210.9632568359375,195080000,0.0,0.0
2004-02-19,ASII,555.0,555.0,540.0,555.0,210.9632568359375,132850000,0.0,0.0
2004-02-20,ASII,560.0,565.0,550.0,555.0,210.9632568359375,130970000,0.0,0.0
2004-02-23,ASII,555.0,555.0,555.0,555.0,210.9632568359375,0,0.0,0.0
2004-02-24,ASII,560.0,560.0,545.0,545.0,207.16217041015625,114080000,0.0,0.0
2004-02-25,ASII,545.0,550.0,540.0,540.0,205.26156616210938,47310000,0.0,0.0
2004-02-26,ASII,540.0,555.0,540.0,555.0,210.9632568359375,66800000,0.0,0.0
2004-02-27,ASII,555.0,560.0,535.0,540.0,205.26156616210938,80540000,0.0,0.0
2004-03-01,ASII,545.0,545.0,525.0,535.0,203.36097717285156,98655000,0.0,0.0
2004-03-02,ASII,540.0,570.0,540.0,570.0,216.6649627685547,233765000,0.0,0.0
2004-03-03,ASII,570.0,570.0,565.0,570.0,216.6649627685547,30905000,0.0,0.0
2004-03-04,ASII,570.0,575.0,560.0,560.0,212.86386108398438,32320000,0.0,0.0
2004-03-05,ASII,565.0,570.0,565.0,570.0,216.6649627685547,107490000,0.0,0.0
2004-03-08,ASII,570.0,570.0,560.0,560.0,212.86386108398438,50240000,0.0,0.0
2004-03-09,ASII,555.0,565.0,550.0,560.0,212.86386108398438,88950000,0.0,0.0
2004-03-10,ASII,560.0,560.0,530.0,530.0,201.46043395996094,103800000,0.0,0.0
2004-03-11,ASII,530.0,535.0,515.0,525.0,199.5598907470703,70595000,0.0,0.0
2004-03-12,ASII,510.0,535.0,505.0,535.0,203.36097717285156,73985000,0.0,0.0
2004-03-15,ASII,540.0,540.0,530.0,530.0,201.46043395996094,32570000,0.0,0.0
2004-03-16,ASII,525.0,525.0,515.0,520.0,197.65933227539062,57110000,0.0,0.0
2004-03-17,ASII,530.0,530.0,525.0,525.0,199.5598907470703,56965000,0.0,0.0
2004-03-18,ASII,535.0,535.0,525.0,530.0,201.46043395996094,29385000,0.0,0.0
2004-03-19,ASII,535.0,540.0,530.0,540.0,205.26156616210938,21675000,0.0,0.0
2004-03-22,ASII,540.0,540.0,540.0,540.0,205.26156616210938,0,0.0,0.0
2004-03-23,ASII,535.0,535.0,525.0,530.0,201.46043395996094,43405000,0.0,0.0
2004-03-24,ASII,530.0,535.0,530.0,530.0,201.46043395996094,49405000,0.0,0.0
2004-03-25,ASII,530.0,530.0,525.0,525.0,199.5598907470703,36540000,0.0,0.0
2004-03-26,ASII,525.0,525.0,505.0,515.0,195.75875854492188,105955000,0.0,0.0
2004-03-29,ASII,520.0,520.0,510.0,515.0,195.75875854492188,32605000,0.0,0.0
2004-03-30,ASII,520.0,535.0,515.0,535.0,203.36097717285156,138875000,0.0,0.0
2004-03-31,ASII,540.0,545.0,525.0,535.0,203.36097717285156,174205000,0.0,0.0
2004-04-01,ASII,535.0,535.0,530.0,535.0,203.36097717285156,103815000,0.0,0.0
2004-04-02,ASII,540.0,560.0,540.0,560.0,212.86386108398438,132175000,0.0,0.0
2004-04-05,ASII,560.0,560.0,560.0,560.0,212.86386108398438,0,0.0,0.0
2004-04-06,ASII,565.0,590.0,560.0,575.0,218.5655975341797,296015000,0.0,0.0
2004-04-07,ASII,580.0,580.0,555.0,555.0,210.9632568359375,162080000,0.0,0.0
2004-04-08,ASII,560.0,570.0,555.0,560.0,212.86386108398438,110265000,0.0,0.0
2004-04-09,ASII,560.0,560.0,560.0,560.0,212.86386108398438,0,0.0,0.0
2004-04-12,ASII,560.0,560.0,545.0,550.0,209.06272888183594,20435000,0.0,0.0
2004-04-13,ASII,555.0,560.0,545.0,550.0,209.06272888183594,55500000,0.0,0.0
2004-04-14,ASII,550.0,555.0,545.0,550.0,209.06272888183594,30615000,0.0,0.0
2004-04-15,ASII,550.0,565.0,545.0,560.0,212.86386108398438,95875000,0.0,0.0
2004-04-16,ASII,560.0,560.0,530.0,530.0,201.46043395996094,128920000,0.0,0.0
2004-04-19,ASII,535.0,540.0,530.0,535.0,203.36097717285156,131365000,0.0,0.0
2004-04-20,ASII,540.0,585.0,540.0,580.0,220.4662322998047,305185000,0.0,0.0
2004-04-21,ASII,580.0,620.0,570.0,595.0,226.1677703857422,373135000,0.0,0.0
2004-04-22,ASII,595.0,605.0,585.0,605.0,229.96902465820312,76460000,0.0,0.0
2004-04-23,ASII,610.0,620.0,605.0,610.0,231.8695831298828,78235000,0.0,0.0
2004-04-26,ASII,610.0,610.0,600.0,605.0,229.96902465820312,47145000,0.0,0.0
2004-04-27,ASII,605.0,605.0,600.0,605.0,229.96902465820312,22655000,0.0,0.0
2004-04-28,ASII,600.0,610.0,595.0,610.0,231.8695831298828,27085000,0.0,0.0
2004-04-29,ASII,600.0,600.0,575.0,580.0,220.4662322998047,136525000,0.0,0.0
2004-04-30,ASII,570.0,570.0,555.0,570.0,216.6649627685547,108010000,0.0,0.0
2004-05-03,ASII,570.0,570.0,570.0,570.0,216.6649627685547,0,0.0,0.0
2004-05-04,ASII,575.0,605.0,575.0,600.0,228.06845092773438,183225000,0.0,0.0
2004-05-05,ASII,600.0,605.0,560.0,565.0,214.7643585205078,207420000,0.0,0.0
2004-05-06,ASII,565.0,565.0,540.0,550.0,209.06272888183594,205090000,0.0,0.0
2004-05-07,ASII,550.0,565.0,535.0,555.0,210.9632568359375,69915000,0.0,0.0
2004-05-10,ASII,540.0,545.0,525.0,540.0,205.26156616210938,161785000,0.0,0.0
2004-05-11,ASII,540.0,565.0,540.0,560.0,212.86386108398438,96545000,0.0,0.0
2004-05-12,ASII,570.0,585.0,565.0,585.0,222.36671447753906,114460000,0.0,0.0
2004-05-13,ASII,585.0,585.0,565.0,575.0,218.5655975341797,36900000,0.0,0.0
2004-05-14,ASII,575.0,580.0,560.0,575.0,218.5655975341797,177260000,0.0,0.0
2004-05-17,ASII,545.0,560.0,505.0,510.0,193.85818481445312,132110000,0.0,0.0
2004-05-18,ASII,520.0,555.0,520.0,540.0,205.26156616210938,166595000,0.0,0.0
2004-05-19,ASII,550.0,575.0,550.0,570.0,216.6649627685547,91420000,0.0,0.0
2004-05-20,ASII,570.0,570.0,570.0,570.0,216.6649627685547,0,0.0,0.0
2004-05-21,ASII,575.0,585.0,575.0,580.0,220.4662322998047,124170000,0.0,0.0
2004-05-24,ASII,580.0,585.0,575.0,580.0,220.4662322998047,31480000,0.0,0.0
2004-05-25,ASII,570.0,585.0,570.0,580.0,220.4662322998047,73855000,0.0,0.0
2004-05-26,ASII,585.0,585.0,565.0,565.0,214.7643585205078,79320000,0.0,0.0
2004-05-27,ASII,565.0,580.0,565.0,575.0,218.5655975341797,61660000,0.0,0.0
2004-05-28,ASII,580.0,580.0,575.0,575.0,218.5655975341797,26445000,0.0,0.0
2004-05-31,ASII,575.0,580.0,570.0,580.0,220.4662322998047,29075000,0.0,0.0
2004-06-01,ASII,575.0,575.0,570.0,575.0,218.5655975341797,24235000,0.0,0.0
2004-06-02,ASII,570.0,570.0,555.0,560.0,212.86386108398438,72770000,0.0,0.0
2004-06-03,ASII,560.0,560.0,560.0,560.0,212.86386108398438,0,0.0,0.0
2004-06-04,ASII,550.0,550.0,525.0,545.0,207.16217041015625,402465000,0.0,0.0
2004-06-07,ASII,555.0,565.0,550.0,560.0,212.86386108398438,133655000,0.0,0.0
2004-06-08,ASII,565.0,570.0,560.0,560.0,212.86386108398438,29690000,0.0,0.0
2004-06-09,ASII,565.0,565.0,555.0,555.0,210.9632568359375,88500000,0.0,0.0
2004-06-10,ASII,555.0,555.0,545.0,545.0,207.16217041015625,39370000,0.0,0.0
2004-06-11,ASII,545.0,545.0,540.0,545.0,207.16217041015625,24490000,0.0,0.0
2004-06-14,ASII,545.0,545.0,540.0,545.0,207.16217041015625,20610000,0.0,0.0
2004-06-15,ASII,545.0,550.0,540.0,545.0,207.16217041015625,18290000,0.0,0.0
2004-06-16,ASII,555.0,555.0,545.0,550.0,209.06272888183594,21810000,0.0,0.0
2004-06-17,ASII,555.0,555.0,545.0,550.0,209.06272888183594,32690000,0.0,0.0
2004-06-18,ASII,540.0,550.0,540.0,550.0,209.06272888183594,13850000,0.0,0.0
2004-06-21,ASII,550.0,555.0,545.0,550.0,209.06272888183594,6460000,0.0,0.0
2004-06-22,ASII,545.0,550.0,545.0,545.0,207.16217041015625,34940000,0.0,0.0
2004-06-23,ASII,545.0,550.0,535.0,550.0,209.06272888183594,98650000,0.0,0.0
2004-06-24,ASII,555.0,555.0,550.0,555.0,210.9632568359375,46615000,0.0,0.0
2004-06-25,ASII,555.0,570.0,550.0,565.0,214.7643585205078,83505000,0.0,0.0
2004-06-28,ASII,570.0,570.0,560.0,560.0,212.86386108398438,53155000,0.0,0.0
2004-06-29,ASII,550.0,560.0,550.0,560.0,219.528076171875,46475000,17.0,0.0
2004-06-30,ASII,565.0,570.0,545.0,550.0,215.60800170898438,58330000,0.0,0.0
2004-07-01,ASII,555.0,560.0,555.0,560.0,219.528076171875,15510000,0.0,0.0
2004-07-02,ASII,560.0,580.0,560.0,575.0,225.40834045410156,87945000,0.0,0.0
2004-07-05,ASII,575.0,575.0,575.0,575.0,225.40834045410156,0,0.0,0.0
2004-07-06,ASII,585.0,595.0,585.0,585.0,229.32847595214844,209235000,0.0,0.0
2004-07-07,ASII,580.0,595.0,575.0,585.0,229.32847595214844,174405000,0.0,0.0
2004-07-08,ASII,585.0,590.0,565.0,565.0,221.4880828857422,54430000,0.0,0.0
2004-07-09,ASII,565.0,570.0,560.0,570.0,223.44821166992188,37055000,0.0,0.0
2004-07-12,ASII,575.0,575.0,560.0,565.0,221.4880828857422,45760000,0.0,0.0
2004-07-13,ASII,565.0,570.0,560.0,565.0,221.4880828857422,40035000,0.0,0.0
2004-07-14,ASII,565.0,565.0,550.0,560.0,219.528076171875,75775000,0.0,0.0
2004-07-15,ASII,560.0,560.0,545.0,555.0,217.5679931640625,61585000,0.0,0.0
2004-07-16,ASII,555.0,565.0,555.0,565.0,221.4880828857422,99540000,0.0,0.0
2004-07-19,ASII,565.0,570.0,560.0,565.0,221.4880828857422,39640000,0.0,0.0
2004-07-20,ASII,560.0,565.0,555.0,560.0,219.528076171875,66640000,0.0,0.0
2004-07-21,ASII,565.0,570.0,560.0,565.0,221.4880828857422,53035000,0.0,0.0
2004-07-22,ASII,565.0,585.0,565.0,580.0,227.3684844970703,130920000,0.0,0.0
2004-07-23,ASII,580.0,590.0,580.0,585.0,229.32847595214844,117265000,0.0,0.0
2004-07-26,ASII,585.0,585.0,560.0,575.0,225.40834045410156,86000000,0.0,0.0
2004-07-27,ASII,570.0,575.0,570.0,570.0,223.44821166992188,26390000,0.0,0.0
2004-07-28,ASII,575.0,575.0,560.0,565.0,221.4880828857422,47895000,0.0,0.0
2004-07-29,ASII,565.0,565.0,555.0,555.0,217.5679931640625,138270000,0.0,0.0
2004-07-30,ASII,555.0,560.0,550.0,555.0,217.5679931640625,113940000,0.0,0.0
2004-08-02,ASII,555.0,560.0,550.0,555.0,217.5679931640625,28945000,0.0,0.0
2004-08-03,ASII,555.0,565.0,555.0,565.0,221.4880828857422,175900000,0.0,0.0
2004-08-04,ASII,565.0,570.0,560.0,565.0,221.4880828857422,62960000,0.0,0.0
2004-08-05,ASII,565.0,570.0,565.0,570.0,223.44821166992188,48320000,0.0,0.0
2004-08-06,ASII,565.0,565.0,560.0,565.0,221.4880828857422,62310000,0.0,0.0
2004-08-09,ASII,555.0,565.0,555.0,560.0,219.528076171875,34220000,0.0,0.0
2004-08-10,ASII,560.0,565.0,560.0,565.0,221.4880828857422,20900000,0.0,0.0
2004-08-11,ASII,565.0,585.0,565.0,580.0,227.3684844970703,198355000,0.0,0.0
2004-08-12,ASII,580.0,580.0,570.0,575.0,225.40834045410156,45100000,0.0,0.0
2004-08-13,ASII,570.0,580.0,570.0,580.0,227.3684844970703,62850000,0.0,0.0
2004-08-16,ASII,575.0,585.0,575.0,580.0,227.3684844970703,56275000,0.0,0.0
2004-08-17,ASII,580.0,580.0,580.0,580.0,227.3684844970703,0,0.0,0.0
2004-08-18,ASII,580.0,590.0,580.0,585.0,229.32847595214844,86410000,0.0,0.0
2004-08-19,ASII,585.0,585.0,580.0,580.0,227.3684844970703,17565000,0.0,0.0
2004-08-20,ASII,575.0,580.0,570.0,575.0,225.40834045410156,40150000,0.0,0.0
2004-08-23,ASII,580.0,590.0,580.0,585.0,229.32847595214844,91555000,0.0,0.0
2004-08-24,ASII,580.0,600.0,580.0,590.0,231.28854370117188,122980000,0.0,0.0
2004-08-25,ASII,590.0,595.0,575.0,580.0,227.3684844970703,45880000,0.0,0.0
2004-08-26,ASII,580.0,615.0,580.0,610.0,239.1287841796875,170905000,0.0,0.0
2004-08-27,ASII,610.0,640.0,610.0,640.0,250.8893280029297,140455000,0.0,0.0
2004-08-30,ASII,640.0,645.0,625.0,635.0,248.92922973632812,44760000,0.0,0.0
2004-08-31,ASII,630.0,640.0,625.0,635.0,248.92922973632812,42020000,0.0,0.0
2004-09-01,ASII,645.0,695.0,645.0,680.0,266.56988525390625,132640000,0.0,0.0
2004-09-02,ASII,685.0,685.0,650.0,665.0,260.68963623046875,67430000,0.0,0.0
2004-09-03,ASII,660.0,670.0,655.0,660.0,258.72955322265625,73160000,0.0,0.0
2004-09-06,ASII,655.0,660.0,655.0,660.0,258.72955322265625,18555000,0.0,0.0
2004-09-07,ASII,660.0,665.0,655.0,660.0,258.72955322265625,60505000,0.0,0.0
2004-09-08,ASII,660.0,670.0,655.0,655.0,256.7694396972656,86785000,0.0,0.0
2004-09-09,ASII,660.0,660.0,620.0,655.0,256.7694396972656,303185000,0.0,0.0
2004-09-10,ASII,660.0,680.0,655.0,675.0,264.6097717285156,139210000,0.0,0.0
2004-09-13,ASII,675.0,675.0,675.0,675.0,264.6097717285156,0,0.0,0.0
2004-09-14,ASII,675.0,690.0,670.0,675.0,264.6097717285156,162810000,0.0,0.0
2004-09-15,ASII,675.0,685.0,675.0,685.0,268.52996826171875,123540000,0.0,0.0
2004-09-16,ASII,685.0,685.0,675.0,680.0,266.56988525390625,48670000,0.0,0.0
2004-09-17,ASII,680.0,695.0,675.0,695.0,272.4500427246094,116805000,0.0,0.0
2004-09-20,ASII,695.0,695.0,695.0,695.0,272.4500427246094,0,0.0,0.0
2004-09-21,ASII,700.0,710.0,685.0,690.0,270.4900207519531,222765000,0.0,0.0
2004-09-22,ASII,690.0,690.0,680.0,685.0,268.52996826171875,61105000,0.0,0.0
2004-09-23,ASII,680.0,680.0,665.0,670.0,262.649658203125,88695000,0.0,0.0
2004-09-24,ASII,670.0,670.0,665.0,670.0,262.649658203125,41355000,0.0,0.0
2004-09-27,ASII,670.0,675.0,670.0,675.0,264.6097717285156,42580000,0.0,0.0
2004-09-28,ASII,670.0,675.0,660.0,665.0,260.68963623046875,36670000,0.0,0.0
2004-09-29,ASII,665.0,675.0,665.0,675.0,264.6097717285156,9775000,0.0,0.0
2004-09-30,ASII,675.0,685.0,675.0,685.0,268.52996826171875,114685000,0.0,0.0
2004-10-01,ASII,685.0,700.0,685.0,700.0,274.4100646972656,82120000,0.0,0.0
2004-10-04,ASII,700.0,755.0,700.0,745.0,292.05078125,261770000,0.0,0.0
2004-10-05,ASII,745.0,765.0,745.0,765.0,299.8912048339844,191885000,0.0,0.0
2004-10-06,ASII,765.0,765.0,750.0,760.0,297.9309387207031,102535000,0.0,0.0
2004-10-07,ASII,755.0,755.0,750.0,755.0,295.97088623046875,100640000,0.0,0.0
2004-10-08,ASII,750.0,765.0,745.0,765.0,299.8912048339844,241485000,0.0,0.0
2004-10-11,ASII,770.0,780.0,760.0,775.0,303.8112487792969,89370000,0.0,0.0
2004-10-12,ASII,775.0,800.0,775.0,790.0,309.69140625,191535000,0.0,0.0
2004-10-13,ASII,790.0,795.0,775.0,795.0,311.6514587402344,179410000,0.0,0.0
2004-10-14,ASII,795.0,795.0,785.0,795.0,311.6514587402344,64615000,0.0,0.0
2004-10-15,ASII,790.0,795.0,785.0,795.0,311.6514587402344,44755000,0.0,0.0
2004-10-18,ASII,790.0,795.0,785.0,795.0,311.6514587402344,59640000,0.0,0.0
2004-10-19,ASII,795.0,800.0,785.0,790.0,309.69140625,122395000,0.0,0.0
2004-10-20,ASII,790.0,795.0,780.0,790.0,309.69140625,379785000,0.0,0.0
2004-10-21,ASII,790.0,790.0,780.0,785.0,307.7313537597656,42775000,0.0,0.0
2004-10-22,ASII,785.0,795.0,775.0,795.0,311.6514587402344,92390000,0.0,0.0
2004-10-25,ASII,790.0,795.0,780.0,795.0,311.6514587402344,37485000,0.0,0.0
2004-10-26,ASII,790.0,795.0,775.0,785.0,307.7313537597656,82145000,0.0,0.0
2004-10-27,ASII,785.0,785.0,765.0,770.0,301.85113525390625,65340000,0.0,0.0
2004-10-28,ASII,775.0,790.0,770.0,790.0,309.69140625,102295000,0.0,0.0
2004-10-29,ASII,785.0,790.0,785.0,785.0,307.7313537597656,41675000,0.0,0.0
2004-11-01,ASII,785.0,790.0,785.0,790.0,309.69140625,48625000,0.0,0.0
2004-11-02,ASII,785.0,800.0,785.0,795.0,315.6470031738281,145415000,10.0,0.0
2004-11-03,ASII,795.0,810.0,795.0,805.0,319.6174621582031,109305000,0.0,0.0
2004-11-04,ASII,805.0,805.0,785.0,785.0,311.6766357421875,47675000,0.0,0.0
2004-11-05,ASII,795.0,820.0,795.0,815.0,323.58782958984375,120630000,0.0,0.0
2004-11-08,ASII,820.0,830.0,815.0,825.0,327.5582275390625,47805000,0.0,0.0
2004-11-09,ASII,830.0,875.0,825.0,860.0,341.45458984375,144165000,0.0,0.0
2004-11-10,ASII,860.0,860.0,850.0,850.0,337.48419189453125,85855000,0.0,0.0
2004-11-11,ASII,850.0,855.0,840.0,845.0,335.4989929199219,40425000,0.0,0.0
2004-11-12,ASII,845.0,865.0,845.0,855.0,339.46942138671875,129850000,0.0,0.0
2004-11-15,ASII,855.0,855.0,855.0,855.0,339.46942138671875,0,0.0,0.0
2004-11-16,ASII,855.0,855.0,855.0,855.0,339.46942138671875,0,0.0,0.0
2004-11-17,ASII,855.0,855.0,855.0,855.0,339.46942138671875,0,0.0,0.0
2004-11-18,ASII,855.0,855.0,855.0,855.0,339.46942138671875,0,0.0,0.0
2004-11-19,ASII,855.0,855.0,855.0,855.0,339.46942138671875,0,0.0,0.0
2004-11-22,ASII,855.0,855.0,830.0,845.0,335.4989929199219,171750000,0.0,0.0
2004-11-23,ASII,845.0,860.0,845.0,860.0,341.45458984375,135590000,0.0,0.0
2004-11-24,ASII,860.0,880.0,855.0,880.0,349.3953552246094,217915000,0.0,0.0
2004-11-25,ASII,875.0,875.0,855.0,860.0,341.45458984375,152050000,0.0,0.0
2004-11-26,ASII,860.0,865.0,855.0,860.0,341.45458984375,42405000,0.0,0.0
2004-11-29,ASII,860.0,875.0,860.0,875.0,347.4102478027344,73030000,0.0,0.0
2004-11-30,ASII,870.0,900.0,870.0,900.0,357.33624267578125,173930000,0.0,0.0
2004-12-01,ASII,900.0,905.0,895.0,905.0,359.3213806152344,126440000,0.0,0.0
2004-12-02,ASII,905.0,945.0,905.0,940.0,373.2177734375,100075000,0.0,0.0
2004-12-03,ASII,950.0,965.0,930.0,930.0,369.2474670410156,78515000,0.0,0.0
2004-12-06,ASII,930.0,940.0,930.0,935.0,371.2325744628906,33350000,0.0,0.0
2004-12-07,ASII,935.0,970.0,930.0,960.0,381.15863037109375,91950000,0.0,0.0
2004-12-08,ASII,960.0,995.0,955.0,985.0,391.0846862792969,119885000,0.0,0.0
2004-12-09,ASII,970.0,970.0,950.0,970.0,385.1291198730469,101820000,0.0,0.0
2004-12-10,ASII,965.0,965.0,935.0,945.0,375.2030944824219,99910000,0.0,0.0
2004-12-13,ASII,945.0,945.0,920.0,925.0,367.2621765136719,120875000,0.0,0.0
2004-12-14,ASII,925.0,925.0,890.0,900.0,357.33624267578125,99535000,0.0,0.0
2004-12-15,ASII,900.0,945.0,900.0,940.0,373.2177734375,80270000,0.0,0.0
2004-12-16,ASII,940.0,960.0,940.0,955.0,379.1734313964844,56920000,0.0,0.0
2004-12-17,ASII,955.0,965.0,955.0,965.0,383.14385986328125,39430000,0.0,0.0
2004-12-20,ASII,960.0,965.0,950.0,950.0,377.1882019042969,43670000,0.0,0.0
2004-12-21,ASII,955.0,960.0,955.0,955.0,379.1734313964844,26840000,0.0,0.0
2004-12-22,ASII,960.0,970.0,960.0,970.0,385.1291198730469,20040000,0.0,0.0
2004-12-23,ASII,970.0,975.0,965.0,970.0,385.1291198730469,15035000,0.0,0.0
2004-12-24,ASII,970.0,970.0,970.0,970.0,385.1291198730469,0,0.0,0.0
2004-12-27,ASII,975.0,975.0,970.0,970.0,385.1291198730469,17455000,0.0,0.0
2004-12-28,ASII,960.0,965.0,960.0,960.0,381.15863037109375,32195000,0.0,0.0
2004-12-29,ASII,965.0,975.0,965.0,975.0,387.1142883300781,30090000,0.0,0.0
2004-12-30,ASII,975.0,975.0,960.0,960.0,381.15863037109375,42420000,0.0,0.0
2004-12-31,ASII,960.0,960.0,960.0,960.0,381.15863037109375,0,0.0,0.0
2005-01-03,ASII,970.0,970.0,960.0,960.0,381.15863037109375,10680000,0.0,0.0
2005-01-04,ASII,975.0,980.0,970.0,975.0,387.1142883300781,54540000,0.0,0.0
2005-01-05,ASII,975.0,990.0,970.0,970.0,385.1291198730469,91900000,0.0,0.0
2005-01-06,ASII,965.0,975.0,965.0,970.0,385.1291198730469,87900000,0.0,0.0
2005-01-07,ASII,975.0,985.0,970.0,980.0,389.09942626953125,70965000,0.0,0.0
2005-01-10,ASII,970.0,985.0,970.0,975.0,387.1142883300781,31570000,0.0,0.0
2005-01-11,ASII,970.0,970.0,955.0,955.0,379.1734313964844,70610000,0.0,0.0
2005-01-12,ASII,955.0,965.0,955.0,955.0,379.1734313964844,15210000,0.0,0.0
2005-01-13,ASII,970.0,1000.0,970.0,995.0,395.0550231933594,113590000,0.0,0.0
2005-01-14,ASII,995.0,1010.0,990.0,1000.0,397.0401611328125,40610000,0.0,0.0
2005-01-17,ASII,1005.0,1060.0,1005.0,1040.0,412.9219055175781,71095000,0.0,0.0
2005-01-18,ASII,1030.0,1035.0,1010.0,1030.0,408.9515686035156,24475000,0.0,0.0
2005-01-19,ASII,1035.0,1040.0,1025.0,1035.0,410.9366149902344,22905000,0.0,0.0
2005-01-20,ASII,1040.0,1055.0,1040.0,1045.0,414.9070739746094,19955000,0.0,0.0
2005-01-24,ASII,1040.0,1040.0,1000.0,1015.0,402.9958801269531,56620000,0.0,0.0
2005-01-25,ASII,1010.0,1010.0,1000.0,1000.0,397.0401611328125,56810000,0.0,0.0
2005-01-26,ASII,1000.0,1020.0,1000.0,1010.0,401.0106506347656,49365000,0.0,0.0
2005-01-27,ASII,1010.0,1020.0,1000.0,1000.0,397.0401611328125,52540000,0.0,0.0
2005-01-28,ASII,1010.0,1015.0,1000.0,1000.0,397.0401611328125,36165000,0.0,0.0
2005-01-31,ASII,1000.0,1005.0,990.0,1005.0,399.0255432128906,29490000,0.0,0.0
2005-02-01,ASII,1005.0,1010.0,1000.0,1005.0,399.0255432128906,29785000,0.0,0.0
2005-02-02,ASII,1010.0,1050.0,1010.0,1050.0,416.8923034667969,71970000,0.0,0.0
2005-02-03,ASII,1055.0,1065.0,1015.0,1015.0,402.9958801269531,47320000,0.0,0.0
2005-02-04,ASII,1015.0,1055.0,1015.0,1050.0,416.8923034667969,21965000,0.0,0.0
2005-02-07,ASII,1050.0,1050.0,1020.0,1030.0,408.9515686035156,15265000,0.0,0.0
2005-02-08,ASII,1025.0,1040.0,1020.0,1020.0,404.9811706542969,9275000,0.0,0.0
2005-02-11,ASII,1025.0,1025.0,1010.0,1015.0,402.9958801269531,18330000,0.0,0.0
2005-02-14,ASII,1020.0,1025.0,1005.0,1005.0,399.0255432128906,67685000,0.0,0.0
2005-02-15,ASII,1020.0,1045.0,1020.0,1040.0,412.9219055175781,53865000,0.0,0.0
2005-02-16,ASII,1040.0,1070.0,1040.0,1070.0,424.83306884765625,71055000,0.0,0.0
2005-02-17,ASII,1075.0,1085.0,1075.0,1080.0,428.80352783203125,30165000,0.0,0.0
2005-02-18,ASII,1085.0,1120.0,1080.0,1120.0,444.6851501464844,68995000,0.0,0.0
2005-02-21,ASII,1120.0,1125.0,1105.0,1110.0,440.7146301269531,29850000,0.0,0.0
2005-02-22,ASII,1110.0,1125.0,1110.0,1115.0,442.6997985839844,50955000,0.0,0.0
2005-02-23,ASII,1115.0,1145.0,1105.0,1125.0,446.67022705078125,38230000,0.0,0.0
2005-02-24,ASII,1125.0,1175.0,1125.0,1175.0,466.5223083496094,68975000,0.0,0.0
2005-02-25,ASII,1175.0,1175.0,1125.0,1125.0,446.67022705078125,52965000,0.0,0.0
2005-02-28,ASII,1125.0,1125.0,1080.0,1080.0,428.80352783203125,100680000,0.0,0.0
2005-03-01,ASII,1080.0,1105.0,1080.0,1100.0,436.7443542480469,95275000,0.0,0.0
2005-03-02,ASII,1100.0,1100.0,1080.0,1085.0,430.7886962890625,24370000,0.0,0.0
2005-03-03,ASII,1085.0,1095.0,1065.0,1065.0,422.8478698730469,53955000,0.0,0.0
2005-03-04,ASII,1070.0,1080.0,1055.0,1070.0,424.83306884765625,68875000,0.0,0.0
2005-03-07,ASII,1080.0,1095.0,1080.0,1090.0,432.77392578125,52270000,0.0,0.0
2005-03-08,ASII,1090.0,1100.0,1090.0,1100.0,436.7443542480469,37960000,0.0,0.0
2005-03-09,ASII,1100.0,1100.0,1090.0,1095.0,434.759033203125,10270000,0.0,0.0
2005-03-10,ASII,1085.0,1095.0,1085.0,1090.0,432.77392578125,15300000,0.0,0.0
2005-03-14,ASII,1090.0,1090.0,1055.0,1065.0,422.8478698730469,94095000,0.0,0.0
2005-03-15,ASII,1065.0,1065.0,1040.0,1050.0,416.8923034667969,64080000,0.0,0.0
2005-03-16,ASII,1055.0,1070.0,1055.0,1070.0,424.83306884765625,51900000,0.0,0.0
2005-03-17,ASII,1070.0,1100.0,1065.0,1100.0,436.7443542480469,135085000,0.0,0.0
2005-03-18,ASII,1100.0,1105.0,1075.0,1095.0,434.759033203125,32045000,0.0,0.0
2005-03-21,ASII,1100.0,1100.0,1080.0,1090.0,432.77392578125,33990000,0.0,0.0
2005-03-22,ASII,1100.0,1115.0,1085.0,1085.0,430.7886962890625,59830000,0.0,0.0
2005-03-23,ASII,1085.0,1085.0,1080.0,1085.0,430.7886962890625,49465000,0.0,0.0
2005-03-24,ASII,1080.0,1085.0,1060.0,1080.0,428.80352783203125,96600000,0.0,0.0
2005-03-28,ASII,1075.0,1080.0,1065.0,1080.0,428.80352783203125,41985000,0.0,0.0
2005-03-29,ASII,1075.0,1075.0,1005.0,1030.0,408.9515686035156,69345000,0.0,0.0
2005-03-30,ASII,1020.0,1045.0,1020.0,1040.0,412.9219055175781,44595000,0.0,0.0
2005-03-31,ASII,1050.0,1055.0,1040.0,1050.0,416.8923034667969,32920000,0.0,0.0
2005-04-01,ASII,1050.0,1085.0,1050.0,1085.0,430.7886962890625,18110000,0.0,0.0
2005-04-04,ASII,1085.0,1090.0,1075.0,1090.0,432.77392578125,18435000,0.0,0.0
2005-04-05,ASII,1090.0,1090.0,1065.0,1085.0,430.7886962890625,2270000,0.0,0.0
2005-04-06,ASII,1080.0,1090.0,1075.0,1080.0,428.80352783203125,6910000,0.0,0.0
2005-04-07,ASII,1080.0,1085.0,1075.0,1085.0,430.7886962890625,56680000,0.0,0.0
2005-04-08,ASII,1080.0,1080.0,1070.0,1075.0,426.8181457519531,40555000,0.0,0.0
2005-04-11,ASII,1075.0,1080.0,1075.0,1080.0,428.80352783203125,23045000,0.0,0.0
2005-04-12,ASII,1075.0,1095.0,1075.0,1095.0,434.759033203125,39120000,0.0,0.0
2005-04-13,ASII,1095.0,1110.0,1095.0,1110.0,440.7146301269531,31940000,0.0,0.0
2005-04-14,ASII,1030.0,1110.0,1030.0,1110.0,440.7146301269531,44180000,0.0,0.0
2005-04-15,ASII,1100.0,1100.0,1085.0,1100.0,436.7443542480469,29870000,0.0,0.0
2005-04-18,ASII,1055.0,1065.0,1055.0,1060.0,420.8627014160156,72330000,0.0,0.0
2005-04-19,ASII,1075.0,1075.0,1065.0,1070.0,424.83306884765625,49905000,0.0,0.0
2005-04-20,ASII,1080.0,1090.0,1080.0,1090.0,432.77392578125,5915000,0.0,0.0
2005-04-21,ASII,1080.0,1080.0,1065.0,1080.0,428.80352783203125,33960000,0.0,0.0
2005-04-25,ASII,1070.0,1070.0,1050.0,1060.0,420.8627014160156,45745000,0.0,0.0
2005-04-26,ASII,1065.0,1075.0,1060.0,1065.0,422.8478698730469,19630000,0.0,0.0
2005-04-27,ASII,1070.0,1085.0,1070.0,1070.0,424.83306884765625,39800000,0.0,0.0
2005-04-28,ASII,1070.0,1070.0,1060.0,1060.0,420.8627014160156,19740000,0.0,0.0
2005-04-29,ASII,1050.0,1055.0,1045.0,1055.0,418.87750244140625,48270000,0.0,0.0
2005-05-02,ASII,1060.0,1070.0,1060.0,1070.0,424.83306884765625,4475000,0.0,0.0
2005-05-03,ASII,1070.0,1075.0,1065.0,1070.0,424.83306884765625,27290000,0.0,0.0
2005-05-04,ASII,1075.0,1080.0,1070.0,1075.0,426.8181457519531,24570000,0.0,0.0
2005-05-06,ASII,1080.0,1105.0,1080.0,1085.0,430.7886962890625,60175000,0.0,0.0
2005-05-09,ASII,1090.0,1100.0,1080.0,1090.0,432.77392578125,67495000,0.0,0.0
2005-05-10,ASII,1090.0,1110.0,1090.0,1110.0,440.7146301269531,35130000,0.0,0.0
2005-05-11,ASII,1095.0,1100.0,1095.0,1100.0,436.7443542480469,24940000,0.0,0.0
2005-05-12,ASII,1100.0,1115.0,1100.0,1115.0,442.6997985839844,29840000,0.0,0.0
2005-05-13,ASII,1110.0,1120.0,1110.0,1120.0,444.6851501464844,22650000,0.0,0.0
2005-05-16,ASII,1120.0,1130.0,1110.0,1130.0,448.6553955078125,44520000,0.0,0.0
2005-05-17,ASII,1130.0,1130.0,1115.0,1125.0,446.67022705078125,14675000,0.0,0.0
2005-05-18,ASII,1120.0,1120.0,1090.0,1090.0,432.77392578125,16990000,0.0,0.0
2005-05-19,ASII,1105.0,1120.0,1105.0,1115.0,442.6997985839844,16190000,0.0,0.0
2005-05-20,ASII,1120.0,1120.0,1105.0,1105.0,438.7295227050781,24525000,0.0,0.0
2005-05-23,ASII,1105.0,1105.0,1065.0,1070.0,424.83306884765625,40450000,0.0,0.0
2005-05-25,ASII,1070.0,1095.0,1070.0,1080.0,428.80352783203125,31795000,0.0,0.0
2005-05-26,ASII,1080.0,1105.0,1080.0,1100.0,436.7443542480469,8490000,0.0,0.0
2005-05-27,ASII,1105.0,1140.0,1105.0,1135.0,450.6407470703125,53715000,0.0,0.0
2005-05-30,ASII,1125.0,1125.0,1120.0,1125.0,446.67022705078125,11875000,0.0,0.0
2005-05-31,ASII,1125.0,1170.0,1125.0,1170.0,464.537109375,74705000,0.0,0.0
2005-06-01,ASII,1170.0,1210.0,1170.0,1200.0,476.448486328125,57655000,0.0,0.0
2005-06-02,ASII,1200.0,1245.0,1200.0,1240.0,492.3299865722656,65085000,0.0,0.0
2005-06-03,ASII,1245.0,1280.0,1245.0,1245.0,494.3152770996094,52345000,0.0,0.0
2005-06-06,ASII,1245.0,1280.0,1240.0,1270.0,504.24127197265625,61195000,0.0,0.0
2005-06-07,ASII,1260.0,1265.0,1250.0,1255.0,498.2854309082031,18555000,0.0,0.0
2005-06-08,ASII,1255.0,1255.0,1250.0,1250.0,496.30035400390625,14725000,0.0,0.0
2005-06-09,ASII,1250.0,1265.0,1250.0,1265.0,502.2560729980469,18730000,0.0,0.0
2005-06-10,ASII,1255.0,1255.0,1240.0,1245.0,494.3152770996094,17670000,0.0,0.0
2005-06-13,ASII,1250.0,1255.0,1250.0,1255.0,498.2854309082031,44075000,0.0,0.0
2005-06-14,ASII,1255.0,1260.0,1245.0,1250.0,496.30035400390625,34325000,0.0,0.0
2005-06-15,ASII,1260.0,1315.0,1260.0,1310.0,520.1227416992188,42100000,0.0,0.0
2005-06-16,ASII,1330.0,1395.0,1330.0,1360.0,539.9747924804688,37215000,0.0,0.0
2005-06-17,ASII,1340.0,1340.0,1310.0,1315.0,532.6832275390625,14035000,27.0,0.0
2005-06-20,ASII,1315.0,1315.0,1275.0,1285.0,520.531005859375,25725000,0.0,0.0
2005-06-21,ASII,1285.0,1320.0,1280.0,1300.0,526.6071166992188,44555000,0.0,0.0
2005-06-22,ASII,1300.0,1315.0,1290.0,1300.0,526.6071166992188,15555000,0.0,0.0
2005-06-23,ASII,1305.0,1340.0,1300.0,1300.0,526.6071166992188,10160000,0.0,0.0
2005-06-24,ASII,1300.0,1305.0,1285.0,1305.0,528.6324462890625,29430000,0.0,0.0
2005-06-27,ASII,1300.0,1300.0,1280.0,1280.0,518.5054321289062,17240000,0.0,0.0
2005-06-28,ASII,1285.0,1300.0,1285.0,1290.0,522.5562133789062,35105000,0.0,0.0
2005-06-29,ASII,1290.0,1295.0,1280.0,1280.0,518.5054321289062,27945000,0.0,0.0
2005-06-30,ASII,1280.0,1290.0,1270.0,1270.0,514.45458984375,39310000,0.0,0.0
2005-07-01,ASII,1285.0,1300.0,1285.0,1300.0,526.6071166992188,26950000,0.0,0.0
2005-07-04,ASII,1290.0,1290.0,1280.0,1280.0,518.5054321289062,19785000,0.0,0.0
2005-07-05,ASII,1280.0,1290.0,1270.0,1270.0,514.45458984375,7450000,0.0,0.0
2005-07-06,ASII,1275.0,1280.0,1265.0,1270.0,514.45458984375,20860000,0.0,0.0
2005-07-07,ASII,1265.0,1265.0,1215.0,1220.0,494.2003173828125,63195000,0.0,0.0
2005-07-08,ASII,1210.0,1240.0,1210.0,1220.0,494.2003173828125,18850000,0.0,0.0
2005-07-11,ASII,1220.0,1265.0,1220.0,1265.0,512.42919921875,38570000,0.0,0.0
2005-07-12,ASII,1275.0,1300.0,1275.0,1295.0,524.5816040039062,23975000,0.0,0.0
2005-07-13,ASII,1300.0,1300.0,1265.0,1265.0,512.42919921875,28015000,0.0,0.0
2005-07-14,ASII,1270.0,1275.0,1235.0,1250.0,506.3529357910156,48965000,0.0,0.0
2005-07-15,ASII,1250.0,1260.0,1220.0,1220.0,494.2003173828125,60860000,0.0,0.0
2005-07-18,ASII,1225.0,1240.0,1225.0,1230.0,498.2513427734375,8570000,0.0,0.0
2005-07-19,ASII,1240.0,1255.0,1225.0,1230.0,498.2513427734375,37210000,0.0,0.0
2005-07-20,ASII,1240.0,1265.0,1240.0,1260.0,510.4037780761719,18820000,0.0,0.0
2005-07-21,ASII,1265.0,1285.0,1260.0,1265.0,512.42919921875,54535000,0.0,0.0
2005-07-22,ASII,1270.0,1300.0,1270.0,1290.0,522.5562133789062,73225000,0.0,0.0
2005-07-25,ASII,1290.0,1295.0,1280.0,1295.0,524.5816040039062,33890000,0.0,0.0
2005-07-26,ASII,1290.0,1320.0,1290.0,1315.0,532.6832275390625,57365000,0.0,0.0
2005-07-27,ASII,1320.0,1325.0,1290.0,1315.0,532.6832275390625,42095000,0.0,0.0
2005-07-28,ASII,1320.0,1320.0,1295.0,1300.0,526.6071166992188,28130000,0.0,0.0
2005-07-29,ASII,1310.0,1320.0,1300.0,1320.0,534.7088012695312,30820000,0.0,0.0
2005-08-01,ASII,1320.0,1330.0,1315.0,1325.0,536.7341918945312,89405000,0.0,0.0
2005-08-02,ASII,1325.0,1330.0,1320.0,1320.0,534.7088012695312,42520000,0.0,0.0
2005-08-03,ASII,1320.0,1320.0,1280.0,1285.0,520.531005859375,46940000,0.0,0.0
2005-08-04,ASII,1285.0,1295.0,1250.0,1260.0,510.4037780761719,60120000,0.0,0.0
2005-08-05,ASII,1260.0,1260.0,1235.0,1235.0,500.2766418457031,48400000,0.0,0.0
2005-08-08,ASII,1235.0,1235.0,1170.0,1180.0,477.997314453125,227205000,0.0,0.0
2005-08-09,ASII,1180.0,1180.0,1165.0,1170.0,473.9465026855469,78815000,0.0,0.0
2005-08-10,ASII,1170.0,1190.0,1170.0,1185.0,480.02264404296875,145280000,0.0,0.0
2005-08-11,ASII,1190.0,1190.0,1140.0,1150.0,465.84478759765625,94355000,0.0,0.0
2005-08-12,ASII,1150.0,1155.0,1135.0,1140.0,461.7939147949219,63880000,0.0,0.0
2005-08-15,ASII,1140.0,1140.0,1110.0,1115.0,451.6667785644531,49910000,0.0,0.0
2005-08-16,ASII,1115.0,1115.0,1070.0,1080.0,437.4889221191406,147055000,0.0,0.0
2005-08-18,ASII,1085.0,1090.0,1040.0,1070.0,433.43817138671875,126505000,0.0,0.0
2005-08-19,ASII,1070.0,1070.0,1020.0,1030.0,417.23486328125,132655000,0.0,0.0
2005-08-22,ASII,1025.0,1050.0,1000.0,1040.0,421.28564453125,95070000,0.0,0.0
2005-08-23,ASII,1040.0,1060.0,1020.0,1030.0,417.23486328125,82020000,0.0,0.0
2005-08-24,ASII,1020.0,1035.0,990.0,1030.0,417.23486328125,163990000,0.0,0.0
2005-08-25,ASII,1030.0,1075.0,1030.0,1065.0,431.4127502441406,164565000,0.0,0.0
2005-08-26,ASII,1065.0,1070.0,1050.0,1050.0,425.33642578125,138590000,0.0,0.0
2005-08-29,ASII,1040.0,1040.0,950.0,960.0,388.8790588378906,183250000,0.0,0.0
2005-08-30,ASII,930.0,1015.0,880.0,1005.0,407.10772705078125,262590000,0.0,0.0
2005-08-31,ASII,1005.0,1045.0,995.0,1015.0,411.1586608886719,164625000,0.0,0.0
2005-09-01,ASII,1000.0,1010.0,975.0,1000.0,405.08233642578125,103865000,0.0,0.0
2005-09-05,ASII,1010.0,1010.0,975.0,980.0,396.980712890625,51415000,0.0,0.0
2005-09-06,ASII,980.0,1015.0,980.0,1000.0,405.08233642578125,73065000,0.0,0.0
2005-09-07,ASII,1015.0,1020.0,995.0,1000.0,405.08233642578125,37955000,0.0,0.0
2005-09-08,ASII,1005.0,1045.0,1005.0,1040.0,421.28564453125,111000000,0.0,0.0
2005-09-09,ASII,1050.0,1090.0,1050.0,1090.0,441.5398864746094,177885000,0.0,0.0
2005-09-12,ASII,1095.0,1130.0,1095.0,1115.0,451.6667785644531,196905000,0.0,0.0
2005-09-13,ASII,1120.0,1120.0,1085.0,1105.0,447.615966796875,169850000,0.0,0.0
2005-09-14,ASII,1100.0,1100.0,1060.0,1065.0,431.4127502441406,167890000,0.0,0.0
2005-09-15,ASII,1065.0,1065.0,1020.0,1030.0,417.23486328125,197235000,0.0,0.0
2005-09-16,ASII,1030.0,1030.0,1005.0,1015.0,411.1586608886719,123565000,0.0,0.0
2005-09-19,ASII,1015.0,1030.0,1005.0,1015.0,411.1586608886719,91560000,0.0,0.0
2005-09-20,ASII,1015.0,1015.0,985.0,990.0,401.0314636230469,89565000,0.0,0.0
2005-09-21,ASII,990.0,990.0,950.0,950.0,384.82830810546875,125725000,0.0,0.0
2005-09-22,ASII,945.0,950.0,900.0,905.0,366.59954833984375,168770000,0.0,0.0
2005-09-23,ASII,905.0,925.0,895.0,905.0,366.59954833984375,142190000,0.0,0.0
2005-09-26,ASII,905.0,940.0,905.0,935.0,378.7520751953125,197000000,0.0,0.0
2005-09-27,ASII,935.0,945.0,910.0,915.0,370.6503601074219,74150000,0.0,0.0
2005-09-28,ASII,915.0,915.0,875.0,885.0,358.4978942871094,182615000,0.0,0.0
2005-09-29,ASII,910.0,910.0,875.0,910.0,368.625,40,0.0,0.0
2005-09-30,ASII,915.0,975.0,915.0,975.0,394.955322265625,303505000,0.0,0.0
2005-10-03,ASII,960.0,980.0,930.0,960.0,388.8790588378906,40,0.0,0.0
2005-10-04,ASII,950.0,970.0,945.0,950.0,384.82830810546875,40,0.0,0.0
2005-10-05,ASII,980.0,985.0,940.0,980.0,396.980712890625,40,0.0,0.0
2005-10-06,ASII,950.0,970.0,945.0,950.0,384.82830810546875,40,0.0,0.0
2005-10-07,ASII,940.0,955.0,935.0,940.0,380.77740478515625,40,0.0,0.0
2005-10-10,ASII,935.0,940.0,925.0,935.0,378.7520751953125,40,0.0,0.0
2005-10-11,ASII,930.0,935.0,925.0,930.0,376.72650146484375,40,0.0,0.0
2005-10-12,ASII,930.0,930.0,915.0,930.0,376.72650146484375,104145000,0.0,0.0
2005-10-13,ASII,910.0,920.0,905.0,910.0,368.625,40,0.0,0.0
2005-10-14,ASII,945.0,945.0,905.0,945.0,382.8028564453125,40,0.0,0.0
2005-10-17,ASII,945.0,960.0,945.0,950.0,384.82830810546875,61535000,0.0,0.0
2005-10-18,ASII,965.0,965.0,945.0,965.0,390.9044494628906,40,0.0,0.0
2005-10-19,ASII,935.0,960.0,930.0,935.0,378.7520751953125,40,0.0,0.0
2005-10-20,ASII,935.0,950.0,930.0,935.0,378.7520751953125,63570000,0.0,0.0
2005-10-21,ASII,940.0,950.0,925.0,940.0,380.77740478515625,40,0.0,0.0
2005-10-24,ASII,920.0,945.0,920.0,920.0,372.67578125,40,0.0,0.0
2005-10-25,ASII,925.0,930.0,905.0,910.0,368.625,54600000,0.0,0.0
2005-10-26,ASII,910.0,910.0,895.0,910.0,368.625,94020000,0.0,0.0
2005-10-27,ASII,935.0,940.0,910.0,935.0,378.7520751953125,40,0.0,0.0
2005-10-28,ASII,905.0,935.0,905.0,905.0,366.59954833984375,40,0.0,0.0
2005-10-31,ASII,930.0,930.0,915.0,930.0,376.72650146484375,40,0.0,0.0
2005-11-01,ASII,925.0,945.0,920.0,925.0,374.70111083984375,40,0.0,0.0
2005-11-07,ASII,925.0,925.0,925.0,925.0,374.70111083984375,0,0.0,0.0
2005-11-08,ASII,925.0,925.0,925.0,925.0,374.70111083984375,0,0.0,0.0
2005-11-09,ASII,925.0,930.0,890.0,905.0,366.59954833984375,161295000,0.0,0.0
2005-11-10,ASII,880.0,910.0,875.0,880.0,360.455322265625,40,10.0,0.0
2005-11-11,ASII,855.0,885.0,855.0,855.0,350.2151794433594,40,0.0,0.0
2005-11-14,ASII,830.0,850.0,820.0,830.0,339.97503662109375,40,0.0,0.0
2005-11-15,ASII,845.0,860.0,825.0,845.0,346.11920166015625,40,0.0,0.0
2005-11-16,ASII,845.0,860.0,840.0,845.0,346.11920166015625,40,0.0,0.0
2005-11-17,ASII,870.0,870.0,845.0,870.0,356.3592834472656,40,0.0,0.0
2005-11-18,ASII,905.0,910.0,875.0,905.0,370.6956481933594,40,0.0,0.0
2005-11-21,ASII,915.0,925.0,905.0,915.0,374.79168701171875,40,0.0,0.0
2005-11-22,ASII,935.0,940.0,915.0,935.0,382.98388671875,40,0.0,0.0
2005-11-23,ASII,910.0,935.0,910.0,910.0,372.7436828613281,40,0.0,0.0
2005-11-24,ASII,925.0,925.0,915.0,925.0,378.8876953125,40,0.0,0.0
2005-11-25,ASII,925.0,930.0,920.0,925.0,378.8876953125,39570000,0.0,0.0
2005-11-28,ASII,915.0,920.0,910.0,915.0,374.79168701171875,40,0.0,0.0
2005-11-29,ASII,910.0,920.0,905.0,910.0,372.7436828613281,129290000,0.0,0.0
2005-11-30,ASII,910.0,920.0,905.0,910.0,372.7436828613281,40,0.0,0.0
2005-12-01,ASII,925.0,930.0,915.0,925.0,378.8876953125,40,0.0,0.0
2005-12-02,ASII,955.0,955.0,930.0,955.0,391.17596435546875,40,0.0,0.0
2005-12-05,ASII,940.0,955.0,935.0,940.0,385.0318603515625,40,0.0,0.0
2005-12-06,ASII,965.0,965.0,940.0,965.0,395.27215576171875,40,0.0,0.0
2005-12-07,ASII,1000.0,1015.0,965.0,1000.0,409.6084289550781,40,0.0,0.0
2005-12-08,ASII,1000.0,1015.0,995.0,1000.0,409.6084289550781,40,0.0,0.0
2005-12-09,ASII,1030.0,1040.0,1005.0,1030.0,421.8966369628906,40,0.0,0.0
2005-12-12,ASII,1060.0,1065.0,1035.0,1060.0,434.1849365234375,40,0.0,0.0
2005-12-13,ASII,1030.0,1060.0,1025.0,1030.0,421.8966369628906,40,0.0,0.0
2005-12-14,ASII,1060.0,1060.0,1030.0,1060.0,434.1849365234375,40,0.0,0.0
2005-12-15,ASII,1030.0,1055.0,1020.0,1030.0,421.8966369628906,40,0.0,0.0
2005-12-16,ASII,1005.0,1020.0,1000.0,1005.0,411.6565246582031,40,0.0,0.0
2005-12-19,ASII,1015.0,1020.0,1005.0,1015.0,415.7524719238281,40,0.0,0.0
2005-12-20,ASII,1025.0,1030.0,1020.0,1025.0,419.8486328125,40,0.0,0.0
2005-12-21,ASII,1015.0,1030.0,1015.0,1015.0,415.7524719238281,40,0.0,0.0
2005-12-22,ASII,1020.0,1020.0,1015.0,1020.0,417.8006286621094,56635000,0.0,0.0
2005-12-23,ASII,1025.0,1045.0,1025.0,1035.0,423.9447021484375,50495000,0.0,0.0
2005-12-26,ASII,1035.0,1035.0,1035.0,1035.0,423.9447021484375,0,0.0,0.0
2005-12-27,ASII,1040.0,1045.0,1035.0,1040.0,425.9927978515625,40,0.0,0.0
2005-12-28,ASII,1040.0,1040.0,1030.0,1040.0,425.9927978515625,9775000,0.0,0.0
2005-12-29,ASII,1040.0,1040.0,1015.0,1020.0,417.8006286621094,37820000,0.0,0.0
2005-12-30,ASII,1020.0,1020.0,1020.0,1020.0,417.8006286621094,0,0.0,0.0
2006-01-02,ASII,1010.0,1030.0,1005.0,1010.0,413.7044982910156,40,0.0,0.0
2006-01-03,ASII,1020.0,1035.0,1015.0,1020.0,417.8006286621094,40,0.0,0.0
2006-01-04,ASII,1025.0,1055.0,1025.0,1050.0,430.08880615234375,83190000,0.0,0.0
2006-01-05,ASII,1050.0,1080.0,1050.0,1075.0,440.3290710449219,181950000,0.0,0.0
2006-01-06,ASII,1075.0,1090.0,1065.0,1090.0,446.4731750488281,53005000,0.0,0.0
2006-01-09,ASII,1090.0,1130.0,1085.0,1125.0,460.8096008300781,149850000,0.0,0.0
2006-01-10,ASII,1125.0,1125.0,1125.0,1125.0,460.8096008300781,0,0.0,0.0
2006-01-11,ASII,1120.0,1150.0,1110.0,1145.0,469.001708984375,179760000,0.0,0.0
2006-01-12,ASII,1145.0,1155.0,1135.0,1145.0,469.001708984375,126980000,0.0,0.0
2006-01-13,ASII,1140.0,1140.0,1105.0,1110.0,454.6654968261719,41835000,0.0,0.0
2006-01-16,ASII,1105.0,1125.0,1085.0,1085.0,444.4251403808594,46085000,0.0,0.0
2006-01-17,ASII,1075.0,1080.0,1055.0,1070.0,438.28106689453125,81150000,0.0,0.0
2006-01-18,ASII,1050.0,1065.0,1030.0,1040.0,425.9927978515625,36140000,0.0,0.0
2006-01-19,ASII,1085.0,1090.0,1060.0,1085.0,444.4251403808594,40,0.0,0.0
2006-01-20,ASII,1090.0,1105.0,1080.0,1095.0,448.521240234375,47110000,0.0,0.0
2006-01-23,ASII,1060.0,1065.0,1030.0,1030.0,421.8966369628906,93715000,0.0,0.0
2006-01-24,ASII,1040.0,1055.0,1030.0,1030.0,421.8966369628906,68500000,0.0,0.0
2006-01-25,ASII,1050.0,1050.0,1035.0,1050.0,430.08880615234375,40,0.0,0.0
2006-01-26,ASII,1050.0,1055.0,1030.0,1035.0,423.9447021484375,51955000,0.0,0.0
2006-01-27,ASII,1045.0,1055.0,1035.0,1045.0,428.040771484375,41890000,0.0,0.0
2006-01-30,ASII,1040.0,1050.0,1040.0,1040.0,425.9927978515625,40,0.0,0.0
2006-01-31,ASII,1040.0,1040.0,1040.0,1040.0,425.9927978515625,0,0.0,0.0
2006-02-01,ASII,1060.0,1070.0,1045.0,1060.0,434.1849365234375,40,0.0,0.0
2006-02-02,ASII,1065.0,1070.0,1040.0,1045.0,428.040771484375,45250000,0.0,0.0
2006-02-03,ASII,1035.0,1050.0,1035.0,1045.0,428.040771484375,21565000,0.0,0.0
2006-02-06,ASII,1060.0,1075.0,1045.0,1060.0,434.1849365234375,40,0.0,0.0
2006-02-07,ASII,1060.0,1085.0,1060.0,1085.0,444.4251403808594,55015000,0.0,0.0
2006-02-08,ASII,1085.0,1085.0,1010.0,1025.0,419.8486328125,223820000,0.0,0.0
2006-02-09,ASII,1030.0,1045.0,1030.0,1035.0,423.9447021484375,56790000,0.0,0.0
2006-02-10,ASII,1040.0,1040.0,1030.0,1030.0,421.8966369628906,22860000,0.0,0.0
2006-02-13,ASII,1030.0,1035.0,1025.0,1030.0,421.8966369628906,27070000,0.0,0.0
2006-02-14,ASII,1030.0,1030.0,975.0,980.0,401.4162902832031,258490000,0.0,0.0
2006-02-15,ASII,990.0,995.0,940.0,965.0,395.27215576171875,195820000,0.0,0.0
2006-02-16,ASII,965.0,965.0,930.0,935.0,382.98388671875,134415000,0.0,0.0
2006-02-17,ASII,935.0,950.0,935.0,945.0,387.0799865722656,110840000,0.0,0.0
2006-02-20,ASII,975.0,975.0,950.0,975.0,399.36822509765625,40,0.0,0.0
2006-02-21,ASII,980.0,980.0,945.0,955.0,391.17596435546875,43110000,0.0,0.0
2006-02-22,ASII,950.0,960.0,940.0,955.0,391.17596435546875,37045000,0.0,0.0
2006-02-23,ASII,955.0,970.0,955.0,970.0,397.3201904296875,87755000,0.0,0.0
2006-02-24,ASII,965.0,965.0,945.0,950.0,389.1280517578125,45115000,0.0,0.0
2006-02-27,ASII,970.0,975.0,955.0,970.0,397.3201904296875,40,0.0,0.0
2006-02-28,ASII,980.0,995.0,975.0,980.0,401.4162902832031,70305000,0.0,0.0
2006-03-01,ASII,970.0,990.0,960.0,980.0,401.4162902832031,70565000,0.0,0.0
2006-03-02,ASII,990.0,990.0,980.0,990.0,405.5122375488281,40,0.0,0.0
2006-03-03,ASII,990.0,1025.0,990.0,1020.0,417.8006286621094,140190000,0.0,0.0
2006-03-06,ASII,1020.0,1050.0,1020.0,1045.0,428.040771484375,122900000,0.0,0.0
2006-03-07,ASII,1040.0,1045.0,1010.0,1010.0,413.7044982910156,93890000,0.0,0.0
2006-03-08,ASII,1005.0,1005.0,970.0,980.0,401.4162902832031,98080000,0.0,0.0
2006-03-09,ASII,980.0,1000.0,975.0,995.0,407.5603942871094,44065000,0.0,0.0
2006-03-10,ASII,995.0,1035.0,995.0,1015.0,415.7524719238281,66200000,0.0,0.0
2006-03-13,ASII,1020.0,1025.0,1000.0,1000.0,409.6084289550781,25390000,0.0,0.0
2006-03-14,ASII,1000.0,1005.0,1000.0,1000.0,409.6084289550781,12930000,0.0,0.0
2006-03-15,ASII,1015.0,1025.0,1005.0,1015.0,415.7524719238281,40,0.0,0.0
2006-03-16,ASII,1055.0,1060.0,1020.0,1055.0,432.13690185546875,40,0.0,0.0
2006-03-17,ASII,1055.0,1110.0,1055.0,1100.0,450.5691833496094,306840000,0.0,0.0
2006-03-20,ASII,1140.0,1140.0,1095.0,1140.0,466.9535827636719,40,0.0,0.0
2006-03-21,ASII,1140.0,1150.0,1120.0,1130.0,462.8576354980469,124550000,0.0,0.0
2006-03-22,ASII,1080.0,1110.0,1070.0,1080.0,442.377197265625,40,0.0,0.0
2006-03-23,ASII,1080.0,1105.0,1075.0,1080.0,442.377197265625,40,0.0,0.0
2006-03-24,ASII,1120.0,1130.0,1080.0,1120.0,458.76141357421875,40,0.0,0.0
2006-03-27,ASII,1090.0,1100.0,1085.0,1090.0,446.4731750488281,11155000,0.0,0.0
2006-03-28,ASII,1090.0,1150.0,1090.0,1145.0,469.001708984375,141915000,0.0,0.0
2006-03-29,ASII,1125.0,1140.0,1120.0,1125.0,460.8096008300781,40,0.0,0.0
2006-03-30,ASII,1125.0,1125.0,1125.0,1125.0,460.8096008300781,0,0.0,0.0
2006-03-31,ASII,1125.0,1125.0,1125.0,1125.0,460.8096008300781,0,0.0,0.0
2006-04-03,ASII,1120.0,1130.0,1115.0,1120.0,458.76141357421875,40,0.0,0.0
2006-04-04,ASII,1140.0,1145.0,1120.0,1140.0,466.9535827636719,40,0.0,0.0
2006-04-05,ASII,1140.0,1145.0,1135.0,1140.0,466.9535827636719,40,0.0,0.0
2006-04-06,ASII,1095.0,1140.0,1095.0,1095.0,448.521240234375,40,0.0,0.0
2006-04-07,ASII,1085.0,1095.0,1060.0,1085.0,444.4251403808594,40,0.0,0.0
2006-04-10,ASII,1085.0,1085.0,1085.0,1085.0,444.4251403808594,0,0.0,0.0
2006-04-11,ASII,1125.0,1130.0,1085.0,1125.0,460.8096008300781,40,0.0,0.0
2006-04-12,ASII,1125.0,1135.0,1110.0,1125.0,460.8096008300781,40,0.0,0.0
2006-04-13,ASII,1125.0,1195.0,1125.0,1185.0,485.3861389160156,207985000,0.0,0.0
2006-04-14,ASII,1185.0,1185.0,1185.0,1185.0,485.3861389160156,0,0.0,0.0
2006-04-17,ASII,1185.0,1195.0,1170.0,1185.0,485.3861389160156,40,0.0,0.0
2006-04-18,ASII,1225.0,1235.0,1190.0,1225.0,501.7703552246094,40,0.0,0.0
2006-04-19,ASII,1295.0,1305.0,1235.0,1295.0,530.4429321289062,40,0.0,0.0
2006-04-20,ASII,1240.0,1300.0,1240.0,1240.0,507.9144592285156,40,0.0,0.0
2006-04-21,ASII,1195.0,1230.0,1195.0,1195.0,489.4820556640625,40,0.0,0.0
2006-04-24,ASII,1195.0,1195.0,1160.0,1160.0,475.1458740234375,56055000,0.0,0.0
2006-04-25,ASII,1160.0,1225.0,1150.0,1220.0,499.7222900390625,126035000,0.0,0.0
2006-04-26,ASII,1260.0,1260.0,1225.0,1260.0,516.1066284179688,40,0.0,0.0
2006-04-27,ASII,1235.0,1290.0,1235.0,1235.0,505.8662109375,40,0.0,0.0
2006-04-28,ASII,1190.0,1235.0,1190.0,1195.0,489.4820556640625,40,0.0,0.0
2006-05-01,ASII,1180.0,1210.0,1180.0,1180.0,483.3380126953125,40,0.0,0.0
2006-05-02,ASII,1180.0,1200.0,1175.0,1180.0,483.3380126953125,40,0.0,0.0
2006-05-03,ASII,1175.0,1185.0,1160.0,1175.0,481.2899169921875,40,0.0,0.0
2006-05-04,ASII,1155.0,1175.0,1150.0,1155.0,473.0978088378906,40,0.0,0.0
2006-05-05,ASII,1150.0,1150.0,1145.0,1150.0,471.0498046875,33425000,0.0,0.0
2006-05-08,ASII,1175.0,1190.0,1150.0,1175.0,481.2899169921875,40,0.0,0.0
2006-05-09,ASII,1180.0,1245.0,1180.0,1240.0,507.9144592285156,147435000,0.0,0.0
2006-05-10,ASII,1210.0,1240.0,1190.0,1210.0,495.6262512207031,40,0.0,0.0
2006-05-11,ASII,1210.0,1235.0,1210.0,1210.0,495.6262512207031,40,0.0,0.0
2006-05-12,ASII,1165.0,1200.0,1155.0,1165.0,477.1937561035156,40,0.0,0.0
2006-05-15,ASII,1150.0,1150.0,1085.0,1085.0,444.4251403808594,145485000,0.0,0.0
2006-05-16,ASII,1075.0,1090.0,1005.0,1075.0,440.3290710449219,40,0.0,0.0
2006-05-17,ASII,1105.0,1125.0,1090.0,1105.0,452.6172790527344,40,0.0,0.0
2006-05-18,ASII,1040.0,1075.0,1005.0,1045.0,428.040771484375,106455000,0.0,0.0
2006-05-19,ASII,1060.0,1075.0,1050.0,1065.0,436.23309326171875,44615000,0.0,0.0
2006-05-22,ASII,1065.0,1075.0,985.0,1005.0,411.6565246582031,138335000,0.0,0.0
2006-05-23,ASII,1030.0,1030.0,970.0,1030.0,421.8966369628906,40,0.0,0.0
2006-05-24,ASII,1050.0,1050.0,990.0,990.0,405.5122375488281,109640000,0.0,0.0
2006-05-25,ASII,990.0,990.0,990.0,990.0,405.5122375488281,0,0.0,0.0
2006-05-26,ASII,990.0,990.0,990.0,990.0,405.5122375488281,0,0.0,0.0
2006-05-29,ASII,980.0,1010.0,975.0,980.0,401.4162902832031,136400000,0.0,0.0
2006-05-30,ASII,1020.0,1025.0,990.0,1020.0,417.8006286621094,40,0.0,0.0
2006-05-31,ASII,980.0,995.0,970.0,980.0,401.4162902832031,40,0.0,0.0
2006-06-01,ASII,945.0,995.0,940.0,945.0,387.0799865722656,40,0.0,0.0
2006-06-02,ASII,970.0,975.0,930.0,970.0,397.3201904296875,40,0.0,0.0
2006-06-05,ASII,950.0,985.0,950.0,950.0,389.1280517578125,40,0.0,0.0
2006-06-06,ASII,945.0,945.0,920.0,945.0,387.0799865722656,40,0.0,0.0
2006-06-07,ASII,935.0,940.0,925.0,935.0,382.98388671875,118460000,0.0,0.0
2006-06-08,ASII,910.0,920.0,880.0,910.0,372.7436828613281,40,0.0,0.0
2006-06-09,ASII,935.0,950.0,895.0,935.0,382.98388671875,40,0.0,0.0
2006-06-12,ASII,915.0,930.0,905.0,915.0,374.79168701171875,40,0.0,0.0
2006-06-13,ASII,875.0,905.0,865.0,875.0,358.4073181152344,40,0.0,0.0
2006-06-14,ASII,875.0,885.0,855.0,875.0,358.4073181152344,162330000,0.0,0.0
2006-06-15,ASII,900.0,905.0,890.0,900.0,368.6476745605469,40,0.0,0.0
2006-06-16,ASII,950.0,955.0,900.0,950.0,404.40545654296875,40,34.0,0.0
2006-06-19,ASII,940.0,950.0,925.0,940.0,400.1485900878906,40,0.0,0.0
2006-06-20,ASII,955.0,965.0,930.0,955.0,406.5340270996094,40,0.0,0.0
2006-06-21,ASII,955.0,965.0,945.0,955.0,406.5340270996094,40,0.0,0.0
2006-06-22,ASII,950.0,975.0,945.0,950.0,404.40545654296875,40,0.0,0.0
2006-06-23,ASII,960.0,960.0,940.0,960.0,408.662353515625,40,0.0,0.0
2006-06-26,ASII,935.0,950.0,925.0,935.0,398.0201721191406,40,0.0,0.0
2006-06-27,ASII,935.0,945.0,930.0,935.0,398.0201721191406,40,0.0,0.0
2006-06-28,ASII,935.0,935.0,920.0,935.0,398.0201721191406,40,0.0,0.0
2006-06-29,ASII,935.0,960.0,935.0,950.0,404.40545654296875,40,0.0,0.0
2006-06-30,ASII,975.0,975.0,960.0,975.0,415.0478820800781,40,0.0,0.0
2006-07-03,ASII,975.0,1040.0,975.0,1040.0,442.71759033203125,157840000,0.0,0.0
2006-07-04,ASII,1065.0,1070.0,1040.0,1065.0,453.3599853515625,40,0.0,0.0
2006-07-05,ASII,1065.0,1080.0,1050.0,1065.0,453.3599853515625,40,0.0,0.0
2006-07-06,ASII,1045.0,1055.0,1035.0,1045.0,444.8460388183594,40,0.0,0.0
2006-07-07,ASII,1015.0,1055.0,1005.0,1015.0,432.0753479003906,40,0.0,0.0
2006-07-10,ASII,990.0,1010.0,985.0,990.0,421.4331359863281,40,0.0,0.0
2006-07-11,ASII,985.0,995.0,980.0,985.0,419.3047790527344,40,0.0,0.0
2006-07-12,ASII,975.0,995.0,970.0,975.0,415.0478820800781,40,0.0,0.0
2006-07-13,ASII,965.0,985.0,960.0,965.0,410.79095458984375,40,0.0,0.0
2006-07-14,ASII,950.0,960.0,940.0,950.0,404.40545654296875,59610000,0.0,0.0
2006-07-17,ASII,950.0,955.0,935.0,950.0,404.40545654296875,40,0.0,0.0
2006-07-18,ASII,925.0,955.0,920.0,925.0,393.7632751464844,40,0.0,0.0
2006-07-19,ASII,935.0,940.0,925.0,930.0,395.8918762207031,25500000,0.0,0.0
2006-07-20,ASII,950.0,960.0,940.0,950.0,404.40545654296875,122355000,0.0,0.0
2006-07-21,ASII,950.0,950.0,940.0,950.0,404.40545654296875,40,0.0,0.0
2006-07-24,ASII,915.0,945.0,910.0,915.0,389.50634765625,40,0.0,0.0
2006-07-25,ASII,925.0,935.0,920.0,925.0,393.7632751464844,40,0.0,0.0
2006-07-26,ASII,925.0,945.0,925.0,935.0,398.0201721191406,95955000,0.0,0.0
2006-07-27,ASII,940.0,960.0,940.0,960.0,408.662353515625,131310000,0.0,0.0
2006-07-28,ASII,965.0,970.0,960.0,965.0,410.79095458984375,40,0.0,0.0
2006-07-31,ASII,960.0,975.0,955.0,960.0,408.662353515625,40,0.0,0.0
2006-08-01,ASII,990.0,995.0,965.0,990.0,421.4331359863281,40,0.0,0.0
2006-08-02,ASII,995.0,1005.0,985.0,995.0,423.56158447265625,40,0.0,0.0
2006-08-03,ASII,1020.0,1025.0,1000.0,1020.0,434.2040100097656,40,0.0,0.0
2006-08-04,ASII,1050.0,1060.0,1015.0,1050.0,446.9744873046875,40,0.0,0.0
2006-08-07,ASII,1050.0,1085.0,1030.0,1050.0,446.9744873046875,151725000,0.0,0.0
2006-08-08,ASII,1070.0,1085.0,1050.0,1070.0,455.4884033203125,40,0.0,0.0
2006-08-09,ASII,1095.0,1100.0,1060.0,1095.0,466.1305236816406,40,0.0,0.0
2006-08-10,ASII,1080.0,1130.0,1080.0,1080.0,459.74517822265625,40,0.0,0.0
2006-08-11,ASII,1085.0,1120.0,1085.0,1085.0,461.8735656738281,40,0.0,0.0
2006-08-14,ASII,1130.0,1140.0,1095.0,1130.0,481.0298156738281,40,0.0,0.0
2006-08-15,ASII,1140.0,1155.0,1125.0,1140.0,485.2867126464844,40,0.0,0.0
2006-08-16,ASII,1190.0,1190.0,1150.0,1190.0,506.5711669921875,40,0.0,0.0
2006-08-17,ASII,1190.0,1190.0,1190.0,1190.0,506.5711669921875,0,0.0,0.0
2006-08-18,ASII,1190.0,1190.0,1190.0,1190.0,506.5711669921875,0,0.0,0.0
2006-08-21,ASII,1190.0,1190.0,1190.0,1190.0,506.5711669921875,0,0.0,0.0
2006-08-22,ASII,1195.0,1205.0,1190.0,1195.0,508.69964599609375,40,0.0,0.0
2006-08-23,ASII,1195.0,1200.0,1190.0,1195.0,508.69964599609375,57280000,0.0,0.0
2006-08-24,ASII,1140.0,1190.0,1130.0,1140.0,485.2867126464844,40,0.0,0.0
2006-08-25,ASII,1095.0,1140.0,1095.0,1095.0,466.1305236816406,40,0.0,0.0
2006-08-28,ASII,1125.0,1130.0,1095.0,1125.0,478.90118408203125,40,0.0,0.0
2006-08-29,ASII,1130.0,1145.0,1130.0,1130.0,481.0298156738281,40,0.0,0.0
2006-08-30,ASII,1120.0,1130.0,1115.0,1120.0,476.77288818359375,40,0.0,0.0
2006-08-31,ASII,1110.0,1130.0,1095.0,1110.0,472.5161437988281,40,0.0,0.0
2006-09-01,ASII,1150.0,1155.0,1110.0,1150.0,489.5434265136719,40,0.0,0.0
2006-09-04,ASII,1195.0,1195.0,1150.0,1195.0,508.69964599609375,40,0.0,0.0
2006-09-05,ASII,1200.0,1215.0,1185.0,1200.0,510.8280944824219,90465000,0.0,0.0
2006-09-06,ASII,1195.0,1200.0,1170.0,1195.0,508.69964599609375,40,0.0,0.0
2006-09-07,ASII,1200.0,1210.0,1170.0,1200.0,510.8280944824219,40,0.0,0.0
2006-09-08,ASII,1200.0,1205.0,1190.0,1200.0,510.8280944824219,40,0.0,0.0
2006-09-11,ASII,1175.0,1195.0,1175.0,1175.0,500.18585205078125,40,0.0,0.0
2006-09-12,ASII,1155.0,1170.0,1150.0,1155.0,491.67205810546875,40,0.0,0.0
2006-09-13,ASII,1185.0,1190.0,1165.0,1185.0,504.4427185058594,40,0.0,0.0
2006-09-14,ASII,1200.0,1205.0,1195.0,1200.0,510.8280944824219,40,0.0,0.0
2006-09-15,ASII,1190.0,1210.0,1185.0,1190.0,506.5711669921875,40,0.0,0.0
2006-09-18,ASII,1200.0,1205.0,1185.0,1200.0,510.8280944824219,25365000,0.0,0.0
2006-09-19,ASII,1210.0,1225.0,1200.0,1210.0,515.0850219726562,40,0.0,0.0
2006-09-20,ASII,1215.0,1225.0,1205.0,1215.0,517.2135620117188,40,0.0,0.0
2006-09-21,ASII,1260.0,1265.0,1220.0,1260.0,536.369384765625,40,0.0,0.0
2006-09-22,ASII,1265.0,1265.0,1245.0,1265.0,538.498046875,40,0.0,0.0
2006-09-25,ASII,1260.0,1260.0,1245.0,1260.0,536.369384765625,16690000,0.0,0.0
2006-09-26,ASII,1255.0,1260.0,1245.0,1255.0,534.2410888671875,40,0.0,0.0
2006-09-27,ASII,1245.0,1265.0,1240.0,1245.0,529.9842529296875,40,0.0,0.0
2006-09-28,ASII,1245.0,1245.0,1230.0,1245.0,529.9842529296875,24665000,0.0,0.0
2006-09-29,ASII,1245.0,1245.0,1235.0,1245.0,529.9842529296875,40,0.0,0.0
2006-10-02,ASII,1220.0,1245.0,1210.0,1220.0,519.3419189453125,40,0.0,0.0
2006-10-03,ASII,1245.0,1245.0,1210.0,1245.0,529.9842529296875,40,0.0,0.0
2006-10-04,ASII,1270.0,1270.0,1235.0,1270.0,540.62646484375,40,0.0,0.0
2006-10-05,ASII,1275.0,1290.0,1270.0,1275.0,542.7549438476562,40,0.0,0.0
2006-10-06,ASII,1280.0,1285.0,1275.0,1280.0,544.8831787109375,70475000,0.0,0.0
2006-10-09,ASII,1300.0,1300.0,1280.0,1300.0,553.39697265625,40,0.0,0.0
2006-10-10,ASII,1330.0,1330.0,1300.0,1330.0,566.167724609375,40,0.0,0.0
2006-10-11,ASII,1355.0,1375.0,1330.0,1355.0,576.8101196289062,40,0.0,0.0
2006-10-12,ASII,1360.0,1360.0,1350.0,1360.0,578.9384155273438,40,0.0,0.0
2006-10-13,ASII,1380.0,1385.0,1360.0,1380.0,587.4522705078125,40,0.0,0.0
2006-10-16,ASII,1315.0,1370.0,1300.0,1315.0,559.782470703125,40,0.0,0.0
2006-10-17,ASII,1315.0,1325.0,1305.0,1315.0,559.782470703125,40,0.0,0.0
2006-10-18,ASII,1320.0,1335.0,1300.0,1320.0,561.9107666015625,40,0.0,0.0
2006-10-19,ASII,1335.0,1340.0,1320.0,1335.0,568.2962036132812,40,0.0,0.0
2006-10-20,ASII,1350.0,1355.0,1340.0,1350.0,574.681640625,40,0.0,0.0
2006-10-23,ASII,1350.0,1350.0,1350.0,1350.0,574.681640625,0,0.0,0.0
2006-10-24,ASII,1350.0,1350.0,1350.0,1350.0,574.681640625,0,0.0,0.0
2006-10-25,ASII,1350.0,1350.0,1350.0,1350.0,574.681640625,0,0.0,0.0
2006-10-26,ASII,1350.0,1350.0,1350.0,1350.0,574.681640625,0,0.0,0.0
2006-10-27,ASII,1350.0,1350.0,1350.0,1350.0,574.681640625,0,0.0,0.0
2006-10-30,ASII,1350.0,1360.0,1345.0,1350.0,581.1387939453125,106535000,15.0,0.0
2006-10-31,ASII,1340.0,1355.0,1335.0,1340.0,576.8338012695312,40,0.0,0.0
2006-11-01,ASII,1355.0,1360.0,1340.0,1355.0,583.2911376953125,40,0.0,0.0
2006-11-02,ASII,1385.0,1385.0,1355.0,1385.0,596.2052001953125,40,0.0,0.0
2006-11-03,ASII,1395.0,1410.0,1370.0,1395.0,600.5098876953125,40,0.0,0.0
2006-11-06,ASII,1420.0,1455.0,1390.0,1420.0,611.2717895507812,40,0.0,0.0
2006-11-07,ASII,1490.0,1510.0,1455.0,1490.0,641.405029296875,40,0.0,0.0
2006-11-08,ASII,1445.0,1480.0,1440.0,1445.0,622.0335693359375,40,0.0,0.0
2006-11-09,ASII,1450.0,1500.0,1445.0,1485.0,639.2525634765625,63630000,0.0,0.0
2006-11-10,ASII,1450.0,1490.0,1450.0,1450.0,624.18603515625,40,0.0,0.0
2006-11-13,ASII,1420.0,1450.0,1420.0,1420.0,611.2717895507812,40,0.0,0.0
2006-11-14,ASII,1440.0,1445.0,1425.0,1440.0,619.8814086914062,40,0.0,0.0
2006-11-15,ASII,1475.0,1480.0,1440.0,1475.0,634.9479370117188,40,0.0,0.0
2006-11-16,ASII,1470.0,1480.0,1465.0,1470.0,632.7954711914062,40,0.0,0.0
2006-11-17,ASII,1470.0,1490.0,1465.0,1470.0,632.7954711914062,46950000,0.0,0.0
2006-11-20,ASII,1530.0,1545.0,1460.0,1530.0,658.6239624023438,40,0.0,0.0
2006-11-21,ASII,1530.0,1570.0,1530.0,1555.0,669.3856201171875,27690000,0.0,0.0
2006-11-22,ASII,1550.0,1565.0,1535.0,1550.0,667.2333374023438,40,0.0,0.0
2006-11-23,ASII,1540.0,1550.0,1540.0,1540.0,662.9285888671875,40,0.0,0.0
2006-11-24,ASII,1555.0,1555.0,1535.0,1555.0,669.3856201171875,40,0.0,0.0
2006-11-27,ASII,1625.0,1650.0,1560.0,1625.0,699.518798828125,40,0.0,0.0
2006-11-28,ASII,1570.0,1600.0,1560.0,1570.0,675.842529296875,40,0.0,0.0
2006-11-29,ASII,1565.0,1590.0,1560.0,1565.0,673.6905517578125,40,0.0,0.0
2006-11-30,ASII,1595.0,1605.0,1570.0,1595.0,686.6045532226562,40,0.0,0.0
2006-12-01,ASII,1595.0,1615.0,1580.0,1595.0,686.6045532226562,40,0.0,0.0
2006-12-04,ASII,1595.0,1615.0,1570.0,1595.0,686.6045532226562,40,0.0,0.0
2006-12-05,ASII,1600.0,1675.0,1600.0,1670.0,718.8901977539062,36120000,0.0,0.0
2006-12-06,ASII,1685.0,1725.0,1685.0,1685.0,725.3472290039062,40,0.0,0.0
2006-12-07,ASII,1635.0,1670.0,1620.0,1635.0,703.8236694335938,40,0.0,0.0
2006-12-08,ASII,1645.0,1655.0,1630.0,1645.0,708.1284790039062,40,0.0,0.0
2006-12-11,ASII,1640.0,1660.0,1640.0,1640.0,705.9758911132812,40,0.0,0.0
2006-12-12,ASII,1640.0,1645.0,1635.0,1640.0,705.9758911132812,40,0.0,0.0
2006-12-13,ASII,1625.0,1645.0,1615.0,1625.0,699.518798828125,40,0.0,0.0
2006-12-14,ASII,1585.0,1620.0,1575.0,1585.0,682.2998657226562,40,0.0,0.0
2006-12-15,ASII,1600.0,1630.0,1585.0,1595.0,686.6045532226562,38600000,0.0,0.0
2006-12-18,ASII,1590.0,1600.0,1585.0,1590.0,684.4523315429688,40,0.0,0.0
2006-12-19,ASII,1550.0,1595.0,1550.0,1550.0,667.2333374023438,40,0.0,0.0
2006-12-20,ASII,1570.0,1590.0,1545.0,1570.0,675.842529296875,40,0.0,0.0
2006-12-21,ASII,1600.0,1600.0,1575.0,1600.0,688.757080078125,40,0.0,0.0
2006-12-22,ASII,1580.0,1605.0,1580.0,1580.0,680.1476440429688,40,0.0,0.0
2006-12-26,ASII,1560.0,1580.0,1560.0,1560.0,671.5380249023438,40,0.0,0.0
2006-12-27,ASII,1565.0,1590.0,1565.0,1580.0,680.1476440429688,7595000,0.0,0.0
2006-12-28,ASII,1585.0,1615.0,1570.0,1570.0,675.842529296875,24900000,0.0,0.0
2006-12-29,ASII,1570.0,1615.0,1570.0,1570.0,675.842529296875,40,0.0,0.0
2007-01-02,ASII,1635.0,1635.0,1605.0,1635.0,703.8236694335938,40,0.0,0.0
2007-01-03,ASII,1640.0,1650.0,1625.0,1640.0,705.9758911132812,40,0.0,0.0
2007-01-04,ASII,1650.0,1660.0,1640.0,1650.0,710.2805786132812,40,0.0,0.0
2007-01-05,ASII,1675.0,1690.0,1640.0,1675.0,721.0425415039062,40,0.0,0.0
2007-01-08,ASII,1615.0,1670.0,1610.0,1615.0,695.2138061523438,40,0.0,0.0
2007-01-09,ASII,1660.0,1660.0,1565.0,1570.0,675.842529296875,49455000,0.0,0.0
2007-01-10,ASII,1550.0,1550.0,1495.0,1505.0,647.8619995117188,118905000,0.0,0.0
2007-01-11,ASII,1485.0,1540.0,1480.0,1485.0,639.2525634765625,40,0.0,0.0
2007-01-12,ASII,1500.0,1510.0,1460.0,1500.0,645.709716796875,93705000,0.0,0.0
2007-01-15,ASII,1530.0,1545.0,1510.0,1530.0,658.6239624023438,40,0.0,0.0
2007-01-16,ASII,1560.0,1565.0,1540.0,1560.0,671.5380249023438,40,0.0,0.0
2007-01-17,ASII,1540.0,1565.0,1540.0,1540.0,662.9285888671875,40,0.0,0.0
2007-01-18,ASII,1565.0,1570.0,1550.0,1565.0,673.6905517578125,40,0.0,0.0
2007-01-19,ASII,1610.0,1635.0,1560.0,1610.0,693.0618286132812,40,0.0,0.0
2007-01-22,ASII,1605.0,1625.0,1595.0,1605.0,690.909423828125,40,0.0,0.0
2007-01-23,ASII,1580.0,1605.0,1570.0,1580.0,680.1476440429688,40,0.0,0.0
2007-01-24,ASII,1580.0,1600.0,1580.0,1580.0,680.1476440429688,40,0.0,0.0
2007-01-25,ASII,1580.0,1580.0,1545.0,1555.0,669.3856201171875,62215000,0.0,0.0
2007-01-26,ASII,1540.0,1540.0,1505.0,1540.0,662.9285888671875,39435000,0.0,0.0
2007-01-29,ASII,1525.0,1550.0,1505.0,1525.0,656.4716186523438,40,0.0,0.0
2007-01-30,ASII,1500.0,1530.0,1480.0,1500.0,645.709716796875,40,0.0,0.0
2007-01-31,ASII,1485.0,1505.0,1470.0,1485.0,639.2525634765625,40,0.0,0.0
2007-02-01,ASII,1455.0,1505.0,1455.0,1455.0,626.33837890625,40,0.0,0.0
2007-02-02,ASII,1510.0,1505.0,1515.0,1510.0,650.0143432617188,40,0.0,0.0
2007-02-05,ASII,1460.0,1515.0,1455.0,1460.0,628.4908447265625,40,0.0,0.0
2007-02-06,ASII,1445.0,1465.0,1440.0,1445.0,622.0335693359375,40,0.0,0.0
2007-02-07,ASII,1490.0,1505.0,1425.0,1490.0,641.405029296875,40,0.0,0.0
2007-02-08,ASII,1475.0,1505.0,1460.0,1475.0,634.9479370117188,40,0.0,0.0
2007-02-09,ASII,1515.0,1520.0,1450.0,1515.0,652.1668701171875,40,0.0,0.0
2007-02-12,ASII,1510.0,1550.0,1510.0,1510.0,650.0143432617188,76660000,0.0,0.0
2007-02-13,ASII,1520.0,1520.0,1460.0,1480.0,637.1001586914062,15625000,0.0,0.0
2007-02-14,ASII,1490.0,1500.0,1485.0,1490.0,641.405029296875,40,0.0,0.0
2007-02-15,ASII,1495.0,1520.0,1485.0,1495.0,643.557373046875,40,0.0,0.0
2007-02-16,ASII,1500.0,1515.0,1490.0,1500.0,645.709716796875,23750000,0.0,0.0
2007-02-19,ASII,1500.0,1520.0,1495.0,1500.0,645.709716796875,40,0.0,0.0
2007-02-20,ASII,1510.0,1510.0,1505.0,1510.0,650.0143432617188,2165000,0.0,0.0
2007-02-21,ASII,1480.0,1520.0,1480.0,1480.0,637.1001586914062,40,0.0,0.0
2007-02-22,ASII,1495.0,1500.0,1485.0,1495.0,643.557373046875,40,0.0,0.0
2007-02-23,ASII,1435.0,1495.0,1420.0,1435.0,617.72900390625,40,0.0,0.0
2007-02-26,ASII,1400.0,1435.0,1390.0,1400.0,602.6624145507812,40,0.0,0.0
2007-02-27,ASII,1390.0,1425.0,1375.0,1390.0,598.3575439453125,40,0.0,0.0
2007-02-28,ASII,1330.0,1405.0,1280.0,1405.0,604.8145751953125,108050000,0.0,0.0
2007-03-01,ASII,1380.0,1420.0,1360.0,1380.0,594.0528564453125,40,0.0,0.0
2007-03-02,ASII,1400.0,1400.0,1345.0,1400.0,602.6624145507812,40,0.0,0.0
2007-03-05,ASII,1360.0,1380.0,1350.0,1360.0,585.4434204101562,40,0.0,0.0
2007-03-06,ASII,1385.0,1405.0,1365.0,1385.0,596.2052001953125,40,0.0,0.0
2007-03-07,ASII,1415.0,1425.0,1395.0,1415.0,609.1193237304688,40,0.0,0.0
2007-03-08,ASII,1415.0,1450.0,1400.0,1450.0,624.18603515625,35385000,0.0,0.0
2007-03-09,ASII,1445.0,1460.0,1425.0,1445.0,622.0335693359375,40,0.0,0.0
2007-03-12,ASII,1465.0,1475.0,1455.0,1465.0,630.6431884765625,40,0.0,0.0
2007-03-13,ASII,1425.0,1465.0,1425.0,1425.0,613.4241333007812,40,0.0,0.0
2007-03-14,ASII,1390.0,1435.0,1385.0,1390.0,598.3575439453125,40,0.0,0.0
2007-03-15,ASII,1365.0,1420.0,1365.0,1365.0,587.595703125,40,0.0,0.0
2007-03-16,ASII,1345.0,1365.0,1330.0,1345.0,578.9865112304688,40,0.0,0.0
2007-03-20,ASII,1310.0,1355.0,1300.0,1310.0,563.9198608398438,40,0.0,0.0
2007-03-21,ASII,1330.0,1335.0,1305.0,1330.0,572.5291748046875,40,0.0,0.0
2007-03-22,ASII,1355.0,1365.0,1345.0,1355.0,583.2911376953125,40,0.0,0.0
2007-03-23,ASII,1320.0,1360.0,1305.0,1320.0,568.2244873046875,40,0.0,0.0
2007-03-26,ASII,1315.0,1330.0,1305.0,1315.0,566.0721435546875,53535000,0.0,0.0
2007-03-27,ASII,1305.0,1325.0,1305.0,1305.0,561.767333984375,40,0.0,0.0
2007-03-28,ASII,1265.0,1305.0,1250.0,1265.0,544.548583984375,40,0.0,0.0
2007-03-29,ASII,1255.0,1330.0,1250.0,1330.0,572.5291748046875,132035000,0.0,0.0
2007-03-30,ASII,1320.0,1355.0,1315.0,1320.0,568.2244873046875,40,0.0,0.0
2007-04-02,ASII,1320.0,1325.0,1305.0,1320.0,568.2244873046875,102220000,0.0,0.0
2007-04-03,ASII,1380.0,1380.0,1325.0,1380.0,594.0528564453125,40,0.0,0.0
2007-04-04,ASII,1395.0,1430.0,1390.0,1395.0,600.5098876953125,40,0.0,0.0
2007-04-05,ASII,1350.0,1390.0,1345.0,1350.0,581.1387939453125,40,0.0,0.0
2007-04-09,ASII,1370.0,1380.0,1360.0,1370.0,589.748046875,29515000,0.0,0.0
2007-04-10,ASII,1355.0,1370.0,1345.0,1355.0,583.2911376953125,40,0.0,0.0
2007-04-11,ASII,1370.0,1385.0,1360.0,1370.0,589.748046875,40,0.0,0.0
2007-04-12,ASII,1355.0,1365.0,1345.0,1355.0,583.2911376953125,40,0.0,0.0
2007-04-13,ASII,1350.0,1375.0,1345.0,1350.0,581.1387939453125,40,0.0,0.0
2007-04-16,ASII,1355.0,1360.0,1340.0,1355.0,583.2911376953125,115835000,0.0,0.0
2007-04-17,ASII,1380.0,1390.0,1360.0,1380.0,594.0528564453125,40,0.0,0.0
2007-04-18,ASII,1430.0,1440.0,1385.0,1430.0,615.5768432617188,40,0.0,0.0
2007-04-19,ASII,1380.0,1435.0,1375.0,1380.0,594.0528564453125,40,0.0,0.0
2007-04-20,ASII,1400.0,1415.0,1390.0,1400.0,602.6624145507812,84100000,0.0,0.0
2007-04-23,ASII,1405.0,1430.0,1390.0,1405.0,604.8145751953125,40,0.0,0.0
2007-04-24,ASII,1420.0,1425.0,1400.0,1420.0,611.2717895507812,40,0.0,0.0
2007-04-25,ASII,1450.0,1465.0,1415.0,1450.0,624.18603515625,40,0.0,0.0
2007-04-26,ASII,1495.0,1505.0,1470.0,1495.0,643.557373046875,40,0.0,0.0
2007-04-27,ASII,1490.0,1495.0,1480.0,1490.0,641.405029296875,40,0.0,0.0
2007-04-30,ASII,1440.0,1490.0,1435.0,1440.0,619.8814086914062,40,0.0,0.0
2007-05-01,ASII,1475.0,1480.0,1440.0,1475.0,634.9479370117188,40,0.0,0.0
2007-05-02,ASII,1495.0,1515.0,1485.0,1495.0,643.557373046875,40,0.0,0.0
2007-05-03,ASII,1510.0,1515.0,1500.0,1510.0,650.0143432617188,40,0.0,0.0
2007-05-04,ASII,1570.0,1580.0,1530.0,1570.0,675.842529296875,40,0.0,0.0
2007-05-07,ASII,1585.0,1595.0,1570.0,1585.0,682.2998657226562,40,0.0,0.0
2007-05-08,ASII,1575.0,1590.0,1570.0,1575.0,677.9951171875,40,0.0,0.0
2007-05-09,ASII,1580.0,1585.0,1565.0,1580.0,680.1476440429688,40,0.0,0.0
2007-05-10,ASII,1620.0,1625.0,1590.0,1620.0,697.3663330078125,40,0.0,0.0
2007-05-11,ASII,1595.0,1620.0,1590.0,1595.0,686.6045532226562,40,0.0,0.0
2007-05-14,ASII,1600.0,1630.0,1585.0,1600.0,688.757080078125,40,0.0,0.0
2007-05-15,ASII,1560.0,1600.0,1555.0,1560.0,671.5380249023438,40,0.0,0.0
2007-05-16,ASII,1590.0,1600.0,1555.0,1590.0,684.4523315429688,40,0.0,0.0
2007-05-21,ASII,1615.0,1620.0,1595.0,1615.0,695.2138061523438,40,0.0,0.0
2007-05-22,ASII,1620.0,1620.0,1595.0,1620.0,697.3663330078125,40,0.0,0.0
2007-05-23,ASII,1685.0,1685.0,1620.0,1685.0,725.3472290039062,40,0.0,0.0
2007-05-24,ASII,1655.0,1680.0,1650.0,1655.0,712.4329223632812,40,0.0,0.0
2007-05-25,ASII,1615.0,1635.0,1605.0,1615.0,695.2138061523438,40,0.0,0.0
2007-05-28,ASII,1630.0,1655.0,1610.0,1630.0,701.6712646484375,40,0.0,0.0
2007-05-29,ASII,1630.0,1640.0,1625.0,1630.0,701.6712646484375,26650000,0.0,0.0
2007-05-30,ASII,1610.0,1625.0,1610.0,1610.0,693.0618286132812,40,0.0,0.0
2007-05-31,ASII,1625.0,1650.0,1625.0,1640.0,705.9758911132812,28680000,0.0,0.0
2007-06-04,ASII,1660.0,1685.0,1650.0,1660.0,714.5853271484375,40,0.0,0.0
2007-06-05,ASII,1675.0,1690.0,1660.0,1675.0,721.0425415039062,40,0.0,0.0
2007-06-06,ASII,1675.0,1675.0,1655.0,1675.0,721.0425415039062,29025000,0.0,0.0
2007-06-07,ASII,1625.0,1650.0,1620.0,1625.0,699.518798828125,40,0.0,0.0
2007-06-08,ASII,1585.0,1600.0,1585.0,1585.0,682.2998657226562,40,0.0,0.0
2007-06-11,ASII,1600.0,1610.0,1595.0,1600.0,688.757080078125,40,0.0,0.0
2007-06-12,ASII,1650.0,1650.0,1610.0,1650.0,710.2805786132812,40,0.0,0.0
2007-06-13,ASII,1615.0,1625.0,1600.0,1615.0,695.2138061523438,40,0.0,0.0
2007-06-14,ASII,1640.0,1645.0,1625.0,1640.0,705.9758911132812,40,0.0,0.0
2007-06-15,ASII,1650.0,1650.0,1630.0,1650.0,723.0665283203125,15060000,29.0,0.0
2007-06-18,ASII,1640.0,1650.0,1630.0,1640.0,718.684326171875,40,0.0,0.0
2007-06-19,ASII,1645.0,1650.0,1630.0,1645.0,720.8756713867188,40,0.0,0.0
2007-06-20,ASII,1670.0,1670.0,1645.0,1670.0,731.8311157226562,40,0.0,0.0
2007-06-21,ASII,1655.0,1665.0,1645.0,1655.0,725.257568359375,40,0.0,0.0
2007-06-22,ASII,1690.0,1695.0,1645.0,1690.0,740.5953979492188,40,0.0,0.0
2007-06-25,ASII,1675.0,1680.0,1645.0,1675.0,734.022216796875,40,0.0,0.0
2007-06-26,ASII,1710.0,1730.0,1670.0,1710.0,749.3597412109375,40,0.0,0.0
2007-06-27,ASII,1670.0,1700.0,1665.0,1670.0,731.8311157226562,40,0.0,0.0
2007-06-28,ASII,1670.0,1680.0,1650.0,1670.0,731.8311157226562,40,0.0,0.0
2007-06-29,ASII,1670.0,1700.0,1660.0,1690.0,740.5953979492188,40,0.0,0.0
2007-07-02,ASII,1690.0,1710.0,1690.0,1705.0,747.168701171875,43970000,0.0,0.0
2007-07-03,ASII,1700.0,1725.0,1700.0,1700.0,744.9774169921875,40,0.0,0.0
2007-07-04,ASII,1695.0,1715.0,1690.0,1695.0,742.7864379882812,40,0.0,0.0
2007-07-05,ASII,1700.0,1710.0,1700.0,1700.0,744.9774169921875,47760000,0.0,0.0
2007-07-06,ASII,1700.0,1800.0,1700.0,1800.0,788.7998657226562,113410000,0.0,0.0
2007-07-09,ASII,1810.0,2005.0,1810.0,1915.0,839.1952514648438,101985000,0.0,0.0
2007-07-10,ASII,1915.0,1925.0,1900.0,1915.0,839.1952514648438,40,0.0,0.0
2007-07-11,ASII,1835.0,1900.0,1825.0,1835.0,804.1378173828125,40,0.0,0.0
2007-07-12,ASII,1810.0,1860.0,1810.0,1810.0,793.1820678710938,40,0.0,0.0
2007-07-13,ASII,1800.0,1850.0,1785.0,1800.0,788.7998657226562,40,0.0,0.0
2007-07-16,ASII,1805.0,1820.0,1795.0,1805.0,790.9910278320312,40,0.0,0.0
2007-07-17,ASII,1860.0,1880.0,1805.0,1860.0,815.0934448242188,40,0.0,0.0
2007-07-18,ASII,1860.0,1860.0,1800.0,1860.0,815.0934448242188,40,0.0,0.0
2007-07-19,ASII,1870.0,1885.0,1830.0,1870.0,819.4754028320312,40,0.0,0.0
2007-07-20,ASII,1925.0,1930.0,1880.0,1925.0,843.5774536132812,40,0.0,0.0
2007-07-23,ASII,1890.0,1910.0,1890.0,1905.0,834.81298828125,26625000,0.0,0.0
2007-07-24,ASII,1920.0,1960.0,1920.0,1945.0,852.3419189453125,54395000,0.0,0.0
2007-07-25,ASII,1905.0,1940.0,1885.0,1885.0,826.0487670898438,72195000,0.0,0.0
2007-07-26,ASII,1900.0,1905.0,1875.0,1885.0,826.0487670898438,48365000,0.0,0.0
2007-07-27,ASII,1830.0,1850.0,1790.0,1815.0,795.373046875,89600000,0.0,0.0
2007-07-30,ASII,1815.0,1840.0,1800.0,1820.0,797.5642700195312,30535000,0.0,0.0
2007-07-31,ASII,1840.0,1875.0,1835.0,1875.0,821.6665649414062,29055000,0.0,0.0
2007-08-01,ASII,1825.0,1860.0,1780.0,1825.0,799.75537109375,40,0.0,0.0
2007-08-02,ASII,1850.0,1875.0,1810.0,1850.0,810.7109985351562,40,0.0,0.0
2007-08-03,ASII,1845.0,1870.0,1835.0,1845.0,808.5198364257812,40,0.0,0.0
2007-08-06,ASII,1800.0,1800.0,1730.0,1740.0,762.5064086914062,92885000,0.0,0.0
2007-08-07,ASII,1705.0,1780.0,1700.0,1705.0,747.168701171875,40,0.0,0.0
2007-08-08,ASII,1780.0,1780.0,1720.0,1780.0,780.0354614257812,40,0.0,0.0
2007-08-09,ASII,1775.0,1835.0,1775.0,1775.0,777.8440551757812,40,0.0,0.0
2007-08-10,ASII,1735.0,1745.0,1700.0,1735.0,760.3154296875,40,0.0,0.0
2007-08-13,ASII,1735.0,1735.0,1735.0,1735.0,760.3154296875,0,0.0,0.0
2007-08-14,ASII,1700.0,1725.0,1695.0,1700.0,744.9774169921875,40,0.0,0.0
2007-08-15,ASII,1680.0,1680.0,1575.0,1625.0,712.1110229492188,89080000,0.0,0.0
2007-08-16,ASII,1545.0,1560.0,1480.0,1545.0,677.0533447265625,40,0.0,0.0
2007-08-20,ASII,1620.0,1640.0,1590.0,1620.0,709.9197998046875,40,0.0,0.0
2007-08-21,ASII,1600.0,1640.0,1590.0,1600.0,701.1555786132812,40,0.0,0.0
2007-08-22,ASII,1650.0,1650.0,1595.0,1650.0,723.0665283203125,40,0.0,0.0
2007-08-23,ASII,1735.0,1740.0,1670.0,1735.0,760.3154296875,40,0.0,0.0
2007-08-24,ASII,1730.0,1740.0,1700.0,1730.0,758.124267578125,40,0.0,0.0
2007-08-27,ASII,1765.0,1785.0,1740.0,1765.0,773.4619750976562,40,0.0,0.0
2007-08-28,ASII,1740.0,1765.0,1720.0,1740.0,762.5064086914062,40,0.0,0.0
2007-08-29,ASII,1720.0,1720.0,1670.0,1720.0,753.7421264648438,40,0.0,0.0
2007-08-30,ASII,1745.0,1755.0,1725.0,1745.0,764.697509765625,40,0.0,0.0
2007-08-31,ASII,1785.0,1790.0,1745.0,1785.0,782.2266235351562,40,0.0,0.0
2007-09-03,ASII,1790.0,1805.0,1785.0,1790.0,784.417724609375,40,0.0,0.0
2007-09-04,ASII,1810.0,1815.0,1790.0,1810.0,793.1820678710938,40,0.0,0.0
2007-09-05,ASII,1800.0,1815.0,1785.0,1800.0,788.7998657226562,40,0.0,0.0
2007-09-06,ASII,1795.0,1805.0,1780.0,1795.0,786.6087646484375,40,0.0,0.0
2007-09-07,ASII,1800.0,1800.0,1790.0,1800.0,788.7998657226562,40,0.0,0.0
2007-09-10,ASII,1780.0,1790.0,1770.0,1780.0,780.0354614257812,119800000,0.0,0.0
2007-09-11,ASII,1780.0,1795.0,1770.0,1780.0,780.0354614257812,27315000,0.0,0.0
2007-09-12,ASII,1795.0,1800.0,1790.0,1795.0,786.6087646484375,59070000,0.0,0.0
2007-09-13,ASII,1800.0,1800.0,1790.0,1800.0,788.7998657226562,40,0.0,0.0
2007-09-14,ASII,1800.0,1800.0,1795.0,1800.0,788.7998657226562,42945000,0.0,0.0
2007-09-17,ASII,1850.0,1875.0,1800.0,1850.0,810.7109985351562,40,0.0,0.0
2007-09-18,ASII,1840.0,1845.0,1825.0,1840.0,806.3285522460938,42070000,0.0,0.0
2007-09-19,ASII,1915.0,1925.0,1870.0,1915.0,839.1952514648438,40,0.0,0.0
2007-09-20,ASII,1910.0,1945.0,1910.0,1910.0,837.0042114257812,40,0.0,0.0
2007-09-21,ASII,1930.0,1945.0,1885.0,1930.0,845.7684936523438,40,0.0,0.0
2007-09-24,ASII,1935.0,1960.0,1930.0,1950.0,854.5333251953125,33260000,0.0,0.0
2007-09-25,ASII,1900.0,1950.0,1900.0,1900.0,832.6220092773438,40,0.0,0.0
2007-09-26,ASII,1940.0,1945.0,1910.0,1940.0,850.1511840820312,40,0.0,0.0
2007-09-27,ASII,1950.0,1960.0,1935.0,1950.0,854.5333251953125,40,0.0,0.0
2007-09-28,ASII,1925.0,1960.0,1925.0,1925.0,843.5774536132812,40,0.0,0.0
2007-10-01,ASII,1930.0,1940.0,1915.0,1930.0,845.7684936523438,40,0.0,0.0
2007-10-02,ASII,2010.0,2010.0,1930.0,2010.0,880.8267822265625,40,0.0,0.0
2007-10-03,ASII,2045.0,2120.0,2020.0,2045.0,896.164306640625,40,0.0,0.0
2007-10-04,ASII,2080.0,2085.0,2025.0,2080.0,911.502197265625,40,0.0,0.0
2007-10-05,ASII,2090.0,2160.0,2090.0,2100.0,920.266357421875,72970000,0.0,0.0
2007-10-08,ASII,2110.0,2140.0,2035.0,2035.0,891.7821044921875,43350000,0.0,0.0
2007-10-09,ASII,2125.0,2135.0,2040.0,2125.0,931.2220458984375,40,0.0,0.0
2007-10-10,ASII,2220.0,2235.0,2140.0,2220.0,972.8532104492188,40,0.0,0.0
2007-10-11,ASII,2250.0,2305.0,2235.0,2250.0,985.9998779296875,40,0.0,0.0
2007-10-17,ASII,2250.0,2370.0,2240.0,2360.0,1034.204345703125,38760000,0.0,0.0
2007-10-18,ASII,2295.0,2360.0,2295.0,2295.0,1005.7197265625,40,0.0,0.0
2007-10-19,ASII,2290.0,2325.0,2250.0,2250.0,985.9998779296875,28740000,0.0,0.0
2007-10-22,ASII,2150.0,2195.0,2100.0,2155.0,944.3687744140625,31160000,0.0,0.0
2007-10-23,ASII,2280.0,2320.0,2180.0,2280.0,999.1466674804688,40,0.0,0.0
2007-10-24,ASII,2300.0,2330.0,2220.0,2220.0,972.8532104492188,48240000,0.0,0.0
2007-10-25,ASII,2240.0,2470.0,2240.0,2450.0,1073.6439208984375,60730000,0.0,0.0
2007-10-26,ASII,2460.0,2600.0,2440.0,2550.0,1117.466796875,59485000,0.0,0.0
2007-10-29,ASII,2570.0,2670.0,2570.0,2650.0,1161.28857421875,18000000,0.0,0.0
2007-10-30,ASII,2650.0,2680.0,2600.0,2665.0,1174.9560546875,42240000,16.0,0.0
2007-10-31,ASII,2650.0,2650.0,2490.0,2560.0,1128.663330078125,83160000,0.0,0.0
2007-11-01,ASII,2600.0,2725.0,2600.0,2655.0,1170.547119140625,87080000,0.0,0.0
2007-11-02,ASII,2600.0,2705.0,2570.0,2655.0,1170.547119140625,35955000,0.0,0.0
2007-11-05,ASII,2640.0,2655.0,2490.0,2515.0,1108.8233642578125,41740000,0.0,0.0
2007-11-06,ASII,2515.0,2515.0,2380.0,2435.0,1073.552978515625,112870000,0.0,0.0
2007-11-07,ASII,2450.0,2525.0,2450.0,2510.0,1106.6190185546875,80470000,0.0,0.0
2007-11-08,ASII,2480.0,2490.0,2430.0,2440.0,1075.7572021484375,30365000,0.0,0.0
2007-11-09,ASII,2440.0,2440.0,2405.0,2435.0,1073.552978515625,15675000,0.0,0.0
2007-11-12,ASII,2400.0,2400.0,2275.0,2325.0,1025.0555419921875,72680000,0.0,0.0
2007-11-13,ASII,2310.0,2315.0,2275.0,2300.0,1014.0335693359375,76260000,0.0,0.0
2007-11-14,ASII,2350.0,2420.0,2350.0,2400.0,1058.121826171875,86885000,0.0,0.0
2007-11-15,ASII,2380.0,2420.0,2375.0,2405.0,1060.326416015625,43600000,0.0,0.0
2007-11-16,ASII,2370.0,2405.0,2335.0,2355.0,1038.2818603515625,19170000,0.0,0.0
2007-11-19,ASII,2355.0,2390.0,2360.0,2385.0,1051.5087890625,40,0.0,0.0
2007-11-20,ASII,2385.0,2430.0,2285.0,2405.0,1060.326416015625,40,0.0,0.0
2007-11-21,ASII,2400.0,2400.0,2290.0,2300.0,1014.0335693359375,47980000,0.0,0.0
2007-11-22,ASII,2280.0,2280.0,2180.0,2240.0,987.5801391601562,58080000,0.0,0.0
2007-11-23,ASII,2240.0,2320.0,2220.0,2320.0,1022.8512573242188,25155000,0.0,0.0
2007-11-26,ASII,2350.0,2465.0,2340.0,2450.0,1080.165771484375,47340000,0.0,0.0
2007-11-27,ASII,2420.0,2455.0,2380.0,2435.0,1073.552978515625,34230000,0.0,0.0
2007-11-28,ASII,2435.0,2515.0,2435.0,2485.0,1095.5966796875,76175000,0.0,0.0
2007-11-29,ASII,2550.0,2640.0,2550.0,2580.0,1137.480712890625,76615000,0.0,0.0
2007-11-30,ASII,2500.0,2675.0,2500.0,2500.0,1102.2103271484375,40,0.0,0.0
2007-12-03,ASII,2500.0,2695.0,2490.0,2680.0,1181.5692138671875,26525000,0.0,0.0
2007-12-04,ASII,2680.0,2810.0,2680.0,2750.0,1212.4312744140625,41985000,0.0,0.0
2007-12-05,ASII,2750.0,2750.0,2645.0,2670.0,1177.160400390625,79795000,0.0,0.0
2007-12-06,ASII,2700.0,2705.0,2625.0,2645.0,1166.1380615234375,44585000,0.0,0.0
2007-12-07,ASII,2700.0,2710.0,2645.0,2685.0,1183.7740478515625,51755000,0.0,0.0
2007-12-10,ASII,2685.0,2875.0,2685.0,2850.0,1256.51953125,81370000,0.0,0.0
2007-12-11,ASII,2775.0,2875.0,2765.0,2775.0,1223.4534912109375,40,0.0,0.0
2007-12-12,ASII,2730.0,2880.0,2725.0,2835.0,1249.9066162109375,51990000,0.0,0.0
2007-12-13,ASII,2800.0,2800.0,2740.0,2745.0,1210.2269287109375,31660000,0.0,0.0
2007-12-14,ASII,2750.0,2780.0,2730.0,2745.0,1210.2269287109375,28445000,0.0,0.0
2007-12-17,ASII,2655.0,2735.0,2650.0,2655.0,1170.547119140625,40,0.0,0.0
2007-12-18,ASII,2640.0,2640.0,2550.0,2575.0,1135.276611328125,71160000,0.0,0.0
2007-12-19,ASII,2605.0,2640.0,2605.0,2610.0,1150.707275390625,50735000,0.0,0.0
2007-12-26,ASII,2670.0,2670.0,2610.0,2630.0,1159.525146484375,40480000,0.0,0.0
2007-12-27,ASII,2630.0,2680.0,2625.0,2680.0,1181.5692138671875,40,0.0,0.0
2007-12-28,ASII,2680.0,2730.0,2650.0,2730.0,1203.613525390625,32105000,0.0,0.0
2007-12-31,ASII,2730.0,2730.0,2730.0,2730.0,1203.613525390625,0,0.0,0.0
2008-01-02,ASII,2720.0,2720.0,2610.0,2660.0,1172.751708984375,12935000,0.0,0.0
2008-01-03,ASII,2620.0,2640.0,2585.0,2610.0,1150.707275390625,25675000,0.0,0.0
2008-01-04,ASII,2610.0,2660.0,2610.0,2640.0,1163.9337158203125,23825000,0.0,0.0
2008-01-07,ASII,2610.0,2665.0,2600.0,2640.0,1163.9337158203125,41530000,0.0,0.0
2008-01-08,ASII,2665.0,2770.0,2660.0,2765.0,1219.0445556640625,88395000,0.0,0.0
2008-01-09,ASII,2750.0,2935.0,2750.0,2905.0,1280.7681884765625,125515000,0.0,0.0
2008-01-14,ASII,2915.0,3010.0,2915.0,2960.0,1305.016845703125,109240000,0.0,0.0
2008-01-15,ASII,2970.0,3025.0,2790.0,2800.0,1234.4755859375,101865000,0.0,0.0
2008-01-16,ASII,2750.0,2750.0,2600.0,2625.0,1157.320556640625,152655000,0.0,0.0
2008-01-17,ASII,2630.0,2675.0,2500.0,2650.0,1168.3427734375,112110000,0.0,0.0
2008-01-18,ASII,2580.0,2710.0,2510.0,2690.0,1185.9783935546875,104905000,0.0,0.0
2008-01-21,ASII,2650.0,2650.0,2485.0,2490.0,1097.80126953125,84180000,0.0,0.0
2008-01-22,ASII,2390.0,2390.0,2140.0,2250.0,991.9891357421875,112685000,0.0,0.0
2008-01-23,ASII,2400.0,2540.0,2365.0,2500.0,1102.2103271484375,116820000,0.0,0.0
2008-01-24,ASII,2585.0,2640.0,2550.0,2590.0,1141.8897705078125,106635000,0.0,0.0
2008-01-25,ASII,2640.0,2685.0,2630.0,2670.0,1177.160400390625,109385000,0.0,0.0
2008-01-28,ASII,2600.0,2665.0,2575.0,2620.0,1155.1162109375,39995000,0.0,0.0
2008-01-29,ASII,2640.0,2715.0,2640.0,2710.0,1194.7960205078125,98760000,0.0,0.0
2008-01-30,ASII,2720.0,2730.0,2670.0,2705.0,1192.5916748046875,52610000,0.0,0.0
2008-01-31,ASII,2695.0,2745.0,2695.0,2725.0,1201.4095458984375,52910000,0.0,0.0
2008-02-01,ASII,2750.0,2770.0,2670.0,2680.0,1181.5692138671875,52880000,0.0,0.0
2008-02-04,ASII,2700.0,2730.0,2670.0,2695.0,1188.1829833984375,44130000,0.0,0.0
2008-02-05,ASII,2680.0,2680.0,2635.0,2660.0,1172.751708984375,24120000,0.0,0.0
2008-02-06,ASII,2660.0,2600.0,2490.0,2555.0,1126.4591064453125,40,0.0,0.0
2008-02-11,ASII,2500.0,2515.0,2475.0,2480.0,1093.3927001953125,65190000,0.0,0.0
2008-02-12,ASII,2500.0,2540.0,2475.0,2480.0,1093.3927001953125,50345000,0.0,0.0
2008-02-13,ASII,2520.0,2545.0,2500.0,2545.0,1122.0498046875,44540000,0.0,0.0
2008-02-14,ASII,2570.0,2705.0,2570.0,2700.0,1190.3870849609375,96560000,0.0,0.0
2008-02-15,ASII,2600.0,2735.0,2600.0,2725.0,1201.4095458984375,34175000,0.0,0.0
2008-02-18,ASII,2750.0,2750.0,2680.0,2680.0,1181.5692138671875,17765000,0.0,0.0
2008-02-19,ASII,2710.0,2760.0,2710.0,2720.0,1199.204833984375,30495000,0.0,0.0
2008-02-20,ASII,2720.0,2760.0,2710.0,2750.0,1212.4312744140625,117810000,0.0,0.0
2008-02-21,ASII,2770.0,2805.0,2750.0,2770.0,1221.248779296875,71795000,0.0,0.0
2008-02-22,ASII,2745.0,2800.0,2740.0,2790.0,1230.0665283203125,70320000,0.0,0.0
2008-02-25,ASII,2810.0,2840.0,2775.0,2795.0,1232.270751953125,39750000,0.0,0.0
2008-02-26,ASII,2820.0,2835.0,2800.0,2815.0,1241.088623046875,41140000,0.0,0.0
2008-02-27,ASII,2835.0,2840.0,2775.0,2795.0,1232.270751953125,21670000,0.0,0.0
2008-02-28,ASII,2770.0,2825.0,2770.0,2825.0,1245.497314453125,31395000,0.0,0.0
2008-02-29,ASII,2815.0,2845.0,2745.0,2785.0,1227.8623046875,44720000,0.0,0.0
2008-03-03,ASII,2750.0,2765.0,2665.0,2715.0,1197.0001220703125,47365000,0.0,0.0
2008-03-04,ASII,2725.0,2725.0,2580.0,2620.0,1155.1162109375,64255000,0.0,0.0
2008-03-05,ASII,2640.0,2640.0,2590.0,2615.0,1152.9117431640625,51560000,0.0,0.0
2008-03-06,ASII,2650.0,2665.0,2590.0,2600.0,1146.298583984375,38435000,0.0,0.0
2008-03-10,ASII,2500.0,2525.0,2425.0,2450.0,1080.165771484375,102080000,0.0,0.0
2008-03-11,ASII,2430.0,2490.0,2340.0,2480.0,1093.3927001953125,93490000,0.0,0.0
2008-03-12,ASII,2590.0,2595.0,2495.0,2530.0,1115.43701171875,67770000,0.0,0.0
2008-03-13,ASII,2490.0,2490.0,2345.0,2355.0,1038.2818603515625,82180000,0.0,0.0
2008-03-14,ASII,2370.0,2370.0,2195.0,2210.0,974.3538818359375,109695000,0.0,0.0
2008-03-17,ASII,2050.0,2260.0,2000.0,2260.0,996.398193359375,77655000,0.0,0.0
2008-03-18,ASII,2280.0,2300.0,2200.0,2245.0,989.7847900390625,91855000,0.0,0.0
2008-03-19,ASII,2300.0,2310.0,2240.0,2275.0,1003.0115356445312,72060000,0.0,0.0
2008-03-24,ASII,2250.0,2265.0,2160.0,2260.0,996.398193359375,40645000,0.0,0.0
2008-03-25,ASII,2270.0,2405.0,2265.0,2395.0,1055.9176025390625,63240000,0.0,0.0
2008-03-26,ASII,2395.0,2440.0,2375.0,2410.0,1062.5308837890625,28500000,0.0,0.0
2008-03-27,ASII,2400.0,2420.0,2325.0,2420.0,1066.9395751953125,52540000,0.0,0.0
2008-03-28,ASII,2400.0,2435.0,2380.0,2390.0,1053.7130126953125,27900000,0.0,0.0
2008-03-31,ASII,2410.0,2435.0,2385.0,2425.0,1069.1439208984375,69255000,0.0,0.0
2008-04-01,ASII,2425.0,2470.0,2265.0,2295.0,1011.8289184570312,40,0.0,0.0
2008-04-02,ASII,2350.0,2360.0,2105.0,2145.0,945.6963500976562,167340000,0.0,0.0
2008-04-03,ASII,2140.0,2140.0,1950.0,1980.0,872.9502563476562,196000000,0.0,0.0
2008-04-04,ASII,2000.0,2020.0,1880.0,1950.0,859.72412109375,206690000,0.0,0.0
2008-04-07,ASII,1960.0,1980.0,1825.0,1920.0,846.4972534179688,239435000,0.0,0.0
2008-04-08,ASII,1915.0,1920.0,1835.0,1835.0,809.0223388671875,129900000,0.0,0.0
2008-04-09,ASII,1850.0,1915.0,1735.0,1765.0,778.1600952148438,304955000,0.0,0.0
2008-04-10,ASII,1750.0,1905.0,1730.0,1890.0,833.2706909179688,260825000,0.0,0.0
2008-04-11,ASII,1930.0,2020.0,1925.0,2020.0,890.5857543945312,170005000,0.0,0.0
2008-04-14,ASII,1960.0,2020.0,1930.0,2015.0,888.3814697265625,117080000,0.0,0.0
2008-04-15,ASII,2030.0,2060.0,1985.0,2030.0,894.9947509765625,134645000,0.0,0.0
2008-04-16,ASII,2050.0,2115.0,2045.0,2080.0,917.0390625,118385000,0.0,0.0
2008-04-17,ASII,2120.0,2130.0,2015.0,2030.0,894.9947509765625,113090000,0.0,0.0
2008-04-18,ASII,2020.0,2030.0,1975.0,2015.0,888.3814697265625,133185000,0.0,0.0
2008-04-21,ASII,2050.0,2070.0,1960.0,1970.0,868.541748046875,221345000,0.0,0.0
2008-04-22,ASII,1950.0,1960.0,1900.0,1915.0,844.2931518554688,95970000,0.0,0.0
2008-04-23,ASII,1910.0,1945.0,1880.0,1915.0,844.2931518554688,112840000,0.0,0.0
2008-04-24,ASII,1930.0,1980.0,1915.0,1935.0,853.110595703125,86700000,0.0,0.0
2008-04-25,ASII,1935.0,1950.0,1915.0,1935.0,853.110595703125,81480000,0.0,0.0
2008-04-28,ASII,1935.0,1950.0,1915.0,1940.0,855.3151245117188,75560000,0.0,0.0
2008-04-29,ASII,1950.0,2025.0,1950.0,2005.0,883.9727172851562,84625000,0.0,0.0
2008-04-30,ASII,2005.0,2015.0,1965.0,2000.0,881.7683715820312,40335000,0.0,0.0
2008-05-05,ASII,2125.0,2170.0,2120.0,2150.0,947.9007568359375,119265000,0.0,0.0
2008-05-06,ASII,2200.0,2220.0,2060.0,2070.0,912.6299438476562,101915000,0.0,0.0
2008-05-07,ASII,2100.0,2135.0,2085.0,2125.0,936.8785400390625,87500000,0.0,0.0
2008-05-08,ASII,2110.0,2110.0,2020.0,2045.0,901.60791015625,68375000,0.0,0.0
2008-05-09,ASII,2035.0,2045.0,2015.0,2015.0,888.3814697265625,55495000,0.0,0.0
2008-05-12,ASII,2000.0,2045.0,1995.0,2040.0,899.4037475585938,24410000,0.0,0.0
2008-05-13,ASII,2060.0,2110.0,2060.0,2095.0,923.6521606445312,56225000,0.0,0.0
2008-05-14,ASII,2090.0,2175.0,2090.0,2150.0,947.9007568359375,63185000,0.0,0.0
2008-05-15,ASII,2170.0,2205.0,2130.0,2130.0,939.0834350585938,53900000,0.0,0.0
2008-05-16,ASII,2150.0,2165.0,2135.0,2145.0,945.6963500976562,37225000,0.0,0.0
2008-05-21,ASII,2150.0,2175.0,2135.0,2175.0,958.9228515625,56165000,0.0,0.0
2008-05-22,ASII,2130.0,2140.0,2090.0,2115.0,932.4700927734375,43565000,0.0,0.0
2008-05-23,ASII,2115.0,2115.0,2010.0,2060.0,908.2211303710938,69120000,0.0,0.0
2008-05-26,ASII,2030.0,2030.0,1965.0,1965.0,866.3372802734375,97295000,0.0,0.0
2008-05-27,ASII,1965.0,2035.0,1960.0,1975.0,870.7459716796875,94190000,0.0,0.0
2008-05-28,ASII,1995.0,2040.0,1980.0,2035.0,897.1990356445312,45065000,0.0,0.0
2008-05-29,ASII,2060.0,2110.0,2045.0,2105.0,928.06103515625,54275000,0.0,0.0
2008-05-30,ASII,2125.0,2175.0,2090.0,2100.0,925.8567504882812,52435000,0.0,0.0
2008-06-02,ASII,2140.0,2200.0,2125.0,2125.0,936.8785400390625,62665000,0.0,0.0
2008-06-03,ASII,2100.0,2140.0,2090.0,2140.0,943.4920043945312,60390000,0.0,0.0
2008-06-04,ASII,2150.0,2150.0,2095.0,2110.0,930.265380859375,35750000,0.0,0.0
2008-06-05,ASII,2100.0,2100.0,1990.0,2020.0,890.5857543945312,108695000,0.0,0.0
2008-06-06,ASII,2050.0,2060.0,1975.0,1980.0,872.9502563476562,115420000,0.0,0.0
2008-06-09,ASII,1950.0,1980.0,1925.0,1980.0,872.9502563476562,58365000,0.0,0.0
2008-06-10,ASII,1980.0,1980.0,1925.0,1925.0,848.7019653320312,112940000,0.0,0.0
2008-06-11,ASII,1930.0,1940.0,1910.0,1930.0,850.9063110351562,74720000,0.0,0.0
2008-06-12,ASII,1900.0,1940.0,1900.0,1940.0,855.3151245117188,40735000,0.0,0.0
2008-06-13,ASII,1950.0,1985.0,1945.0,1970.0,868.541748046875,31545000,0.0,0.0
2008-06-16,ASII,2005.0,2055.0,1980.0,2005.0,883.9727172851562,40,0.0,0.0
2008-06-17,ASII,1990.0,2030.0,1985.0,1990.0,877.3594360351562,40,0.0,0.0
2008-06-18,ASII,2000.0,2010.0,1975.0,2000.0,881.7683715820312,40,0.0,0.0
2008-06-19,ASII,1965.0,1965.0,1950.0,1965.0,887.8226318359375,40,48.4,0.0
2008-06-20,ASII,1970.0,1985.0,1960.0,1970.0,890.0817260742188,40,0.0,0.0
2008-06-23,ASII,1945.0,1970.0,1930.0,1945.0,878.7860717773438,40,0.0,0.0
2008-06-24,ASII,1920.0,1940.0,1915.0,1920.0,867.4905395507812,40,0.0,0.0
2008-06-25,ASII,1930.0,1960.0,1925.0,1930.0,872.0089111328125,40,0.0,0.0
2008-06-26,ASII,1945.0,1960.0,1920.0,1945.0,878.7860717773438,40,0.0,0.0
2008-06-27,ASII,1925.0,1930.0,1910.0,1925.0,869.7498779296875,40,0.0,0.0
2008-06-30,ASII,1925.0,1950.0,1920.0,1925.0,869.7498779296875,40,0.0,0.0
2008-07-01,ASII,1940.0,1965.0,1935.0,1940.0,876.527099609375,40,0.0,0.0
2008-07-02,ASII,1950.0,1990.0,1940.0,1950.0,881.04541015625,40,0.0,0.0
2008-07-03,ASII,1930.0,1955.0,1920.0,1930.0,872.0089111328125,40,0.0,0.0
2008-07-04,ASII,1930.0,1955.0,1930.0,1930.0,872.0089111328125,40,0.0,0.0
2008-07-07,ASII,1935.0,1955.0,1915.0,1935.0,874.2678833007812,40,0.0,0.0
2008-07-08,ASII,1950.0,1965.0,1935.0,1950.0,881.04541015625,40,0.0,0.0
2008-07-09,ASII,2020.0,2020.0,1970.0,2020.0,912.6724243164062,40,0.0,0.0
2008-07-10,ASII,2045.0,2060.0,2000.0,2045.0,923.9679565429688,40,0.0,0.0
2008-07-11,ASII,1990.0,2045.0,1980.0,1990.0,899.1181030273438,40,0.0,0.0
2008-07-14,ASII,2025.0,2030.0,1980.0,2025.0,914.9315795898438,40,0.0,0.0
2008-07-15,ASII,1975.0,2010.0,1960.0,1975.0,892.3406372070312,40,0.0,0.0
2008-07-16,ASII,1935.0,1975.0,1915.0,1935.0,874.2678833007812,40,0.0,0.0
2008-07-17,ASII,1990.0,2025.0,1960.0,1990.0,899.1181030273438,40,0.0,0.0
2008-07-18,ASII,2090.0,2100.0,2000.0,2090.0,944.2996215820312,40,0.0,0.0
2008-07-21,ASII,2025.0,2125.0,2010.0,2025.0,914.9315795898438,40,0.0,0.0
2008-07-22,ASII,2050.0,2080.0,2010.0,2050.0,926.2269287109375,40,0.0,0.0
2008-07-23,ASII,2160.0,2175.0,2100.0,2160.0,975.927001953125,40,0.0,0.0
2008-07-24,ASII,2255.0,2260.0,2180.0,2255.0,1018.849853515625,40,0.0,0.0
2008-07-25,ASII,2235.0,2240.0,2180.0,2235.0,1009.8133544921875,40,0.0,0.0
2008-07-28,ASII,2200.0,2260.0,2190.0,2200.0,994.0001220703125,40,0.0,0.0
2008-07-29,ASII,2220.0,2265.0,2170.0,2220.0,1003.0362548828125,40,0.0,0.0
2008-07-31,ASII,2255.0,2305.0,2250.0,2255.0,1018.849853515625,40,0.0,0.0
2008-08-01,ASII,2205.0,2255.0,2190.0,2205.0,996.2589111328125,40,0.0,0.0
2008-08-04,ASII,2160.0,2190.0,2150.0,2160.0,975.927001953125,40,0.0,0.0
2008-08-05,ASII,2185.0,2185.0,2125.0,2185.0,987.2225952148438,40,0.0,0.0
2008-08-06,ASII,2190.0,2240.0,2180.0,2190.0,989.4814453125,40,0.0,0.0
2008-08-07,ASII,2190.0,2195.0,2175.0,2190.0,989.4814453125,19410000,0.0,0.0
2008-08-08,ASII,2185.0,2190.0,2155.0,2185.0,987.2225952148438,40,0.0,0.0
2008-08-11,ASII,2170.0,2220.0,2130.0,2170.0,980.4450073242188,40,0.0,0.0
2008-08-12,ASII,2030.0,2130.0,1995.0,2030.0,917.1908569335938,40,0.0,0.0
2008-08-13,ASII,2000.0,2050.0,1980.0,2000.0,903.6364135742188,28780000,0.0,0.0
2008-08-14,ASII,1980.0,2045.0,1960.0,1980.0,894.599609375,40,0.0,0.0
2008-08-15,ASII,1985.0,2010.0,1980.0,1985.0,896.8590087890625,40,0.0,0.0
2008-08-19,ASII,2000.0,2005.0,1975.0,2000.0,903.6364135742188,40,0.0,0.0
2008-08-20,ASII,1980.0,1990.0,1975.0,1980.0,894.599609375,40,0.0,0.0
2008-08-21,ASII,1980.0,2015.0,1980.0,1980.0,894.599609375,12605000,0.0,0.0
2008-08-22,ASII,1965.0,2000.0,1935.0,1965.0,887.8226318359375,40,0.0,0.0
2008-08-25,ASII,2000.0,2000.0,1965.0,2000.0,903.6364135742188,9195000,0.0,0.0
2008-08-26,ASII,1980.0,1995.0,1970.0,1980.0,894.599609375,40,0.0,0.0
2008-08-27,ASII,1985.0,1995.0,1975.0,1985.0,896.8590087890625,40,0.0,0.0
2008-08-28,ASII,2020.0,2030.0,1985.0,2020.0,912.6724243164062,40,0.0,0.0
2008-08-29,ASII,2080.0,2090.0,2015.0,2080.0,939.78173828125,40,0.0,0.0
2008-09-01,ASII,2100.0,2110.0,2060.0,2100.0,948.818115234375,40,0.0,0.0
2008-09-02,ASII,2120.0,2165.0,2100.0,2120.0,957.8544311523438,41745000,0.0,0.0
2008-09-03,ASII,2130.0,2160.0,2100.0,2130.0,962.3728637695312,40,0.0,0.0
2008-09-04,ASII,2050.0,2120.0,2005.0,2050.0,926.2269287109375,40,0.0,0.0
2008-09-05,ASII,2000.0,2015.0,1980.0,2000.0,903.6364135742188,41505000,0.0,0.0
2008-09-08,ASII,2100.0,2110.0,1985.0,1985.0,896.8590087890625,30165000,0.0,0.0
2008-09-09,ASII,1955.0,1985.0,1945.0,1955.0,883.3042602539062,40,0.0,0.0
2008-09-10,ASII,1930.0,1940.0,1850.0,1930.0,872.0089111328125,40,0.0,0.0
2008-09-11,ASII,1900.0,1900.0,1730.0,1735.0,783.9044189453125,67965000,0.0,0.0
2008-09-12,ASII,1750.0,1750.0,1535.0,1560.0,704.8361206054688,144585000,0.0,0.0
2008-09-15,ASII,1520.0,1600.0,1480.0,1520.0,686.7634887695312,40,0.0,0.0
2008-09-16,ASII,1450.0,1690.0,1415.0,1620.0,731.9451904296875,107150000,0.0,0.0
2008-09-17,ASII,1695.0,1730.0,1660.0,1695.0,765.83154296875,40,0.0,0.0
2008-09-18,ASII,1680.0,1715.0,1600.0,1680.0,759.0543823242188,40,0.0,0.0
2008-09-19,ASII,1810.0,1910.0,1750.0,1810.0,817.790771484375,40,0.0,0.0
2008-09-22,ASII,1820.0,1930.0,1820.0,1820.0,822.3089599609375,40,0.0,0.0
2008-09-23,ASII,1730.0,1780.0,1730.0,1730.0,781.6453247070312,40,0.0,0.0
2008-09-24,ASII,1760.0,1795.0,1700.0,1760.0,795.1997680664062,40,0.0,0.0
2008-09-25,ASII,1740.0,1775.0,1720.0,1740.0,786.163330078125,40,0.0,0.0
2008-09-26,ASII,1750.0,1770.0,1730.0,1750.0,790.6817016601562,40,0.0,0.0
2008-10-06,ASII,1650.0,1700.0,1600.0,1650.0,745.4999389648438,74835000,0.0,0.0
2008-10-07,ASII,1600.0,1660.0,1590.0,1600.0,722.908935546875,64200000,0.0,0.0
2008-10-08,ASII,1520.0,1520.0,1270.0,1280.0,578.3272094726562,25040000,0.0,0.0
2008-10-09,ASII,1280.0,1280.0,1280.0,1280.0,578.3272094726562,0,0.0,0.0
2008-10-10,ASII,1280.0,1280.0,1280.0,1280.0,578.3272094726562,0,0.0,0.0
2008-10-13,ASII,1295.0,1300.0,1155.0,1295.0,585.1044311523438,20,0.0,0.0
2008-10-14,ASII,1330.0,1420.0,1330.0,1420.0,641.5817260742188,54140000,0.0,0.0
2008-10-15,ASII,1410.0,1560.0,1360.0,1410.0,637.0635375976562,40,0.0,0.0
2008-10-16,ASII,1335.0,1410.0,1270.0,1335.0,603.1771240234375,40,0.0,0.0
2008-10-17,ASII,1350.0,1350.0,1205.0,1205.0,544.4409790039062,37785000,0.0,0.0
2008-10-20,ASII,1200.0,1205.0,1085.0,1115.0,503.7772216796875,91935000,0.0,0.0
2008-10-21,ASII,1150.0,1185.0,1140.0,1150.0,519.5908813476562,75840000,0.0,0.0
2008-10-22,ASII,1140.0,1170.0,1070.0,1075.0,485.7044372558594,74340000,0.0,0.0
2008-10-23,ASII,1000.0,1050.0,980.0,1000.0,451.8182067871094,40,0.0,0.0
2008-10-24,ASII,980.0,980.0,900.0,900.0,406.6363220214844,115050000,0.0,0.0
2008-10-27,ASII,810.0,820.0,810.0,810.0,365.97259521484375,40,0.0,0.0
2008-10-28,ASII,730.0,745.0,730.0,730.0,329.8272399902344,116580000,0.0,0.0
2008-10-29,ASII,750.0,760.0,660.0,710.0,334.5390319824219,111160000,30.0,0.0
2008-10-30,ASII,740.0,780.0,730.0,780.0,367.52166748046875,101665000,0.0,0.0
2008-10-31,ASII,800.0,935.0,790.0,935.0,440.55499267578125,95780000,0.0,0.0
2008-11-03,ASII,1050.0,1120.0,1050.0,1120.0,527.7235107421875,26610000,0.0,0.0
2008-11-04,ASII,1140.0,1340.0,1100.0,1240.0,584.2654418945312,121035000,0.0,0.0
2008-11-05,ASII,1260.0,1350.0,1120.0,1150.0,541.8590698242188,108240000,0.0,0.0
2008-11-06,ASII,1035.0,1100.0,1035.0,1035.0,487.6731262207031,40,0.0,0.0
2008-11-07,ASII,1030.0,1070.0,940.0,1030.0,485.317138671875,40,0.0,0.0
2008-11-10,ASII,1070.0,1085.0,975.0,995.0,468.82586669921875,85340000,0.0,0.0
2008-11-11,ASII,1015.0,1040.0,940.0,1015.0,478.2494812011719,40,0.0,0.0
2008-11-12,ASII,1010.0,1025.0,985.0,1010.0,475.89361572265625,40,0.0,0.0
2008-11-13,ASII,940.0,985.0,920.0,940.0,442.9107971191406,40,0.0,0.0
2008-11-14,ASII,980.0,1000.0,910.0,910.0,428.7753601074219,49095000,0.0,0.0
2008-11-17,ASII,880.0,920.0,855.0,880.0,414.639892578125,40,0.0,0.0
2008-11-18,ASII,855.0,860.0,795.0,855.0,402.86029052734375,40,0.0,0.0
2008-11-19,ASII,850.0,880.0,825.0,850.0,400.5044860839844,40,0.0,0.0
2008-11-20,ASII,840.0,860.0,780.0,840.0,395.79266357421875,40,0.0,0.0
2008-11-21,ASII,790.0,865.0,790.0,840.0,395.79266357421875,77010000,0.0,0.0
2008-11-24,ASII,820.0,860.0,820.0,820.0,386.3689880371094,40,0.0,0.0
2008-11-25,ASII,815.0,875.0,805.0,815.0,384.0130615234375,40,0.0,0.0
2008-11-26,ASII,820.0,875.0,820.0,865.0,407.57220458984375,60550000,0.0,0.0
2008-11-27,ASII,900.0,985.0,885.0,965.0,454.6903076171875,86010000,0.0,0.0
2008-11-28,ASII,965.0,1040.0,945.0,1020.0,480.6054382324219,54585000,0.0,0.0
2008-12-01,ASII,950.0,1040.0,945.0,950.0,447.6226501464844,40,0.0,0.0
2008-12-02,ASII,895.0,920.0,870.0,895.0,421.707763671875,40,0.0,0.0
2008-12-03,ASII,895.0,930.0,890.0,895.0,421.707763671875,40,0.0,0.0
2008-12-04,ASII,880.0,920.0,850.0,880.0,414.639892578125,40,0.0,0.0
2008-12-05,ASII,915.0,930.0,870.0,915.0,431.1313171386719,40,0.0,0.0
2008-12-09,ASII,970.0,1000.0,930.0,970.0,457.04632568359375,40,0.0,0.0
2008-12-10,ASII,970.0,1055.0,965.0,1040.0,490.0290832519531,175755000,0.0,0.0
2008-12-11,ASII,1065.0,1165.0,1040.0,1065.0,501.80853271484375,40,0.0,0.0
2008-12-12,ASII,1050.0,1055.0,960.0,970.0,457.04632568359375,105660000,0.0,0.0
2008-12-15,ASII,1060.0,1070.0,1000.0,1060.0,499.4527282714844,40,0.0,0.0
2008-12-16,ASII,1025.0,1060.0,1010.0,1025.0,482.9613037109375,40,0.0,0.0
2008-12-17,ASII,1095.0,1095.0,1065.0,1095.0,515.9439697265625,40,0.0,0.0
2008-12-18,ASII,1110.0,1120.0,1075.0,1110.0,523.0115966796875,40,0.0,0.0
2008-12-19,ASII,1085.0,1110.0,1075.0,1085.0,511.232177734375,40,0.0,0.0
2008-12-22,ASII,1110.0,1115.0,1070.0,1110.0,523.0115966796875,40,0.0,0.0
2008-12-23,ASII,1110.0,1110.0,1020.0,1040.0,490.0290832519531,51525000,0.0,0.0
2008-12-24,ASII,1060.0,1075.0,1025.0,1060.0,499.4527282714844,40,0.0,0.0
2008-12-30,ASII,1055.0,1105.0,1055.0,1055.0,497.0967102050781,40,0.0,0.0
2008-12-31,ASII,1055.0,1055.0,1055.0,1055.0,497.0967102050781,0,0.0,0.0
2009-01-05,ASII,1100.0,1255.0,1080.0,1220.0,574.8416748046875,80705000,0.0,0.0
2009-01-06,ASII,1220.0,1285.0,1220.0,1255.0,591.3330688476562,53175000,0.0,0.0
2009-01-07,ASII,1260.0,1370.0,1260.0,1350.0,636.0955200195312,77105000,0.0,0.0
2009-01-08,ASII,1295.0,1320.0,1280.0,1295.0,610.1802368164062,40,0.0,0.0
2009-01-09,ASII,1245.0,1300.0,1215.0,1245.0,586.6211547851562,40,0.0,0.0
2009-01-12,ASII,1295.0,1305.0,1230.0,1295.0,610.1802368164062,40,0.0,0.0
2009-01-13,ASII,1275.0,1290.0,1250.0,1275.0,600.7567749023438,40,0.0,0.0
2009-01-14,ASII,1290.0,1315.0,1280.0,1290.0,607.8244018554688,40,0.0,0.0
2009-01-15,ASII,1250.0,1270.0,1245.0,1250.0,588.9771728515625,40,0.0,0.0
2009-01-16,ASII,1245.0,1270.0,1245.0,1245.0,586.6211547851562,40,0.0,0.0
2009-01-19,ASII,1250.0,1265.0,1215.0,1250.0,588.9771728515625,39325000,0.0,0.0
2009-01-20,ASII,1255.0,1255.0,1190.0,1255.0,591.3330688476562,40,0.0,0.0
2009-01-21,ASII,1265.0,1285.0,1220.0,1265.0,596.0448608398438,40,0.0,0.0
2009-01-22,ASII,1255.0,1280.0,1230.0,1255.0,591.3330688476562,40,0.0,0.0
2009-01-23,ASII,1240.0,1245.0,1230.0,1240.0,584.2654418945312,40,0.0,0.0
2009-01-27,ASII,1310.0,1325.0,1250.0,1310.0,617.2481079101562,40,0.0,0.0
2009-01-28,ASII,1290.0,1325.0,1290.0,1290.0,607.8244018554688,40,0.0,0.0
2009-01-29,ASII,1290.0,1340.0,1285.0,1290.0,607.8244018554688,40,0.0,0.0
2009-01-30,ASII,1300.0,1300.0,1245.0,1300.0,612.5361328125,40,0.0,0.0
2009-02-02,ASII,1275.0,1310.0,1255.0,1275.0,600.7567749023438,40,0.0,0.0
2009-02-03,ASII,1245.0,1285.0,1235.0,1245.0,586.6211547851562,40,0.0,0.0
2009-02-04,ASII,1250.0,1250.0,1160.0,1170.0,551.2825317382812,84900000,0.0,0.0
2009-02-05,ASII,1185.0,1190.0,1140.0,1185.0,558.3504028320312,40,0.0,0.0
2009-02-06,ASII,1190.0,1210.0,1185.0,1190.0,560.7059936523438,40,0.0,0.0
2009-02-09,ASII,1195.0,1205.0,1185.0,1195.0,563.06201171875,40,0.0,0.0
2009-02-10,ASII,1165.0,1195.0,1165.0,1165.0,548.9267578125,40,0.0,0.0
2009-02-11,ASII,1090.0,1145.0,1080.0,1090.0,513.5880737304688,40,0.0,0.0
2009-02-12,ASII,1105.0,1120.0,1085.0,1105.0,520.65576171875,40,0.0,0.0
2009-02-13,ASII,1095.0,1120.0,1090.0,1095.0,515.9439697265625,40,0.0,0.0
2009-02-16,ASII,1110.0,1140.0,1090.0,1110.0,523.0115966796875,40,0.0,0.0
2009-02-17,ASII,1080.0,1110.0,1070.0,1080.0,508.8763427734375,40,0.0,0.0
2009-02-18,ASII,1095.0,1100.0,1055.0,1095.0,515.9439697265625,40,0.0,0.0
2009-02-19,ASII,1110.0,1115.0,1080.0,1110.0,523.0115966796875,40,0.0,0.0
2009-02-20,ASII,1090.0,1100.0,1080.0,1090.0,513.5880737304688,40,0.0,0.0
2009-02-23,ASII,1095.0,1100.0,1075.0,1095.0,515.9439697265625,40,0.0,0.0
2009-02-24,ASII,1095.0,1100.0,1075.0,1095.0,515.9439697265625,40,0.0,0.0
2009-02-25,ASII,1135.0,1135.0,1100.0,1135.0,534.7911987304688,40,0.0,0.0
2009-02-26,ASII,1135.0,1145.0,1120.0,1135.0,534.7911987304688,39465000,0.0,0.0
2009-02-27,ASII,1130.0,1155.0,1125.0,1130.0,532.4354858398438,55190000,0.0,0.0
2009-03-02,ASII,1085.0,1145.0,1075.0,1085.0,511.232177734375,40,0.0,0.0
2009-03-03,ASII,1080.0,1090.0,1060.0,1080.0,508.8763427734375,31565000,0.0,0.0
2009-03-04,ASII,1100.0,1105.0,1070.0,1100.0,518.2999877929688,40,0.0,0.0
2009-03-05,ASII,1115.0,1125.0,1080.0,1115.0,525.3675537109375,40,0.0,0.0
2009-03-06,ASII,1125.0,1140.0,1100.0,1125.0,530.07958984375,40,0.0,0.0
2009-03-10,ASII,1130.0,1140.0,1125.0,1130.0,532.4354858398438,40,0.0,0.0
2009-03-11,ASII,1190.0,1195.0,1145.0,1190.0,560.7059936523438,40,0.0,0.0
2009-03-12,ASII,1245.0,1245.0,1190.0,1245.0,586.6211547851562,40,0.0,0.0
2009-03-13,ASII,1300.0,1315.0,1250.0,1300.0,612.5361328125,40,0.0,0.0
2009-03-16,ASII,1310.0,1325.0,1290.0,1310.0,617.2481079101562,40,0.0,0.0
2009-03-17,ASII,1260.0,1310.0,1255.0,1260.0,593.6889038085938,40,0.0,0.0
2009-03-18,ASII,1265.0,1360.0,1265.0,1340.0,631.3834228515625,49490000,0.0,0.0
2009-03-19,ASII,1345.0,1465.0,1345.0,1435.0,676.1458740234375,81560000,0.0,0.0
2009-03-20,ASII,1370.0,1460.0,1370.0,1370.0,645.5188598632812,40,0.0,0.0
2009-03-23,ASII,1395.0,1520.0,1395.0,1490.0,702.0609741210938,41110000,0.0,0.0
2009-03-24,ASII,1525.0,1570.0,1480.0,1525.0,718.5520629882812,40,0.0,0.0
2009-03-25,ASII,1525.0,1570.0,1525.0,1525.0,718.5520629882812,40,0.0,0.0
2009-03-27,ASII,1580.0,1600.0,1560.0,1580.0,744.4671630859375,40,0.0,0.0
2009-03-30,ASII,1600.0,1600.0,1415.0,1425.0,671.43408203125,80415000,0.0,0.0
2009-03-31,ASII,1425.0,1485.0,1395.0,1425.0,671.43408203125,63710000,0.0,0.0
2009-04-01,ASII,1460.0,1555.0,1450.0,1545.0,727.9757080078125,57765000,0.0,0.0
2009-04-02,ASII,1570.0,1660.0,1550.0,1570.0,739.7554321289062,40,0.0,0.0
2009-04-03,ASII,1560.0,1630.0,1550.0,1560.0,735.0433349609375,40,0.0,0.0
2009-04-06,ASII,1525.0,1580.0,1490.0,1525.0,718.5520629882812,40,0.0,0.0
2009-04-07,ASII,1465.0,1525.0,1435.0,1465.0,690.2811889648438,40,0.0,0.0
2009-04-08,ASII,1450.0,1485.0,1445.0,1450.0,683.2136840820312,40,0.0,0.0
2009-04-09,ASII,1450.0,1450.0,1450.0,1450.0,683.2136840820312,0,0.0,0.0
2009-04-13,ASII,1525.0,1545.0,1490.0,1525.0,718.5520629882812,40,0.0,0.0
2009-04-14,ASII,1550.0,1555.0,1520.0,1550.0,730.3318481445312,40,0.0,0.0
2009-04-15,ASII,1545.0,1580.0,1525.0,1545.0,727.9757080078125,64140000,0.0,0.0
2009-04-16,ASII,1585.0,1595.0,1560.0,1585.0,746.82275390625,40,0.0,0.0
2009-04-17,ASII,1600.0,1620.0,1545.0,1580.0,744.4671630859375,60815000,0.0,0.0
2009-04-20,ASII,1595.0,1605.0,1575.0,1595.0,751.5347900390625,40,0.0,0.0
2009-04-22,ASII,1530.0,1605.0,1500.0,1530.0,720.9080200195312,40,0.0,0.0
2009-04-23,ASII,1565.0,1600.0,1510.0,1565.0,737.399658203125,40,0.0,0.0
2009-04-24,ASII,1545.0,1590.0,1530.0,1545.0,727.9757080078125,40,0.0,0.0
2009-04-27,ASII,1510.0,1550.0,1505.0,1510.0,711.484375,40,0.0,0.0
2009-04-28,ASII,1520.0,1570.0,1475.0,1520.0,716.1961669921875,40,0.0,0.0
2009-04-29,ASII,1575.0,1590.0,1520.0,1575.0,742.1114501953125,40,0.0,0.0
2009-04-30,ASII,1600.0,1870.0,1600.0,1800.0,848.127197265625,132835000,0.0,0.0
2009-05-01,ASII,1770.0,1810.0,1745.0,1770.0,833.9915771484375,40,0.0,0.0
2009-05-04,ASII,1855.0,1885.0,1800.0,1855.0,874.0423583984375,40,0.0,0.0
2009-05-05,ASII,1900.0,1925.0,1810.0,1900.0,895.2453002929688,40,0.0,0.0
2009-05-06,ASII,1895.0,1930.0,1880.0,1895.0,892.8892822265625,40,0.0,0.0
2009-05-07,ASII,1900.0,1915.0,1885.0,1900.0,895.2453002929688,76900000,0.0,0.0
2009-05-08,ASII,1900.0,2180.0,1890.0,2155.0,1015.3966064453125,48485000,0.0,0.0
2009-05-11,ASII,2160.0,2160.0,1945.0,1975.0,930.5838623046875,85260000,0.0,0.0
2009-05-12,ASII,1930.0,1975.0,1915.0,1930.0,909.380615234375,40,0.0,0.0
2009-05-13,ASII,1915.0,1960.0,1880.0,1915.0,902.31298828125,40,0.0,0.0
2009-05-14,ASII,1835.0,1900.0,1820.0,1835.0,864.6183471679688,40,0.0,0.0
2009-05-15,ASII,1830.0,1890.0,1800.0,1830.0,862.2626342773438,40,0.0,0.0
2009-05-18,ASII,1810.0,1850.0,1700.0,1810.0,852.8388671875,40,0.0,0.0
2009-05-19,ASII,1975.0,1995.0,1890.0,1975.0,930.5838623046875,40,0.0,0.0
2009-05-20,ASII,2000.0,2070.0,1975.0,2000.0,942.363525390625,40,0.0,0.0
2009-05-21,ASII,2000.0,2000.0,2000.0,2000.0,942.363525390625,0,0.0,0.0
2009-05-22,ASII,1975.0,2000.0,1960.0,1975.0,930.5838623046875,40,0.0,0.0
2009-05-25,ASII,1965.0,1995.0,1950.0,1965.0,925.8718872070312,40,0.0,0.0
2009-05-26,ASII,1910.0,1990.0,1900.0,1910.0,899.9568481445312,40,0.0,0.0
2009-05-27,ASII,1930.0,2080.0,1930.0,2075.0,977.7021484375,89465000,0.0,0.0
2009-05-28,ASII,2175.0,2230.0,2075.0,2175.0,1024.8204345703125,40,0.0,0.0
2009-05-29,ASII,2200.0,2230.0,2075.0,2080.0,980.0581665039062,60550000,0.0,0.0
2009-06-01,ASII,2195.0,2200.0,2100.0,2195.0,1034.2437744140625,40,0.0,0.0
2009-06-02,ASII,2215.0,2245.0,2190.0,2215.0,1043.66748046875,40,0.0,0.0
2009-06-03,ASII,2210.0,2250.0,2200.0,2210.0,1041.3115234375,40,0.0,0.0
2009-06-04,ASII,2260.0,2270.0,2200.0,2260.0,1064.8709716796875,40,0.0,0.0
2009-06-05,ASII,2290.0,2450.0,2290.0,2415.0,1137.9039306640625,67210000,0.0,0.0
2009-06-08,ASII,2370.0,2450.0,2365.0,2370.0,1116.7008056640625,40,0.0,0.0
2009-06-09,ASII,2470.0,2580.0,2400.0,2470.0,1163.8187255859375,40,0.0,0.0
2009-06-10,ASII,2450.0,2490.0,2440.0,2450.0,1154.3953857421875,40,0.0,0.0
2009-06-11,ASII,2360.0,2450.0,2350.0,2360.0,1111.989013671875,40,0.0,0.0
2009-06-12,ASII,2390.0,2440.0,2375.0,2390.0,1126.1240234375,47005000,0.0,0.0
2009-06-15,ASII,2370.0,2475.0,2370.0,2370.0,1116.7008056640625,40,0.0,0.0
2009-06-16,ASII,2320.0,2340.0,2265.0,2320.0,1093.1416015625,40,0.0,0.0
2009-06-17,ASII,2330.0,2330.0,2280.0,2330.0,1097.853515625,40,0.0,0.0
2009-06-18,ASII,2280.0,2280.0,2090.0,2120.0,1023.9548950195312,56375000,57.0,0.0
2009-06-19,ASII,2205.0,2260.0,2080.0,2205.0,1065.009521484375,40,0.0,0.0
2009-06-22,ASII,2290.0,2305.0,2205.0,2290.0,1106.064453125,40,0.0,0.0
2009-06-23,ASII,2275.0,2340.0,2185.0,2275.0,1098.8197021484375,40,0.0,0.0
2009-06-24,ASII,2335.0,2355.0,2290.0,2335.0,1127.79931640625,40,0.0,0.0
2009-06-25,ASII,2355.0,2410.0,2335.0,2355.0,1137.459228515625,40,0.0,0.0
2009-06-26,ASII,2395.0,2420.0,2375.0,2395.0,1156.779052734375,40,0.0,0.0
2009-06-29,ASII,2400.0,2400.0,2360.0,2400.0,1159.1944580078125,16760000,0.0,0.0
2009-06-30,ASII,2380.0,2420.0,2370.0,2380.0,1149.533935546875,40,0.0,0.0
2009-07-01,ASII,2375.0,2400.0,2375.0,2375.0,1147.119140625,17280000,0.0,0.0
2009-07-02,ASII,2365.0,2375.0,2325.0,2325.0,1122.9693603515625,31990000,0.0,0.0
2009-07-03,ASII,2345.0,2360.0,2310.0,2345.0,1132.62890625,40,0.0,0.0
2009-07-06,ASII,2325.0,2350.0,2310.0,2325.0,1122.9693603515625,40,0.0,0.0
2009-07-07,ASII,2350.0,2355.0,2265.0,2350.0,1135.0438232421875,40,0.0,0.0
2009-07-08,ASII,2350.0,2350.0,2350.0,2350.0,1135.0438232421875,0,0.0,0.0
2009-07-09,ASII,2430.0,2570.0,2360.0,2565.0,1238.8887939453125,114790000,0.0,0.0
2009-07-10,ASII,2565.0,2565.0,2495.0,2505.0,1209.90869140625,36295000,0.0,0.0
2009-07-13,ASII,2500.0,2530.0,2450.0,2500.0,1207.4940185546875,40,0.0,0.0
2009-07-14,ASII,2505.0,2560.0,2500.0,2505.0,1209.90869140625,40,0.0,0.0
2009-07-15,ASII,2510.0,2695.0,2510.0,2690.0,1299.2635498046875,50900000,0.0,0.0
2009-07-16,ASII,2750.0,2820.0,2740.0,2750.0,1328.2430419921875,63845000,0.0,0.0
2009-07-17,ASII,2725.0,2770.0,2660.0,2725.0,1316.16845703125,40,0.0,0.0
2009-07-20,ASII,2725.0,2725.0,2725.0,2725.0,1316.16845703125,0,0.0,0.0
2009-07-21,ASII,2720.0,2835.0,2680.0,2720.0,1313.75341796875,40,0.0,0.0
2009-07-22,ASII,2635.0,2750.0,2600.0,2635.0,1272.6986083984375,40,0.0,0.0
2009-07-23,ASII,2740.0,2750.0,2670.0,2740.0,1323.412841796875,40,0.0,0.0
2009-07-24,ASII,2760.0,2810.0,2750.0,2760.0,1333.073486328125,40,0.0,0.0
2009-07-27,ASII,2705.0,2800.0,2685.0,2705.0,1306.5084228515625,40,0.0,0.0
2009-07-28,ASII,2680.0,2720.0,2655.0,2680.0,1294.43310546875,40,0.0,0.0
2009-07-29,ASII,2710.0,2740.0,2670.0,2710.0,1308.9234619140625,40,0.0,0.0
2009-07-30,ASII,2810.0,2810.0,2710.0,2810.0,1357.223388671875,40,0.0,0.0
2009-07-31,ASII,2930.0,2950.0,2850.0,2930.0,1415.1829833984375,40,0.0,0.0
2009-08-03,ASII,3040.0,3070.0,2930.0,3040.0,1468.312744140625,40,0.0,0.0
2009-08-04,ASII,3105.0,3130.0,3030.0,3105.0,1499.7071533203125,40,0.0,0.0
2009-08-05,ASII,2995.0,3080.0,2965.0,2995.0,1446.577880859375,40,0.0,0.0
2009-08-06,ASII,3000.0,3015.0,2955.0,3000.0,1448.9927978515625,40,0.0,0.0
2009-08-07,ASII,3100.0,3100.0,3000.0,3100.0,1497.2926025390625,40,0.0,0.0
2009-08-10,ASII,3150.0,3195.0,3050.0,3150.0,1521.44287109375,40,0.0,0.0
2009-08-11,ASII,3130.0,3170.0,3130.0,3130.0,1511.78271484375,40,0.0,0.0
2009-08-12,ASII,3130.0,3130.0,3070.0,3095.0,1494.8773193359375,27835000,0.0,0.0
2009-08-13,ASII,3100.0,3140.0,3050.0,3100.0,1497.2926025390625,38375000,0.0,0.0
2009-08-14,ASII,2985.0,3115.0,2910.0,2985.0,1441.748046875,40,0.0,0.0
2009-08-18,ASII,2880.0,2910.0,2810.0,2880.0,1391.03271484375,40,0.0,0.0
2009-08-19,ASII,2860.0,2920.0,2845.0,2860.0,1381.3734130859375,40,0.0,0.0
2009-08-20,ASII,2860.0,2915.0,2825.0,2860.0,1381.3734130859375,32810000,0.0,0.0
2009-08-21,ASII,2860.0,2930.0,2855.0,2860.0,1381.3734130859375,40,0.0,0.0
2009-08-24,ASII,2950.0,2950.0,2920.0,2950.0,1424.8427734375,40,0.0,0.0
2009-08-25,ASII,2945.0,3000.0,2910.0,2945.0,1422.427734375,40,0.0,0.0
2009-08-26,ASII,2915.0,2980.0,2915.0,2915.0,1407.9378662109375,40,0.0,0.0
2009-08-27,ASII,2970.0,2970.0,2900.0,2970.0,1434.5025634765625,40,0.0,0.0
2009-08-28,ASII,3000.0,3040.0,2930.0,3000.0,1448.9927978515625,40,0.0,0.0
2009-08-31,ASII,3015.0,3065.0,2980.0,3015.0,1456.238037109375,40,0.0,0.0
2009-09-01,ASII,3060.0,3090.0,3015.0,3060.0,1477.9725341796875,40,0.0,0.0
2009-09-02,ASII,2930.0,3060.0,2880.0,2930.0,1415.1829833984375,40,0.0,0.0
2009-09-03,ASII,2905.0,2945.0,2900.0,2905.0,1403.107666015625,40,0.0,0.0
2009-09-04,ASII,2940.0,2970.0,2905.0,2940.0,1420.0123291015625,40,0.0,0.0
2009-09-07,ASII,2950.0,2970.0,2925.0,2950.0,1424.8427734375,13590000,0.0,0.0
2009-09-08,ASII,2995.0,2995.0,2940.0,2995.0,1446.577880859375,40,0.0,0.0
2009-09-09,ASII,3025.0,3050.0,3000.0,3025.0,1461.0679931640625,40,0.0,0.0
2009-09-10,ASII,3120.0,3265.0,3025.0,3120.0,1506.9525146484375,40,0.0,0.0
2009-09-11,ASII,3160.0,3195.0,3120.0,3160.0,1526.2723388671875,40,0.0,0.0
2009-09-14,ASII,3145.0,3170.0,3115.0,3145.0,1519.0272216796875,40,0.0,0.0
2009-09-15,ASII,3150.0,3405.0,3145.0,3385.0,1634.947021484375,48285000,0.0,0.0
2009-09-16,ASII,3290.0,3415.0,3260.0,3290.0,1589.062255859375,40,0.0,0.0
2009-09-17,ASII,3220.0,3380.0,3220.0,3220.0,1555.2520751953125,40,0.0,0.0
2009-09-24,ASII,3180.0,3250.0,3100.0,3180.0,1535.932373046875,40,0.0,0.0
2009-09-25,ASII,3130.0,3180.0,3100.0,3130.0,1511.78271484375,40,0.0,0.0
2009-09-28,ASII,3005.0,3100.0,2990.0,3005.0,1451.40771484375,40,0.0,0.0
2009-09-29,ASII,3190.0,3200.0,3040.0,3190.0,1540.7620849609375,40,0.0,0.0
2009-09-30,ASII,3335.0,3335.0,3120.0,3335.0,1610.797119140625,40,0.0,0.0
2009-10-01,ASII,3350.0,3400.0,3300.0,3350.0,1618.0421142578125,40,0.0,0.0
2009-10-02,ASII,3265.0,3335.0,3240.0,3265.0,1576.9869384765625,40,0.0,0.0
2009-10-05,ASII,3220.0,3265.0,3180.0,3220.0,1555.2520751953125,40,0.0,0.0
2009-10-06,ASII,3280.0,3500.0,3280.0,3460.0,1671.1715087890625,66575000,0.0,0.0
2009-10-07,ASII,3475.0,3530.0,3450.0,3475.0,1678.4166259765625,40,0.0,0.0
2009-10-08,ASII,3385.0,3475.0,3340.0,3385.0,1634.947021484375,40,0.0,0.0
2009-10-09,ASII,3355.0,3420.0,3300.0,3355.0,1620.45654296875,40,0.0,0.0
2009-10-12,ASII,3360.0,3435.0,3335.0,3360.0,1622.8719482421875,40,0.0,0.0
2009-10-13,ASII,3355.0,3360.0,3290.0,3355.0,1620.45654296875,40,0.0,0.0
2009-10-14,ASII,3395.0,3415.0,3350.0,3395.0,1639.7764892578125,40,0.0,0.0
2009-10-15,ASII,3370.0,3475.0,3355.0,3370.0,1627.70166015625,40,0.0,0.0
2009-10-16,ASII,3290.0,3390.0,3280.0,3290.0,1589.062255859375,40,0.0,0.0
2009-10-19,ASII,3300.0,3330.0,3220.0,3300.0,1593.892333984375,40,0.0,0.0
2009-10-20,ASII,3320.0,3365.0,3310.0,3320.0,1603.5518798828125,40,0.0,0.0
2009-10-21,ASII,3250.0,3320.0,3240.0,3250.0,1569.7418212890625,40,0.0,0.0
2009-10-22,ASII,3135.0,3250.0,3130.0,3135.0,1514.197265625,40,0.0,0.0
2009-10-23,ASII,3265.0,3265.0,3175.0,3265.0,1576.9869384765625,40,0.0,0.0
2009-10-26,ASII,3310.0,3315.0,3275.0,3310.0,1598.72216796875,40,0.0,0.0
2009-10-27,ASII,3295.0,3315.0,3245.0,3295.0,1591.4771728515625,40,0.0,0.0
2009-10-28,ASII,3195.0,3300.0,3180.0,3195.0,1543.1768798828125,40,0.0,0.0
2009-10-29,ASII,3200.0,3205.0,2995.0,3200.0,1545.5919189453125,40,0.0,0.0
2009-10-30,ASII,3130.0,3275.0,3130.0,3130.0,1525.608642578125,40,29.0,0.0
2009-11-02,ASII,3105.0,3110.0,3000.0,3105.0,1513.422607421875,40,0.0,0.0
2009-11-03,ASII,3025.0,3130.0,3025.0,3025.0,1474.4300537109375,40,0.0,0.0
2009-11-04,ASII,3020.0,3050.0,2995.0,3020.0,1471.9923095703125,40,0.0,0.0
2009-11-05,ASII,2980.0,3020.0,2975.0,2980.0,1452.4959716796875,40,0.0,0.0
2009-11-06,ASII,3035.0,3040.0,2985.0,3035.0,1479.303955078125,40,0.0,0.0
2009-11-09,ASII,3160.0,3165.0,3010.0,3160.0,1540.2308349609375,40,0.0,0.0
2009-11-10,ASII,3105.0,3225.0,3090.0,3105.0,1513.422607421875,40,0.0,0.0
2009-11-11,ASII,3100.0,3175.0,3100.0,3100.0,1510.9859619140625,40,0.0,0.0
2009-11-12,ASII,3275.0,3280.0,3150.0,3275.0,1596.2833251953125,40,0.0,0.0
2009-11-13,ASII,3270.0,3280.0,3250.0,3270.0,1593.8466796875,14965000,0.0,0.0
2009-11-16,ASII,3355.0,3360.0,3275.0,3355.0,1635.2762451171875,40,0.0,0.0
2009-11-17,ASII,3365.0,3390.0,3350.0,3365.0,1640.150634765625,40,0.0,0.0
2009-11-18,ASII,3425.0,3450.0,3170.0,3425.0,1669.3961181640625,40,0.0,0.0
2009-11-19,ASII,3325.0,3430.0,3280.0,3325.0,1620.654052734375,40,0.0,0.0
2009-11-20,ASII,3325.0,3345.0,3290.0,3325.0,1620.654052734375,40,0.0,0.0
2009-11-23,ASII,3315.0,3335.0,3270.0,3315.0,1615.7801513671875,40,0.0,0.0
2009-11-24,ASII,3335.0,3345.0,3310.0,3335.0,1625.528564453125,40,0.0,0.0
2009-11-25,ASII,3290.0,3345.0,3280.0,3290.0,1603.5948486328125,40,0.0,0.0
2009-11-26,ASII,3200.0,3310.0,3165.0,3200.0,1559.72705078125,40,0.0,0.0
2009-11-30,ASII,3235.0,3310.0,3140.0,3235.0,1576.7867431640625,40,0.0,0.0
2009-12-01,ASII,3260.0,3260.0,3190.0,3260.0,1588.972412109375,40,0.0,0.0
2009-12-02,ASII,3300.0,3305.0,3175.0,3255.0,1586.5350341796875,80865000,0.0,0.0
2009-12-03,ASII,3265.0,3285.0,3220.0,3265.0,1591.408935546875,30640000,0.0,0.0
2009-12-04,ASII,3250.0,3320.0,3230.0,3320.0,1618.2169189453125,26925000,0.0,0.0
2009-12-07,ASII,3320.0,3385.0,3290.0,3340.0,1627.96533203125,40755000,0.0,0.0
2009-12-08,ASII,3350.0,3385.0,3310.0,3385.0,1649.8994140625,18690000,0.0,0.0
2009-12-09,ASII,3310.0,3370.0,3300.0,3310.0,1613.343017578125,40,0.0,0.0
2009-12-10,ASII,3325.0,3330.0,3310.0,3325.0,1620.654052734375,40,0.0,0.0
2009-12-11,ASII,3400.0,3400.0,3350.0,3400.0,1657.2100830078125,40,0.0,0.0
2009-12-14,ASII,3395.0,3400.0,3365.0,3395.0,1654.7728271484375,40,0.0,0.0
2009-12-15,ASII,3410.0,3415.0,3370.0,3410.0,1662.0843505859375,40,0.0,0.0
2009-12-16,ASII,3450.0,3450.0,3395.0,3450.0,1681.5810546875,40,0.0,0.0
2009-12-17,ASII,3500.0,3560.0,3445.0,3500.0,1705.9517822265625,40,0.0,0.0
2009-12-21,ASII,3390.0,3450.0,3350.0,3390.0,1652.336181640625,40,0.0,0.0
2009-12-22,ASII,3410.0,3430.0,3365.0,3410.0,1662.0843505859375,40,0.0,0.0
2009-12-23,ASII,3400.0,3430.0,3390.0,3400.0,1657.2100830078125,9995000,0.0,0.0
2009-12-28,ASII,3430.0,3460.0,3405.0,3420.0,1666.9581298828125,8235000,0.0,0.0
2009-12-29,ASII,3395.0,3450.0,3375.0,3395.0,1654.7728271484375,40,0.0,0.0
2009-12-30,ASII,3470.0,3470.0,3405.0,3470.0,1691.3289794921875,40,0.0,0.0
2010-01-04,ASII,3530.0,3550.0,3465.0,3530.0,1720.5740966796875,40,0.0,0.0
2010-01-05,ASII,3550.0,3570.0,3485.0,3550.0,1730.32275390625,40,0.0,0.0
2010-01-06,ASII,3530.0,3580.0,3515.0,3530.0,1720.5740966796875,40,0.0,0.0
2010-01-07,ASII,3420.0,3560.0,3415.0,3420.0,1666.9581298828125,40,0.0,0.0
2010-01-08,ASII,3440.0,3450.0,3380.0,3440.0,1676.7071533203125,40,0.0,0.0
2010-01-11,ASII,3495.0,3505.0,3440.0,3495.0,1703.5142822265625,40,0.0,0.0
2010-01-12,ASII,3540.0,3540.0,3480.0,3540.0,1725.4483642578125,40,0.0,0.0
2010-01-13,ASII,3510.0,3545.0,3500.0,3510.0,1710.8255615234375,40,0.0,0.0
2010-01-14,ASII,3555.0,3580.0,3520.0,3555.0,1732.759765625,40,0.0,0.0
2010-01-15,ASII,3620.0,3620.0,3550.0,3620.0,1764.4412841796875,40,0.0,0.0
2010-01-18,ASII,3600.0,3630.0,3580.0,3600.0,1754.693359375,17475000,0.0,0.0
2010-01-19,ASII,3625.0,3625.0,3590.0,3625.0,1766.8787841796875,40,0.0,0.0
2010-01-20,ASII,3580.0,3650.0,3570.0,3580.0,1744.9451904296875,40,0.0,0.0
2010-01-21,ASII,3525.0,3590.0,3520.0,3525.0,1718.1373291015625,40,0.0,0.0
2010-01-22,ASII,3380.0,3490.0,3365.0,3380.0,1647.4617919921875,40,0.0,0.0
2010-01-25,ASII,3340.0,3365.0,3320.0,3340.0,1627.96533203125,40,0.0,0.0
2010-01-26,ASII,3350.0,3400.0,3340.0,3385.0,1649.8994140625,39415000,0.0,0.0
2010-01-27,ASII,3435.0,3460.0,3385.0,3435.0,1674.2694091796875,40,0.0,0.0
2010-01-28,ASII,3600.0,3600.0,3465.0,3600.0,1754.693359375,40,0.0,0.0
2010-01-29,ASII,3595.0,3600.0,3485.0,3595.0,1752.2557373046875,40,0.0,0.0
2010-02-01,ASII,3540.0,3565.0,3490.0,3540.0,1725.4483642578125,32005000,0.0,0.0
2010-02-02,ASII,3600.0,3625.0,3570.0,3600.0,1754.693359375,40,0.0,0.0
2010-02-03,ASII,3565.0,3630.0,3555.0,3565.0,1737.6336669921875,40,0.0,0.0
2010-02-04,ASII,3535.0,3550.0,3505.0,3535.0,1723.0108642578125,40,0.0,0.0
2010-02-05,ASII,3435.0,3480.0,3385.0,3435.0,1674.2694091796875,55910000,0.0,0.0
2010-02-08,ASII,3370.0,3430.0,3275.0,3370.0,1642.587646484375,99845000,0.0,0.0
2010-02-09,ASII,3415.0,3435.0,3300.0,3415.0,1664.5216064453125,57595000,0.0,0.0
2010-02-10,ASII,3425.0,3450.0,3395.0,3425.0,1669.3961181640625,53390000,0.0,0.0
2010-02-11,ASII,3430.0,3445.0,3410.0,3430.0,1671.832763671875,15155000,0.0,0.0
2010-02-12,ASII,3530.0,3530.0,3410.0,3530.0,1720.5740966796875,31160000,0.0,0.0
2010-02-15,ASII,3495.0,3540.0,3450.0,3495.0,1703.5142822265625,5995000,0.0,0.0
2010-02-16,ASII,3570.0,3590.0,3505.0,3570.0,1740.0709228515625,23180000,0.0,0.0
2010-02-17,ASII,3625.0,3625.0,3575.0,3625.0,1766.8787841796875,43570000,0.0,0.0
2010-02-18,ASII,3600.0,3670.0,3600.0,3600.0,1754.693359375,31740000,0.0,0.0
2010-02-19,ASII,3615.0,3620.0,3550.0,3615.0,1762.0042724609375,9280000,0.0,0.0
2010-02-22,ASII,3655.0,3665.0,3620.0,3655.0,1781.501220703125,20890000,0.0,0.0
2010-02-23,ASII,3690.0,3695.0,3570.0,3690.0,1798.560546875,29010000,0.0,0.0
2010-02-24,ASII,3680.0,3705.0,3625.0,3680.0,1793.6866455078125,18195000,0.0,0.0
2010-02-25,ASII,3625.0,3680.0,3575.0,3625.0,1766.8787841796875,27700000,0.0,0.0
2010-03-01,ASII,3685.0,3730.0,3650.0,3685.0,1796.1239013671875,63455000,0.0,0.0
2010-03-02,ASII,3620.0,3725.0,3600.0,3620.0,1764.4412841796875,40145000,0.0,0.0
2010-03-03,ASII,3615.0,3670.0,3615.0,3615.0,1762.0042724609375,20215000,0.0,0.0
2010-03-04,ASII,3605.0,3650.0,3590.0,3605.0,1757.13037109375,28145000,0.0,0.0
2010-03-05,ASII,3680.0,3685.0,3620.0,3680.0,1793.6866455078125,59615000,0.0,0.0
2010-03-08,ASII,3900.0,3915.0,3710.0,3900.0,1900.9176025390625,74635000,0.0,0.0
2010-03-09,ASII,4025.0,4070.0,3900.0,4025.0,1961.8443603515625,44200000,0.0,0.0
2010-03-10,ASII,3995.0,4075.0,3980.0,3995.0,1947.221923828125,23225000,0.0,0.0
2010-03-11,ASII,3960.0,4020.0,3910.0,3960.0,1930.1619873046875,22790000,0.0,0.0
2010-03-12,ASII,3900.0,3980.0,3890.0,3900.0,1900.9176025390625,20275000,0.0,0.0
2010-03-15,ASII,3865.0,3935.0,3855.0,3865.0,1883.8583984375,30135000,0.0,0.0
2010-03-17,ASII,4085.0,4085.0,3910.0,4085.0,1991.0888671875,52215000,0.0,0.0
2010-03-18,ASII,4020.0,4215.0,4005.0,4020.0,1959.4073486328125,57970000,0.0,0.0
2010-03-19,ASII,4010.0,4110.0,4005.0,4010.0,1954.53369140625,35615000,0.0,0.0
2010-03-22,ASII,4020.0,4120.0,4000.0,4020.0,1959.4073486328125,16745000,0.0,0.0
2010-03-23,ASII,4080.0,4160.0,4045.0,4080.0,1988.6524658203125,33375000,0.0,0.0
2010-03-24,ASII,4180.0,4185.0,4110.0,4180.0,2037.393310546875,25965000,0.0,0.0
2010-03-25,ASII,4300.0,4405.0,4150.0,4300.0,2095.8837890625,62530000,0.0,0.0
2010-03-26,ASII,4315.0,4355.0,4300.0,4315.0,2103.195068359375,19165000,0.0,0.0
2010-03-29,ASII,4260.0,4310.0,4200.0,4260.0,2076.386962890625,26415000,0.0,0.0
2010-03-30,ASII,4240.0,4280.0,4200.0,4240.0,2066.638671875,25570000,0.0,0.0
2010-03-31,ASII,4190.0,4320.0,4190.0,4190.0,2042.2679443359375,34990000,0.0,0.0
2010-04-01,ASII,4450.0,4500.0,4240.0,4450.0,2168.99560546875,43200000,0.0,0.0
2010-04-05,ASII,4670.0,4815.0,4465.0,4670.0,2276.22705078125,41990000,0.0,0.0
2010-04-06,ASII,4530.0,4670.0,4470.0,4530.0,2207.98876953125,38330000,0.0,0.0
2010-04-07,ASII,4550.0,4615.0,4515.0,4550.0,2217.73779296875,29430000,0.0,0.0
2010-04-08,ASII,4380.0,4500.0,4355.0,4380.0,2134.876953125,64245000,0.0,0.0
2010-04-09,ASII,4345.0,4420.0,4310.0,4345.0,2117.81689453125,27390000,0.0,0.0
2010-04-12,ASII,4455.0,4500.0,4360.0,4455.0,2171.43310546875,28690000,0.0,0.0
2010-04-13,ASII,4390.0,4450.0,4360.0,4390.0,2139.750244140625,22870000,0.0,0.0
2010-04-14,ASII,4335.0,4435.0,4330.0,4335.0,2112.943115234375,37890000,0.0,0.0
2010-04-15,ASII,4345.0,4410.0,4340.0,4345.0,2117.81689453125,17140000,0.0,0.0
2010-04-16,ASII,4290.0,4380.0,4285.0,4290.0,2091.00927734375,29085000,0.0,0.0
2010-04-19,ASII,4310.0,4320.0,4190.0,4310.0,2100.7578125,29075000,0.0,0.0
2010-04-20,ASII,4390.0,4395.0,4330.0,4390.0,2139.750244140625,36400000,0.0,0.0
2010-04-21,ASII,4515.0,4535.0,4410.0,4515.0,2200.67822265625,49755000,0.0,0.0
2010-04-22,ASII,4545.0,4550.0,4445.0,4545.0,2215.30029296875,18300000,0.0,0.0
2010-04-23,ASII,4580.0,4605.0,4500.0,4580.0,2232.359619140625,26865000,0.0,0.0
2010-04-26,ASII,4700.0,4740.0,4610.0,4700.0,2290.848876953125,31585000,0.0,0.0
2010-04-27,ASII,4620.0,4700.0,4620.0,4620.0,2251.8564453125,27150000,0.0,0.0
2010-04-28,ASII,4555.0,4605.0,4480.0,4555.0,2220.174560546875,40730000,0.0,0.0
2010-04-29,ASII,4610.0,4630.0,4560.0,4610.0,2246.98193359375,25515000,0.0,0.0
2010-04-30,ASII,4715.0,4720.0,4645.0,4715.0,2298.16064453125,38990000,0.0,0.0
2010-05-03,ASII,4640.0,4715.0,4635.0,4640.0,2261.604248046875,20895000,0.0,0.0
2010-05-04,ASII,4555.0,4700.0,4550.0,4555.0,2220.174560546875,26675000,0.0,0.0
2010-05-05,ASII,4345.0,4500.0,4340.0,4345.0,2117.81689453125,61305000,0.0,0.0
2010-05-06,ASII,4190.0,4300.0,4110.0,4190.0,2042.2679443359375,113500000,0.0,0.0
2010-05-07,ASII,4020.0,4095.0,3965.0,4020.0,1959.4073486328125,124650000,0.0,0.0
2010-05-10,ASII,4090.0,4290.0,4090.0,4260.0,2076.386962890625,124595000,0.0,0.0
2010-05-11,ASII,4270.0,4310.0,4215.0,4270.0,2081.26123046875,90515000,0.0,0.0
2010-05-12,ASII,4270.0,4290.0,4205.0,4270.0,2081.26123046875,30865000,0.0,0.0
2010-05-14,ASII,4260.0,4290.0,4220.0,4260.0,2076.386962890625,17855000,0.0,0.0
2010-05-17,ASII,4190.0,4205.0,4120.0,4190.0,2042.2679443359375,51660000,0.0,0.0
2010-05-18,ASII,4150.0,4225.0,4125.0,4150.0,2022.77197265625,36940000,0.0,0.0
2010-05-19,ASII,3960.0,4100.0,3950.0,3960.0,1930.1619873046875,121385000,0.0,0.0
2010-05-20,ASII,3845.0,4020.0,3735.0,3845.0,1874.10986328125,77595000,0.0,0.0
2010-05-21,ASII,3800.0,3810.0,3655.0,3800.0,1852.1759033203125,93600000,0.0,0.0
2010-05-24,ASII,3790.0,3920.0,3790.0,3790.0,1847.301513671875,47530000,0.0,0.0
2010-05-25,ASII,3640.0,3700.0,3605.0,3640.0,1774.1900634765625,59660000,0.0,0.0
2010-05-26,ASII,4005.0,4050.0,3650.0,4005.0,1952.0960693359375,95330000,0.0,0.0
2010-05-27,ASII,4150.0,4195.0,3870.0,4150.0,2022.77197265625,67345000,0.0,0.0
2010-05-31,ASII,4315.0,4335.0,4215.0,4315.0,2103.195068359375,64990000,0.0,0.0
2010-06-01,ASII,4275.0,4315.0,4195.0,4275.0,2083.69873046875,64430000,0.0,0.0
2010-06-02,ASII,4250.0,4385.0,4225.0,4250.0,2071.512451171875,34180000,0.0,0.0
2010-06-03,ASII,4410.0,4415.0,4330.0,4410.0,2149.4990234375,49465000,0.0,0.0
2010-06-04,ASII,4495.0,4505.0,4370.0,4495.0,2190.929443359375,55135000,0.0,0.0
2010-06-07,ASII,4380.0,4445.0,4195.0,4380.0,2134.876953125,39070000,0.0,0.0
2010-06-08,ASII,4325.0,4440.0,4305.0,4325.0,2108.06884765625,28310000,0.0,0.0
2010-06-09,ASII,4315.0,4325.0,4265.0,4315.0,2103.195068359375,21885000,0.0,0.0
2010-06-10,ASII,4275.0,4315.0,4265.0,4275.0,2083.69873046875,14635000,0.0,0.0
2010-06-11,ASII,4300.0,4380.0,4300.0,4300.0,2095.8837890625,20100000,0.0,0.0
2010-06-14,ASII,4425.0,4430.0,4325.0,4425.0,2156.810546875,26800000,0.0,0.0
2010-06-15,ASII,4600.0,4655.0,4440.0,4600.0,2242.108154296875,74300000,0.0,0.0
2010-06-16,ASII,4645.0,4720.0,4645.0,4645.0,2264.041748046875,39065000,0.0,0.0
2010-06-17,ASII,4665.0,4710.0,4590.0,4665.0,2315.158935546875,49895000,83.0,0.0
2010-06-18,ASII,4855.0,4910.0,4700.0,4855.0,2409.45263671875,65215000,0.0,0.0
2010-06-21,ASII,4825.0,5025.0,4735.0,4825.0,2394.563720703125,46090000,0.0,0.0
2010-06-22,ASII,4835.0,4880.0,4800.0,4835.0,2399.527587890625,20135000,0.0,0.0
2010-06-23,ASII,4760.0,4790.0,4655.0,4760.0,2362.305419921875,31845000,0.0,0.0
2010-06-24,ASII,4810.0,4865.0,4705.0,4810.0,2387.11962890625,23470000,0.0,0.0
2010-06-25,ASII,4840.0,4855.0,4780.0,4840.0,2402.0087890625,20320000,0.0,0.0
2010-06-28,ASII,4810.0,4875.0,4785.0,4810.0,2387.11962890625,10940000,0.0,0.0
2010-06-29,ASII,4750.0,4890.0,4670.0,4750.0,2357.34228515625,27290000,0.0,0.0
2010-06-30,ASII,4830.0,4830.0,4645.0,4830.0,2397.045654296875,41725000,0.0,0.0
2010-07-01,ASII,4750.0,4870.0,4720.0,4750.0,2357.34228515625,34390000,0.0,0.0
2010-07-02,ASII,4630.0,4770.0,4600.0,4630.0,2297.78857421875,49405000,0.0,0.0
2010-07-05,ASII,4670.0,4700.0,4630.0,4670.0,2317.6396484375,9090000,0.0,0.0
2010-07-06,ASII,4685.0,4690.0,4590.0,4685.0,2325.0849609375,25075000,0.0,0.0
2010-07-07,ASII,4625.0,4685.0,4605.0,4625.0,2295.30712890625,21850000,0.0,0.0
2010-07-08,ASII,4700.0,4795.0,4690.0,4700.0,2332.528564453125,63850000,0.0,0.0
2010-07-09,ASII,4735.0,4770.0,4725.0,4735.0,2349.89794921875,28440000,0.0,0.0
2010-07-12,ASII,4730.0,4745.0,4700.0,4730.0,2347.417236328125,40,0.0,0.0
2010-07-13,ASII,4820.0,4825.0,4730.0,4820.0,2392.082763671875,29690000,0.0,0.0
2010-07-14,ASII,4945.0,4960.0,4855.0,4945.0,2454.118408203125,39525000,0.0,0.0
2010-07-15,ASII,4985.0,5005.0,4900.0,4985.0,2473.968505859375,24790000,0.0,0.0
2010-07-16,ASII,4975.0,4990.0,4955.0,4975.0,2469.006591796875,13485000,0.0,0.0
2010-07-19,ASII,4930.0,4980.0,4855.0,4930.0,2446.67333984375,18760000,0.0,0.0
2010-07-20,ASII,4980.0,5010.0,4805.0,4980.0,2471.48779296875,41395000,0.0,0.0
2010-07-21,ASII,4985.0,5020.0,4985.0,4985.0,2473.968505859375,55165000,0.0,0.0
2010-07-22,ASII,4975.0,5010.0,4895.0,4975.0,2469.006591796875,18400000,0.0,0.0
2010-07-23,ASII,5010.0,5060.0,5000.0,5010.0,2486.3759765625,24430000,0.0,0.0
2010-07-26,ASII,4980.0,5070.0,4980.0,4980.0,2471.48779296875,20790000,0.0,0.0
2010-07-27,ASII,5050.0,5105.0,5045.0,5050.0,2506.226806640625,25425000,0.0,0.0
2010-07-28,ASII,5120.0,5125.0,5075.0,5120.0,2540.9677734375,19390000,0.0,0.0
2010-07-29,ASII,5275.0,5280.0,5180.0,5275.0,2617.890869140625,28085000,0.0,0.0
2010-07-30,ASII,5070.0,5280.0,5010.0,5070.0,2516.153076171875,43380000,0.0,0.0
2010-08-02,ASII,4995.0,5115.0,4980.0,4995.0,2478.932861328125,41070000,0.0,0.0
2010-08-03,ASII,4750.0,5030.0,4700.0,4750.0,2357.34228515625,137775000,0.0,0.0
2010-08-04,ASII,4650.0,4760.0,4625.0,4650.0,2307.714599609375,141995000,0.0,0.0
2010-08-05,ASII,4875.0,4890.0,4710.0,4875.0,2419.378173828125,105125000,0.0,0.0
2010-08-06,ASII,4880.0,4915.0,4810.0,4880.0,2421.85986328125,48500000,0.0,0.0
2010-08-09,ASII,4880.0,4880.0,4835.0,4880.0,2421.85986328125,26780000,0.0,0.0
2010-08-10,ASII,4750.0,4860.0,4750.0,4750.0,2357.34228515625,52485000,0.0,0.0
2010-08-11,ASII,4680.0,4760.0,4655.0,4680.0,2322.60302734375,39515000,0.0,0.0
2010-08-12,ASII,4760.0,4765.0,4625.0,4760.0,2362.305419921875,43130000,0.0,0.0
2010-08-13,ASII,4830.0,4840.0,4780.0,4830.0,2397.045654296875,38045000,0.0,0.0
2010-08-16,ASII,4830.0,4850.0,4760.0,4830.0,2397.045654296875,18260000,0.0,0.0
2010-08-18,ASII,4830.0,4865.0,4780.0,4830.0,2397.045654296875,33005000,0.0,0.0
2010-08-19,ASII,4880.0,4900.0,4800.0,4880.0,2421.85986328125,45660000,0.0,0.0
2010-08-20,ASII,4880.0,4890.0,4850.0,4880.0,2421.85986328125,16000000,0.0,0.0
2010-08-23,ASII,4975.0,4975.0,4850.0,4975.0,2469.006591796875,34560000,0.0,0.0
2010-08-24,ASII,4900.0,5000.0,4855.0,4900.0,2431.78564453125,32625000,0.0,0.0
2010-08-25,ASII,4865.0,4935.0,4790.0,4865.0,2414.415771484375,30385000,0.0,0.0
2010-08-26,ASII,4840.0,4910.0,4805.0,4840.0,2402.0087890625,26795000,0.0,0.0
2010-08-27,ASII,4750.0,4875.0,4735.0,4750.0,2357.34228515625,42850000,0.0,0.0
2010-08-30,ASII,4780.0,4830.0,4735.0,4780.0,2372.231201171875,20635000,0.0,0.0
2010-08-31,ASII,4760.0,4790.0,4720.0,4760.0,2362.305419921875,37795000,0.0,0.0
2010-09-01,ASII,4940.0,4940.0,4770.0,4940.0,2451.636962890625,60275000,0.0,0.0
2010-09-02,ASII,5005.0,5035.0,4950.0,5005.0,2483.893798828125,61425000,0.0,0.0
2010-09-03,ASII,5000.0,5090.0,4995.0,5000.0,2481.413330078125,41580000,0.0,0.0
2010-09-06,ASII,5240.0,5245.0,5020.0,5240.0,2600.521728515625,63155000,0.0,0.0
2010-09-07,ASII,5350.0,5360.0,5280.0,5350.0,2655.112548828125,30480000,0.0,0.0
2010-09-15,ASII,5470.0,6075.0,5470.0,5780.0,2868.51416015625,91390000,0.0,0.0
2010-09-16,ASII,5530.0,5700.0,5425.0,5530.0,2744.44384765625,53080000,0.0,0.0
2010-09-17,ASII,5470.0,5670.0,5385.0,5470.0,2714.6669921875,38440000,0.0,0.0
2010-09-20,ASII,5450.0,5480.0,5400.0,5450.0,2704.74072265625,26245000,0.0,0.0
2010-09-21,ASII,5520.0,5595.0,5450.0,5520.0,2739.48095703125,41790000,0.0,0.0
2010-09-22,ASII,5500.0,5580.0,5455.0,5500.0,2729.5537109375,19165000,0.0,0.0
2010-09-23,ASII,5485.0,5525.0,5390.0,5485.0,2722.11083984375,19775000,0.0,0.0
2010-09-24,ASII,5600.0,5645.0,5465.0,5600.0,2779.182861328125,38180000,0.0,0.0
2010-09-27,ASII,5810.0,5880.0,5705.0,5810.0,2883.40185546875,35890000,0.0,0.0
2010-09-28,ASII,5695.0,6040.0,5655.0,5695.0,2826.329833984375,60535000,0.0,0.0
2010-09-29,ASII,5615.0,5790.0,5600.0,5615.0,2786.626953125,34635000,0.0,0.0
2010-09-30,ASII,5670.0,5670.0,5600.0,5670.0,2813.923583984375,24010000,0.0,0.0
2010-10-01,ASII,5960.0,5960.0,5750.0,5960.0,2957.844482421875,31925000,0.0,0.0
2010-10-04,ASII,6000.0,6020.0,5940.0,6000.0,2977.696044921875,34830000,0.0,0.0
2010-10-05,ASII,5895.0,5960.0,5870.0,5895.0,2925.587158203125,26175000,0.0,0.0
2010-10-06,ASII,5895.0,5970.0,5805.0,5895.0,2925.587158203125,24285000,0.0,0.0
2010-10-07,ASII,5845.0,5870.0,5750.0,5845.0,2900.7724609375,26285000,0.0,0.0
2010-10-08,ASII,5695.0,5840.0,5655.0,5695.0,2826.329833984375,55550000,0.0,0.0
2010-10-11,ASII,5640.0,5760.0,5625.0,5640.0,2799.034423828125,57480000,0.0,0.0
2010-10-12,ASII,5715.0,5750.0,5625.0,5715.0,2836.25537109375,26805000,0.0,0.0
2010-10-13,ASII,5750.0,5775.0,5700.0,5750.0,2853.62548828125,25435000,0.0,0.0
2010-10-14,ASII,5760.0,5835.0,5755.0,5760.0,2858.587890625,43980000,0.0,0.0
2010-10-15,ASII,5625.0,5785.0,5620.0,5625.0,2791.589599609375,78005000,0.0,0.0
2010-10-18,ASII,5595.0,5665.0,5590.0,5595.0,2776.701904296875,28965000,0.0,0.0
2010-10-19,ASII,5610.0,5675.0,5555.0,5610.0,2784.14697265625,33655000,0.0,0.0
2010-10-20,ASII,5630.0,5670.0,5550.0,5630.0,2794.07177734375,24910000,0.0,0.0
2010-10-21,ASII,5615.0,5710.0,5585.0,5615.0,2786.626953125,31925000,0.0,0.0
2010-10-22,ASII,5615.0,5640.0,5600.0,5615.0,2786.626953125,18375000,0.0,0.0
2010-10-25,ASII,5730.0,5750.0,5615.0,5730.0,2843.69970703125,34045000,0.0,0.0
2010-10-26,ASII,5695.0,5770.0,5680.0,5695.0,2826.329833984375,26815000,0.0,0.0
2010-10-27,ASII,5680.0,5750.0,5660.0,5680.0,2818.885009765625,21950000,0.0,0.0
2010-10-28,ASII,5645.0,5700.0,5640.0,5645.0,2824.889892578125,15195000,47.0,0.0
2010-10-29,ASII,5700.0,5720.0,5640.0,5700.0,2852.415283203125,23810000,0.0,0.0
2010-11-01,ASII,5745.0,5790.0,5705.0,5745.0,2874.933349609375,26540000,0.0,0.0
2010-11-02,ASII,5655.0,5740.0,5655.0,5655.0,2829.8955078125,22440000,0.0,0.0
2010-11-03,ASII,5560.0,5675.0,5490.0,5560.0,2782.354736328125,55030000,0.0,0.0
2010-11-04,ASII,5510.0,5600.0,5490.0,5510.0,2757.333984375,57605000,0.0,0.0
2010-11-05,ASII,5670.0,5695.0,5550.0,5670.0,2837.402099609375,45225000,0.0,0.0
2010-11-08,ASII,5740.0,5740.0,5650.0,5740.0,2872.430908203125,33335000,0.0,0.0
2010-11-09,ASII,5815.0,5830.0,5680.0,5815.0,2909.962890625,59110000,0.0,0.0
2010-11-10,ASII,5745.0,5840.0,5700.0,5745.0,2874.933349609375,30260000,0.0,0.0
2010-11-11,ASII,5650.0,5780.0,5650.0,5650.0,2827.392822265625,29215000,0.0,0.0
2010-11-12,ASII,5680.0,5720.0,5550.0,5680.0,2842.4052734375,43430000,0.0,0.0
2010-11-15,ASII,5625.0,5715.0,5600.0,5625.0,2814.88232421875,15125000,0.0,0.0
2010-11-16,ASII,5600.0,5650.0,5505.0,5600.0,2802.37109375,48360000,0.0,0.0
2010-11-18,ASII,5490.0,5650.0,5485.0,5490.0,2747.324951171875,56220000,0.0,0.0
2010-11-19,ASII,5530.0,5560.0,5450.0,5530.0,2767.342529296875,51045000,0.0,0.0
2010-11-22,ASII,5500.0,5560.0,5490.0,5500.0,2752.328369140625,28875000,0.0,0.0
2010-11-23,ASII,5420.0,5500.0,5375.0,5420.0,2712.29541015625,54135000,0.0,0.0
2010-11-24,ASII,5375.0,5425.0,5320.0,5375.0,2689.776611328125,35115000,0.0,0.0
2010-11-25,ASII,5545.0,5555.0,5425.0,5545.0,2774.84765625,31390000,0.0,0.0
2010-11-26,ASII,5415.0,5580.0,5405.0,5415.0,2709.7939453125,26285000,0.0,0.0
2010-11-29,ASII,5435.0,5445.0,5335.0,5435.0,2719.802490234375,30485000,0.0,0.0
2010-11-30,ASII,5190.0,5440.0,5175.0,5190.0,2597.197998046875,87210000,0.0,0.0
2010-12-01,ASII,5245.0,5290.0,5215.0,5245.0,2624.721435546875,43015000,0.0,0.0
2010-12-02,ASII,5405.0,5480.0,5350.0,5405.0,2704.789794921875,46185000,0.0,0.0
2010-12-03,ASII,5275.0,5405.0,5265.0,5275.0,2639.73388671875,59520000,0.0,0.0
2010-12-06,ASII,5290.0,5320.0,5250.0,5290.0,2647.240478515625,47005000,0.0,0.0
2010-12-08,ASII,5455.0,5460.0,5290.0,5455.0,2729.810302734375,78700000,0.0,0.0
2010-12-09,ASII,5455.0,5490.0,5385.0,5455.0,2729.810302734375,49680000,0.0,0.0
2010-12-10,ASII,5390.0,5450.0,5300.0,5390.0,2697.28369140625,37865000,0.0,0.0
2010-12-13,ASII,5300.0,5390.0,5270.0,5300.0,2652.244384765625,30140000,0.0,0.0
2010-12-14,ASII,5280.0,5300.0,5240.0,5280.0,2642.23681640625,32420000,0.0,0.0
2010-12-15,ASII,5280.0,5280.0,5180.0,5280.0,2642.23681640625,42965000,0.0,0.0
2010-12-16,ASII,4990.0,5230.0,4975.0,4990.0,2497.11376953125,124755000,0.0,0.0
2010-12-17,ASII,5030.0,5095.0,4880.0,5030.0,2517.130615234375,63360000,0.0,0.0
2010-12-20,ASII,5125.0,5135.0,5005.0,5125.0,2564.671142578125,34330000,0.0,0.0
2010-12-21,ASII,5245.0,5265.0,5125.0,5245.0,2624.721435546875,55045000,0.0,0.0
2010-12-22,ASII,5240.0,5255.0,5220.0,5240.0,2622.219970703125,27655000,0.0,0.0
2010-12-23,ASII,5255.0,5260.0,5200.0,5255.0,2629.726318359375,16825000,0.0,0.0
2010-12-27,ASII,5350.0,5350.0,5240.0,5350.0,2677.265869140625,21925000,0.0,0.0
2010-12-28,ASII,5345.0,5390.0,5300.0,5345.0,2674.764404296875,10160000,0.0,0.0
2010-12-29,ASII,5400.0,5415.0,5345.0,5400.0,2702.287109375,17945000,0.0,0.0
2010-12-30,ASII,5455.0,5460.0,5375.0,5455.0,2729.810302734375,40600000,0.0,0.0
2011-01-03,ASII,5440.0,5505.0,5405.0,5440.0,2722.3037109375,30045000,0.0,0.0
2011-01-04,ASII,5250.0,5470.0,5200.0,5250.0,2627.22314453125,67580000,0.0,0.0
2011-01-05,ASII,5205.0,5235.0,5155.0,5205.0,2604.704833984375,52290000,0.0,0.0
2011-01-06,ASII,5100.0,5190.0,5070.0,5100.0,2552.160400390625,76440000,0.0,0.0
2011-01-07,ASII,4900.0,5080.0,4875.0,4900.0,2452.07568359375,166415000,0.0,0.0
2011-01-10,ASII,4755.0,4825.0,4575.0,4755.0,2379.51318359375,228225000,0.0,0.0
2011-01-11,ASII,4740.0,4940.0,4675.0,4740.0,2372.00732421875,182355000,0.0,0.0
2011-01-12,ASII,4840.0,4875.0,4730.0,4840.0,2422.05029296875,63250000,0.0,0.0
2011-01-13,ASII,4800.0,4955.0,4770.0,4800.0,2402.03271484375,87630000,0.0,0.0
2011-01-14,ASII,4800.0,4825.0,4700.0,4800.0,2402.03271484375,36070000,0.0,0.0
2011-01-17,ASII,4745.0,4785.0,4720.0,4745.0,2374.510009765625,21950000,0.0,0.0
2011-01-18,ASII,4700.0,4765.0,4685.0,4700.0,2351.990966796875,26505000,0.0,0.0
2011-01-19,ASII,4900.0,4900.0,4680.0,4900.0,2452.07568359375,47040000,0.0,0.0
2011-01-20,ASII,4780.0,4855.0,4715.0,4780.0,2392.0244140625,44435000,0.0,0.0
2011-01-21,ASII,4715.0,4730.0,4525.0,4715.0,2359.4970703125,70115000,0.0,0.0
2011-01-24,ASII,4680.0,4755.0,4665.0,4680.0,2341.982421875,38730000,0.0,0.0
2011-01-25,ASII,4920.0,4975.0,4720.0,4920.0,2462.083984375,88250000,0.0,0.0
2011-01-26,ASII,5040.0,5105.0,4870.0,5040.0,2522.134521484375,79890000,0.0,0.0
2011-01-27,ASII,5120.0,5225.0,5010.0,5120.0,2562.169189453125,96740000,0.0,0.0
2011-01-28,ASII,5135.0,5165.0,5005.0,5135.0,2569.67529296875,47200000,0.0,0.0
2011-01-31,ASII,4890.0,4970.0,4850.0,4890.0,2447.071044921875,89620000,0.0,0.0
2011-02-01,ASII,4860.0,5020.0,4860.0,4860.0,2432.058349609375,56865000,0.0,0.0
2011-02-02,ASII,4835.0,4990.0,4775.0,4835.0,2419.548095703125,86980000,0.0,0.0
2011-02-04,ASII,4870.0,4880.0,4750.0,4870.0,2437.062255859375,38095000,0.0,0.0
2011-02-07,ASII,4950.0,4985.0,4875.0,4950.0,2477.09619140625,58255000,0.0,0.0
2011-02-08,ASII,4885.0,4995.0,4795.0,4885.0,2444.569091796875,94435000,0.0,0.0
2011-02-09,ASII,4825.0,4870.0,4775.0,4825.0,2414.543701171875,35905000,0.0,0.0
2011-02-10,ASII,4825.0,4845.0,4740.0,4825.0,2414.543701171875,51630000,0.0,0.0
2011-02-11,ASII,4840.0,4865.0,4760.0,4840.0,2422.05029296875,94985000,0.0,0.0
2011-02-14,ASII,4955.0,4965.0,4900.0,4955.0,2479.598388671875,42820000,0.0,0.0
2011-02-16,ASII,4930.0,4950.0,4860.0,4930.0,2467.087646484375,43075000,0.0,0.0
2011-02-17,ASII,5100.0,5135.0,4950.0,5100.0,2552.160400390625,92815000,0.0,0.0
2011-02-18,ASII,5300.0,5345.0,5170.0,5300.0,2652.244384765625,95235000,0.0,0.0
2011-02-21,ASII,5205.0,5330.0,5195.0,5205.0,2604.704833984375,23100000,0.0,0.0
2011-02-22,ASII,5165.0,5260.0,5130.0,5165.0,2584.68701171875,64790000,0.0,0.0
2011-02-23,ASII,5190.0,5250.0,5110.0,5190.0,2597.197998046875,49950000,0.0,0.0
2011-02-24,ASII,5140.0,5185.0,5100.0,5140.0,2572.17724609375,46910000,0.0,0.0
2011-02-25,ASII,5155.0,5225.0,5150.0,5155.0,2579.68359375,44450000,0.0,0.0
2011-02-28,ASII,5205.0,5205.0,5145.0,5205.0,2604.704833984375,37355000,0.0,0.0
2011-03-01,ASII,5400.0,5425.0,5230.0,5400.0,2702.287109375,96390000,0.0,0.0
2011-03-02,ASII,5400.0,5400.0,5330.0,5400.0,2702.287109375,34270000,0.0,0.0
2011-03-03,ASII,5455.0,5490.0,5365.0,5455.0,2729.810302734375,35880000,0.0,0.0
2011-03-04,ASII,5490.0,5550.0,5480.0,5490.0,2747.324951171875,49515000,0.0,0.0
2011-03-07,ASII,5490.0,5540.0,5450.0,5490.0,2747.324951171875,20920000,0.0,0.0
2011-03-08,ASII,5520.0,5540.0,5500.0,5520.0,2762.337890625,26885000,0.0,0.0
2011-03-09,ASII,5645.0,5650.0,5550.0,5645.0,2824.889892578125,66310000,0.0,0.0
2011-03-10,ASII,5630.0,5645.0,5560.0,5630.0,2817.384765625,24325000,0.0,0.0
2011-03-11,ASII,5440.0,5625.0,5385.0,5440.0,2722.3037109375,30240000,0.0,0.0
2011-03-14,ASII,5535.0,5550.0,5395.0,5535.0,2769.844970703125,28470000,0.0,0.0
2011-03-15,ASII,5490.0,5500.0,5395.0,5490.0,2747.324951171875,52840000,0.0,0.0
2011-03-16,ASII,5430.0,5500.0,5385.0,5430.0,2717.2998046875,33360000,0.0,0.0
2011-03-17,ASII,5350.0,5405.0,5280.0,5350.0,2677.265869140625,49605000,0.0,0.0
2011-03-18,ASII,5400.0,5400.0,5340.0,5400.0,2702.287109375,23120000,0.0,0.0
2011-03-21,ASII,5515.0,5515.0,5440.0,5515.0,2759.8359375,30375000,0.0,0.0
2011-03-22,ASII,5505.0,5525.0,5440.0,5505.0,2754.83154296875,25210000,0.0,0.0
2011-03-23,ASII,5335.0,5535.0,5245.0,5335.0,2669.759765625,60815000,0.0,0.0
2011-03-24,ASII,5680.0,5695.0,5535.0,5680.0,2842.4052734375,36845000,0.0,0.0
2011-03-25,ASII,5790.0,5825.0,5710.0,5790.0,2897.45361328125,52945000,0.0,0.0
2011-03-28,ASII,5690.0,5780.0,5655.0,5690.0,2847.41015625,15925000,0.0,0.0
2011-03-29,ASII,5470.0,5590.0,5450.0,5470.0,2737.31689453125,39735000,0.0,0.0
2011-03-30,ASII,5625.0,5645.0,5465.0,5625.0,2814.88232421875,30035000,0.0,0.0
2011-03-31,ASII,5700.0,5700.0,5485.0,5700.0,2852.415283203125,28870000,0.0,0.0
2011-04-01,ASII,5790.0,5795.0,5700.0,5790.0,2897.45361328125,40805000,0.0,0.0
2011-04-04,ASII,5645.0,5845.0,5605.0,5645.0,2824.889892578125,30910000,0.0,0.0
2011-04-05,ASII,5665.0,5665.0,5580.0,5665.0,2834.900390625,16970000,0.0,0.0
2011-04-06,ASII,5810.0,5825.0,5670.0,5810.0,2907.46044921875,33715000,0.0,0.0
2011-04-07,ASII,5760.0,5850.0,5685.0,5760.0,2882.439453125,36200000,0.0,0.0
2011-04-08,ASII,5675.0,5790.0,5630.0,5675.0,2839.904052734375,40520000,0.0,0.0
2011-04-11,ASII,5680.0,5775.0,5650.0,5680.0,2842.4052734375,33770000,0.0,0.0
2011-04-12,ASII,5615.0,5680.0,5590.0,5615.0,2809.8779296875,32545000,0.0,0.0
2011-04-13,ASII,5610.0,5650.0,5590.0,5610.0,2807.376708984375,25865000,0.0,0.0
2011-04-14,ASII,5485.0,5590.0,5470.0,5485.0,2744.822998046875,60345000,0.0,0.0
2011-04-15,ASII,5510.0,5540.0,5485.0,5510.0,2757.333984375,31945000,0.0,0.0
2011-04-18,ASII,5440.0,5515.0,5415.0,5440.0,2722.3037109375,37055000,0.0,0.0
2011-04-19,ASII,5365.0,5440.0,5360.0,5365.0,2684.77197265625,40840000,0.0,0.0
2011-04-20,ASII,5515.0,5525.0,5410.0,5515.0,2759.8359375,44535000,0.0,0.0
2011-04-21,ASII,5580.0,5600.0,5515.0,5580.0,2792.363525390625,40935000,0.0,0.0
2011-04-25,ASII,5490.0,5600.0,5475.0,5490.0,2747.324951171875,21235000,0.0,0.0
2011-04-26,ASII,5410.0,5490.0,5375.0,5410.0,2707.291015625,44090000,0.0,0.0
2011-04-27,ASII,5515.0,5525.0,5460.0,5515.0,2759.8359375,21870000,0.0,0.0
2011-04-28,ASII,5560.0,5585.0,5520.0,5560.0,2782.354736328125,16175000,0.0,0.0
2011-04-29,ASII,5615.0,5630.0,5575.0,5615.0,2809.8779296875,45950000,0.0,0.0
2011-05-02,ASII,5665.0,5670.0,5615.0,5665.0,2834.900390625,19155000,0.0,0.0
2011-05-03,ASII,5615.0,5645.0,5600.0,5615.0,2809.8779296875,25880000,0.0,0.0
2011-05-04,ASII,5640.0,5655.0,5580.0,5640.0,2822.388671875,20145000,0.0,0.0
2011-05-05,ASII,5625.0,5655.0,5605.0,5625.0,2814.88232421875,16245000,0.0,0.0
2011-05-06,ASII,5650.0,5695.0,5610.0,5650.0,2827.392822265625,20505000,0.0,0.0
2011-05-09,ASII,5640.0,5670.0,5630.0,5640.0,2822.388671875,9080000,0.0,0.0
2011-05-10,ASII,5695.0,5710.0,5660.0,5695.0,2849.911376953125,21790000,0.0,0.0
2011-05-11,ASII,5925.0,5925.0,5700.0,5925.0,2965.010009765625,89410000,0.0,0.0
2011-05-12,ASII,5815.0,5915.0,5815.0,5815.0,2909.962890625,28275000,0.0,0.0
2011-05-13,ASII,5850.0,5950.0,5815.0,5850.0,2927.477783203125,28710000,0.0,0.0
2011-05-16,ASII,5905.0,5950.0,5850.0,5905.0,2955.000244140625,19015000,0.0,0.0
2011-05-18,ASII,5970.0,6000.0,5915.0,5970.0,2987.52880859375,33825000,0.0,0.0
2011-05-19,ASII,6110.0,6110.0,6000.0,6110.0,3057.588134765625,68165000,0.0,0.0
2011-05-20,ASII,6200.0,6215.0,6110.0,6200.0,3102.625732421875,66375000,0.0,0.0
2011-05-23,ASII,5920.0,6100.0,5855.0,5920.0,2962.50732421875,40580000,0.0,0.0
2011-05-24,ASII,5810.0,5930.0,5785.0,5810.0,2907.46044921875,42495000,0.0,0.0
2011-05-25,ASII,5810.0,5810.0,5730.0,5810.0,2907.46044921875,19985000,0.0,0.0
2011-05-26,ASII,5930.0,5980.0,5860.0,5930.0,2967.511474609375,23180000,0.0,0.0
2011-05-27,ASII,5920.0,6000.0,5830.0,5920.0,2962.50732421875,32485000,0.0,0.0
2011-05-30,ASII,5905.0,5920.0,5860.0,5905.0,3012.50244140625,13595000,113.0,0.0
2011-05-31,ASII,5875.0,5965.0,5850.0,5875.0,2997.1982421875,55920000,0.0,0.0
2011-06-01,ASII,5910.0,5985.0,5860.0,5910.0,3015.054443359375,28175000,0.0,0.0
2011-06-03,ASII,5895.0,5925.0,5830.0,5895.0,3007.402099609375,27245000,0.0,0.0
2011-06-06,ASII,5930.0,5955.0,5845.0,5930.0,3025.25732421875,12650000,0.0,0.0
2011-06-07,ASII,5960.0,5975.0,5895.0,5960.0,3040.56201171875,23755000,0.0,0.0
2011-06-08,ASII,5950.0,5950.0,5875.0,5950.0,3035.460205078125,25180000,0.0,0.0
2011-06-09,ASII,5880.0,5910.0,5860.0,5880.0,2999.749267578125,19495000,0.0,0.0
2011-06-10,ASII,5745.0,5900.0,5735.0,5745.0,2930.87744140625,40365000,0.0,0.0
2011-06-13,ASII,5640.0,5700.0,5595.0,5640.0,2877.310302734375,42135000,0.0,0.0
2011-06-14,ASII,5735.0,5735.0,5600.0,5735.0,2925.7763671875,30705000,0.0,0.0
2011-06-15,ASII,5900.0,5910.0,5775.0,5900.0,3009.95263671875,42340000,0.0,0.0
2011-06-16,ASII,5815.0,5895.0,5745.0,5815.0,2966.588623046875,39565000,0.0,0.0
2011-06-17,ASII,5830.0,5850.0,5735.0,5830.0,2974.2412109375,32055000,0.0,0.0
2011-06-20,ASII,5845.0,5880.0,5815.0,5845.0,2981.893798828125,21410000,0.0,0.0
2011-06-21,ASII,5910.0,5910.0,5830.0,5910.0,3015.054443359375,28455000,0.0,0.0
2011-06-22,ASII,6000.0,6010.0,5925.0,6000.0,3060.968505859375,32655000,0.0,0.0
2011-06-23,ASII,6080.0,6160.0,5950.0,6080.0,3101.78173828125,44110000,0.0,0.0
2011-06-24,ASII,6190.0,6200.0,6090.0,6190.0,3157.899169921875,29600000,0.0,0.0
2011-06-27,ASII,6105.0,6130.0,6050.0,6105.0,3114.53564453125,12215000,0.0,0.0
2011-06-28,ASII,6155.0,6215.0,6150.0,6155.0,3140.043701171875,32455000,0.0,0.0
2011-06-30,ASII,6355.0,6425.0,6200.0,6355.0,3242.07568359375,50205000,0.0,0.0
2011-07-01,ASII,6555.0,6700.0,6480.0,6555.0,3344.108154296875,59975000,0.0,0.0
2011-07-04,ASII,6555.0,6555.0,6555.0,6555.0,3344.108154296875,0,0.0,0.0
2011-07-05,ASII,6630.0,6800.0,6600.0,6630.0,3382.37109375,25625000,0.0,0.0
2011-07-06,ASII,6510.0,6630.0,6505.0,6510.0,3321.150634765625,26055000,0.0,0.0
2011-07-07,ASII,6585.0,6640.0,6460.0,6585.0,3359.41357421875,42185000,0.0,0.0
2011-07-08,ASII,6780.0,6860.0,6660.0,6780.0,3458.893798828125,36300000,0.0,0.0
2011-07-11,ASII,6800.0,6860.0,6670.0,6800.0,3469.09716796875,33105000,0.0,0.0
2011-07-12,ASII,6705.0,6845.0,6665.0,6705.0,3420.63232421875,27370000,0.0,0.0
2011-07-13,ASII,6800.0,6820.0,6710.0,6800.0,3469.09716796875,22910000,0.0,0.0
2011-07-14,ASII,6895.0,6895.0,6830.0,6895.0,3517.563720703125,16440000,0.0,0.0
2011-07-15,ASII,7040.0,7040.0,6900.0,7040.0,3591.536376953125,30640000,0.0,0.0
2011-07-18,ASII,7260.0,7320.0,7050.0,7260.0,3703.77197265625,31965000,0.0,0.0
2011-07-19,ASII,7150.0,7200.0,7120.0,7150.0,3647.654052734375,21995000,0.0,0.0
2011-07-20,ASII,7195.0,7320.0,7140.0,7195.0,3670.611328125,27285000,0.0,0.0
2011-07-21,ASII,7125.0,7195.0,7120.0,7125.0,3634.89990234375,22435000,0.0,0.0
2011-07-22,ASII,7290.0,7350.0,7130.0,7290.0,3719.076904296875,22650000,0.0,0.0
2011-07-25,ASII,7245.0,7305.0,7200.0,7245.0,3696.119873046875,26550000,0.0,0.0
2011-07-26,ASII,7395.0,7400.0,7200.0,7395.0,3772.6435546875,27070000,0.0,0.0
2011-07-27,ASII,7500.0,7595.0,7390.0,7500.0,3826.211669921875,26435000,0.0,0.0
2011-07-28,ASII,7175.0,7450.0,7170.0,7175.0,3660.40869140625,54380000,0.0,0.0
2011-07-29,ASII,7050.0,7195.0,6965.0,7050.0,3596.638427734375,51010000,0.0,0.0
2011-08-01,ASII,7165.0,7240.0,6980.0,7165.0,3655.307373046875,55370000,0.0,0.0
2011-08-02,ASII,7120.0,7150.0,7000.0,7120.0,3632.348876953125,39360000,0.0,0.0
2011-08-03,ASII,7065.0,7150.0,6900.0,7065.0,3604.291015625,44555000,0.0,0.0
2011-08-04,ASII,7040.0,7120.0,6955.0,7040.0,3591.536376953125,37540000,0.0,0.0
2011-08-05,ASII,6720.0,6880.0,6665.0,6720.0,3428.285400390625,79355000,0.0,0.0
2011-08-08,ASII,6505.0,6735.0,6410.0,6505.0,3318.60009765625,80115000,0.0,0.0
2011-08-09,ASII,6410.0,6730.0,6085.0,6410.0,3270.135498046875,117870000,0.0,0.0
2011-08-10,ASII,6780.0,6860.0,6650.0,6780.0,3458.893798828125,105030000,0.0,0.0
2011-08-11,ASII,6740.0,6805.0,6675.0,6740.0,3438.48779296875,59685000,0.0,0.0
2011-08-12,ASII,6715.0,6850.0,6695.0,6715.0,3425.7333984375,66280000,0.0,0.0
2011-08-15,ASII,7000.0,7020.0,6750.0,7000.0,3571.13037109375,55075000,0.0,0.0
2011-08-16,ASII,7000.0,7100.0,6950.0,7000.0,3571.13037109375,51170000,0.0,0.0
2011-08-18,ASII,7275.0,7275.0,7050.0,7275.0,3711.4248046875,61980000,0.0,0.0
2011-08-19,ASII,6610.0,7030.0,6605.0,6610.0,3372.166748046875,172560000,0.0,0.0
2011-08-22,ASII,6775.0,6790.0,6555.0,6775.0,3456.343017578125,60855000,0.0,0.0
2011-08-23,ASII,6725.0,6795.0,6655.0,6725.0,3430.835693359375,48520000,0.0,0.0
2011-08-24,ASII,6715.0,6795.0,6715.0,6715.0,3425.7333984375,26145000,0.0,0.0
2011-08-25,ASII,6740.0,6810.0,6735.0,6740.0,3438.48779296875,25355000,0.0,0.0
2011-08-26,ASII,6615.0,6780.0,6605.0,6615.0,3374.7177734375,41735000,0.0,0.0
2011-09-05,ASII,6780.0,6840.0,6665.0,6780.0,3458.893798828125,81225000,0.0,0.0
2011-09-06,ASII,6850.0,6850.0,6710.0,6850.0,3494.6064453125,33125000,0.0,0.0
2011-09-07,ASII,7125.0,7150.0,6870.0,7125.0,3634.89990234375,65105000,0.0,0.0
2011-09-08,ASII,7100.0,7180.0,7045.0,7100.0,3622.146240234375,34480000,0.0,0.0
2011-09-09,ASII,7030.0,7170.0,7020.0,7030.0,3586.435546875,22535000,0.0,0.0
2011-09-12,ASII,6940.0,7020.0,6860.0,6940.0,3540.52099609375,29975000,0.0,0.0
2011-09-13,ASII,6900.0,7025.0,6850.0,6900.0,3520.11328125,31350000,0.0,0.0
2011-09-14,ASII,6675.0,6970.0,6635.0,6675.0,3405.328125,68180000,0.0,0.0
2011-09-15,ASII,6530.0,6750.0,6435.0,6530.0,3331.35400390625,74180000,0.0,0.0
2011-09-16,ASII,6590.0,6700.0,6580.0,6590.0,3361.964111328125,34375000,0.0,0.0
2011-09-19,ASII,6500.0,6640.0,6475.0,6500.0,3316.049560546875,24765000,0.0,0.0
2011-09-20,ASII,6540.0,6550.0,6340.0,6540.0,3336.455810546875,64230000,0.0,0.0
2011-09-21,ASII,6405.0,6540.0,6350.0,6405.0,3267.584228515625,41475000,0.0,0.0
2011-09-22,ASII,5800.0,6150.0,5705.0,5800.0,2958.9365234375,140470000,0.0,0.0
2011-09-23,ASII,5885.0,5925.0,5500.0,5885.0,3002.30029296875,68160000,0.0,0.0
2011-09-26,ASII,5700.0,5890.0,5510.0,5700.0,2907.9208984375,58290000,0.0,0.0
2011-09-27,ASII,6055.0,6095.0,5875.0,6055.0,3089.028076171875,53900000,0.0,0.0
2011-09-28,ASII,6220.0,6280.0,6035.0,6220.0,3173.2041015625,59835000,0.0,0.0
2011-09-29,ASII,6405.0,6415.0,6120.0,6405.0,3267.584228515625,57885000,0.0,0.0
2011-09-30,ASII,6365.0,6560.0,6320.0,6365.0,3247.177978515625,54580000,0.0,0.0
2011-10-03,ASII,5895.0,6300.0,5875.0,5895.0,3007.402099609375,52630000,0.0,0.0
2011-10-04,ASII,5870.0,5985.0,5800.0,5870.0,2994.6474609375,48645000,0.0,0.0
2011-10-05,ASII,5730.0,5960.0,5730.0,5730.0,2923.224853515625,44210000,0.0,0.0
2011-10-06,ASII,6070.0,6110.0,5910.0,6070.0,3096.67919921875,64690000,0.0,0.0
2011-10-07,ASII,6325.0,6395.0,6195.0,6325.0,3226.7705078125,64270000,0.0,0.0
2011-10-10,ASII,6415.0,6510.0,6250.0,6415.0,3272.685546875,39090000,0.0,0.0
2011-10-11,ASII,6590.0,6700.0,6575.0,6590.0,3361.964111328125,53645000,0.0,0.0
2011-10-12,ASII,6595.0,6650.0,6390.0,6595.0,3364.5146484375,45980000,0.0,0.0
2011-10-13,ASII,6790.0,6790.0,6590.0,6790.0,3463.99560546875,53015000,0.0,0.0
2011-10-14,ASII,6695.0,6800.0,6680.0,6695.0,3415.530517578125,14000000,0.0,0.0
2011-10-17,ASII,6900.0,6900.0,6750.0,6900.0,3520.11328125,22160000,0.0,0.0
2011-10-18,ASII,6805.0,6825.0,6695.0,6805.0,3471.64892578125,33570000,0.0,0.0
2011-10-19,ASII,6930.0,6950.0,6875.0,6930.0,3535.419189453125,24320000,0.0,0.0
2011-10-20,ASII,6780.0,6920.0,6705.0,6780.0,3458.893798828125,24025000,0.0,0.0
2011-10-21,ASII,6610.0,6750.0,6540.0,6610.0,3372.166748046875,46615000,0.0,0.0
2011-10-24,ASII,6805.0,6820.0,6730.0,6805.0,3471.64892578125,34725000,0.0,0.0
2011-10-25,ASII,6830.0,6855.0,6780.0,6830.0,3484.40185546875,33595000,0.0,0.0
2011-10-26,ASII,6840.0,6870.0,6750.0,6840.0,3489.50390625,30040000,0.0,0.0
2011-10-27,ASII,6895.0,6900.0,6860.0,6895.0,3548.69287109375,36960000,60.0,0.0
2011-10-28,ASII,6990.0,7000.0,6930.0,6990.0,3597.5859375,47290000,0.0,0.0
2011-10-31,ASII,6900.0,6990.0,6750.0,6900.0,3551.264892578125,25990000,0.0,0.0
2011-11-01,ASII,6650.0,6895.0,6650.0,6650.0,3422.59619140625,22945000,0.0,0.0
2011-11-02,ASII,6900.0,6900.0,6550.0,6900.0,3551.264892578125,28290000,0.0,0.0
2011-11-03,ASII,6730.0,6850.0,6610.0,6730.0,3463.770263671875,46295000,0.0,0.0
2011-11-04,ASII,6830.0,6890.0,6800.0,6830.0,3515.2373046875,34915000,0.0,0.0
2011-11-07,ASII,6785.0,6870.0,6770.0,6785.0,3492.077392578125,10245000,0.0,0.0
2011-11-08,ASII,6850.0,6860.0,6800.0,6850.0,3525.5322265625,8350000,0.0,0.0
2011-11-09,ASII,7080.0,7080.0,6910.0,7080.0,3643.90673828125,67575000,0.0,0.0
2011-11-10,ASII,6915.0,6920.0,6830.0,6915.0,3558.98486328125,23500000,0.0,0.0
2011-11-11,ASII,6950.0,6990.0,6930.0,6950.0,3576.99951171875,15265000,0.0,0.0
2011-11-14,ASII,7200.0,7200.0,7050.0,7200.0,3705.667724609375,39350000,0.0,0.0
2011-11-15,ASII,7130.0,7190.0,7075.0,7130.0,3669.640625,18160000,0.0,0.0
2011-11-16,ASII,7135.0,7140.0,7000.0,7135.0,3672.21337890625,19985000,0.0,0.0
2011-11-17,ASII,6940.0,7070.0,6940.0,6940.0,3571.85302734375,21850000,0.0,0.0
2011-11-18,ASII,6870.0,6910.0,6820.0,6870.0,3535.82470703125,25635000,0.0,0.0
2011-11-21,ASII,6765.0,6815.0,6750.0,6765.0,3481.784423828125,20315000,0.0,0.0
2011-11-22,ASII,6935.0,6935.0,6710.0,6935.0,3569.279052734375,27295000,0.0,0.0
2011-11-23,ASII,6800.0,6865.0,6735.0,6800.0,3499.79736328125,19190000,0.0,0.0
2011-11-24,ASII,6940.0,6995.0,6700.0,6940.0,3571.85302734375,28075000,0.0,0.0
2011-11-25,ASII,6810.0,6925.0,6805.0,6810.0,3504.94482421875,14520000,0.0,0.0
2011-11-28,ASII,6915.0,6960.0,6900.0,6915.0,3558.98486328125,16595000,0.0,0.0
2011-11-29,ASII,7095.0,7160.0,6980.0,7095.0,3651.62646484375,40455000,0.0,0.0
2011-11-30,ASII,7090.0,7125.0,6925.0,7090.0,3649.053955078125,32665000,0.0,0.0
2011-12-01,ASII,7090.0,7090.0,7090.0,7090.0,3649.053955078125,0,0.0,0.0
2011-12-02,ASII,7100.0,7150.0,7050.0,7100.0,3654.20068359375,23260000,0.0,0.0
2011-12-05,ASII,7155.0,7180.0,7050.0,7155.0,3682.508056640625,10430000,0.0,0.0
2011-12-06,ASII,7165.0,7195.0,7090.0,7165.0,3687.655029296875,15945000,0.0,0.0
2011-12-07,ASII,7295.0,7295.0,7165.0,7295.0,3754.5625,23675000,0.0,0.0
2011-12-08,ASII,7265.0,7290.0,7225.0,7265.0,3739.12255859375,18040000,0.0,0.0
2011-12-09,ASII,7305.0,7305.0,7195.0,7305.0,3759.70947265625,18420000,0.0,0.0
2011-12-12,ASII,7495.0,7500.0,7355.0,7495.0,3857.498046875,28440000,0.0,0.0
2011-12-13,ASII,7495.0,7495.0,7350.0,7495.0,3857.498046875,44425000,0.0,0.0
2011-12-14,ASII,7200.0,7480.0,7200.0,7200.0,3705.667724609375,30365000,0.0,0.0
2011-12-15,ASII,6905.0,7165.0,6830.0,6905.0,3553.8388671875,62435000,0.0,0.0
2011-12-16,ASII,7115.0,7205.0,6980.0,7115.0,3661.920166015625,41385000,0.0,0.0
2011-12-19,ASII,7115.0,7115.0,7115.0,7115.0,3661.920166015625,0,0.0,0.0
2011-12-20,ASII,7170.0,7290.0,7155.0,7170.0,3690.227783203125,15820000,0.0,0.0
2011-12-21,ASII,7305.0,7320.0,7235.0,7305.0,3759.70947265625,24900000,0.0,0.0
2011-12-22,ASII,7360.0,7370.0,7250.0,7360.0,3788.015869140625,14395000,0.0,0.0
2011-12-23,ASII,7370.0,7430.0,7350.0,7370.0,3793.162841796875,12215000,0.0,0.0
2011-12-27,ASII,7400.0,7450.0,7260.0,7400.0,3808.603271484375,6870000,0.0,0.0
2011-12-28,ASII,7325.0,7400.0,7260.0,7325.0,3770.002685546875,10290000,0.0,0.0
2011-12-29,ASII,7400.0,7400.0,7180.0,7400.0,3808.603271484375,14750000,0.0,0.0
2011-12-30,ASII,7400.0,7445.0,7350.0,7400.0,3808.603271484375,7555000,0.0,0.0
2012-01-02,ASII,7370.0,7400.0,7350.0,7370.0,3793.162841796875,2365000,0.0,0.0
2012-01-03,ASII,7500.0,7500.0,7400.0,7500.0,3860.072021484375,16420000,0.0,0.0
2012-01-04,ASII,7715.0,7790.0,7595.0,7715.0,3970.72705078125,25860000,0.0,0.0
2012-01-05,ASII,7745.0,7860.0,7620.0,7745.0,3986.166748046875,22700000,0.0,0.0
2012-01-06,ASII,7730.0,7750.0,7650.0,7730.0,3978.44775390625,9035000,0.0,0.0
2012-01-09,ASII,7600.0,7720.0,7525.0,7600.0,3911.537353515625,21740000,0.0,0.0
2012-01-10,ASII,7695.0,7695.0,7550.0,7695.0,3960.433349609375,15960000,0.0,0.0
2012-01-11,ASII,7560.0,7745.0,7560.0,7560.0,3890.9521484375,21145000,0.0,0.0
2012-01-12,ASII,7545.0,7660.0,7495.0,7545.0,3883.231201171875,20330000,0.0,0.0
2012-01-13,ASII,7675.0,7695.0,7550.0,7675.0,3950.138916015625,30,0.0,0.0
2012-01-16,ASII,7620.0,7680.0,7550.0,7620.0,3921.831298828125,15110000,0.0,0.0
2012-01-17,ASII,7730.0,7735.0,7620.0,7730.0,3978.44775390625,25500000,0.0,0.0
2012-01-18,ASII,7780.0,7800.0,7665.0,7780.0,4004.18017578125,29935000,0.0,0.0
2012-01-19,ASII,7880.0,7900.0,7830.0,7880.0,4055.648193359375,27930000,0.0,0.0
2012-01-20,ASII,7895.0,7965.0,7740.0,7895.0,4063.367919921875,40445000,0.0,0.0
2012-01-24,ASII,7865.0,7905.0,7835.0,7865.0,4047.92724609375,14980000,0.0,0.0
2012-01-25,ASII,7800.0,7920.0,7770.0,7800.0,4014.473876953125,16475000,0.0,0.0
2012-01-26,ASII,7835.0,7890.0,7700.0,7835.0,4032.487060546875,33715000,0.0,0.0
2012-01-27,ASII,7940.0,7940.0,7730.0,7940.0,4086.528076171875,36840000,0.0,0.0
2012-01-30,ASII,7710.0,7890.0,7690.0,7710.0,3968.153076171875,41255000,0.0,0.0
2012-01-31,ASII,7890.0,7895.0,7725.0,7890.0,4060.79296875,56620000,0.0,0.0
2012-02-01,ASII,7770.0,7920.0,7720.0,7770.0,3999.033447265625,34785000,0.0,0.0
2012-02-02,ASII,7805.0,7835.0,7705.0,7805.0,4017.0478515625,51985000,0.0,0.0
2012-02-03,ASII,7875.0,7875.0,7800.0,7875.0,4053.074951171875,18995000,0.0,0.0
2012-02-06,ASII,7700.0,7920.0,7700.0,7700.0,3963.005859375,34745000,0.0,0.0
2012-02-07,ASII,7565.0,7795.0,7555.0,7565.0,3893.525146484375,57225000,0.0,0.0
2012-02-08,ASII,7485.0,7560.0,7480.0,7485.0,3852.351806640625,61535000,0.0,0.0
2012-02-09,ASII,7295.0,7480.0,7235.0,7295.0,3754.5625,102540000,0.0,0.0
2012-02-10,ASII,7120.0,7220.0,7095.0,7120.0,3664.49365234375,78110000,0.0,0.0
2012-02-13,ASII,7335.0,7350.0,7175.0,7335.0,3775.149658203125,55910000,0.0,0.0
2012-02-14,ASII,7370.0,7370.0,7245.0,7370.0,3793.162841796875,25665000,0.0,0.0
2012-02-15,ASII,7295.0,7370.0,7260.0,7295.0,3754.5625,29235000,0.0,0.0
2012-02-16,ASII,7150.0,7270.0,7135.0,7150.0,3679.934326171875,49075000,0.0,0.0
2012-02-17,ASII,7390.0,7410.0,7270.0,7390.0,3803.45703125,44525000,0.0,0.0
2012-02-20,ASII,7395.0,7450.0,7340.0,7395.0,3806.0302734375,26415000,0.0,0.0
2012-02-21,ASII,7380.0,7465.0,7350.0,7380.0,3798.309326171875,22730000,0.0,0.0
2012-02-22,ASII,7235.0,7365.0,7200.0,7235.0,3723.68212890625,43625000,0.0,0.0
2012-02-23,ASII,7085.0,7150.0,7070.0,7085.0,3646.480712890625,54625000,0.0,0.0
2012-02-24,ASII,6825.0,7030.0,6755.0,6825.0,3512.66455078125,138175000,0.0,0.0
2012-02-27,ASII,6870.0,6875.0,6710.0,6870.0,3535.82470703125,49965000,0.0,0.0
2012-02-28,ASII,6980.0,6995.0,6935.0,6980.0,3592.43994140625,119955000,0.0,0.0
2012-02-29,ASII,7085.0,7090.0,6980.0,7085.0,3646.480712890625,43710000,0.0,0.0
2012-03-01,ASII,6965.0,7065.0,6960.0,6965.0,3584.71923828125,28930000,0.0,0.0
2012-03-02,ASII,7000.0,7010.0,6950.0,7000.0,3602.7333984375,30540000,0.0,0.0
2012-03-05,ASII,6960.0,7010.0,6945.0,6960.0,3582.145263671875,15975000,0.0,0.0
2012-03-06,ASII,6945.0,7015.0,6875.0,6945.0,3574.4267578125,37355000,0.0,0.0
2012-03-07,ASII,6915.0,6945.0,6880.0,6915.0,3558.98486328125,18445000,0.0,0.0
2012-03-08,ASII,6985.0,7000.0,6915.0,6985.0,3595.01318359375,28765000,0.0,0.0
2012-03-09,ASII,6915.0,6945.0,6880.0,6915.0,3558.98486328125,20,0.0,0.0
2012-03-12,ASII,6980.0,7080.0,6960.0,6980.0,3592.43994140625,15640000,0.0,0.0
2012-03-13,ASII,7060.0,7070.0,7020.0,7060.0,3633.613037109375,27450000,0.0,0.0
2012-03-14,ASII,7305.0,7320.0,7120.0,7305.0,3759.70947265625,91015000,0.0,0.0
2012-03-15,ASII,7305.0,7420.0,7305.0,7305.0,3759.70947265625,52385000,0.0,0.0
2012-03-16,ASII,7100.0,7400.0,7075.0,7100.0,3654.20068359375,68240000,0.0,0.0
2012-03-19,ASII,7050.0,7175.0,7030.0,7050.0,3628.467041015625,31685000,0.0,0.0
2012-03-20,ASII,6985.0,7025.0,6965.0,6985.0,3595.01318359375,35785000,0.0,0.0
2012-03-21,ASII,7165.0,7175.0,6955.0,7165.0,3687.655029296875,41785000,0.0,0.0
2012-03-22,ASII,7220.0,7235.0,7165.0,7220.0,3715.9619140625,29005000,0.0,0.0
2012-03-26,ASII,7160.0,7270.0,7055.0,7160.0,3685.081787109375,35515000,0.0,0.0
2012-03-27,ASII,7285.0,7285.0,7165.0,7285.0,3749.415283203125,26790000,0.0,0.0
2012-03-28,ASII,7155.0,7230.0,7150.0,7155.0,3682.508056640625,25970000,0.0,0.0
2012-03-29,ASII,7295.0,7300.0,7140.0,7295.0,3754.5625,32795000,0.0,0.0
2012-03-30,ASII,7395.0,7410.0,7295.0,7395.0,3806.0302734375,53095000,0.0,0.0
2012-04-02,ASII,7520.0,7525.0,7435.0,7520.0,3870.3642578125,50910000,0.0,0.0
2012-04-03,ASII,7520.0,7520.0,7520.0,7520.0,3870.3642578125,0,0.0,0.0
2012-04-04,ASII,7400.0,7650.0,7400.0,7400.0,3808.603271484375,32140000,0.0,0.0
2012-04-05,ASII,7475.0,7500.0,7300.0,7475.0,3847.20361328125,16160000,0.0,0.0
2012-04-09,ASII,7525.0,7570.0,7410.0,7525.0,3872.9375,13770000,0.0,0.0
2012-04-10,ASII,7410.0,7575.0,7410.0,7410.0,3813.750244140625,12065000,0.0,0.0
2012-04-11,ASII,7330.0,7420.0,7285.0,7330.0,3772.576171875,26035000,0.0,0.0
2012-04-12,ASII,7380.0,7400.0,7280.0,7380.0,3798.309326171875,33495000,0.0,0.0
2012-04-13,ASII,7430.0,7480.0,7310.0,7430.0,3824.04345703125,15860000,0.0,0.0
2012-04-16,ASII,7355.0,7450.0,7335.0,7355.0,3785.44287109375,11460000,0.0,0.0
2012-04-17,ASII,7405.0,7460.0,7375.0,7405.0,3811.176025390625,17525000,0.0,0.0
2012-04-18,ASII,7385.0,7480.0,7350.0,7385.0,3800.88330078125,17405000,0.0,0.0
2012-04-19,ASII,7275.0,7420.0,7255.0,7275.0,3744.269287109375,35020000,0.0,0.0
2012-04-20,ASII,7330.0,7330.0,7260.0,7330.0,3772.576171875,19585000,0.0,0.0
2012-04-23,ASII,7220.0,7365.0,7160.0,7220.0,3715.9619140625,31720000,0.0,0.0
2012-04-24,ASII,7140.0,7270.0,7125.0,7140.0,3674.788330078125,31640000,0.0,0.0
2012-04-25,ASII,7090.0,7160.0,7075.0,7090.0,3649.053955078125,44855000,0.0,0.0
2012-04-26,ASII,7075.0,7140.0,7065.0,7075.0,3641.334228515625,47245000,0.0,0.0
2012-04-27,ASII,7070.0,7200.0,7065.0,7070.0,3638.760986328125,52845000,0.0,0.0
2012-04-30,ASII,7100.0,7115.0,7070.0,7100.0,3654.20068359375,16505000,0.0,0.0
2012-05-01,ASII,7175.0,7180.0,7105.0,7175.0,3692.8017578125,12455000,0.0,0.0
2012-05-02,ASII,7175.0,7180.0,7105.0,7175.0,3692.8017578125,30,0.0,0.0
2012-05-03,ASII,7420.0,7420.0,7350.0,7420.0,3818.896484375,29560000,0.0,0.0
2012-05-04,ASII,7270.0,7425.0,7270.0,7270.0,3741.69482421875,14835000,0.0,0.0
2012-05-07,ASII,7150.0,7195.0,7100.0,7150.0,3679.934326171875,40805000,0.0,0.0
2012-05-08,ASII,7090.0,7205.0,7070.0,7090.0,3649.053955078125,44995000,0.0,0.0
2012-05-09,ASII,6965.0,7050.0,6960.0,6965.0,3584.71923828125,61150000,0.0,0.0
2012-05-10,ASII,6895.0,7020.0,6880.0,6895.0,3548.69287109375,51520000,0.0,0.0
2012-05-11,ASII,6885.0,6940.0,6870.0,6885.0,3543.545166015625,20335000,0.0,0.0
2012-05-14,ASII,6860.0,6975.0,6855.0,6860.0,3530.677978515625,19300000,0.0,0.0
2012-05-15,ASII,6795.0,6845.0,6760.0,6795.0,3497.224853515625,51260000,0.0,0.0
2012-05-16,ASII,6840.0,6840.0,6680.0,6840.0,3520.384521484375,44645000,0.0,0.0
2012-05-21,ASII,6685.0,6715.0,6560.0,6685.0,3511.454833984375,64560000,138.0,0.0
2012-05-22,ASII,6885.0,6895.0,6730.0,6885.0,3616.509521484375,47925000,0.0,0.0
2012-05-23,ASII,6775.0,6845.0,6695.0,6775.0,3558.729736328125,29620000,0.0,0.0
2012-05-24,ASII,6775.0,6805.0,6735.0,6775.0,3558.729736328125,24585000,0.0,0.0
2012-05-25,ASII,6585.0,6740.0,6570.0,6585.0,3458.92822265625,50640000,0.0,0.0
2012-05-28,ASII,6600.0,6670.0,6425.0,6600.0,3466.80615234375,16530000,0.0,0.0
2012-05-29,ASII,6520.0,6550.0,6465.0,6520.0,3424.784912109375,26780000,0.0,0.0
2012-05-30,ASII,6600.0,6680.0,6455.0,6600.0,3466.80615234375,35245000,0.0,0.0
2012-05-31,ASII,6430.0,6515.0,6420.0,6430.0,3377.509765625,63410000,0.0,0.0
2012-06-01,ASII,6335.0,6420.0,6300.0,6335.0,3327.609619140625,45595000,0.0,0.0
2012-06-04,ASII,6240.0,6355.0,6120.0,6240.0,3277.708251953125,44140000,0.0,0.0
2012-06-05,ASII,6600.0,6650.0,6400.0,6600.0,3466.80615234375,27014500,0.0,10.0
2012-06-06,ASII,6950.0,7000.0,6600.0,6950.0,3650.652587890625,41969000,0.0,0.0
2012-06-07,ASII,6800.0,7150.0,6700.0,6800.0,3571.86083984375,45218000,0.0,0.0
2012-06-08,ASII,6650.0,6800.0,6600.0,6650.0,3493.070556640625,14550500,0.0,0.0
2012-06-11,ASII,6600.0,6850.0,6550.0,6600.0,3466.80615234375,43667500,0.0,0.0
2012-06-12,ASII,6650.0,6650.0,6450.0,6650.0,3493.070556640625,17595000,0.0,0.0
2012-06-13,ASII,6850.0,6950.0,6650.0,6850.0,3598.12548828125,67072500,0.0,0.0
2012-06-14,ASII,6650.0,6900.0,6600.0,6650.0,3493.070556640625,33262500,0.0,0.0
2012-06-15,ASII,6600.0,6800.0,6550.0,6600.0,3466.80615234375,56389500,0.0,0.0
2012-06-18,ASII,6750.0,6850.0,6700.0,6750.0,3545.597900390625,43250500,0.0,0.0
2012-06-19,ASII,6750.0,6800.0,6650.0,6750.0,3545.597900390625,18426500,0.0,0.0
2012-06-20,ASII,6800.0,6850.0,6700.0,6800.0,3571.86083984375,23306500,0.0,0.0
2012-06-21,ASII,6650.0,6850.0,6600.0,6650.0,3493.070556640625,35392500,0.0,0.0
2012-06-22,ASII,6850.0,6900.0,6600.0,6850.0,3598.12548828125,57092000,0.0,0.0
2012-06-25,ASII,6850.0,6850.0,6700.0,6700.0,3519.334228515625,18292000,0.0,0.0
2012-06-26,ASII,6700.0,6800.0,6700.0,6750.0,3545.597900390625,29365500,0.0,0.0
2012-06-27,ASII,6750.0,6950.0,6750.0,6800.0,3571.86083984375,38998500,0.0,0.0
2012-06-28,ASII,6800.0,6850.0,6650.0,6650.0,3493.070556640625,33080500,0.0,0.0
2012-06-29,ASII,6650.0,6900.0,6650.0,6850.0,3598.12548828125,51859000,0.0,0.0
2012-07-02,ASII,6900.0,7000.0,6850.0,6900.0,3624.3896484375,34303500,0.0,0.0
2012-07-03,ASII,6950.0,7000.0,6900.0,6950.0,3650.652587890625,23550500,0.0,0.0
2012-07-04,ASII,7050.0,7100.0,6950.0,7050.0,3703.180419921875,47318500,0.0,0.0
2012-07-05,ASII,7050.0,7100.0,7000.0,7050.0,3703.180419921875,20654000,0.0,0.0
2012-07-06,ASII,6950.0,7100.0,6900.0,6950.0,3650.652587890625,21429000,0.0,0.0
2012-07-09,ASII,6750.0,6950.0,6750.0,6750.0,3545.597900390625,34687000,0.0,0.0
2012-07-10,ASII,6800.0,6850.0,6700.0,6800.0,3571.86083984375,28602000,0.0,0.0
2012-07-11,ASII,6800.0,6800.0,6750.0,6800.0,3571.86083984375,28980000,0.0,0.0
2012-07-12,ASII,6650.0,6800.0,6650.0,6650.0,3493.070556640625,36623500,0.0,0.0
2012-07-13,ASII,6700.0,6800.0,6700.0,6700.0,3519.334228515625,29297000,0.0,0.0
2012-07-16,ASII,6700.0,6850.0,6700.0,6700.0,3519.334228515625,27725500,0.0,0.0
2012-07-17,ASII,6800.0,6850.0,6750.0,6800.0,3571.86083984375,29337500,0.0,0.0
2012-07-18,ASII,6800.0,6850.0,6750.0,6800.0,3571.86083984375,29127500,0.0,0.0
2012-07-19,ASII,6800.0,6850.0,6750.0,6800.0,3571.86083984375,20861000,0.0,0.0
2012-07-20,ASII,6600.0,6750.0,6600.0,6600.0,3466.80615234375,50964000,0.0,0.0
2012-07-23,ASII,6400.0,6550.0,6400.0,6400.0,3361.752197265625,49841500,0.0,0.0
2012-07-24,ASII,6350.0,6500.0,6350.0,6350.0,3335.489013671875,32502500,0.0,0.0
2012-07-25,ASII,6350.0,6400.0,6250.0,6350.0,3335.489013671875,54242000,0.0,0.0
2012-07-26,ASII,6450.0,6450.0,6250.0,6450.0,3388.016357421875,41397500,0.0,0.0
2012-07-27,ASII,6650.0,6750.0,6500.0,6650.0,3493.070556640625,70689500,0.0,0.0
2012-07-30,ASII,6700.0,6800.0,6650.0,6700.0,3519.334228515625,46769500,0.0,0.0
2012-07-31,ASII,7000.0,7000.0,6700.0,7000.0,3676.916015625,86518000,0.0,0.0
2012-08-01,ASII,7100.0,7100.0,6900.0,7100.0,3729.44384765625,40791000,0.0,0.0
2012-08-02,ASII,7000.0,7100.0,7000.0,7000.0,3676.916015625,26153000,0.0,0.0
2012-08-03,ASII,7000.0,7000.0,6850.0,7000.0,3676.916015625,28117500,0.0,0.0
2012-08-06,ASII,6950.0,7100.0,6950.0,6950.0,3650.652587890625,16737000,0.0,0.0
2012-08-07,ASII,6950.0,7050.0,6900.0,6950.0,3650.652587890625,21936500,0.0,0.0
2012-08-08,ASII,7050.0,7100.0,6900.0,7050.0,3703.180419921875,32400500,0.0,0.0
2012-08-09,ASII,7150.0,7200.0,7050.0,7150.0,3755.707275390625,51547000,0.0,0.0
2012-08-10,ASII,7200.0,7250.0,7100.0,7200.0,3781.970703125,30390500,0.0,0.0
2012-08-13,ASII,7100.0,7250.0,7100.0,7100.0,3729.44384765625,20362500,0.0,0.0
2012-08-14,ASII,7200.0,7200.0,7100.0,7200.0,3781.970703125,16716500,0.0,0.0
2012-08-15,ASII,7350.0,7350.0,7150.0,7350.0,3860.760986328125,31657500,0.0,0.0
2012-08-16,ASII,7300.0,7400.0,7250.0,7300.0,3834.4990234375,36452500,0.0,0.0
2012-08-23,ASII,7100.0,7250.0,7000.0,7100.0,3729.44384765625,42937500,0.0,0.0
2012-08-24,ASII,7100.0,7150.0,6950.0,7100.0,3729.44384765625,21936000,0.0,0.0
2012-08-27,ASII,7100.0,7150.0,7050.0,7100.0,3729.44384765625,5440000,0.0,0.0
2012-08-28,ASII,7150.0,7150.0,7050.0,7150.0,3755.707275390625,16672000,0.0,0.0
2012-08-29,ASII,7000.0,7150.0,6950.0,7000.0,3676.916015625,30761500,0.0,0.0
2012-08-30,ASII,6800.0,6950.0,6750.0,6800.0,3571.86083984375,33792500,0.0,0.0
2012-08-31,ASII,6750.0,6800.0,6600.0,6750.0,3545.597900390625,51370000,0.0,0.0
2012-09-03,ASII,6900.0,6900.0,6700.0,6900.0,3624.3896484375,25443500,0.0,0.0
2012-09-04,ASII,6900.0,7050.0,6900.0,6900.0,3624.3896484375,29635500,0.0,0.0
2012-09-05,ASII,6900.0,7000.0,6850.0,6900.0,3624.3896484375,22894500,0.0,0.0
2012-09-06,ASII,7000.0,7000.0,6850.0,7000.0,3676.916015625,23515500,0.0,0.0
2012-09-07,ASII,7100.0,7150.0,7000.0,7100.0,3729.44384765625,48842500,0.0,0.0
2012-09-10,ASII,7400.0,7400.0,7100.0,7400.0,3887.025390625,82550000,0.0,0.0
2012-09-11,ASII,7250.0,7350.0,7250.0,7250.0,3808.235107421875,19462500,0.0,0.0
2012-09-12,ASII,7350.0,7350.0,7250.0,7350.0,3860.760986328125,29567500,0.0,0.0
2012-09-13,ASII,7300.0,7300.0,7200.0,7300.0,3834.4990234375,13118000,0.0,0.0
2012-09-14,ASII,7400.0,7500.0,7350.0,7400.0,3887.025390625,54963000,0.0,0.0
2012-09-17,ASII,7450.0,7550.0,7400.0,7450.0,3913.290283203125,37867000,0.0,0.0
2012-09-18,ASII,7450.0,7500.0,7400.0,7450.0,3913.290283203125,14799500,0.0,0.0
2012-09-19,ASII,7400.0,7500.0,7400.0,7400.0,3887.025390625,22142500,0.0,0.0
2012-09-20,ASII,7250.0,7450.0,7250.0,7250.0,3808.235107421875,17683500,0.0,0.0
2012-09-21,ASII,7400.0,7400.0,7250.0,7400.0,3887.025390625,20649500,0.0,0.0
2012-09-24,ASII,7350.0,7400.0,7300.0,7350.0,3860.760986328125,14955500,0.0,0.0
2012-09-25,ASII,7400.0,7500.0,7350.0,7400.0,3887.025390625,17489000,0.0,0.0
2012-09-26,ASII,7200.0,7350.0,7100.0,7200.0,3781.970703125,40578500,0.0,0.0
2012-09-27,ASII,7300.0,7350.0,7150.0,7300.0,3834.4990234375,26872500,0.0,0.0
2012-09-28,ASII,7400.0,7400.0,7300.0,7400.0,3887.025390625,38579000,0.0,0.0
2012-10-01,ASII,7300.0,7400.0,7250.0,7300.0,3834.4990234375,20751000,0.0,0.0
2012-10-02,ASII,7400.0,7450.0,7350.0,7400.0,3887.025390625,20638500,0.0,0.0
2012-10-03,ASII,7400.0,7500.0,7400.0,7400.0,3887.025390625,18221000,0.0,0.0
2012-10-04,ASII,7750.0,7750.0,7400.0,7750.0,4070.870849609375,76471000,0.0,0.0
2012-10-05,ASII,8200.0,8300.0,7850.0,8200.0,4307.244140625,106309500,0.0,0.0
2012-10-08,ASII,8000.0,8300.0,7950.0,8000.0,4202.19091796875,53301000,0.0,0.0
2012-10-09,ASII,8100.0,8250.0,7950.0,8100.0,4254.716796875,35596500,0.0,0.0
2012-10-10,ASII,8050.0,8050.0,7950.0,8050.0,4228.45458984375,33431000,0.0,0.0
2012-10-11,ASII,8000.0,8000.0,7900.0,8000.0,4202.19091796875,34218500,0.0,0.0
2012-10-12,ASII,7950.0,8050.0,7950.0,7950.0,4175.92626953125,28084000,0.0,0.0
2012-10-15,ASII,7850.0,7950.0,7750.0,7850.0,4123.3984375,48611500,0.0,0.0
2012-10-16,ASII,8050.0,8050.0,7850.0,8050.0,4228.45458984375,33424000,0.0,0.0
2012-10-17,ASII,7950.0,8100.0,7950.0,7950.0,4175.92626953125,29435000,0.0,0.0
2012-10-18,ASII,8200.0,8200.0,8050.0,8200.0,4307.244140625,44066000,0.0,0.0
2012-10-19,ASII,8050.0,8200.0,8000.0,8050.0,4262.7646484375,26404500,66.0,0.0
2012-10-22,ASII,8000.0,8100.0,7950.0,8000.0,4236.28759765625,20846500,0.0,0.0
2012-10-23,ASII,7950.0,8100.0,7900.0,7950.0,4209.81005859375,19224000,0.0,0.0
2012-10-24,ASII,8050.0,8050.0,7950.0,8050.0,4262.7646484375,17068000,0.0,0.0
2012-10-25,ASII,7950.0,8050.0,7950.0,7950.0,4209.81005859375,20611000,0.0,0.0
2012-10-29,ASII,7850.0,8000.0,7850.0,7850.0,4156.85546875,52676500,0.0,0.0
2012-10-30,ASII,8000.0,8000.0,7850.0,8000.0,4236.28759765625,20726000,0.0,0.0
2012-10-31,ASII,8050.0,8050.0,7900.0,8050.0,4262.7646484375,19084500,0.0,0.0
2012-11-01,ASII,7900.0,8000.0,7800.0,7900.0,4183.3330078125,52212000,0.0,0.0
2012-11-02,ASII,7900.0,7950.0,7800.0,7900.0,4183.3330078125,28150000,0.0,0.0
2012-11-05,ASII,7750.0,7900.0,7700.0,7750.0,4103.90234375,31087500,0.0,0.0
2012-11-06,ASII,7650.0,7800.0,7550.0,7650.0,4050.94970703125,45518000,0.0,0.0
2012-11-07,ASII,7750.0,7800.0,7700.0,7750.0,4103.90234375,30670000,0.0,0.0
2012-11-08,ASII,7800.0,7800.0,7600.0,7800.0,4130.37890625,22923500,0.0,0.0
2012-11-09,ASII,7800.0,7800.0,7700.0,7800.0,4130.37890625,21868500,0.0,0.0
2012-11-12,ASII,7650.0,7850.0,7650.0,7650.0,4050.94970703125,27445000,0.0,0.0
2012-11-13,ASII,7650.0,7700.0,7650.0,7650.0,4050.94970703125,11584000,0.0,0.0
2012-11-14,ASII,7750.0,7750.0,7600.0,7750.0,4103.90234375,19277000,0.0,0.0
2012-11-19,ASII,7800.0,7800.0,7700.0,7800.0,4130.37890625,32811000,0.0,0.0
2012-11-20,ASII,7700.0,7850.0,7650.0,7700.0,4077.426513671875,28755500,0.0,0.0
2012-11-21,ASII,7700.0,7750.0,7650.0,7700.0,4077.426513671875,20480500,0.0,0.0
2012-11-22,ASII,7750.0,7800.0,7650.0,7750.0,4103.90234375,17342000,0.0,0.0
2012-11-23,ASII,7800.0,7800.0,7650.0,7800.0,4130.37890625,14334000,0.0,0.0
2012-11-26,ASII,7900.0,7950.0,7750.0,7900.0,4183.3330078125,35792500,0.0,0.0
2012-11-27,ASII,7800.0,7950.0,7750.0,7800.0,4130.37890625,26109000,0.0,0.0
2012-11-28,ASII,7400.0,7750.0,7250.0,7400.0,3918.56494140625,113105500,0.0,0.0
2012-11-29,ASII,7350.0,7400.0,7200.0,7350.0,3892.087646484375,75968500,0.0,0.0
2012-11-30,ASII,7250.0,7400.0,7200.0,7250.0,3839.135498046875,62050500,0.0,0.0
2012-12-03,ASII,7200.0,7300.0,7050.0,7200.0,3812.657958984375,59117500,0.0,0.0
2012-12-04,ASII,6900.0,7200.0,6800.0,6900.0,3653.79833984375,118684500,0.0,0.0
2012-12-05,ASII,7050.0,7100.0,6850.0,7050.0,3733.228271484375,82170500,0.0,0.0
2012-12-06,ASII,7050.0,7150.0,7050.0,7050.0,3733.228271484375,49523500,0.0,0.0
2012-12-07,ASII,7050.0,7100.0,7000.0,7050.0,3733.228271484375,44567500,0.0,0.0
2012-12-10,ASII,7100.0,7100.0,7000.0,7100.0,3759.705078125,23434500,0.0,0.0
2012-12-11,ASII,7150.0,7250.0,7050.0,7150.0,3786.181396484375,61533000,0.0,0.0
2012-12-12,ASII,7450.0,7450.0,7200.0,7450.0,3945.04296875,41879000,0.0,0.0
2012-12-13,ASII,7450.0,7600.0,7400.0,7450.0,3945.04296875,33044000,0.0,0.0
2012-12-14,ASII,7450.0,7550.0,7400.0,7450.0,3945.04296875,12477000,0.0,0.0
2012-12-17,ASII,7550.0,7600.0,7450.0,7550.0,3997.99609375,34900500,0.0,0.0
2012-12-18,ASII,7650.0,7650.0,7500.0,7650.0,4050.94970703125,30985000,0.0,0.0
2012-12-19,ASII,7700.0,7700.0,7550.0,7700.0,4077.426513671875,31939000,0.0,0.0
2012-12-20,ASII,7500.0,7650.0,7450.0,7500.0,3971.51904296875,25080000,0.0,0.0
2012-12-21,ASII,7500.0,7550.0,7400.0,7500.0,3971.51904296875,19695500,0.0,0.0
2012-12-26,ASII,7400.0,7500.0,7300.0,7400.0,3918.56494140625,3,0.0,0.0
2012-12-27,ASII,7550.0,7550.0,7400.0,7550.0,3997.99609375,20879500,0.0,0.0
2012-12-28,ASII,7600.0,7650.0,7500.0,7600.0,4024.47265625,33628500,0.0,0.0
2013-01-02,ASII,7500.0,7700.0,7450.0,7500.0,3971.51904296875,23374000,0.0,0.0
2013-01-03,ASII,7850.0,7900.0,7500.0,7850.0,4156.85546875,70205000,0.0,0.0
2013-01-04,ASII,7850.0,7850.0,7750.0,7850.0,4156.85546875,29485000,0.0,0.0
2013-01-07,ASII,7750.0,7850.0,7700.0,7750.0,4103.90234375,20890000,0.0,0.0
2013-01-08,ASII,7650.0,7800.0,7600.0,7650.0,4050.94970703125,24269500,0.0,0.0
2013-01-09,ASII,7700.0,7750.0,7650.0,7700.0,4077.426513671875,38907000,0.0,0.0
2013-01-10,ASII,7350.0,7700.0,7300.0,7350.0,3892.087646484375,50290500,0.0,0.0
2013-01-11,ASII,7300.0,7500.0,7300.0,7300.0,3865.612548828125,33422500,0.0,0.0
2013-01-14,ASII,7500.0,7500.0,7350.0,7500.0,3971.51904296875,28014000,0.0,0.0
2013-01-15,ASII,7600.0,7600.0,7500.0,7600.0,4024.47265625,32451000,0.0,0.0
2013-01-16,ASII,7650.0,7650.0,7500.0,7650.0,4050.94970703125,23595000,0.0,0.0
2013-01-17,ASII,7500.0,7650.0,7500.0,7500.0,3971.51904296875,27764000,0.0,0.0
2013-01-18,ASII,7750.0,7750.0,7550.0,7750.0,4103.90234375,34305000,0.0,0.0
2013-01-21,ASII,7700.0,7800.0,7650.0,7700.0,4077.426513671875,16442000,0.0,0.0
2013-01-22,ASII,7750.0,7750.0,7650.0,7750.0,4103.90234375,31118500,0.0,0.0
2013-01-23,ASII,7800.0,7800.0,7700.0,7800.0,4130.37890625,25210500,0.0,0.0
2013-01-25,ASII,7800.0,7850.0,7700.0,7800.0,4130.37890625,42926500,0.0,0.0
2013-01-28,ASII,7750.0,7800.0,7650.0,7750.0,4103.90234375,21154500,0.0,0.0
2013-01-29,ASII,7700.0,7800.0,7650.0,7700.0,4077.426513671875,26325000,0.0,0.0
2013-01-30,ASII,7600.0,7750.0,7550.0,7600.0,4024.47265625,35004000,0.0,0.0
2013-01-31,ASII,7350.0,7600.0,7350.0,7350.0,3892.087646484375,65034000,0.0,0.0
2013-02-01,ASII,7450.0,7550.0,7400.0,7450.0,3945.04296875,46173500,0.0,0.0
2013-02-04,ASII,7600.0,7650.0,7500.0,7600.0,4024.47265625,47980000,0.0,0.0
2013-02-05,ASII,7600.0,7600.0,7450.0,7600.0,4024.47265625,20936000,0.0,0.0
2013-02-06,ASII,7550.0,7700.0,7550.0,7550.0,3997.99609375,20343500,0.0,0.0
2013-02-07,ASII,7650.0,7700.0,7600.0,7650.0,4050.94970703125,24702000,0.0,0.0
2013-02-08,ASII,7750.0,7800.0,7650.0,7750.0,4103.90234375,47117500,0.0,0.0
2013-02-11,ASII,7700.0,7800.0,7700.0,7700.0,4077.426513671875,8715500,0.0,0.0
2013-02-12,ASII,7750.0,7800.0,7650.0,7750.0,4103.90234375,12323000,0.0,0.0
2013-02-13,ASII,7800.0,7800.0,7700.0,7800.0,4130.37890625,30904000,0.0,0.0
2013-02-14,ASII,7750.0,7800.0,7700.0,7750.0,4103.90234375,28707000,0.0,0.0
2013-02-15,ASII,7750.0,7750.0,7700.0,7750.0,4103.90234375,17344000,0.0,0.0
2013-02-18,ASII,7700.0,7800.0,7700.0,7700.0,4077.426513671875,13981500,0.0,0.0
2013-02-19,ASII,7700.0,7750.0,7600.0,7700.0,4077.426513671875,27645000,0.0,0.0
2013-02-20,ASII,7750.0,7750.0,7650.0,7750.0,4103.90234375,29309000,0.0,0.0
2013-02-21,ASII,7750.0,7900.0,7750.0,7750.0,4103.90234375,57245000,0.0,0.0
2013-02-22,ASII,7800.0,7850.0,7700.0,7800.0,4130.37890625,3,0.0,0.0
2013-02-25,ASII,7850.0,7900.0,7800.0,7850.0,4156.85546875,29887000,0.0,0.0
2013-02-26,ASII,7800.0,7900.0,7750.0,7800.0,4130.37890625,29710000,0.0,0.0
2013-02-27,ASII,7900.0,7950.0,7850.0,7900.0,4183.3330078125,44216000,0.0,0.0
2013-02-28,ASII,7950.0,8000.0,7850.0,7950.0,4209.81005859375,35571000,0.0,0.0
2013-03-01,ASII,8100.0,8150.0,7950.0,8100.0,4289.240234375,58368000,0.0,0.0
2013-03-04,ASII,8100.0,8100.0,8100.0,8100.0,4289.240234375,0,0.0,0.0
2013-03-05,ASII,8100.0,8150.0,8000.0,8100.0,4289.240234375,36076000,0.0,0.0
2013-03-06,ASII,8100.0,8150.0,8000.0,8100.0,4289.240234375,28889500,0.0,0.0
2013-03-07,ASII,8200.0,8200.0,8100.0,8200.0,4342.193359375,36541500,0.0,0.0
2013-03-08,ASII,8300.0,8300.0,8200.0,8300.0,4395.14794921875,35325500,0.0,0.0
2013-03-11,ASII,8050.0,8300.0,8050.0,8050.0,4262.7646484375,29452500,0.0,0.0
2013-03-13,ASII,7950.0,8050.0,7850.0,7950.0,4209.81005859375,44721500,0.0,0.0
2013-03-14,ASII,7950.0,8000.0,7750.0,7750.0,4103.90234375,4,0.0,0.0
2013-03-15,ASII,7750.0,7900.0,7600.0,7600.0,4024.47265625,4,0.0,0.0
2013-03-18,ASII,7650.0,7750.0,7650.0,7700.0,4077.426513671875,4,0.0,0.0
2013-03-19,ASII,7750.0,7800.0,7650.0,7650.0,4050.94970703125,4,0.0,0.0
2013-03-20,ASII,7700.0,7750.0,7650.0,7700.0,4077.426513671875,34015500,0.0,0.0
2013-03-21,ASII,7650.0,7700.0,7550.0,7600.0,4024.47265625,4,0.0,0.0
2013-03-22,ASII,7500.0,7650.0,7500.0,7500.0,3971.51904296875,41430000,0.0,0.0
2013-03-25,ASII,7650.0,7800.0,7600.0,7650.0,4050.94970703125,36989000,0.0,0.0
2013-03-26,ASII,7700.0,7850.0,7600.0,7750.0,4103.90234375,4,0.0,0.0
2013-03-27,ASII,7800.0,7950.0,7800.0,7950.0,4209.81005859375,4,0.0,0.0
2013-03-28,ASII,7900.0,7900.0,7750.0,7900.0,4183.3330078125,37304500,0.0,0.0
2013-04-01,ASII,7850.0,7950.0,7800.0,7850.0,4156.85546875,12344500,0.0,0.0
2013-04-02,ASII,7900.0,7950.0,7850.0,7950.0,4209.81005859375,4,0.0,0.0
2013-04-03,ASII,8000.0,8000.0,7900.0,7950.0,4209.81005859375,4,0.0,0.0
2013-04-04,ASII,7950.0,7950.0,7700.0,7700.0,4077.426513671875,4,0.0,0.0
2013-04-05,ASII,7750.0,7850.0,7650.0,7650.0,4050.94970703125,4,0.0,0.0
2013-04-08,ASII,7650.0,7700.0,7550.0,7700.0,4077.426513671875,4,0.0,0.0
2013-04-09,ASII,7650.0,7700.0,7550.0,7700.0,4077.426513671875,4,0.0,0.0
2013-04-10,ASII,7700.0,7700.0,7550.0,7550.0,3997.99609375,4,0.0,0.0
2013-04-11,ASII,7650.0,7800.0,7600.0,7750.0,4103.90234375,4,0.0,0.0
2013-04-12,ASII,7700.0,7800.0,7650.0,7650.0,4050.94970703125,4,0.0,0.0
2013-04-15,ASII,7700.0,7700.0,7550.0,7600.0,4024.47265625,4,0.0,0.0
2013-04-16,ASII,7550.0,7800.0,7500.0,7750.0,4103.90234375,4,0.0,0.0
2013-04-17,ASII,7700.0,7800.0,7650.0,7650.0,4050.94970703125,4,0.0,0.0
2013-04-18,ASII,7650.0,7750.0,7650.0,7750.0,4103.90234375,4,0.0,0.0
2013-04-19,ASII,7750.0,7800.0,7700.0,7700.0,4077.426513671875,4,0.0,0.0
2013-04-22,ASII,7750.0,7800.0,7700.0,7800.0,4130.37890625,4,0.0,0.0
2013-04-23,ASII,7800.0,7800.0,7800.0,7800.0,4130.37890625,0,0.0,0.0
2013-04-24,ASII,7800.0,7800.0,7700.0,7800.0,4130.37890625,21364500,0.0,0.0
2013-04-25,ASII,7650.0,7700.0,7300.0,7350.0,3892.087646484375,4,0.0,0.0
2013-04-26,ASII,7250.0,7350.0,7200.0,7200.0,3812.657958984375,4,0.0,0.0
2013-04-29,ASII,7200.0,7400.0,7200.0,7400.0,3918.56494140625,4,0.0,0.0
2013-04-30,ASII,7400.0,7400.0,7150.0,7350.0,3892.087646484375,4,0.0,0.0
2013-05-01,ASII,7350.0,7350.0,7200.0,7350.0,3892.087646484375,19838500,0.0,0.0
2013-05-02,ASII,7250.0,7350.0,7200.0,7200.0,3812.657958984375,4,0.0,0.0
2013-05-03,ASII,7150.0,7200.0,6900.0,6900.0,3653.79833984375,4,0.0,0.0
2013-05-06,ASII,6900.0,7100.0,6900.0,7000.0,3706.7509765625,4,0.0,0.0
2013-05-07,ASII,7000.0,7050.0,6950.0,7050.0,3733.228271484375,4,0.0,0.0
2013-05-08,ASII,7100.0,7200.0,7050.0,7100.0,3759.705078125,33887500,0.0,0.0
2013-05-10,ASII,7100.0,7250.0,7100.0,7200.0,3812.657958984375,4,0.0,0.0
2013-05-13,ASII,7200.0,7200.0,6950.0,6950.0,3680.2744140625,4,0.0,0.0
2013-05-14,ASII,6950.0,7050.0,6950.0,7050.0,3733.228271484375,4,0.0,0.0
2013-05-15,ASII,7050.0,7200.0,7050.0,7050.0,3733.228271484375,30304000,0.0,0.0
2013-05-16,ASII,7150.0,7150.0,7050.0,7050.0,3733.228271484375,4,0.0,0.0
2013-05-17,ASII,7050.0,7150.0,7000.0,7050.0,3733.228271484375,38274500,0.0,0.0
2013-05-20,ASII,7100.0,7300.0,7100.0,7200.0,3812.657958984375,4,0.0,0.0
2013-05-21,ASII,7150.0,7200.0,7050.0,7150.0,3866.73876953125,34916000,150.0,0.0
2013-05-22,ASII,7150.0,7250.0,7150.0,7150.0,3866.73876953125,20706500,0.0,0.0
2013-05-23,ASII,7150.0,7200.0,7000.0,7050.0,3812.657958984375,4,0.0,0.0
2013-05-24,ASII,7150.0,7200.0,7100.0,7200.0,3893.778076171875,4,0.0,0.0
2013-05-27,ASII,7150.0,7200.0,7000.0,7000.0,3785.61865234375,4,0.0,0.0
2013-05-28,ASII,7000.0,7500.0,7000.0,7450.0,4028.9794921875,3,0.0,0.0
2013-05-29,ASII,7500.0,7550.0,7200.0,7200.0,3893.778076171875,4,0.0,0.0
2013-05-30,ASII,7150.0,7250.0,7050.0,7050.0,3812.657958984375,4,0.0,0.0
2013-05-31,ASII,7150.0,7200.0,7050.0,7050.0,3812.657958984375,4,0.0,0.0
2013-06-03,ASII,7050.0,7200.0,7000.0,7050.0,3812.657958984375,48729500,0.0,0.0
2013-06-04,ASII,7050.0,7150.0,7050.0,7150.0,3866.73876953125,4,0.0,0.0
2013-06-05,ASII,7100.0,7100.0,7000.0,7100.0,3839.69873046875,38788000,0.0,0.0
2013-06-07,ASII,7100.0,7100.0,6800.0,6800.0,3677.457763671875,4,0.0,0.0
2013-06-10,ASII,7000.0,7050.0,6850.0,6850.0,3704.497802734375,4,0.0,0.0
2013-06-11,ASII,6800.0,6950.0,6650.0,6650.0,3596.337158203125,4,0.0,0.0
2013-06-12,ASII,6600.0,7200.0,6500.0,7150.0,3866.73876953125,3,0.0,0.0
2013-06-13,ASII,7000.0,7050.0,6800.0,6900.0,3731.538330078125,4,0.0,0.0
2013-06-14,ASII,6800.0,7050.0,6800.0,7050.0,3812.657958984375,4,0.0,0.0
2013-06-17,ASII,7050.0,7100.0,6900.0,6950.0,3758.5791015625,4,0.0,0.0
2013-06-18,ASII,7000.0,7100.0,6950.0,7000.0,3785.61865234375,24962500,0.0,0.0
2013-06-19,ASII,7000.0,7000.0,6800.0,6850.0,3704.497802734375,4,0.0,0.0
2013-06-20,ASII,6700.0,6750.0,6550.0,6600.0,3569.29736328125,4,0.0,0.0
2013-06-21,ASII,6500.0,6500.0,6200.0,6350.0,3434.09619140625,4,0.0,0.0
2013-06-24,ASII,6350.0,6500.0,6250.0,6300.0,3407.056640625,4,0.0,0.0
2013-06-25,ASII,6400.0,6400.0,6150.0,6150.0,3325.935791015625,4,0.0,0.0
2013-06-26,ASII,6350.0,6650.0,6300.0,6500.0,3515.21630859375,4,0.0,0.0
2013-06-27,ASII,6700.0,6900.0,6700.0,6700.0,3623.376953125,39563500,0.0,0.0
2013-06-28,ASII,6900.0,7050.0,6900.0,7000.0,3785.61865234375,4,0.0,0.0
2013-07-01,ASII,6900.0,6950.0,6850.0,6850.0,3704.497802734375,4,0.0,0.0
2013-07-02,ASII,6950.0,6950.0,6650.0,6700.0,3623.376953125,28314000,0.0,0.0
2013-07-03,ASII,6700.0,6800.0,6500.0,6550.0,3542.257568359375,22044500,0.0,0.0
2013-07-04,ASII,6600.0,6700.0,6550.0,6550.0,3542.257568359375,12946000,0.0,0.0
2013-07-05,ASII,6650.0,6800.0,6600.0,6750.0,3650.417236328125,11788500,0.0,0.0
2013-07-08,ASII,6650.0,6650.0,6500.0,6500.0,3515.21630859375,26076000,0.0,0.0
2013-07-09,ASII,6600.0,6700.0,6500.0,6500.0,3515.21630859375,17568000,0.0,0.0
2013-07-10,ASII,6450.0,6650.0,6400.0,6500.0,3515.21630859375,30779500,0.0,0.0
2013-07-11,ASII,6550.0,6700.0,6550.0,6600.0,3569.29736328125,48983000,0.0,0.0
2013-07-12,ASII,6550.0,6650.0,6500.0,6600.0,3569.29736328125,26262500,0.0,0.0
2013-07-15,ASII,6650.0,6700.0,6600.0,6650.0,3596.337158203125,18965000,0.0,0.0
2013-07-16,ASII,6700.0,6900.0,6650.0,6850.0,3704.497802734375,29972000,0.0,0.0
2013-07-17,ASII,6850.0,6950.0,6600.0,6750.0,3650.417236328125,26930000,0.0,0.0
2013-07-18,ASII,6650.0,6800.0,6500.0,6650.0,3596.337158203125,26688000,0.0,0.0
2013-07-19,ASII,6600.0,6750.0,6550.0,6650.0,3596.337158203125,20365000,0.0,0.0
2013-07-22,ASII,6700.0,6700.0,6550.0,6550.0,3542.257568359375,7650500,0.0,0.0
2013-07-23,ASII,6600.0,6700.0,6550.0,6700.0,3623.376953125,17235000,0.0,0.0
2013-07-24,ASII,6650.0,6700.0,6500.0,6600.0,3569.29736328125,22636500,0.0,0.0
2013-07-25,ASII,6650.0,6700.0,6550.0,6600.0,3569.29736328125,21667000,0.0,0.0
2013-07-26,ASII,6650.0,6650.0,6350.0,6450.0,3488.176513671875,19944000,0.0,0.0
2013-07-29,ASII,6500.0,6500.0,6300.0,6300.0,3407.056640625,18451000,0.0,0.0
2013-07-30,ASII,6400.0,6500.0,6300.0,6450.0,3488.176513671875,17330500,0.0,0.0
2013-07-31,ASII,6500.0,6500.0,6300.0,6500.0,3515.21630859375,24335500,0.0,0.0
2013-08-01,ASII,6500.0,6750.0,6450.0,6750.0,3650.417236328125,34016500,0.0,0.0
2013-08-02,ASII,6700.0,6800.0,6600.0,6700.0,3623.376953125,28591500,0.0,0.0
2013-08-12,ASII,6700.0,6750.0,6450.0,6450.0,3488.176513671875,28760500,0.0,0.0
2013-08-13,ASII,6450.0,6600.0,6450.0,6600.0,3569.29736328125,10993000,0.0,0.0
2013-08-14,ASII,6600.0,6750.0,6550.0,6750.0,3650.417236328125,14326000,0.0,0.0
2013-08-15,ASII,6600.0,6650.0,6450.0,6500.0,3515.21630859375,35943500,0.0,0.0
2013-08-16,ASII,6450.0,6450.0,6300.0,6300.0,3407.056640625,36920000,0.0,0.0
2013-08-19,ASII,6200.0,6250.0,5900.0,5950.0,3217.77490234375,55986500,0.0,0.0
2013-08-20,ASII,6000.0,6100.0,5800.0,5950.0,3217.77490234375,64791000,0.0,0.0
2013-08-21,ASII,6000.0,6150.0,5900.0,5900.0,3190.734619140625,27349000,0.0,0.0
2013-08-22,ASII,5850.0,5950.0,5800.0,5900.0,3190.734619140625,28323500,0.0,0.0
2013-08-23,ASII,6000.0,6050.0,5800.0,5850.0,3163.69580078125,18689000,0.0,0.0
2013-08-26,ASII,5950.0,5950.0,5650.0,5650.0,3055.534423828125,10574500,0.0,0.0
2013-08-27,ASII,5750.0,5750.0,5300.0,5300.0,2866.253662109375,31201000,0.0,0.0
2013-08-28,ASII,5150.0,5600.0,5100.0,5600.0,3028.494384765625,33662000,0.0,0.0
2013-08-29,ASII,5800.0,6000.0,5650.0,5850.0,3163.69580078125,60559500,0.0,0.0
2013-08-30,ASII,5900.0,6150.0,5900.0,6050.0,3271.85546875,56328000,0.0,0.0
2013-09-02,ASII,6100.0,6100.0,5750.0,5900.0,3190.734619140625,31540500,0.0,0.0
2013-09-03,ASII,5900.0,5950.0,5800.0,5900.0,3190.734619140625,16871000,0.0,0.0
2013-09-04,ASII,5800.0,5850.0,5650.0,5700.0,3082.57470703125,33617500,0.0,0.0
2013-09-05,ASII,5700.0,5750.0,5500.0,5550.0,3001.454345703125,40340000,0.0,0.0
2013-09-06,ASII,5600.0,5700.0,5400.0,5700.0,3082.57470703125,20629500,0.0,0.0
2013-09-09,ASII,5800.0,5850.0,5750.0,5850.0,3163.69580078125,18966000,0.0,0.0
2013-09-10,ASII,5900.0,6400.0,5900.0,6350.0,3434.09619140625,73538000,0.0,0.0
2013-09-11,ASII,6400.0,6400.0,6050.0,6200.0,3352.976318359375,36283000,0.0,0.0
2013-09-12,ASII,6100.0,6250.0,5900.0,6150.0,3325.935791015625,38600000,0.0,0.0
2013-09-13,ASII,6050.0,6250.0,6050.0,6200.0,3352.976318359375,16660000,0.0,0.0
2013-09-16,ASII,6400.0,6900.0,6300.0,6900.0,3731.538330078125,61520500,0.0,0.0
2013-09-17,ASII,6800.0,6850.0,6550.0,6750.0,3650.417236328125,46868000,0.0,0.0
2013-09-18,ASII,6650.0,6800.0,6600.0,6750.0,3650.417236328125,28601000,0.0,0.0
2013-09-19,ASII,7000.0,7500.0,7000.0,7100.0,3839.69873046875,97396000,0.0,0.0
2013-09-20,ASII,7100.0,7100.0,6800.0,6900.0,3731.538330078125,34479500,0.0,0.0
2013-09-23,ASII,6800.0,6850.0,6700.0,6850.0,3704.497802734375,21235500,0.0,0.0
2013-09-24,ASII,6800.0,6850.0,6400.0,6400.0,3461.135986328125,46472000,0.0,0.0
2013-09-25,ASII,6400.0,6550.0,6200.0,6300.0,3407.056640625,52809000,0.0,0.0
2013-09-26,ASII,6350.0,6550.0,6350.0,6400.0,3461.135986328125,51757500,0.0,0.0
2013-09-27,ASII,6350.0,6600.0,6350.0,6500.0,3515.21630859375,26349000,0.0,0.0
2013-09-30,ASII,6400.0,6450.0,6250.0,6450.0,3488.176513671875,37523000,0.0,0.0
2013-10-01,ASII,6350.0,6500.0,6300.0,6350.0,3434.09619140625,21550500,0.0,0.0
2013-10-02,ASII,6450.0,6550.0,6350.0,6350.0,3434.09619140625,24583500,0.0,0.0
2013-10-03,ASII,6350.0,6500.0,6350.0,6450.0,3488.176513671875,20864000,0.0,0.0
2013-10-04,ASII,6450.0,6450.0,6300.0,6400.0,3461.135986328125,20334500,0.0,0.0
2013-10-07,ASII,6350.0,6450.0,6350.0,6350.0,3434.09619140625,18164500,0.0,0.0
2013-10-08,ASII,6350.0,6600.0,6350.0,6500.0,3515.21630859375,23023000,0.0,0.0
2013-10-09,ASII,6500.0,6600.0,6450.0,6550.0,3542.257568359375,12789500,0.0,0.0
2013-10-10,ASII,6650.0,6850.0,6600.0,6800.0,3677.457763671875,38531500,0.0,0.0
2013-10-11,ASII,7000.0,7000.0,6850.0,6900.0,3766.99267578125,37758000,64.0,0.0
2013-10-16,ASII,7000.0,7050.0,6900.0,7000.0,3821.585693359375,38918000,0.0,0.0
2013-10-17,ASII,7150.0,7250.0,6750.0,6850.0,3739.694580078125,35620500,0.0,0.0
2013-10-18,ASII,6850.0,6900.0,6700.0,6900.0,3766.99267578125,17450500,0.0,0.0
2013-10-21,ASII,6900.0,6900.0,6750.0,6900.0,3766.99267578125,20809000,0.0,0.0
2013-10-22,ASII,6750.0,6850.0,6600.0,6650.0,3630.506103515625,22800500,0.0,0.0
2013-10-23,ASII,6650.0,6800.0,6650.0,6700.0,3657.80322265625,13674500,0.0,0.0
2013-10-24,ASII,6650.0,6950.0,6650.0,6950.0,3794.289794921875,25357000,0.0,0.0
2013-10-25,ASII,6900.0,7000.0,6800.0,6950.0,3794.289794921875,28075000,0.0,0.0
2013-10-28,ASII,7000.0,7000.0,6800.0,6800.0,3712.397705078125,9105500,0.0,0.0
2013-10-29,ASII,6850.0,6850.0,6700.0,6800.0,3712.397705078125,12762500,0.0,0.0
2013-10-30,ASII,6750.0,6900.0,6700.0,6900.0,3766.99267578125,16268500,0.0,0.0
2013-10-31,ASII,6750.0,6850.0,6650.0,6650.0,3630.506103515625,25539500,0.0,0.0
2013-11-01,ASII,6650.0,6750.0,6500.0,6500.0,3548.615478515625,39496000,0.0,0.0
2013-11-04,ASII,6500.0,6600.0,6400.0,6450.0,3521.318359375,20388000,0.0,0.0
2013-11-06,ASII,6450.0,6600.0,6450.0,6550.0,3575.9130859375,22046500,0.0,0.0
2013-11-07,ASII,6550.0,6750.0,6550.0,6700.0,3657.80322265625,25217000,0.0,0.0
2013-11-08,ASII,6700.0,6750.0,6600.0,6700.0,3657.80322265625,17275000,0.0,0.0
2013-11-11,ASII,6650.0,6800.0,6600.0,6750.0,3685.100830078125,24385000,0.0,0.0
2013-11-12,ASII,6800.0,6800.0,6550.0,6600.0,3603.209716796875,25568000,0.0,0.0
2013-11-13,ASII,6550.0,6600.0,6350.0,6350.0,3466.724365234375,28635500,0.0,0.0
2013-11-14,ASII,6400.0,6500.0,6400.0,6450.0,3521.318359375,20655500,0.0,0.0
2013-11-15,ASII,6450.0,6550.0,6300.0,6300.0,3439.427001953125,24868500,0.0,0.0
2013-11-18,ASII,6450.0,6650.0,6400.0,6650.0,3630.506103515625,25714500,0.0,0.0
2013-11-19,ASII,6650.0,6800.0,6650.0,6750.0,3685.100830078125,29579000,0.0,0.0
2013-11-20,ASII,6800.0,6850.0,6550.0,6550.0,3575.9130859375,27081500,0.0,0.0
2013-11-21,ASII,6500.0,6750.0,6500.0,6700.0,3657.80322265625,18807000,0.0,0.0
2013-11-22,ASII,6750.0,6800.0,6600.0,6600.0,3603.209716796875,13101000,0.0,0.0
2013-11-25,ASII,6550.0,6650.0,6500.0,6550.0,3575.9130859375,15837500,0.0,0.0
2013-11-26,ASII,6500.0,6550.0,6300.0,6300.0,3439.427001953125,51243500,0.0,0.0
2013-11-27,ASII,6400.0,6400.0,6250.0,6300.0,3439.427001953125,32594500,0.0,0.0
2013-11-28,ASII,6300.0,6350.0,6200.0,6300.0,3439.427001953125,25902000,0.0,0.0
2013-11-29,ASII,6200.0,6300.0,6150.0,6250.0,3412.131103515625,29525000,0.0,0.0
2013-12-02,ASII,6300.0,6450.0,6250.0,6400.0,3494.02099609375,24308500,0.0,0.0
2013-12-03,ASII,6400.0,6450.0,6300.0,6350.0,3466.724365234375,12479000,0.0,0.0
2013-12-04,ASII,6300.0,6400.0,6250.0,6250.0,3412.131103515625,20264500,0.0,0.0
2013-12-05,ASII,6200.0,6200.0,6050.0,6150.0,3357.536376953125,38709000,0.0,0.0
2013-12-06,ASII,6100.0,6150.0,6050.0,6150.0,3357.536376953125,19672000,0.0,0.0
2013-12-09,ASII,6200.0,6400.0,6150.0,6300.0,3439.427001953125,21130000,0.0,0.0
2013-12-10,ASII,6350.0,6550.0,6300.0,6550.0,3575.9130859375,27231500,0.0,0.0
2013-12-11,ASII,6550.0,6550.0,6400.0,6450.0,3521.318359375,15145500,0.0,0.0
2013-12-12,ASII,6400.0,6400.0,6300.0,6300.0,3439.427001953125,12941500,0.0,0.0
2013-12-13,ASII,6300.0,6350.0,6100.0,6100.0,3330.23876953125,32394000,0.0,0.0
2013-12-16,ASII,6050.0,6150.0,6050.0,6100.0,3330.23876953125,13463500,0.0,0.0
2013-12-17,ASII,6200.0,6350.0,6200.0,6200.0,3384.83349609375,24311500,0.0,0.0
2013-12-18,ASII,6200.0,6350.0,6200.0,6250.0,3412.131103515625,17598000,0.0,0.0
2013-12-19,ASII,6350.0,6500.0,6300.0,6500.0,3548.615478515625,23872000,0.0,0.0
2013-12-20,ASII,6500.0,6500.0,6400.0,6400.0,3494.02099609375,20854000,0.0,0.0
2013-12-23,ASII,6400.0,6500.0,6300.0,6450.0,3521.318359375,14792000,0.0,0.0
2013-12-24,ASII,6500.0,6600.0,6450.0,6600.0,3603.209716796875,12111500,0.0,0.0
2013-12-27,ASII,6600.0,6650.0,6600.0,6600.0,3603.209716796875,11625500,0.0,0.0
2013-12-30,ASII,6700.0,6850.0,6650.0,6800.0,3712.397705078125,37858500,0.0,0.0
2014-01-02,ASII,6850.0,6950.0,6800.0,6950.0,3794.289794921875,14603500,0.0,0.0
2014-01-03,ASII,6950.0,6950.0,6700.0,6750.0,3685.100830078125,18566000,0.0,0.0
2014-01-06,ASII,6800.0,6950.0,6750.0,6850.0,3739.694580078125,29776200,0.0,0.0
2014-01-07,ASII,6900.0,7000.0,6825.0,6825.0,3726.04638671875,26433200,0.0,0.0
2014-01-08,ASII,6850.0,6900.0,6650.0,6800.0,3712.397705078125,19343900,0.0,0.0
2014-01-09,ASII,6825.0,6875.0,6700.0,6775.0,3698.74951171875,23481000,0.0,0.0
2014-01-10,ASII,6725.0,6825.0,6675.0,6750.0,3685.100830078125,22086800,0.0,0.0
2014-01-13,ASII,6850.0,7025.0,6800.0,7000.0,3821.585693359375,33263200,0.0,0.0
2014-01-15,ASII,7025.0,7400.0,7025.0,7300.0,3985.368408203125,56714000,0.0,0.0
2014-01-16,ASII,7325.0,7350.0,7200.0,7300.0,3985.368408203125,27017400,0.0,0.0
2014-01-17,ASII,7200.0,7200.0,6875.0,6925.0,3780.64013671875,49480500,0.0,0.0
2014-01-20,ASII,6875.0,6950.0,6825.0,6825.0,3726.04638671875,24099600,0.0,0.0
2014-01-21,ASII,6900.0,6900.0,6750.0,6750.0,3685.100830078125,16751900,0.0,0.0
2014-01-22,ASII,6750.0,6825.0,6700.0,6800.0,3712.397705078125,34666100,0.0,0.0
2014-01-23,ASII,6850.0,6875.0,6750.0,6800.0,3712.397705078125,24660500,0.0,0.0
2014-01-24,ASII,6525.0,6750.0,6525.0,6525.0,3562.263427734375,51920700,0.0,0.0
2014-01-27,ASII,6400.0,6450.0,6250.0,6400.0,3494.02099609375,33682400,0.0,0.0
2014-01-28,ASII,6400.0,6500.0,6350.0,6375.0,3480.373291015625,35519100,0.0,0.0
2014-01-29,ASII,6425.0,6525.0,6400.0,6425.0,3507.669921875,48344200,0.0,0.0
2014-01-30,ASII,6350.0,6425.0,6275.0,6425.0,3507.669921875,50615900,0.0,0.0
2014-02-03,ASII,6400.0,6400.0,6350.0,6350.0,3466.724365234375,24496000,0.0,0.0
2014-02-04,ASII,6250.0,6325.0,6225.0,6250.0,3412.131103515625,31151000,0.0,0.0
2014-02-05,ASII,6300.0,6375.0,6275.0,6375.0,3480.373291015625,22449600,0.0,0.0
2014-02-06,ASII,6375.0,6425.0,6350.0,6400.0,3494.02099609375,24377800,0.0,0.0
2014-02-07,ASII,6450.0,6600.0,6425.0,6525.0,3562.263427734375,45661900,0.0,0.0
2014-02-10,ASII,6575.0,6600.0,6475.0,6500.0,3548.615478515625,28504500,0.0,0.0
2014-02-11,ASII,6500.0,6600.0,6500.0,6575.0,3589.561279296875,17430500,0.0,0.0
2014-02-12,ASII,6625.0,6650.0,6575.0,6650.0,3630.506103515625,38309400,0.0,0.0
2014-02-13,ASII,6575.0,6700.0,6575.0,6650.0,3630.506103515625,29030900,0.0,0.0
2014-02-14,ASII,6675.0,6750.0,6650.0,6700.0,3657.80322265625,27986800,0.0,0.0
2014-02-17,ASII,6750.0,6900.0,6725.0,6825.0,3726.04638671875,52551700,0.0,0.0
2014-02-18,ASII,6775.0,6825.0,6700.0,6800.0,3712.397705078125,28768000,0.0,0.0
2014-02-19,ASII,6750.0,6950.0,6750.0,6950.0,3794.289794921875,40294200,0.0,0.0
2014-02-20,ASII,6875.0,6950.0,6825.0,6900.0,3766.99267578125,42230600,0.0,0.0
2014-02-21,ASII,6950.0,6975.0,6875.0,6975.0,3807.93798828125,39134100,0.0,0.0
2014-02-24,ASII,6975.0,7000.0,6750.0,6775.0,3698.74951171875,33404200,0.0,0.0
2014-02-25,ASII,6800.0,6800.0,6625.0,6700.0,3657.80322265625,49663500,0.0,0.0
2014-02-26,ASII,6625.0,6675.0,6525.0,6550.0,3575.9130859375,41094000,0.0,0.0
2014-02-27,ASII,6550.0,6750.0,6500.0,6700.0,3657.80322265625,36171900,0.0,0.0
2014-02-28,ASII,6775.0,6950.0,6775.0,6950.0,3794.289794921875,95332900,0.0,0.0
2014-03-03,ASII,6850.0,6900.0,6775.0,6800.0,3712.397705078125,27773000,0.0,0.0
2014-03-04,ASII,6850.0,6850.0,6725.0,6825.0,3726.04638671875,32191400,0.0,0.0
2014-03-05,ASII,6875.0,7025.0,6825.0,7025.0,3835.23486328125,54110600,0.0,0.0
2014-03-06,ASII,7050.0,7100.0,7000.0,7025.0,3835.23486328125,23145400,0.0,0.0
2014-03-07,ASII,7100.0,7100.0,6975.0,7000.0,3821.585693359375,34527600,0.0,0.0
2014-03-10,ASII,6950.0,7300.0,6950.0,7275.0,3971.7197265625,94212200,0.0,0.0
2014-03-11,ASII,7250.0,7275.0,7175.0,7250.0,3958.072021484375,37634400,0.0,0.0
2014-03-12,ASII,7200.0,7250.0,7175.0,7225.0,3944.423095703125,25901000,0.0,0.0
2014-03-13,ASII,7275.0,7300.0,7175.0,7275.0,3971.7197265625,25780400,0.0,0.0
2014-03-14,ASII,7200.0,7800.0,7150.0,7800.0,4258.33837890625,116469800,0.0,0.0
2014-03-17,ASII,7800.0,7975.0,7700.0,7925.0,4326.5810546875,142628608,0.0,0.0
2014-03-18,ASII,7900.0,8000.0,7575.0,7700.0,4203.74462890625,73445500,0.0,0.0
2014-03-19,ASII,7750.0,8000.0,7750.0,7875.0,4299.28515625,48624200,0.0,0.0
2014-03-20,ASII,7850.0,7850.0,7550.0,7550.0,4121.853515625,47176300,0.0,0.0
2014-03-21,ASII,7600.0,7725.0,7325.0,7350.0,4012.665283203125,66302100,0.0,0.0
2014-03-24,ASII,7400.0,7450.0,7250.0,7275.0,3971.7197265625,51606500,0.0,0.0
2014-03-25,ASII,7200.0,7275.0,7150.0,7250.0,3958.072021484375,45878000,0.0,0.0
2014-03-26,ASII,7350.0,7375.0,7300.0,7300.0,3985.368408203125,38008600,0.0,0.0
2014-03-27,ASII,7225.0,7375.0,7200.0,7250.0,3958.072021484375,51398100,0.0,0.0
2014-03-28,ASII,7275.0,7400.0,7275.0,7375.0,4026.313232421875,55907200,0.0,0.0
2014-04-01,ASII,7500.0,7700.0,7475.0,7675.0,4190.09619140625,60144400,0.0,0.0
2014-04-02,ASII,7700.0,7775.0,7650.0,7725.0,4217.39404296875,34822500,0.0,0.0
2014-04-03,ASII,7800.0,7850.0,7750.0,7800.0,4258.33837890625,41887000,0.0,0.0
2014-04-04,ASII,7850.0,7875.0,7675.0,7800.0,4258.33837890625,30022900,0.0,0.0
2014-04-07,ASII,7800.0,8000.0,7800.0,8000.0,4367.52783203125,78389600,0.0,0.0
2014-04-08,ASII,8000.0,8050.0,7950.0,8025.0,4381.1748046875,51386700,0.0,0.0
2014-04-09,ASII,8025.0,8025.0,8025.0,8025.0,4381.1748046875,0,0.0,0.0
2014-04-10,ASII,7700.0,7700.0,7350.0,7525.0,4108.205078125,125819000,0.0,0.0
2014-04-11,ASII,7525.0,7750.0,7450.0,7675.0,4190.09619140625,53088900,0.0,0.0
2014-04-14,ASII,7725.0,7825.0,7625.0,7700.0,4203.74462890625,33610600,0.0,0.0
2014-04-15,ASII,7775.0,7800.0,7675.0,7725.0,4217.39404296875,36950300,0.0,0.0
2014-04-16,ASII,7750.0,7800.0,7725.0,7750.0,4231.041015625,27122000,0.0,0.0
2014-04-17,ASII,7850.0,7875.0,7750.0,7825.0,4271.986328125,39267300,0.0,0.0
2014-04-21,ASII,7950.0,7975.0,7875.0,7900.0,4312.93310546875,20496000,0.0,0.0
2014-04-22,ASII,7900.0,7900.0,7725.0,7850.0,4285.63525390625,35880000,0.0,0.0
2014-04-23,ASII,7900.0,7925.0,7850.0,7900.0,4312.93310546875,38386300,0.0,0.0
2014-04-24,ASII,7975.0,7975.0,7850.0,7950.0,4340.2294921875,32251900,0.0,0.0
2014-04-25,ASII,7950.0,7975.0,7850.0,7875.0,4299.28515625,26516100,0.0,0.0
2014-04-28,ASII,7750.0,7850.0,7600.0,7600.0,4149.150390625,49468100,0.0,0.0
2014-04-29,ASII,7550.0,7575.0,7400.0,7475.0,4080.90771484375,64571000,0.0,0.0
2014-04-30,ASII,7475.0,7475.0,7350.0,7425.0,4053.61083984375,73993900,0.0,0.0
2014-05-02,ASII,7400.0,7500.0,7400.0,7425.0,4053.61083984375,39628800,0.0,0.0
2014-05-05,ASII,7450.0,7500.0,7400.0,7425.0,4053.61083984375,17152600,0.0,0.0
2014-05-06,ASII,7450.0,7500.0,7400.0,7400.0,4039.9619140625,12741800,0.0,0.0
2014-05-07,ASII,7400.0,7550.0,7400.0,7500.0,4094.556884765625,37935900,0.0,0.0
2014-05-08,ASII,7550.0,7575.0,7475.0,7475.0,4080.90771484375,23525300,0.0,0.0
2014-05-09,ASII,7525.0,7525.0,7450.0,7475.0,4080.90771484375,16071700,0.0,0.0
2014-05-12,ASII,7525.0,7550.0,7475.0,7500.0,4094.556884765625,23384100,0.0,0.0
2014-05-13,ASII,7575.0,7575.0,7400.0,7425.0,4053.61083984375,46420600,0.0,0.0
2014-05-14,ASII,7500.0,7600.0,7425.0,7575.0,4135.50244140625,51446300,0.0,0.0
2014-05-16,ASII,7550.0,7675.0,7550.0,7675.0,4190.09619140625,52781900,0.0,0.0
2014-05-19,ASII,7700.0,7800.0,7600.0,7700.0,4203.74462890625,86604500,0.0,0.0
2014-05-20,ASII,7500.0,7750.0,7450.0,7500.0,4094.556884765625,68868600,0.0,0.0
2014-05-21,ASII,7500.0,7575.0,7450.0,7500.0,4094.556884765625,33823700,0.0,0.0
2014-05-22,ASII,7600.0,7625.0,7500.0,7600.0,4149.150390625,37867700,0.0,0.0
2014-05-23,ASII,7500.0,7550.0,7450.0,7500.0,4178.11962890625,34145700,152.0,0.0
2014-05-26,ASII,7450.0,7525.0,7400.0,7450.0,4150.2646484375,12078300,0.0,0.0
2014-05-28,ASII,7450.0,7450.0,7400.0,7450.0,4150.2646484375,16619800,0.0,0.0
2014-05-30,ASII,7075.0,7500.0,7075.0,7075.0,3941.358642578125,93936600,0.0,0.0
2014-06-02,ASII,7225.0,7275.0,7125.0,7225.0,4024.920654296875,46880400,0.0,0.0
2014-06-03,ASII,7225.0,7275.0,7175.0,7225.0,4024.920654296875,24445300,0.0,0.0
2014-06-04,ASII,7175.0,7325.0,7175.0,7175.0,3997.06689453125,26784500,0.0,0.0
2014-06-05,ASII,7225.0,7225.0,7075.0,7150.0,3983.14013671875,32882100,0.0,0.0
2014-06-06,ASII,7200.0,7250.0,7150.0,7200.0,4010.99365234375,30170400,0.0,0.0
2014-06-09,ASII,7225.0,7275.0,7175.0,7225.0,4024.920654296875,22738200,0.0,0.0
2014-06-10,ASII,7400.0,7400.0,7225.0,7400.0,4122.41064453125,35546400,0.0,0.0
2014-06-11,ASII,7525.0,7525.0,7375.0,7525.0,4192.04638671875,47184700,0.0,0.0
2014-06-12,ASII,7450.0,7525.0,7400.0,7450.0,4150.2646484375,18495700,0.0,0.0
2014-06-13,ASII,7400.0,7450.0,7375.0,7400.0,4122.41064453125,14741200,0.0,0.0
2014-06-16,ASII,7250.0,7475.0,7250.0,7250.0,4038.84814453125,21576400,0.0,0.0
2014-06-17,ASII,7225.0,7275.0,7150.0,7225.0,4024.920654296875,34344200,0.0,0.0
2014-06-18,ASII,7175.0,7200.0,7150.0,7175.0,3997.06689453125,19613100,0.0,0.0
2014-06-19,ASII,7150.0,7225.0,7125.0,7150.0,3983.14013671875,35026000,0.0,0.0
2014-06-20,ASII,7150.0,7225.0,7150.0,7150.0,3983.14013671875,22344100,0.0,0.0
2014-06-23,ASII,7225.0,7275.0,7200.0,7225.0,4024.920654296875,28518300,0.0,0.0
2014-06-24,ASII,7275.0,7300.0,7225.0,7275.0,4052.775634765625,13453500,0.0,0.0
2014-06-25,ASII,7200.0,7275.0,7200.0,7200.0,4010.99365234375,9382800,0.0,0.0
2014-06-26,ASII,7225.0,7225.0,7175.0,7225.0,4024.920654296875,17606000,0.0,0.0
2014-06-27,ASII,7350.0,7350.0,7225.0,7350.0,4094.556884765625,26551700,0.0,0.0
2014-06-30,ASII,7275.0,7500.0,7275.0,7275.0,4052.775634765625,47355400,0.0,0.0
2014-07-01,ASII,7350.0,7400.0,7325.0,7350.0,4094.556884765625,6243700,0.0,0.0
2014-07-02,ASII,7450.0,7450.0,7350.0,7450.0,4150.2646484375,21128900,0.0,0.0
2014-07-03,ASII,7350.0,7475.0,7350.0,7350.0,4094.556884765625,11313100,0.0,0.0
2014-07-04,ASII,7350.0,7425.0,7325.0,7350.0,4094.556884765625,23581400,0.0,0.0
2014-07-07,ASII,7500.0,7525.0,7375.0,7500.0,4178.11962890625,63667100,0.0,0.0
2014-07-08,ASII,7650.0,7750.0,7550.0,7650.0,4261.681640625,87554500,0.0,0.0
2014-07-09,ASII,7650.0,7650.0,7650.0,7650.0,4261.681640625,0,0.0,0.0
2014-07-10,ASII,7825.0,8050.0,7775.0,7825.0,4359.17041015625,127365700,0.0,0.0
2014-07-11,ASII,7550.0,7750.0,7500.0,7550.0,4205.97314453125,37434700,0.0,0.0
2014-07-14,ASII,7500.0,7600.0,7450.0,7500.0,4178.11962890625,18227400,0.0,0.0
2014-07-15,ASII,7600.0,7625.0,7525.0,7600.0,4233.8271484375,31727900,0.0,0.0
2014-07-16,ASII,7600.0,7775.0,7600.0,7600.0,4233.8271484375,42710200,0.0,0.0
2014-07-17,ASII,7600.0,7700.0,7525.0,7600.0,4233.8271484375,29379100,0.0,0.0
2014-07-18,ASII,7650.0,7700.0,7575.0,7650.0,4261.681640625,12961700,0.0,0.0
2014-07-21,ASII,7725.0,7775.0,7675.0,7725.0,4303.46337890625,24677800,0.0,0.0
2014-07-22,ASII,7725.0,7900.0,7575.0,7725.0,4303.46337890625,76254600,0.0,0.0
2014-07-23,ASII,7700.0,7825.0,7675.0,7700.0,4289.53662109375,34142300,0.0,0.0
2014-07-24,ASII,7675.0,7775.0,7600.0,7675.0,4275.607421875,26020700,0.0,0.0
2014-07-25,ASII,7725.0,7725.0,7550.0,7725.0,4303.46337890625,32370900,0.0,0.0
2014-08-04,ASII,7900.0,7900.0,7550.0,7900.0,4400.95166015625,64681200,0.0,0.0
2014-08-05,ASII,7800.0,8000.0,7750.0,7800.0,4345.24267578125,20244800,0.0,0.0
2014-08-06,ASII,7625.0,7750.0,7600.0,7625.0,4247.75537109375,50787700,0.0,0.0
2014-08-07,ASII,7675.0,7725.0,7575.0,7675.0,4275.607421875,29075800,0.0,0.0
2014-08-08,ASII,7550.0,7650.0,7550.0,7550.0,4205.97314453125,12435700,0.0,0.0
2014-08-11,ASII,7650.0,7700.0,7650.0,7650.0,4261.681640625,18998600,0.0,0.0
2014-08-12,ASII,7650.0,7725.0,7650.0,7650.0,4261.681640625,10445800,0.0,0.0
2014-08-13,ASII,7725.0,7725.0,7650.0,7725.0,4303.46337890625,18753300,0.0,0.0
2014-08-14,ASII,7725.0,7750.0,7625.0,7725.0,4303.46337890625,21340100,0.0,0.0
2014-08-15,ASII,7650.0,7750.0,7600.0,7650.0,4261.681640625,18572200,0.0,0.0
2014-08-18,ASII,7675.0,7675.0,7575.0,7675.0,4275.607421875,11680600,0.0,0.0
2014-08-19,ASII,7675.0,7725.0,7650.0,7675.0,4275.607421875,15837700,0.0,0.0
2014-08-20,ASII,7725.0,7725.0,7625.0,7725.0,4303.46337890625,15668300,0.0,0.0
2014-08-21,ASII,7775.0,7775.0,7650.0,7775.0,4331.31689453125,18156200,0.0,0.0
2014-08-22,ASII,7725.0,7750.0,7650.0,7725.0,4303.46337890625,13100500,0.0,0.0
2014-08-25,ASII,7625.0,7725.0,7625.0,7625.0,4247.75537109375,10671200,0.0,0.0
2014-08-26,ASII,7600.0,7675.0,7600.0,7600.0,4233.8271484375,27144600,0.0,0.0
2014-08-27,ASII,7600.0,7675.0,7575.0,7600.0,4233.8271484375,24837700,0.0,0.0
2014-08-28,ASII,7675.0,7725.0,7625.0,7675.0,4275.607421875,17140300,0.0,0.0
2014-08-29,ASII,7575.0,7675.0,7550.0,7575.0,4219.900390625,27307900,0.0,0.0
2014-09-01,ASII,7625.0,7675.0,7575.0,7625.0,4247.75537109375,10311300,0.0,0.0
2014-09-02,ASII,7725.0,7725.0,7650.0,7725.0,4303.46337890625,12307300,0.0,0.0
2014-09-03,ASII,7675.0,7750.0,7650.0,7675.0,4275.607421875,8153700,0.0,0.0
2014-09-04,ASII,7550.0,7700.0,7500.0,7550.0,4205.97314453125,27555400,0.0,0.0
2014-09-05,ASII,7650.0,7650.0,7525.0,7650.0,4261.681640625,24010300,0.0,0.0
2014-09-08,ASII,7575.0,7675.0,7525.0,7575.0,4219.900390625,38393700,0.0,0.0
2014-09-09,ASII,7500.0,7650.0,7500.0,7500.0,4178.11962890625,17088800,0.0,0.0
2014-09-10,ASII,7325.0,7500.0,7300.0,7325.0,4080.62939453125,51280600,0.0,0.0
2014-09-11,ASII,7250.0,7400.0,7250.0,7250.0,4038.84814453125,22952600,0.0,0.0
2014-09-12,ASII,7225.0,7350.0,7225.0,7225.0,4024.920654296875,13909100,0.0,0.0
2014-09-15,ASII,7300.0,7325.0,7200.0,7300.0,4066.70166015625,18770300,0.0,0.0
2014-09-16,ASII,7250.0,7350.0,7225.0,7250.0,4038.84814453125,22269700,0.0,0.0
2014-09-17,ASII,7275.0,7325.0,7250.0,7275.0,4052.775634765625,19083200,0.0,0.0
2014-09-18,ASII,7375.0,7375.0,7275.0,7375.0,4108.4833984375,19295300,0.0,0.0
2014-09-19,ASII,7350.0,7400.0,7275.0,7350.0,4094.556884765625,39423200,0.0,0.0
2014-09-22,ASII,7350.0,7375.0,7250.0,7350.0,4094.556884765625,21296300,0.0,0.0
2014-09-23,ASII,7250.0,7300.0,7250.0,7250.0,4038.84814453125,38473000,0.0,0.0
2014-09-24,ASII,7200.0,7300.0,7200.0,7200.0,4010.99365234375,23309500,0.0,0.0
2014-09-25,ASII,7175.0,7250.0,7125.0,7175.0,3997.06689453125,32472700,0.0,0.0
2014-09-26,ASII,7000.0,7050.0,6950.0,7000.0,3899.577392578125,51406300,0.0,0.0
2014-09-29,ASII,7050.0,7075.0,6975.0,7050.0,3927.431884765625,20336700,0.0,0.0
2014-09-30,ASII,7050.0,7100.0,7000.0,7050.0,3927.431884765625,26768600,0.0,0.0
2014-10-01,ASII,7000.0,7075.0,7000.0,7000.0,3899.577392578125,16215600,0.0,0.0
2014-10-02,ASII,6600.0,6975.0,6600.0,6600.0,3676.74462890625,77532100,0.0,0.0
2014-10-03,ASII,6600.0,6700.0,6450.0,6600.0,3676.74462890625,52774500,0.0,0.0
2014-10-06,ASII,6725.0,6750.0,6600.0,6725.0,3746.380126953125,23274200,0.0,0.0
2014-10-07,ASII,6800.0,6825.0,6700.0,6800.0,3788.1611328125,24540300,0.0,0.0
2014-10-08,ASII,6700.0,6750.0,6600.0,6700.0,3732.45166015625,28902700,0.0,0.0
2014-10-09,ASII,6725.0,6825.0,6725.0,6725.0,3746.380126953125,14465900,0.0,0.0
2014-10-10,ASII,6500.0,6600.0,6500.0,6500.0,3621.036376953125,32513400,0.0,0.0
2014-10-13,ASII,6350.0,6500.0,6350.0,6350.0,3537.4736328125,33209300,0.0,0.0
2014-10-14,ASII,6400.0,6450.0,6325.0,6400.0,3565.32763671875,23625500,0.0,0.0
2014-10-15,ASII,6400.0,6500.0,6400.0,6400.0,3601.3408203125,38484500,64.0,0.0
2014-10-16,ASII,6350.0,6450.0,6325.0,6350.0,3573.2060546875,28626000,0.0,0.0
2014-10-17,ASII,6550.0,6600.0,6350.0,6550.0,3685.74853515625,42535400,0.0,0.0
2014-10-20,ASII,6600.0,6725.0,6600.0,6600.0,3713.88330078125,70690800,0.0,0.0
2014-10-21,ASII,6500.0,6675.0,6475.0,6500.0,3657.6123046875,30349700,0.0,0.0
2014-10-22,ASII,6550.0,6600.0,6500.0,6550.0,3685.74853515625,20508200,0.0,0.0
2014-10-23,ASII,6700.0,6700.0,6500.0,6700.0,3770.153564453125,29501600,0.0,0.0
2014-10-24,ASII,6600.0,6675.0,6575.0,6600.0,3713.88330078125,24615300,0.0,0.0
2014-10-27,ASII,6525.0,6650.0,6475.0,6525.0,3671.68017578125,26639900,0.0,0.0
2014-10-28,ASII,6650.0,6650.0,6525.0,6650.0,3742.0185546875,16827200,0.0,0.0
2014-10-29,ASII,6875.0,6900.0,6675.0,6875.0,3868.628173828125,46016100,0.0,0.0
2014-10-30,ASII,6900.0,6950.0,6775.0,6900.0,3882.695556640625,19122900,0.0,0.0
2014-10-31,ASII,6775.0,6925.0,6725.0,6775.0,3812.357177734375,36358500,0.0,0.0
2014-11-03,ASII,6875.0,6875.0,6700.0,6875.0,3868.628173828125,17490700,0.0,0.0
2014-11-04,ASII,6775.0,7000.0,6775.0,6775.0,3812.357177734375,30482600,0.0,0.0
2014-11-05,ASII,6950.0,6950.0,6800.0,6950.0,3910.832275390625,16107000,0.0,0.0
2014-11-06,ASII,6950.0,7000.0,6900.0,6950.0,3910.832275390625,20948900,0.0,0.0
2014-11-07,ASII,6950.0,7000.0,6925.0,6950.0,3910.832275390625,28593900,0.0,0.0
2014-11-10,ASII,6725.0,6950.0,6725.0,6725.0,3784.221923828125,13249600,0.0,0.0
2014-11-11,ASII,6875.0,7000.0,6725.0,6875.0,3868.628173828125,14810500,0.0,0.0
2014-11-12,ASII,7100.0,7150.0,6950.0,7100.0,3995.23779296875,25719900,0.0,0.0
2014-11-13,ASII,7100.0,7125.0,7050.0,7100.0,3995.23779296875,8962300,0.0,0.0
2014-11-14,ASII,7175.0,7200.0,7050.0,7175.0,4037.44091796875,19009200,0.0,0.0
2014-11-17,ASII,7175.0,7200.0,7075.0,7125.0,4009.305908203125,19508600,0.0,0.0
2014-11-18,ASII,7200.0,7200.0,7075.0,7200.0,4051.508544921875,14477000,0.0,0.0
2014-11-19,ASII,7150.0,7200.0,7100.0,7150.0,4023.373046875,15053900,0.0,0.0
2014-11-20,ASII,6875.0,7125.0,6825.0,6875.0,3868.628173828125,41087200,0.0,0.0
2014-11-21,ASII,6950.0,7050.0,6850.0,6950.0,3910.832275390625,14981800,0.0,0.0
2014-11-24,ASII,7100.0,7125.0,7000.0,7100.0,3995.23779296875,16110600,0.0,0.0
2014-11-25,ASII,6900.0,7075.0,6900.0,6900.0,3882.695556640625,23114300,0.0,0.0
2014-11-26,ASII,7025.0,7025.0,6925.0,7025.0,3953.034423828125,14680000,0.0,0.0
2014-11-27,ASII,7100.0,7100.0,7025.0,7100.0,3995.23779296875,8172700,0.0,0.0
2014-11-28,ASII,7125.0,7125.0,7000.0,7125.0,4009.305908203125,9034200,0.0,0.0
2014-12-01,ASII,7100.0,7125.0,7000.0,7125.0,4009.305908203125,18701600,0.0,0.0
2014-12-02,ASII,7100.0,7150.0,6975.0,7000.0,3938.9677734375,28288100,0.0,0.0
2014-12-03,ASII,7075.0,7075.0,6850.0,6900.0,3882.695556640625,31060700,0.0,0.0
2014-12-04,ASII,6950.0,7050.0,6900.0,6975.0,3924.89990234375,23699600,0.0,0.0
2014-12-05,ASII,6975.0,7150.0,6975.0,7100.0,3995.23779296875,16511800,0.0,0.0
2014-12-08,ASII,7175.0,7175.0,7050.0,7100.0,3995.23779296875,29251800,0.0,0.0
2014-12-09,ASII,7100.0,7150.0,7075.0,7100.0,3995.23779296875,29850800,0.0,0.0
2014-12-10,ASII,7100.0,7200.0,7075.0,7150.0,4023.373046875,23015200,0.0,0.0
2014-12-11,ASII,7125.0,7175.0,7100.0,7100.0,3995.23779296875,21823400,0.0,0.0
2014-12-12,ASII,7100.0,7250.0,7100.0,7175.0,4037.44091796875,27644900,0.0,0.0
2014-12-15,ASII,7100.0,7150.0,6975.0,7025.0,3953.034423828125,31417200,0.0,0.0
2014-12-16,ASII,6900.0,7150.0,6900.0,7100.0,3995.23779296875,43828900,0.0,0.0
2014-12-17,ASII,7100.0,7125.0,7025.0,7025.0,3953.034423828125,30882200,0.0,0.0
2014-12-18,ASII,7150.0,7200.0,7100.0,7200.0,4051.508544921875,16623100,0.0,0.0
2014-12-19,ASII,7250.0,7375.0,7175.0,7200.0,4051.508544921875,26745900,0.0,0.0
2014-12-22,ASII,7200.0,7275.0,7100.0,7125.0,4009.305908203125,21115400,0.0,0.0
2014-12-23,ASII,7225.0,7325.0,7225.0,7275.0,4093.712646484375,17248300,0.0,0.0
2014-12-24,ASII,7225.0,7350.0,7225.0,7325.0,4121.84814453125,20266000,0.0,0.0
2014-12-29,ASII,7375.0,7400.0,7325.0,7350.0,4135.916015625,20762000,0.0,0.0
2014-12-30,ASII,7400.0,7475.0,7350.0,7425.0,4178.11962890625,45532000,0.0,0.0
2015-01-02,ASII,7475.0,7475.0,7375.0,7400.0,4164.05126953125,11250600,0.0,0.0
2015-01-05,ASII,7350.0,7375.0,7225.0,7225.0,4065.57666015625,15960600,0.0,0.0
2015-01-06,ASII,7125.0,7175.0,7050.0,7050.0,3967.10302734375,37116000,0.0,0.0
2015-01-07,ASII,7000.0,7175.0,7000.0,7150.0,4023.373046875,27627100,0.0,0.0
2015-01-08,ASII,7150.0,7200.0,7075.0,7075.0,3981.169677734375,28907300,0.0,0.0
2015-01-09,ASII,7125.0,7125.0,7000.0,7025.0,3953.034423828125,43416500,0.0,0.0
2015-01-12,ASII,7000.0,7075.0,7000.0,7000.0,3938.9677734375,19181900,0.0,0.0
2015-01-13,ASII,7050.0,7175.0,7025.0,7175.0,4037.44091796875,23876900,0.0,0.0
2015-01-14,ASII,7125.0,7175.0,7050.0,7050.0,3967.10302734375,14021000,0.0,0.0
2015-01-15,ASII,7275.0,7275.0,7100.0,7275.0,4093.712646484375,28609500,0.0,0.0
2015-01-16,ASII,7200.0,7325.0,7150.0,7300.0,4107.77978515625,20906300,0.0,0.0
2015-01-19,ASII,7350.0,7450.0,7300.0,7425.0,4178.11962890625,32357700,0.0,0.0
2015-01-20,ASII,7475.0,7475.0,7400.0,7450.0,4192.1865234375,33204300,0.0,0.0
2015-01-21,ASII,7500.0,7700.0,7475.0,7675.0,4318.7958984375,58427300,0.0,0.0
2015-01-22,ASII,7725.0,7750.0,7650.0,7750.0,4361.00048828125,44169700,0.0,0.0
2015-01-23,ASII,7800.0,8100.0,7800.0,8075.0,4543.88037109375,83763300,0.0,0.0
2015-01-26,ASII,8100.0,8100.0,7825.0,8025.0,4515.7451171875,46020400,0.0,0.0
2015-01-27,ASII,7975.0,8000.0,7725.0,7825.0,4403.2021484375,36988800,0.0,0.0
2015-01-28,ASII,7875.0,7900.0,7775.0,7825.0,4403.2021484375,13303500,0.0,0.0
2015-01-29,ASII,7800.0,7850.0,7750.0,7750.0,4361.00048828125,27928900,0.0,0.0
2015-01-30,ASII,7875.0,7925.0,7825.0,7850.0,4417.2705078125,62791800,0.0,0.0
2015-02-02,ASII,7800.0,7875.0,7650.0,7750.0,4361.00048828125,24741000,0.0,0.0
2015-02-03,ASII,7700.0,7775.0,7575.0,7625.0,4290.66162109375,21003300,0.0,0.0
2015-02-04,ASII,7700.0,7725.0,7625.0,7725.0,4346.93212890625,28775500,0.0,0.0
2015-02-05,ASII,7725.0,7750.0,7500.0,7550.0,4248.45703125,38947300,0.0,0.0
2015-02-06,ASII,7600.0,7600.0,7450.0,7600.0,4276.59326171875,43791500,0.0,0.0
2015-02-09,ASII,7575.0,7700.0,7550.0,7575.0,4262.52490234375,18249700,0.0,0.0
2015-02-10,ASII,7650.0,7700.0,7600.0,7625.0,4290.66162109375,27338800,0.0,0.0
2015-02-11,ASII,7625.0,7875.0,7625.0,7875.0,4431.337890625,45462300,0.0,0.0
2015-02-12,ASII,7850.0,7925.0,7700.0,7925.0,4459.47314453125,32743400,0.0,0.0
2015-02-13,ASII,7950.0,7975.0,7875.0,7950.0,4473.541015625,34871600,0.0,0.0
2015-02-16,ASII,7950.0,7975.0,7775.0,7800.0,4389.134765625,13527700,0.0,0.0
2015-02-17,ASII,7725.0,7800.0,7725.0,7800.0,4389.134765625,10097500,0.0,0.0
2015-02-18,ASII,7950.0,8050.0,7850.0,7950.0,4473.541015625,68697400,0.0,0.0
2015-02-20,ASII,7850.0,7950.0,7850.0,7850.0,4417.2705078125,7536100,0.0,0.0
2015-02-23,ASII,7800.0,7900.0,7775.0,7900.0,4445.40625,19879600,0.0,0.0
2015-02-24,ASII,7900.0,8000.0,7850.0,8000.0,4501.6767578125,18250700,0.0,0.0
2015-02-25,ASII,8000.0,8175.0,7975.0,8150.0,4586.08349609375,39048800,0.0,0.0
2015-02-26,ASII,8050.0,8150.0,8025.0,8050.0,4529.8125,25559700,0.0,0.0
2015-02-27,ASII,8075.0,8075.0,7850.0,7850.0,4417.2705078125,41396200,0.0,0.0
2015-03-02,ASII,7850.0,7900.0,7800.0,7875.0,4431.337890625,49164200,0.0,0.0
2015-03-03,ASII,7875.0,8050.0,7875.0,8000.0,4501.6767578125,49550000,0.0,0.0
2015-03-04,ASII,8025.0,8050.0,7875.0,7875.0,4431.337890625,28378700,0.0,0.0
2015-03-05,ASII,7850.0,8000.0,7850.0,7850.0,4417.2705078125,26509100,0.0,0.0
2015-03-06,ASII,7925.0,8075.0,7875.0,8075.0,4543.88037109375,26743100,0.0,0.0
2015-03-09,ASII,7950.0,8075.0,7875.0,7950.0,4473.541015625,56713500,0.0,0.0
2015-03-10,ASII,7950.0,8050.0,7925.0,7975.0,4487.60791015625,17798900,0.0,0.0
2015-03-11,ASII,8000.0,8000.0,7850.0,7850.0,4417.2705078125,49276600,0.0,0.0
2015-03-12,ASII,7900.0,7975.0,7850.0,7900.0,4445.40625,35138700,0.0,0.0
2015-03-13,ASII,7950.0,7950.0,7850.0,7875.0,4431.337890625,27352000,0.0,0.0
2015-03-16,ASII,7900.0,8000.0,7875.0,7975.0,4487.60791015625,24470900,0.0,0.0
2015-03-17,ASII,8025.0,8050.0,7950.0,8000.0,4501.6767578125,26491800,0.0,0.0
2015-03-18,ASII,7975.0,8025.0,7925.0,7975.0,4487.60791015625,32650000,0.0,0.0
2015-03-19,ASII,8075.0,8100.0,7975.0,8050.0,4529.8125,78246500,0.0,0.0
2015-03-20,ASII,8050.0,8150.0,7975.0,8100.0,4557.9482421875,45346100,0.0,0.0
2015-03-23,ASII,8150.0,8300.0,8125.0,8175.0,4600.1513671875,56395200,0.0,0.0
2015-03-24,ASII,8200.0,8200.0,8100.0,8150.0,4586.08349609375,58551400,0.0,0.0
2015-03-25,ASII,8150.0,8250.0,8125.0,8200.0,4614.21875,25176400,0.0,0.0
2015-03-26,ASII,8150.0,8225.0,8150.0,8150.0,4586.08349609375,33683500,0.0,0.0
2015-03-27,ASII,8100.0,8200.0,8000.0,8200.0,4614.21875,42916500,0.0,0.0
2015-03-30,ASII,8250.0,8450.0,8200.0,8375.0,4712.6923828125,41823500,0.0,0.0
2015-03-31,ASII,8500.0,8575.0,8400.0,8575.0,4825.2353515625,46884900,0.0,0.0
2015-04-01,ASII,8575.0,8575.0,8175.0,8175.0,4600.1513671875,50961300,0.0,0.0
2015-04-02,ASII,8225.0,8275.0,7975.0,8075.0,4543.88037109375,23627800,0.0,0.0
2015-04-06,ASII,8150.0,8250.0,8100.0,8200.0,4614.21875,23208000,0.0,0.0
2015-04-07,ASII,8275.0,8275.0,8125.0,8150.0,4586.08349609375,13826400,0.0,0.0
2015-04-08,ASII,8075.0,8125.0,7950.0,7975.0,4487.60791015625,40611500,0.0,0.0
2015-04-09,ASII,8025.0,8150.0,8000.0,8150.0,4586.08349609375,24132500,0.0,0.0
2015-04-10,ASII,8150.0,8225.0,8000.0,8150.0,4586.08349609375,32941300,0.0,0.0
2015-04-13,ASII,8175.0,8175.0,8050.0,8175.0,4600.1513671875,14575600,0.0,0.0
2015-04-14,ASII,8175.0,8200.0,8100.0,8200.0,4614.21875,13000600,0.0,0.0
2015-04-15,ASII,8200.0,8225.0,8125.0,8175.0,4600.1513671875,10349900,0.0,0.0
2015-04-16,ASII,8200.0,8225.0,8000.0,8050.0,4529.8125,31847400,0.0,0.0
2015-04-17,ASII,8025.0,8075.0,7950.0,7975.0,4487.60791015625,31036600,0.0,0.0
2015-04-20,ASII,7975.0,8000.0,7650.0,7700.0,4332.8642578125,60270400,0.0,0.0
2015-04-21,ASII,7725.0,7950.0,7675.0,7925.0,4459.47314453125,41807400,0.0,0.0
2015-04-22,ASII,7950.0,7975.0,7875.0,7900.0,4445.40625,18642400,0.0,0.0
2015-04-23,ASII,7875.0,7950.0,7850.0,7900.0,4445.40625,31419100,0.0,0.0
2015-04-24,ASII,7975.0,8000.0,7800.0,7875.0,4431.337890625,23973400,0.0,0.0
2015-04-27,ASII,7850.0,7850.0,7450.0,7450.0,4192.1865234375,67783000,0.0,0.0
2015-04-28,ASII,7325.0,7400.0,7250.0,7375.0,4149.9833984375,42559700,0.0,0.0
2015-04-29,ASII,7300.0,7375.0,7000.0,7100.0,3995.23779296875,66566500,0.0,0.0
2015-04-30,ASII,7000.0,7100.0,6700.0,6850.0,3854.560546875,97140700,0.0,0.0
2015-05-04,ASII,7000.0,7175.0,6950.0,7100.0,3995.23779296875,39236500,0.0,0.0
2015-05-05,ASII,7175.0,7275.0,7075.0,7275.0,4093.712646484375,34491200,0.0,0.0
2015-05-06,ASII,7225.0,7375.0,7200.0,7350.0,4135.916015625,39825800,0.0,0.0
2015-05-07,ASII,7250.0,7400.0,7175.0,7200.0,4137.06396484375,28803800,152.0,0.0
2015-05-08,ASII,7300.0,7450.0,7275.0,7400.0,4251.9833984375,16535600,0.0,0.0
2015-05-11,ASII,7500.0,7500.0,7325.0,7325.0,4208.8896484375,19273300,0.0,0.0
2015-05-12,ASII,7325.0,7475.0,7325.0,7375.0,4237.61767578125,23493800,0.0,0.0
2015-05-13,ASII,7450.0,7625.0,7350.0,7525.0,4323.8076171875,24180400,0.0,0.0
2015-05-15,ASII,7625.0,7725.0,7475.0,7500.0,4309.4423828125,38157100,0.0,0.0
2015-05-18,ASII,7550.0,7575.0,7425.0,7550.0,4338.171875,16408200,0.0,0.0
2015-05-19,ASII,7600.0,7700.0,7550.0,7700.0,4424.36083984375,26457600,0.0,0.0
2015-05-20,ASII,7800.0,7925.0,7675.0,7850.0,4510.54931640625,19458200,0.0,0.0
2015-05-21,ASII,7950.0,7950.0,7725.0,7825.0,4496.1845703125,15799600,0.0,0.0
2015-05-22,ASII,7700.0,7825.0,7575.0,7575.0,4352.5361328125,23717200,0.0,0.0
2015-05-25,ASII,7700.0,7700.0,7550.0,7575.0,4352.5361328125,14850800,0.0,0.0
2015-05-26,ASII,7625.0,7700.0,7500.0,7500.0,4309.4423828125,32319900,0.0,0.0
2015-05-27,ASII,7575.0,7600.0,7425.0,7425.0,4266.34765625,30032900,0.0,0.0
2015-05-28,ASII,7425.0,7475.0,7350.0,7375.0,4237.61767578125,16165500,0.0,0.0
2015-05-29,ASII,7375.0,7425.0,7300.0,7300.0,4194.52392578125,42333200,0.0,0.0
2015-06-01,ASII,7300.0,7350.0,7225.0,7325.0,4208.8896484375,14502900,0.0,0.0
2015-06-03,ASII,7275.0,7300.0,7000.0,7050.0,4050.87646484375,43574000,0.0,0.0
2015-06-04,ASII,7025.0,7075.0,7000.0,7025.0,4036.510498046875,26016900,0.0,0.0
2015-06-05,ASII,7025.0,7050.0,6925.0,7000.0,4022.146240234375,36735100,0.0,0.0
2015-06-08,ASII,6975.0,7000.0,6925.0,6925.0,3979.0517578125,18666100,0.0,0.0
2015-06-09,ASII,6950.0,6950.0,6550.0,6850.0,3935.957275390625,47627600,0.0,0.0
2015-06-10,ASII,6875.0,6950.0,6850.0,6850.0,3935.957275390625,18896100,0.0,0.0
2015-06-11,ASII,6975.0,7000.0,6850.0,6950.0,3993.417236328125,12238100,0.0,0.0
2015-06-12,ASII,6975.0,7075.0,6950.0,7075.0,4065.2412109375,14582200,0.0,0.0
2015-06-15,ASII,7075.0,7100.0,6825.0,6850.0,3935.957275390625,12412300,0.0,0.0
2015-06-16,ASII,6925.0,6975.0,6800.0,6975.0,4007.782470703125,14537400,0.0,0.0
2015-06-17,ASII,6925.0,7075.0,6925.0,7000.0,4022.146240234375,26778700,0.0,0.0
2015-06-18,ASII,7000.0,7050.0,7000.0,7025.0,4036.510498046875,13448400,0.0,0.0
2015-06-19,ASII,7000.0,7125.0,7000.0,7050.0,4050.87646484375,31525600,0.0,0.0
2015-06-22,ASII,7100.0,7125.0,7000.0,7000.0,4022.146240234375,15859600,0.0,0.0
2015-06-23,ASII,7000.0,7050.0,6825.0,6825.0,3921.59228515625,17789900,0.0,0.0
2015-06-24,ASII,6900.0,6975.0,6875.0,6950.0,3993.417236328125,17283100,0.0,0.0
2015-06-25,ASII,6875.0,6900.0,6775.0,6850.0,3935.957275390625,21746700,0.0,0.0
2015-06-26,ASII,6800.0,6950.0,6800.0,6825.0,3921.59228515625,25079300,0.0,0.0
2015-06-29,ASII,6800.0,6925.0,6725.0,6875.0,3950.321533203125,12960500,0.0,0.0
2015-06-30,ASII,6925.0,7075.0,6875.0,7075.0,4065.2412109375,30190700,0.0,0.0
2015-07-01,ASII,7125.0,7150.0,6975.0,7025.0,4036.510498046875,26153500,0.0,0.0
2015-07-02,ASII,7100.0,7125.0,7050.0,7075.0,4065.2412109375,23515700,0.0,0.0
2015-07-03,ASII,7025.0,7075.0,7000.0,7050.0,4050.87646484375,6851900,0.0,0.0
2015-07-06,ASII,7000.0,7025.0,6975.0,7000.0,4022.146240234375,9014900,0.0,0.0
2015-07-07,ASII,6950.0,7000.0,6825.0,6900.0,3964.68701171875,20613600,0.0,0.0
2015-07-08,ASII,6850.0,6850.0,6625.0,6650.0,3821.0390625,21682400,0.0,0.0
2015-07-09,ASII,6675.0,6675.0,6550.0,6650.0,3821.0390625,17989000,0.0,0.0
2015-07-10,ASII,6700.0,6725.0,6550.0,6675.0,3835.404052734375,16952200,0.0,0.0
2015-07-13,ASII,6700.0,6825.0,6675.0,6800.0,3907.227294921875,12422900,0.0,0.0
2015-07-14,ASII,6825.0,6875.0,6800.0,6850.0,3935.957275390625,13242800,0.0,0.0
2015-07-15,ASII,6775.0,6825.0,6650.0,6825.0,3921.59228515625,12739900,0.0,0.0
2015-07-22,ASII,6825.0,6950.0,6750.0,6950.0,3993.417236328125,37014300,0.0,0.0
2015-07-23,ASII,6825.0,6900.0,6800.0,6875.0,3950.321533203125,9166500,0.0,0.0
2015-07-24,ASII,6825.0,6825.0,6625.0,6650.0,3821.0390625,19084500,0.0,0.0
2015-07-27,ASII,6550.0,6650.0,6425.0,6425.0,3691.755859375,16772300,0.0,0.0
2015-07-28,ASII,6425.0,6500.0,6325.0,6350.0,3648.66064453125,15407000,0.0,0.0
2015-07-29,ASII,6425.0,6525.0,6400.0,6425.0,3691.755859375,11756200,0.0,0.0
2015-07-30,ASII,6500.0,6575.0,6450.0,6575.0,3777.9453125,9846500,0.0,0.0
2015-07-31,ASII,6525.0,6775.0,6450.0,6650.0,3821.0390625,24882200,0.0,0.0
2015-08-03,ASII,6475.0,6700.0,6475.0,6700.0,3849.76806640625,28586900,0.0,0.0
2015-08-04,ASII,6600.0,6800.0,6600.0,6625.0,3806.674072265625,20860700,0.0,0.0
2015-08-05,ASII,6700.0,6850.0,6650.0,6800.0,3907.227294921875,36782900,0.0,0.0
2015-08-06,ASII,6825.0,6875.0,6725.0,6750.0,3878.498291015625,29146300,0.0,0.0
2015-08-07,ASII,6700.0,6750.0,6525.0,6600.0,3792.309326171875,22710400,0.0,0.0
2015-08-10,ASII,6525.0,6575.0,6425.0,6500.0,3734.85009765625,30663500,0.0,0.0
2015-08-11,ASII,6525.0,6575.0,6175.0,6175.0,3548.10791015625,31006800,0.0,0.0
2015-08-12,ASII,6000.0,6125.0,5950.0,6075.0,3490.6484375,27584800,0.0,0.0
2015-08-13,ASII,6075.0,6450.0,6075.0,6400.0,3677.39013671875,18817400,0.0,0.0
2015-08-14,ASII,6325.0,6450.0,6225.0,6425.0,3691.755859375,21105000,0.0,0.0
2015-08-18,ASII,6325.0,6400.0,6150.0,6175.0,3548.10791015625,29064600,0.0,0.0
2015-08-19,ASII,6100.0,6225.0,6100.0,6175.0,3548.10791015625,21154600,0.0,0.0
2015-08-20,ASII,6075.0,6250.0,6025.0,6200.0,3562.47265625,18917100,0.0,0.0
2015-08-21,ASII,6100.0,6125.0,6025.0,6050.0,3476.283447265625,21392600,0.0,0.0
2015-08-24,ASII,5950.0,6000.0,5650.0,5675.0,3260.811767578125,50622200,0.0,0.0
2015-08-25,ASII,5700.0,5950.0,5500.0,5600.0,3217.716796875,55701400,0.0,0.0
2015-08-26,ASII,5625.0,5725.0,5450.0,5625.0,3232.081787109375,47400200,0.0,0.0
2015-08-27,ASII,5725.0,6000.0,5725.0,5825.0,3347.0,74809000,0.0,0.0
2015-08-28,ASII,5950.0,6000.0,5650.0,5775.0,3318.2705078125,46871900,0.0,0.0
2015-08-31,ASII,5750.0,5925.0,5700.0,5925.0,3404.45849609375,50011800,0.0,0.0
2015-09-01,ASII,5900.0,5900.0,5700.0,5700.0,3275.17626953125,24640200,0.0,0.0
2015-09-02,ASII,5700.0,5975.0,5625.0,5975.0,3433.189208984375,33341500,0.0,0.0
2015-09-03,ASII,6000.0,6150.0,5900.0,6150.0,3533.74267578125,18314300,0.0,0.0
2015-09-04,ASII,6050.0,6200.0,6025.0,6200.0,3562.47265625,15446400,0.0,0.0
2015-09-07,ASII,6175.0,6175.0,5800.0,5850.0,3361.365234375,27141800,0.0,0.0
2015-09-08,ASII,5825.0,5925.0,5775.0,5875.0,3375.729736328125,18549800,0.0,0.0
2015-09-09,ASII,5950.0,6150.0,5950.0,6100.0,3505.013427734375,23300900,0.0,0.0
2015-09-10,ASII,5950.0,6075.0,5875.0,6050.0,3476.283447265625,20709500,0.0,0.0
2015-09-11,ASII,6125.0,6200.0,6075.0,6125.0,3519.377685546875,9601400,0.0,0.0
2015-09-14,ASII,6200.0,6200.0,6050.0,6125.0,3519.377685546875,13728900,0.0,0.0
2015-09-15,ASII,6100.0,6125.0,6000.0,6025.0,3461.918701171875,19097000,0.0,0.0
2015-09-16,ASII,6025.0,6025.0,5875.0,5900.0,3390.093994140625,21072400,0.0,0.0
2015-09-17,ASII,5950.0,5975.0,5850.0,5925.0,3404.45849609375,22144100,0.0,0.0
2015-09-18,ASII,5900.0,5950.0,5775.0,5800.0,3332.635986328125,38443500,0.0,0.0
2015-09-21,ASII,5750.0,5825.0,5725.0,5800.0,3332.635986328125,11190000,0.0,0.0
2015-09-22,ASII,5850.0,5850.0,5750.0,5800.0,3332.635986328125,15504600,0.0,0.0
2015-09-23,ASII,5700.0,5700.0,5500.0,5500.0,3160.257568359375,30132500,0.0,0.0
2015-09-25,ASII,5575.0,5575.0,5500.0,5550.0,3188.987060546875,31192500,0.0,0.0
2015-09-28,ASII,5500.0,5525.0,5175.0,5175.0,3008.205078125,28111800,64.0,0.0
2015-09-29,ASII,5050.0,5300.0,4975.0,5300.0,3080.8662109375,35135400,0.0,0.0
2015-09-30,ASII,5325.0,5350.0,5200.0,5225.0,3037.269287109375,35724600,0.0,0.0
2015-10-01,ASII,5250.0,5350.0,5225.0,5275.0,3066.3330078125,20801400,0.0,0.0
2015-10-02,ASII,5200.0,5275.0,5075.0,5125.0,2979.1396484375,25709000,0.0,0.0
2015-10-05,ASII,5200.0,5375.0,5175.0,5325.0,3095.39892578125,48394200,0.0,0.0
2015-10-06,ASII,5450.0,5950.0,5450.0,5925.0,3444.17626953125,68226000,0.0,0.0
2015-10-07,ASII,5925.0,6125.0,5850.0,6125.0,3560.435302734375,52078100,0.0,0.0
2015-10-08,ASII,6200.0,6475.0,6175.0,6325.0,3676.6943359375,46952500,0.0,0.0
2015-10-09,ASII,6400.0,6875.0,6400.0,6700.0,3894.679931640625,65448000,0.0,0.0
2015-10-12,ASII,6700.0,6825.0,6525.0,6700.0,3894.679931640625,29862100,0.0,0.0
2015-10-13,ASII,6650.0,6675.0,6100.0,6125.0,3560.435302734375,60567400,0.0,0.0
2015-10-15,ASII,6300.0,6550.0,6300.0,6400.0,3720.291015625,29430600,0.0,0.0
2015-10-16,ASII,6425.0,6550.0,6300.0,6300.0,3662.16259765625,22732100,0.0,0.0
2015-10-19,ASII,6350.0,6500.0,6325.0,6500.0,3778.42041015625,13744000,0.0,0.0
2015-10-20,ASII,6500.0,6525.0,6350.0,6350.0,3691.226318359375,17780900,0.0,0.0
2015-10-21,ASII,6350.0,6500.0,6200.0,6325.0,3676.6943359375,20643900,0.0,0.0
2015-10-22,ASII,6325.0,6325.0,6100.0,6200.0,3604.032470703125,28382200,0.0,0.0
2015-10-23,ASII,6350.0,6450.0,6225.0,6300.0,3662.16259765625,26247900,0.0,0.0
2015-10-26,ASII,6400.0,6425.0,6200.0,6300.0,3662.16259765625,25919900,0.0,0.0
2015-10-27,ASII,6200.0,6250.0,6075.0,6250.0,3633.097412109375,28567200,0.0,0.0
2015-10-28,ASII,6250.0,6250.0,5975.0,6075.0,3531.3701171875,43733600,0.0,0.0
2015-10-29,ASII,6075.0,6075.0,5775.0,5800.0,3371.51416015625,38990500,0.0,0.0
2015-10-30,ASII,5750.0,5975.0,5725.0,5900.0,3429.64306640625,49300200,0.0,0.0
2015-11-02,ASII,5825.0,6250.0,5800.0,6250.0,3633.097412109375,42795500,0.0,0.0
2015-11-03,ASII,6300.0,6450.0,6300.0,6425.0,3734.823486328125,40200400,0.0,0.0
2015-11-04,ASII,6425.0,6575.0,6400.0,6550.0,3807.485107421875,41243100,0.0,0.0
2015-11-05,ASII,6500.0,6575.0,6425.0,6500.0,3778.42041015625,33984700,0.0,0.0
2015-11-06,ASII,6500.0,6650.0,6500.0,6600.0,3836.55029296875,44206300,0.0,0.0
2015-11-09,ASII,6550.0,6550.0,6325.0,6425.0,3734.823486328125,49587900,0.0,0.0
2015-11-10,ASII,6350.0,6600.0,6325.0,6500.0,3778.42041015625,34184400,0.0,0.0
2015-11-11,ASII,6500.0,6850.0,6475.0,6775.0,3938.277099609375,39828900,0.0,0.0
2015-11-12,ASII,6775.0,6775.0,6600.0,6600.0,3836.55029296875,27539100,0.0,0.0
2015-11-13,ASII,6550.0,6650.0,6550.0,6600.0,3836.55029296875,19602400,0.0,0.0
2015-11-16,ASII,6450.0,6500.0,6350.0,6425.0,3734.823486328125,22611600,0.0,0.0
2015-11-17,ASII,6450.0,6550.0,6325.0,6325.0,3676.6943359375,32261400,0.0,0.0
2015-11-18,ASII,6375.0,6500.0,6325.0,6350.0,3691.226318359375,20938600,0.0,0.0
2015-11-19,ASII,6400.0,6425.0,6175.0,6250.0,3633.097412109375,31991900,0.0,0.0
2015-11-20,ASII,6225.0,6325.0,6175.0,6300.0,3662.16259765625,35801900,0.0,0.0
2015-11-23,ASII,6325.0,6400.0,6225.0,6250.0,3633.097412109375,25996900,0.0,0.0
2015-11-24,ASII,6200.0,6325.0,6200.0,6250.0,3633.097412109375,25291800,0.0,0.0
2015-11-25,ASII,6250.0,6300.0,6175.0,6175.0,3589.49951171875,31342800,0.0,0.0
2015-11-26,ASII,6200.0,6275.0,6175.0,6225.0,3618.564208984375,28844000,0.0,0.0
2015-11-27,ASII,6225.0,6275.0,6125.0,6225.0,3618.564208984375,16063200,0.0,0.0
2015-11-30,ASII,6175.0,6200.0,5925.0,5925.0,3444.17626953125,85049600,0.0,0.0
2015-12-01,ASII,6050.0,6375.0,6025.0,6375.0,3705.759521484375,51791000,0.0,0.0
2015-12-02,ASII,6375.0,6450.0,6275.0,6300.0,3662.16259765625,27158400,0.0,0.0
2015-12-03,ASII,6225.0,6375.0,6200.0,6300.0,3662.16259765625,38996200,0.0,0.0
2015-12-04,ASII,6200.0,6425.0,6200.0,6400.0,3720.291015625,35627100,0.0,0.0
2015-12-07,ASII,6475.0,6600.0,6450.0,6525.0,3792.953125,43848900,0.0,0.0
2015-12-08,ASII,6425.0,6450.0,6175.0,6200.0,3604.032470703125,54526800,0.0,0.0
2015-12-09,ASII,6200.0,6200.0,6200.0,6200.0,3604.032470703125,0,0.0,0.0
2015-12-10,ASII,6175.0,6350.0,6125.0,6225.0,3618.564208984375,44085800,0.0,0.0
2015-12-11,ASII,6325.0,6325.0,5900.0,5900.0,3429.64306640625,48862300,0.0,0.0
2015-12-14,ASII,5800.0,6150.0,5800.0,6125.0,3560.435302734375,34304600,0.0,0.0
2015-12-15,ASII,6150.0,6275.0,6075.0,6275.0,3647.629638671875,39766300,0.0,0.0
2015-12-16,ASII,6300.0,6325.0,6175.0,6275.0,3647.629638671875,42585200,0.0,0.0
2015-12-17,ASII,6350.0,6475.0,6325.0,6400.0,3720.291015625,68657000,0.0,0.0
2015-12-18,ASII,6250.0,6300.0,6200.0,6275.0,3647.629638671875,35597900,0.0,0.0
2015-12-21,ASII,6150.0,6250.0,6125.0,6250.0,3633.097412109375,34081500,0.0,0.0
2015-12-22,ASII,6225.0,6250.0,6025.0,6075.0,3531.3701171875,48054700,0.0,0.0
2015-12-23,ASII,6125.0,6150.0,5975.0,6000.0,3487.773681640625,45090200,0.0,0.0
2015-12-28,ASII,5975.0,6075.0,5950.0,6000.0,3487.773681640625,30436700,0.0,0.0
2015-12-29,ASII,6000.0,6075.0,6000.0,6025.0,3502.3056640625,23659800,0.0,0.0
2015-12-30,ASII,6075.0,6075.0,6000.0,6000.0,3487.773681640625,42633200,0.0,0.0
2016-01-04,ASII,5950.0,6075.0,5900.0,5900.0,3429.64306640625,28767600,0.0,0.0
2016-01-05,ASII,6000.0,6200.0,5975.0,6125.0,3560.435302734375,54224900,0.0,0.0
2016-01-06,ASII,6100.0,6200.0,6050.0,6075.0,3531.3701171875,51121800,0.0,0.0
2016-01-07,ASII,6000.0,6075.0,5975.0,5975.0,3473.240966796875,33606500,0.0,0.0
2016-01-08,ASII,6000.0,6050.0,5900.0,6050.0,3516.838134765625,44221000,0.0,0.0
2016-01-11,ASII,5975.0,6000.0,5925.0,5950.0,3458.707763671875,22517500,0.0,0.0
2016-01-12,ASII,6000.0,6025.0,5925.0,5925.0,3444.17626953125,33527400,0.0,0.0
2016-01-13,ASII,5975.0,6000.0,5900.0,5900.0,3429.64306640625,55453200,0.0,0.0
2016-01-14,ASII,5850.0,5900.0,5700.0,5875.0,3415.111572265625,106709100,0.0,0.0
2016-01-15,ASII,5925.0,6025.0,5900.0,6000.0,3487.773681640625,45096200,0.0,0.0
2016-01-18,ASII,5900.0,5925.0,5850.0,5900.0,3429.64306640625,46582000,0.0,0.0
2016-01-19,ASII,5900.0,5950.0,5875.0,5925.0,3444.17626953125,29404700,0.0,0.0
2016-01-20,ASII,5900.0,5975.0,5775.0,5775.0,3356.982177734375,40416800,0.0,0.0
2016-01-21,ASII,5850.0,5900.0,5775.0,5850.0,3400.5791015625,30584100,0.0,0.0
2016-01-22,ASII,5925.0,5950.0,5850.0,5900.0,3429.64306640625,30574300,0.0,0.0
2016-01-25,ASII,5950.0,6125.0,5925.0,6125.0,3560.435302734375,48946800,0.0,0.0
2016-01-26,ASII,6075.0,6150.0,6025.0,6125.0,3560.435302734375,34222000,0.0,0.0
2016-01-27,ASII,6175.0,6200.0,6075.0,6150.0,3574.9677734375,42405200,0.0,0.0
2016-01-28,ASII,6150.0,6250.0,6100.0,6250.0,3633.097412109375,42142800,0.0,0.0
2016-01-29,ASII,6275.0,6450.0,6250.0,6450.0,3749.356689453125,93248100,0.0,0.0
2016-02-01,ASII,6500.0,6550.0,6225.0,6350.0,3691.226318359375,46908200,0.0,0.0
2016-02-02,ASII,6275.0,6325.0,6125.0,6125.0,3560.435302734375,38539400,0.0,0.0
2016-02-03,ASII,6050.0,6250.0,6050.0,6200.0,3604.032470703125,21859100,0.0,0.0
2016-02-04,ASII,6200.0,6350.0,6200.0,6325.0,3676.6943359375,38429800,0.0,0.0
2016-02-05,ASII,6375.0,6750.0,6350.0,6650.0,3865.61474609375,115340700,0.0,0.0
2016-02-09,ASII,6550.0,6850.0,6425.0,6775.0,3938.277099609375,31786100,0.0,0.0
2016-02-10,ASII,6750.0,6925.0,6725.0,6800.0,3952.809326171875,58736300,0.0,0.0
2016-02-11,ASII,6850.0,7150.0,6825.0,7125.0,4141.73095703125,74601500,0.0,0.0
2016-02-12,ASII,7100.0,7100.0,6800.0,6825.0,3967.342041015625,61372000,0.0,0.0
2016-02-15,ASII,6925.0,7000.0,6725.0,6775.0,3938.277099609375,37761900,0.0,0.0
2016-02-16,ASII,6800.0,6975.0,6800.0,6900.0,4010.938720703125,38840700,0.0,0.0
2016-02-17,ASII,6850.0,7050.0,6850.0,7000.0,4069.067626953125,39761800,0.0,0.0
2016-02-18,ASII,7050.0,7125.0,6850.0,7050.0,4098.13330078125,38708100,0.0,0.0
2016-02-19,ASII,7000.0,7025.0,6775.0,6900.0,4010.938720703125,43553800,0.0,0.0
2016-02-22,ASII,6825.0,6875.0,6725.0,6750.0,3923.74462890625,25152100,0.0,0.0
2016-02-23,ASII,6725.0,6725.0,6450.0,6525.0,3792.953125,42602100,0.0,0.0
2016-02-24,ASII,6400.0,6525.0,6225.0,6400.0,3720.291015625,60482000,0.0,0.0
2016-02-25,ASII,6325.0,6550.0,6225.0,6425.0,3734.823486328125,42169500,0.0,0.0
2016-02-26,ASII,6525.0,6800.0,6500.0,6800.0,3952.809326171875,34794900,0.0,0.0
2016-02-29,ASII,6825.0,6900.0,6675.0,6800.0,3952.809326171875,42601200,0.0,0.0
2016-03-01,ASII,6825.0,7100.0,6800.0,7000.0,4069.067626953125,40094500,0.0,0.0
2016-03-02,ASII,7100.0,7125.0,7025.0,7100.0,4127.19775390625,42478900,0.0,0.0
2016-03-03,ASII,7125.0,7125.0,6825.0,6875.0,3996.406982421875,39931000,0.0,0.0
2016-03-04,ASII,6900.0,6925.0,6775.0,6900.0,4010.938720703125,30088100,0.0,0.0
2016-03-07,ASII,6850.0,6850.0,6800.0,6850.0,3981.87451171875,23020300,0.0,0.0
2016-03-08,ASII,6800.0,6825.0,6625.0,6725.0,3909.21240234375,47476700,0.0,0.0
2016-03-10,ASII,6725.0,6925.0,6575.0,6925.0,4025.471923828125,71040300,0.0,0.0
2016-03-11,ASII,6925.0,6925.0,6925.0,6925.0,4025.471923828125,0,0.0,0.0
2016-03-14,ASII,6925.0,6925.0,6925.0,6925.0,4025.471923828125,0,0.0,0.0
2016-03-15,ASII,7200.0,7200.0,7050.0,7100.0,4127.19775390625,24666500,0.0,0.0
2016-03-16,ASII,7175.0,7200.0,7050.0,7200.0,4185.328125,29764700,0.0,0.0
2016-03-17,ASII,7300.0,7400.0,7275.0,7325.0,4257.990234375,36783100,0.0,0.0
2016-03-18,ASII,7450.0,7525.0,7375.0,7450.0,4330.65185546875,72816500,0.0,0.0
2016-03-21,ASII,7425.0,7525.0,7375.0,7450.0,4330.65185546875,37093200,0.0,0.0
2016-03-22,ASII,7450.0,7450.0,7350.0,7450.0,4330.65185546875,38063200,0.0,0.0
2016-03-23,ASII,7400.0,7425.0,7325.0,7400.0,4301.5869140625,24535300,0.0,0.0
2016-03-24,ASII,7350.0,7400.0,7300.0,7375.0,4287.05322265625,26111500,0.0,0.0
2016-03-28,ASII,7300.0,7350.0,7150.0,7250.0,4214.39306640625,26220900,0.0,0.0
2016-03-29,ASII,7150.0,7225.0,7025.0,7075.0,4112.6650390625,37987300,0.0,0.0
2016-03-30,ASII,7150.0,7200.0,7100.0,7100.0,4127.19775390625,39256100,0.0,0.0
2016-03-31,ASII,7150.0,7250.0,7075.0,7250.0,4214.39306640625,41751000,0.0,0.0
2016-04-01,ASII,7350.0,7375.0,7225.0,7325.0,4257.990234375,42054300,0.0,0.0
2016-04-04,ASII,7325.0,7425.0,7325.0,7400.0,4301.5869140625,21813400,0.0,0.0
2016-04-05,ASII,7375.0,7375.0,7250.0,7275.0,4228.92578125,25273500,0.0,0.0
2016-04-06,ASII,7250.0,7300.0,7200.0,7225.0,4199.85986328125,22416600,0.0,0.0
2016-04-07,ASII,7225.0,7300.0,7225.0,7300.0,4243.45703125,30498500,0.0,0.0
2016-04-08,ASII,7225.0,7275.0,7200.0,7200.0,4185.328125,18516700,0.0,0.0
2016-04-11,ASII,7200.0,7200.0,7200.0,7200.0,4185.328125,0,0.0,0.0
2016-04-12,ASII,7000.0,7275.0,6975.0,7250.0,4214.39306640625,24135600,0.0,0.0
2016-04-13,ASII,7250.0,7250.0,7250.0,7250.0,4214.39306640625,0,0.0,0.0
2016-04-14,ASII,7250.0,7250.0,7250.0,7250.0,4214.39306640625,0,0.0,0.0
2016-04-15,ASII,7250.0,7250.0,7250.0,7250.0,4214.39306640625,0,0.0,0.0
2016-04-18,ASII,7250.0,7250.0,7250.0,7250.0,4214.39306640625,0,0.0,0.0
2016-04-19,ASII,7250.0,7250.0,7250.0,7250.0,4214.39306640625,0,0.0,0.0
2016-04-20,ASII,7600.0,7675.0,7575.0,7575.0,4403.314453125,20088700,0.0,0.0
2016-04-21,ASII,7575.0,7650.0,7425.0,7525.0,4374.24951171875,22761300,0.0,0.0
2016-04-22,ASII,7525.0,7525.0,7350.0,7350.0,4272.5224609375,27734400,0.0,0.0
2016-04-25,ASII,7450.0,7450.0,7250.0,7350.0,4272.5224609375,27530200,0.0,0.0
2016-04-26,ASII,7350.0,7350.0,7150.0,7200.0,4185.328125,26034000,0.0,0.0
2016-04-27,ASII,6950.0,6950.0,6700.0,6825.0,3967.342041015625,97825300,0.0,0.0
2016-04-28,ASII,6850.0,6900.0,6700.0,6725.0,3909.21240234375,50507400,0.0,0.0
2016-04-29,ASII,6700.0,6775.0,6600.0,6725.0,3909.21240234375,33714200,0.0,0.0
2016-05-02,ASII,6775.0,6775.0,6625.0,6700.0,3894.679931640625,17509900,0.0,0.0
2016-05-03,ASII,6700.0,6700.0,6575.0,6600.0,3836.55029296875,36342500,0.0,0.0
2016-05-04,ASII,6600.0,6675.0,6525.0,6650.0,3865.61474609375,44649100,0.0,0.0
2016-05-09,ASII,6650.0,6650.0,6400.0,6400.0,3784.600830078125,67013600,113.0,0.0
2016-05-10,ASII,6425.0,6550.0,6375.0,6525.0,3858.518798828125,46594200,0.0,0.0
2016-05-11,ASII,6650.0,6700.0,6550.0,6650.0,3932.437255859375,32150300,0.0,0.0
2016-05-12,ASII,6650.0,6675.0,6475.0,6525.0,3858.518798828125,26444000,0.0,0.0
2016-05-13,ASII,6500.0,6525.0,6275.0,6325.0,3740.250732421875,55281200,0.0,0.0
2016-05-16,ASII,6250.0,6325.0,6000.0,6200.0,3666.332763671875,48920300,0.0,0.0
2016-05-17,ASII,6200.0,6325.0,6150.0,6325.0,3740.250732421875,25194100,0.0,0.0
2016-05-18,ASII,6300.0,6375.0,6225.0,6250.0,3695.899658203125,27431800,0.0,0.0
2016-05-19,ASII,6175.0,6325.0,6100.0,6250.0,3695.899658203125,34656300,0.0,0.0
2016-05-20,ASII,6225.0,6400.0,6225.0,6350.0,3755.034423828125,32042500,0.0,0.0
2016-05-23,ASII,6300.0,6375.0,6275.0,6375.0,3769.818115234375,18511100,0.0,0.0
2016-05-24,ASII,6400.0,6450.0,6350.0,6375.0,3769.818115234375,20447700,0.0,0.0
2016-05-25,ASII,6475.0,6575.0,6425.0,6575.0,3888.087646484375,23941500,0.0,0.0
2016-05-26,ASII,6600.0,6650.0,6525.0,6550.0,3873.302734375,16606400,0.0,0.0
2016-05-27,ASII,6550.0,6700.0,6550.0,6700.0,3962.00390625,21218800,0.0,0.0
2016-05-30,ASII,6700.0,6775.0,6575.0,6750.0,3991.571533203125,31212200,0.0,0.0
2016-05-31,ASII,6750.0,6800.0,6600.0,6600.0,3902.8701171875,58869400,0.0,0.0
2016-06-01,ASII,6625.0,6725.0,6600.0,6675.0,3947.220458984375,24062800,0.0,0.0
2016-06-02,ASII,6625.0,6650.0,6500.0,6500.0,3843.7353515625,20639400,0.0,0.0
2016-06-03,ASII,6550.0,6650.0,6500.0,6600.0,3902.8701171875,13625600,0.0,0.0
2016-06-06,ASII,6550.0,6850.0,6550.0,6850.0,4050.70654296875,23510600,0.0,0.0
2016-06-07,ASII,6850.0,6900.0,6775.0,6850.0,4050.70654296875,28603700,0.0,0.0
2016-06-08,ASII,6875.0,6975.0,6875.0,6900.0,4080.273681640625,27930200,0.0,0.0
2016-06-09,ASII,6925.0,6950.0,6850.0,6875.0,4065.489990234375,14550700,0.0,0.0
2016-06-10,ASII,6850.0,6925.0,6625.0,6625.0,3917.65380859375,14704700,0.0,0.0
2016-06-13,ASII,6625.0,6700.0,6550.0,6575.0,3888.087646484375,14561800,0.0,0.0
2016-06-14,ASII,6525.0,6700.0,6525.0,6700.0,3962.00390625,12756100,0.0,0.0
2016-06-15,ASII,6625.0,6825.0,6625.0,6725.0,3976.787841796875,12987100,0.0,0.0
2016-06-16,ASII,6750.0,6750.0,6550.0,6575.0,3888.087646484375,22245400,0.0,0.0
2016-06-17,ASII,6625.0,6650.0,6500.0,6600.0,3902.8701171875,32309300,0.0,0.0
2016-06-20,ASII,6625.0,6750.0,6550.0,6750.0,3991.571533203125,21714000,0.0,0.0
2016-06-21,ASII,6800.0,6925.0,6725.0,6750.0,3991.571533203125,36229900,0.0,0.0
2016-06-22,ASII,6800.0,7000.0,6800.0,6975.0,4124.62451171875,23881000,0.0,0.0
2016-06-23,ASII,6975.0,7000.0,6850.0,6950.0,4109.8408203125,17108600,0.0,0.0
2016-06-24,ASII,6950.0,7000.0,6500.0,6700.0,3962.00390625,69358100,0.0,0.0
2016-06-27,ASII,6550.0,6675.0,6525.0,6625.0,3917.65380859375,51773700,0.0,0.0
2016-06-28,ASII,6600.0,6975.0,6600.0,6975.0,4124.62451171875,66578500,0.0,0.0
2016-06-29,ASII,7000.0,7200.0,7000.0,7200.0,4257.6767578125,48104200,0.0,0.0
2016-06-30,ASII,7300.0,7400.0,7300.0,7400.0,4375.9453125,75553500,0.0,0.0
2016-07-01,ASII,7450.0,7475.0,7275.0,7400.0,4375.9453125,29479500,0.0,0.0
2016-07-11,ASII,7425.0,7600.0,7150.0,7250.0,4287.2431640625,60681700,0.0,0.0
2016-07-12,ASII,7275.0,7350.0,7150.0,7250.0,4287.2431640625,47359700,0.0,0.0
2016-07-13,ASII,7275.0,7300.0,7175.0,7275.0,4302.02783203125,32802700,0.0,0.0
2016-07-14,ASII,7175.0,7325.0,7100.0,7100.0,4198.54150390625,45875000,0.0,0.0
2016-07-15,ASII,7050.0,7175.0,6975.0,7100.0,4198.54150390625,59396300,0.0,0.0
2016-07-18,ASII,7100.0,7325.0,7100.0,7250.0,4287.2431640625,48963100,0.0,0.0
2016-07-19,ASII,7300.0,7400.0,7250.0,7325.0,4331.5947265625,57681000,0.0,0.0
2016-07-20,ASII,7325.0,7450.0,7325.0,7450.0,4405.5126953125,49029600,0.0,0.0
2016-07-21,ASII,7450.0,7475.0,7300.0,7375.0,4361.1611328125,35910000,0.0,0.0
2016-07-22,ASII,7375.0,7400.0,7275.0,7350.0,4346.37939453125,17475400,0.0,0.0
2016-07-25,ASII,7350.0,7500.0,7325.0,7500.0,4435.08056640625,45074900,0.0,0.0
2016-07-26,ASII,7475.0,7500.0,7425.0,7450.0,4405.5126953125,31400400,0.0,0.0
2016-07-27,ASII,7500.0,7600.0,7350.0,7375.0,4361.1611328125,61240600,0.0,0.0
2016-07-28,ASII,7450.0,7500.0,7375.0,7425.0,4390.7294921875,35891800,0.0,0.0
2016-07-29,ASII,7500.0,7825.0,7475.0,7725.0,4568.1318359375,129410200,0.0,0.0
2016-08-01,ASII,7900.0,8075.0,7875.0,8000.0,4730.7509765625,73522100,0.0,0.0
2016-08-02,ASII,8000.0,8050.0,7950.0,7975.0,4715.9677734375,44125300,0.0,0.0
2016-08-03,ASII,7975.0,8000.0,7900.0,7950.0,4701.18359375,41196800,0.0,0.0
2016-08-04,ASII,7750.0,7950.0,7650.0,7750.0,4582.91552734375,26527100,0.0,0.0
2016-08-05,ASII,7750.0,7975.0,7725.0,7925.0,4686.40087890625,42441700,0.0,0.0
2016-08-08,ASII,8000.0,8325.0,7950.0,8325.0,4922.93798828125,55130200,0.0,0.0
2016-08-09,ASII,8250.0,8250.0,8075.0,8125.0,4804.66943359375,70915800,0.0,0.0
2016-08-10,ASII,8100.0,8175.0,8025.0,8125.0,4804.66943359375,49969400,0.0,0.0
2016-08-11,ASII,8175.0,8200.0,8050.0,8125.0,4804.66943359375,33820500,0.0,0.0
2016-08-12,ASII,8200.0,8200.0,7975.0,7975.0,4715.9677734375,24908300,0.0,0.0
2016-08-15,ASII,8000.0,8000.0,7825.0,7850.0,4642.048828125,28406000,0.0,0.0
2016-08-16,ASII,7800.0,7950.0,7800.0,7875.0,4656.833984375,40836100,0.0,0.0
2016-08-18,ASII,7975.0,8650.0,7950.0,8300.0,4908.1552734375,96868200,0.0,0.0
2016-08-19,ASII,8425.0,8450.0,8075.0,8100.0,4789.88623046875,30975500,0.0,0.0
2016-08-22,ASII,8175.0,8400.0,8175.0,8300.0,4908.1552734375,43852800,0.0,0.0
2016-08-23,ASII,8500.0,8500.0,8050.0,8100.0,4789.88623046875,79183700,0.0,0.0
2016-08-24,ASII,8150.0,8225.0,8100.0,8200.0,4849.02001953125,30164200,0.0,0.0
2016-08-25,ASII,8300.0,8475.0,8275.0,8400.0,4967.2890625,76786200,0.0,0.0
2016-08-26,ASII,8400.0,8425.0,8300.0,8350.0,4937.7216796875,27486600,0.0,0.0
2016-08-29,ASII,8350.0,8375.0,8050.0,8075.0,4775.10302734375,42822200,0.0,0.0
2016-08-30,ASII,8150.0,8250.0,8025.0,8075.0,4775.10302734375,41903400,0.0,0.0
2016-08-31,ASII,8050.0,8200.0,8050.0,8150.0,4819.453125,53231400,0.0,0.0
2016-09-01,ASII,8100.0,8125.0,7925.0,8025.0,4745.53564453125,23453400,0.0,0.0
2016-09-02,ASII,8075.0,8125.0,8025.0,8100.0,4789.88623046875,19747700,0.0,0.0
2016-09-05,ASII,8200.0,8300.0,8150.0,8275.0,4893.37109375,30141400,0.0,0.0
2016-09-06,ASII,8300.0,8300.0,8200.0,8300.0,4908.1552734375,20643400,0.0,0.0
2016-09-07,ASII,8350.0,8400.0,8200.0,8300.0,4908.1552734375,29729500,0.0,0.0
2016-09-08,ASII,8375.0,8375.0,8250.0,8300.0,4908.1552734375,17156700,0.0,0.0
2016-09-09,ASII,8300.0,8300.0,8175.0,8225.0,4863.80419921875,27935400,0.0,0.0
2016-09-13,ASII,8050.0,8075.0,7850.0,7950.0,4701.18359375,32884300,0.0,0.0
2016-09-14,ASII,7900.0,7925.0,7700.0,7725.0,4568.1318359375,39181500,0.0,0.0
2016-09-15,ASII,7800.0,8200.0,7775.0,8150.0,4819.453125,48523100,0.0,0.0
2016-09-16,ASII,8200.0,8225.0,7975.0,7975.0,4715.9677734375,47853400,0.0,0.0
2016-09-19,ASII,8100.0,8300.0,8075.0,8225.0,4863.80419921875,17504900,0.0,0.0
2016-09-20,ASII,8225.0,8300.0,8225.0,8300.0,4908.1552734375,15070400,0.0,0.0
2016-09-21,ASII,8300.0,8675.0,8250.0,8550.0,5055.99072265625,36173800,0.0,0.0
2016-09-22,ASII,8750.0,8850.0,8675.0,8775.0,5189.04296875,39805500,0.0,0.0
2016-09-23,ASII,8600.0,8800.0,8450.0,8600.0,5085.5576171875,35593100,0.0,0.0
2016-09-26,ASII,8475.0,8475.0,8375.0,8425.0,4982.07373046875,24364400,0.0,0.0
2016-09-27,ASII,8350.0,8700.0,8300.0,8700.0,5178.49853515625,41810600,55.0,0.0
2016-09-28,ASII,8700.0,8800.0,8650.0,8725.0,5193.37939453125,28727300,0.0,0.0
2016-09-29,ASII,8775.0,8875.0,8675.0,8675.0,5163.61767578125,32973700,0.0,0.0
2016-09-30,ASII,8500.0,8650.0,8225.0,8250.0,4910.6455078125,53471300,0.0,0.0
2016-10-03,ASII,8425.0,8525.0,8350.0,8475.0,5044.57177734375,23741300,0.0,0.0
2016-10-04,ASII,8525.0,8600.0,8450.0,8600.0,5118.97509765625,30866100,0.0,0.0
2016-10-05,ASII,8575.0,8575.0,8375.0,8425.0,5014.81103515625,15212400,0.0,0.0
2016-10-06,ASII,8425.0,8525.0,8350.0,8350.0,4970.16796875,12990900,0.0,0.0
2016-10-07,ASII,8400.0,8425.0,8200.0,8200.0,4880.8828125,25228600,0.0,0.0
2016-10-10,ASII,8200.0,8300.0,8200.0,8275.0,4925.52734375,9528300,0.0,0.0
2016-10-11,ASII,8300.0,8400.0,8250.0,8325.0,4955.287109375,43085200,0.0,0.0
2016-10-12,ASII,8400.0,8400.0,8300.0,8300.0,4940.40771484375,27172600,0.0,0.0
2016-10-13,ASII,8300.0,8300.0,8075.0,8200.0,4880.8828125,26352300,0.0,0.0
2016-10-14,ASII,8175.0,8350.0,8075.0,8325.0,4955.287109375,42981500,0.0,0.0
2016-10-17,ASII,8325.0,8350.0,8225.0,8225.0,4895.76416015625,18988500,0.0,0.0
2016-10-18,ASII,8325.0,8500.0,8300.0,8475.0,5044.57177734375,49669800,0.0,0.0
2016-10-19,ASII,8450.0,8500.0,8325.0,8375.0,4985.048828125,32308300,0.0,0.0
2016-10-20,ASII,8425.0,8450.0,8350.0,8375.0,4985.048828125,17963700,0.0,0.0
2016-10-21,ASII,8425.0,8425.0,8350.0,8375.0,4985.048828125,11044900,0.0,0.0
2016-10-24,ASII,8425.0,8425.0,8250.0,8300.0,4940.40771484375,20644900,0.0,0.0
2016-10-25,ASII,8300.0,8300.0,8175.0,8175.0,4866.0029296875,29964900,0.0,0.0
2016-10-26,ASII,8150.0,8225.0,8100.0,8200.0,4880.8828125,34332500,0.0,0.0
2016-10-27,ASII,8200.0,8275.0,8125.0,8250.0,4910.6455078125,37049100,0.0,0.0
2016-10-28,ASII,8200.0,8275.0,8125.0,8175.0,4866.0029296875,17564500,0.0,0.0
2016-10-31,ASII,8175.0,8275.0,8150.0,8225.0,4895.76416015625,24458400,0.0,0.0
2016-11-01,ASII,8250.0,8350.0,8175.0,8325.0,4955.287109375,20065900,0.0,0.0
2016-11-02,ASII,8275.0,8400.0,8200.0,8325.0,4955.287109375,32143000,0.0,0.0
2016-11-03,ASII,8250.0,8375.0,8125.0,8125.0,4836.2412109375,60106500,0.0,0.0
2016-11-04,ASII,8050.0,8200.0,8050.0,8125.0,4836.2412109375,45768800,0.0,0.0
2016-11-07,ASII,8175.0,8250.0,8075.0,8225.0,4895.76416015625,36417500,0.0,0.0
2016-11-08,ASII,8250.0,8400.0,8175.0,8375.0,4985.048828125,31162900,0.0,0.0
2016-11-09,ASII,8375.0,8400.0,8100.0,8250.0,4910.6455078125,60972000,0.0,0.0
2016-11-10,ASII,8300.0,8350.0,8225.0,8300.0,4940.40771484375,24768700,0.0,0.0
2016-11-11,ASII,8050.0,8075.0,7700.0,7700.0,4583.26953125,104109100,0.0,0.0
2016-11-14,ASII,7700.0,7775.0,7300.0,7625.0,4538.62744140625,85211400,0.0,0.0
2016-11-15,ASII,7675.0,7800.0,7575.0,7625.0,4538.62744140625,35039200,0.0,0.0
2016-11-16,ASII,7775.0,7850.0,7725.0,7825.0,4657.6728515625,46434900,0.0,0.0
2016-11-17,ASII,7825.0,7875.0,7725.0,7850.0,4672.55322265625,27155400,0.0,0.0
2016-11-18,ASII,7850.0,7875.0,7750.0,7850.0,4672.55322265625,23176400,0.0,0.0
2016-11-21,ASII,7750.0,7900.0,7725.0,7900.0,4702.31494140625,27592100,0.0,0.0
2016-11-22,ASII,7850.0,7900.0,7725.0,7750.0,4613.02978515625,29573500,0.0,0.0
2016-11-23,ASII,7750.0,7825.0,7725.0,7775.0,4627.9111328125,24919700,0.0,0.0
2016-11-24,ASII,7725.0,7725.0,7450.0,7525.0,4479.1044921875,24274400,0.0,0.0
2016-11-25,ASII,7450.0,7625.0,7450.0,7625.0,4538.62744140625,14112800,0.0,0.0
2016-11-28,ASII,7675.0,7900.0,7650.0,7825.0,4657.6728515625,30602500,0.0,0.0
2016-11-29,ASII,7825.0,7975.0,7700.0,7700.0,4583.26953125,26501300,0.0,0.0
2016-11-30,ASII,7750.0,7875.0,7550.0,7550.0,4493.98388671875,41566100,0.0,0.0
2016-12-01,ASII,7650.0,7750.0,7650.0,7700.0,4583.26953125,25469700,0.0,0.0
2016-12-02,ASII,7800.0,7875.0,7725.0,7850.0,4672.55322265625,25896900,0.0,0.0
2016-12-05,ASII,7825.0,7950.0,7800.0,7875.0,4687.4345703125,13664000,0.0,0.0
2016-12-06,ASII,7875.0,7950.0,7725.0,7850.0,4672.55322265625,28645900,0.0,0.0
2016-12-07,ASII,7825.0,7825.0,7750.0,7775.0,4627.9111328125,17371800,0.0,0.0
2016-12-08,ASII,7825.0,7825.0,7750.0,7800.0,4642.7919921875,29145400,0.0,0.0
2016-12-09,ASII,7800.0,7875.0,7750.0,7825.0,4657.6728515625,34361400,0.0,0.0
2016-12-13,ASII,7900.0,7900.0,7650.0,7850.0,4672.55322265625,31561800,0.0,0.0
2016-12-14,ASII,7825.0,7825.0,7750.0,7775.0,4627.9111328125,26827000,0.0,0.0
2016-12-15,ASII,7725.0,7800.0,7650.0,7750.0,4613.02978515625,32915000,0.0,0.0
2016-12-16,ASII,7750.0,7775.0,7575.0,7575.0,4508.8642578125,38768700,0.0,0.0
2016-12-19,ASII,7675.0,7700.0,7575.0,7625.0,4538.62744140625,20215200,0.0,0.0
2016-12-20,ASII,7575.0,7650.0,7500.0,7550.0,4493.98388671875,14635800,0.0,0.0
2016-12-21,ASII,7650.0,7750.0,7625.0,7700.0,4583.26953125,21196600,0.0,0.0
2016-12-22,ASII,7750.0,7750.0,7525.0,7525.0,4479.1044921875,21018100,0.0,0.0
2016-12-23,ASII,7525.0,7575.0,7325.0,7325.0,4360.05859375,16161800,0.0,0.0
2016-12-27,ASII,7325.0,7700.0,7325.0,7625.0,4538.62744140625,12811500,0.0,0.0
2016-12-28,ASII,7750.0,7825.0,7650.0,7825.0,4657.6728515625,14942500,0.0,0.0
2016-12-29,ASII,7825.0,8150.0,7800.0,8125.0,4836.2412109375,55270000,0.0,0.0
2016-12-30,ASII,8175.0,8275.0,8050.0,8275.0,4925.52734375,58357800,0.0,0.0
2017-01-02,ASII,8275.0,8275.0,8275.0,8275.0,4925.52734375,0,0.0,0.0
2017-01-03,ASII,8150.0,8225.0,8050.0,8200.0,4880.8828125,24401500,0.0,0.0
2017-01-04,ASII,8150.0,8175.0,7925.0,8000.0,4761.83837890625,40244000,0.0,0.0
2017-01-05,ASII,8050.0,8125.0,8000.0,8125.0,4836.2412109375,30992200,0.0,0.0
2017-01-06,ASII,8175.0,8250.0,8125.0,8175.0,4866.0029296875,16866600,0.0,0.0
2017-01-09,ASII,8250.0,8250.0,8125.0,8150.0,4851.12255859375,14383700,0.0,0.0
2017-01-10,ASII,8175.0,8225.0,8100.0,8200.0,4880.8828125,21384600,0.0,0.0
2017-01-11,ASII,8200.0,8200.0,8025.0,8025.0,4776.71826171875,14060000,0.0,0.0
2017-01-12,ASII,8025.0,8100.0,7925.0,7925.0,4717.19580078125,25391700,0.0,0.0
2017-01-13,ASII,7925.0,8125.0,7925.0,8000.0,4761.83837890625,30164500,0.0,0.0
2017-01-16,ASII,8075.0,8075.0,7975.0,7975.0,4746.95751953125,12032400,0.0,0.0
2017-01-17,ASII,7950.0,8075.0,7950.0,8050.0,4791.599609375,5848500,0.0,0.0
2017-01-18,ASII,8100.0,8175.0,8050.0,8125.0,4836.2412109375,17112300,0.0,0.0
2017-01-19,ASII,8125.0,8150.0,8050.0,8150.0,4851.12255859375,15267800,0.0,0.0
2017-01-20,ASII,8150.0,8150.0,8000.0,8000.0,4761.83837890625,11094700,0.0,0.0
2017-01-23,ASII,8050.0,8100.0,7950.0,8025.0,4776.71826171875,9106800,0.0,0.0
2017-01-24,ASII,8100.0,8100.0,8025.0,8050.0,4791.599609375,16250900,0.0,0.0
2017-01-25,ASII,8100.0,8100.0,8050.0,8100.0,4821.3603515625,25295000,0.0,0.0
2017-01-26,ASII,8150.0,8150.0,8050.0,8075.0,4806.47998046875,22812200,0.0,0.0
2017-01-27,ASII,8100.0,8125.0,8025.0,8100.0,4821.3603515625,12243700,0.0,0.0
2017-01-30,ASII,8100.0,8125.0,7900.0,7900.0,4702.31494140625,17179100,0.0,0.0
2017-01-31,ASII,7950.0,8050.0,7950.0,7950.0,4732.076171875,22016600,0.0,0.0
2017-02-01,ASII,8000.0,8100.0,7975.0,8050.0,4791.599609375,20593800,0.0,0.0
2017-02-02,ASII,8025.0,8100.0,8000.0,8100.0,4821.3603515625,19035500,0.0,0.0
2017-02-03,ASII,8125.0,8200.0,8100.0,8100.0,4821.3603515625,20891200,0.0,0.0
2017-02-06,ASII,8175.0,8200.0,8100.0,8125.0,4836.2412109375,18280300,0.0,0.0
2017-02-07,ASII,8150.0,8150.0,8075.0,8125.0,4836.2412109375,14697600,0.0,0.0
2017-02-08,ASII,8150.0,8175.0,8050.0,8050.0,4791.599609375,21574700,0.0,0.0
2017-02-09,ASII,8050.0,8150.0,8050.0,8075.0,4806.47998046875,30856800,0.0,0.0
2017-02-10,ASII,8050.0,8125.0,8050.0,8050.0,4791.599609375,26024600,0.0,0.0
2017-02-13,ASII,8050.0,8125.0,8000.0,8100.0,4821.3603515625,20576800,0.0,0.0
2017-02-14,ASII,8100.0,8125.0,8050.0,8075.0,4806.47998046875,23611200,0.0,0.0
2017-02-15,ASII,8075.0,8075.0,8075.0,8075.0,4806.47998046875,0,0.0,0.0
2017-02-16,ASII,8100.0,8150.0,8050.0,8100.0,4821.3603515625,38036600,0.0,0.0
2017-02-17,ASII,7975.0,8000.0,7850.0,7900.0,4702.31494140625,53666200,0.0,0.0
2017-02-20,ASII,7900.0,7975.0,7875.0,7950.0,4732.076171875,13073400,0.0,0.0
2017-02-21,ASII,7950.0,7975.0,7900.0,7925.0,4717.19580078125,30564700,0.0,0.0
2017-02-22,ASII,7975.0,8050.0,7950.0,7975.0,4746.95751953125,23042300,0.0,0.0
2017-02-23,ASII,7950.0,8050.0,7925.0,8050.0,4791.599609375,15700700,0.0,0.0
2017-02-24,ASII,8000.0,8150.0,7975.0,8125.0,4836.2412109375,26949200,0.0,0.0
2017-02-27,ASII,8150.0,8150.0,8025.0,8025.0,4776.71826171875,21673600,0.0,0.0
2017-02-28,ASII,8125.0,8425.0,8125.0,8200.0,4880.8828125,93601900,0.0,0.0
2017-03-01,ASII,8225.0,8350.0,8175.0,8325.0,4955.287109375,38356600,0.0,0.0
2017-03-02,ASII,8400.0,8550.0,8375.0,8475.0,5044.57177734375,62638300,0.0,0.0
2017-03-03,ASII,8500.0,8550.0,8375.0,8400.0,4999.9287109375,19648000,0.0,0.0
2017-03-06,ASII,8450.0,8550.0,8400.0,8550.0,5089.21533203125,47114500,0.0,0.0
2017-03-07,ASII,8575.0,8575.0,8500.0,8500.0,5059.45166015625,40699100,0.0,0.0
2017-03-08,ASII,8550.0,8550.0,8350.0,8400.0,4999.9287109375,19314600,0.0,0.0
2017-03-09,ASII,8250.0,8375.0,8250.0,8250.0,4910.6455078125,15842000,0.0,0.0
2017-03-10,ASII,8275.0,8275.0,8100.0,8150.0,4851.12255859375,14405300,0.0,0.0
2017-03-13,ASII,8175.0,8250.0,8175.0,8250.0,4910.6455078125,20977300,0.0,0.0
2017-03-14,ASII,8250.0,8275.0,8175.0,8200.0,4880.8828125,21438000,0.0,0.0
2017-03-15,ASII,8225.0,8250.0,8150.0,8175.0,4866.0029296875,16327000,0.0,0.0
2017-03-16,ASII,8250.0,8575.0,8250.0,8575.0,5104.09521484375,56153700,0.0,0.0
2017-03-17,ASII,8600.0,8800.0,8425.0,8475.0,5044.57177734375,54184000,0.0,0.0
2017-03-20,ASII,8500.0,8600.0,8350.0,8500.0,5059.45166015625,17509900,0.0,0.0
2017-03-21,ASII,8550.0,8550.0,8425.0,8475.0,5044.57177734375,28519700,0.0,0.0
2017-03-22,ASII,8425.0,8450.0,8325.0,8400.0,4999.9287109375,47467800,0.0,0.0
2017-03-23,ASII,8450.0,8475.0,8375.0,8450.0,5029.6923828125,30401200,0.0,0.0
2017-03-24,ASII,8425.0,8575.0,8425.0,8525.0,5074.33349609375,27602200,0.0,0.0
2017-03-27,ASII,8525.0,8525.0,8475.0,8525.0,5074.33349609375,27343500,0.0,0.0
2017-03-29,ASII,8550.0,8800.0,8550.0,8725.0,5193.37939453125,58758000,0.0,0.0
2017-03-30,ASII,8675.0,8725.0,8500.0,8675.0,5163.61767578125,37527000,0.0,0.0
2017-03-31,ASII,8725.0,8800.0,8625.0,8625.0,5133.85595703125,51447000,0.0,0.0
2017-04-03,ASII,8700.0,8800.0,8650.0,8775.0,5223.14111328125,20295500,0.0,0.0
2017-04-04,ASII,8800.0,8925.0,8750.0,8775.0,5223.14111328125,33188800,0.0,0.0
2017-04-05,ASII,8775.0,8775.0,8775.0,8775.0,5223.14111328125,0,0.0,0.0
2017-04-06,ASII,8675.0,8750.0,8625.0,8750.0,5208.2607421875,15591900,0.0,0.0
2017-04-07,ASII,8750.0,8750.0,8550.0,8575.0,5104.09521484375,28337200,0.0,0.0
2017-04-10,ASII,8600.0,8625.0,8500.0,8600.0,5118.97509765625,17526600,0.0,0.0
2017-04-11,ASII,8575.0,8600.0,8550.0,8575.0,5104.09521484375,27937100,0.0,0.0
2017-04-12,ASII,8600.0,8650.0,8525.0,8575.0,5104.09521484375,12732300,0.0,0.0
2017-04-13,ASII,8575.0,8650.0,8500.0,8500.0,5059.45166015625,21574000,0.0,0.0
2017-04-17,ASII,8575.0,8575.0,8375.0,8375.0,4985.048828125,14593900,0.0,0.0
2017-04-18,ASII,8375.0,8525.0,8350.0,8375.0,4985.048828125,33899000,0.0,0.0
2017-04-19,ASII,8375.0,8375.0,8375.0,8375.0,4985.048828125,0,0.0,0.0
2017-04-20,ASII,8425.0,8600.0,8375.0,8575.0,5104.09521484375,37608900,0.0,0.0
2017-04-21,ASII,8600.0,9150.0,8575.0,9150.0,5446.35205078125,74209300,0.0,0.0
2017-04-25,ASII,9250.0,9350.0,8975.0,9025.0,5371.947265625,34514400,0.0,0.0
2017-04-26,ASII,9050.0,9100.0,8925.0,9025.0,5371.947265625,33994900,0.0,0.0
2017-04-27,ASII,9000.0,9050.0,8925.0,9000.0,5357.06689453125,34402800,0.0,0.0
2017-04-28,ASII,9025.0,9075.0,8925.0,8950.0,5327.306640625,29155000,0.0,0.0
2017-05-02,ASII,9000.0,9025.0,8900.0,9000.0,5425.5693359375,31580900,113.0,0.0
2017-05-03,ASII,9050.0,9050.0,8850.0,8850.0,5335.1435546875,17435900,0.0,0.0
2017-05-04,ASII,8850.0,8900.0,8675.0,8800.0,5305.00146484375,26140500,0.0,0.0
2017-05-05,ASII,8750.0,8775.0,8700.0,8700.0,5244.71728515625,29628000,0.0,0.0
2017-05-08,ASII,8850.0,8900.0,8800.0,8800.0,5305.00146484375,37860400,0.0,0.0
2017-05-09,ASII,8900.0,8900.0,8700.0,8700.0,5244.71728515625,19822400,0.0,0.0
2017-05-10,ASII,8625.0,8675.0,8575.0,8600.0,5184.4326171875,43704700,0.0,0.0
2017-05-12,ASII,8675.0,8750.0,8650.0,8675.0,5229.64501953125,30361100,0.0,0.0
2017-05-15,ASII,8700.0,8700.0,8525.0,8700.0,5244.71728515625,30796400,0.0,0.0
2017-05-16,ASII,8700.0,8750.0,8600.0,8600.0,5184.4326171875,25436100,0.0,0.0
2017-05-17,ASII,8675.0,8675.0,8325.0,8350.0,5033.72216796875,48442000,0.0,0.0
2017-05-18,ASII,8350.0,8500.0,8325.0,8500.0,5124.1484375,53502800,0.0,0.0
2017-05-19,ASII,8525.0,9000.0,8450.0,8750.0,5274.85888671875,52777500,0.0,0.0
2017-05-22,ASII,8825.0,8950.0,8700.0,8775.0,5289.93017578125,50711500,0.0,0.0
2017-05-23,ASII,8700.0,8800.0,8650.0,8700.0,5244.71728515625,40611000,0.0,0.0
2017-05-24,ASII,8575.0,8725.0,8550.0,8725.0,5259.78759765625,28548100,0.0,0.0
2017-05-26,ASII,8725.0,8775.0,8675.0,8750.0,5274.85888671875,21515800,0.0,0.0
2017-05-29,ASII,8725.0,8750.0,8625.0,8700.0,5244.71728515625,17837200,0.0,0.0
2017-05-30,ASII,8625.0,8725.0,8625.0,8675.0,5229.64501953125,18482400,0.0,0.0
2017-05-31,ASII,8625.0,8750.0,8625.0,8750.0,5274.85888671875,40011500,0.0,0.0
2017-06-01,ASII,8750.0,8750.0,8750.0,8750.0,5274.85888671875,0,0.0,0.0
2017-06-02,ASII,8750.0,9000.0,8725.0,9000.0,5425.5693359375,34516200,0.0,0.0
2017-06-05,ASII,9000.0,9050.0,8925.0,9000.0,5425.5693359375,26482300,0.0,0.0
2017-06-06,ASII,8975.0,9025.0,8825.0,8875.0,5350.2138671875,31668900,0.0,0.0
2017-06-07,ASII,8950.0,8950.0,8850.0,8900.0,5365.28466796875,13672900,0.0,0.0
2017-06-08,ASII,8850.0,8900.0,8825.0,8825.0,5320.07275390625,12097300,0.0,0.0
2017-06-09,ASII,8750.0,8750.0,8650.0,8650.0,5214.57470703125,20044400,0.0,0.0
2017-06-12,ASII,8675.0,8850.0,8675.0,8725.0,5259.78759765625,12909000,0.0,0.0
2017-06-13,ASII,8725.0,8825.0,8725.0,8800.0,5305.00146484375,16459600,0.0,0.0
2017-06-14,ASII,8850.0,9150.0,8775.0,9150.0,5515.99462890625,21545600,0.0,0.0
2017-06-15,ASII,8900.0,8925.0,8850.0,8900.0,5365.28466796875,23078400,0.0,0.0
2017-06-16,ASII,8900.0,8925.0,8725.0,8725.0,5259.78759765625,53399700,0.0,0.0
2017-06-19,ASII,8725.0,8800.0,8725.0,8725.0,5259.78759765625,19307300,0.0,0.0
2017-06-20,ASII,8725.0,8975.0,8700.0,8950.0,5395.42724609375,37530000,0.0,0.0
2017-06-21,ASII,8725.0,9025.0,8725.0,8900.0,5365.28466796875,45981300,0.0,0.0
2017-06-22,ASII,8950.0,8975.0,8750.0,8925.0,5380.35546875,45673700,0.0,0.0
2017-06-23,ASII,8925.0,8925.0,8925.0,8925.0,5380.35546875,0,0.0,0.0
2017-06-26,ASII,8925.0,8925.0,8925.0,8925.0,5380.35546875,0,0.0,0.0
2017-06-27,ASII,8925.0,8925.0,8925.0,8925.0,5380.35546875,0,0.0,0.0
2017-06-28,ASII,8925.0,8925.0,8925.0,8925.0,5380.35546875,0,0.0,0.0
2017-06-29,ASII,8925.0,8925.0,8925.0,8925.0,5380.35546875,0,0.0,0.0
2017-06-30,ASII,8925.0,8925.0,8925.0,8925.0,5380.35546875,0,0.0,0.0
2017-07-03,ASII,8950.0,9025.0,8725.0,8775.0,5289.93017578125,60820600,0.0,0.0
2017-07-04,ASII,8825.0,8825.0,8700.0,8775.0,5289.93017578125,27327700,0.0,0.0
2017-07-05,ASII,8800.0,8825.0,8750.0,8800.0,5305.00146484375,49131100,0.0,0.0
2017-07-06,ASII,8750.0,8825.0,8750.0,8800.0,5305.00146484375,33107000,0.0,0.0
2017-07-07,ASII,8800.0,8850.0,8725.0,8775.0,5289.93017578125,31017800,0.0,0.0
2017-07-10,ASII,8775.0,8825.0,8725.0,8775.0,5289.93017578125,27066400,0.0,0.0
2017-07-11,ASII,8775.0,8800.0,8700.0,8725.0,5259.78759765625,28895800,0.0,0.0
2017-07-12,ASII,8700.0,8750.0,8650.0,8725.0,5259.78759765625,36580200,0.0,0.0
2017-07-13,ASII,8800.0,8800.0,8700.0,8725.0,5259.78759765625,65107500,0.0,0.0
2017-07-14,ASII,8750.0,8750.0,8700.0,8725.0,5259.78759765625,34370300,0.0,0.0
2017-07-17,ASII,8725.0,8750.0,8675.0,8725.0,5259.78759765625,20377100,0.0,0.0
2017-07-18,ASII,8700.0,8725.0,8650.0,8675.0,5229.64501953125,26018200,0.0,0.0
2017-07-19,ASII,8675.0,8675.0,8450.0,8475.0,5109.07763671875,86130500,0.0,0.0
2017-07-20,ASII,8500.0,8550.0,8475.0,8550.0,5154.29150390625,22992700,0.0,0.0
2017-07-21,ASII,8525.0,8525.0,8200.0,8200.0,4943.2958984375,46991000,0.0,0.0
2017-07-24,ASII,8200.0,8225.0,8000.0,8225.0,4958.3671875,61331300,0.0,0.0
2017-07-25,ASII,8250.0,8250.0,8050.0,8100.0,4883.01220703125,71959500,0.0,0.0
2017-07-26,ASII,8200.0,8200.0,8050.0,8100.0,4883.01220703125,42348400,0.0,0.0
2017-07-27,ASII,8050.0,8150.0,8050.0,8075.0,4867.94189453125,33556800,0.0,0.0
2017-07-28,ASII,8075.0,8075.0,7900.0,7950.0,4792.58642578125,96029800,0.0,0.0
2017-07-31,ASII,7925.0,8100.0,7900.0,7975.0,4807.65673828125,57540900,0.0,0.0
2017-08-01,ASII,7975.0,7975.0,7800.0,7850.0,4732.302734375,75196300,0.0,0.0
2017-08-02,ASII,7825.0,7900.0,7725.0,7825.0,4717.22998046875,61600300,0.0,0.0
2017-08-03,ASII,7825.0,7825.0,7725.0,7775.0,4687.08837890625,39479300,0.0,0.0
2017-08-04,ASII,7750.0,7800.0,7650.0,7775.0,4687.08837890625,62576700,0.0,0.0
2017-08-07,ASII,7800.0,7950.0,7775.0,7900.0,4762.44384765625,58213100,0.0,0.0
2017-08-08,ASII,7925.0,8000.0,7900.0,8000.0,4822.72900390625,49160800,0.0,0.0
2017-08-09,ASII,8000.0,8000.0,7900.0,8000.0,4822.72900390625,30630400,0.0,0.0
2017-08-10,ASII,7975.0,8000.0,7850.0,7925.0,4777.5146484375,32682600,0.0,0.0
2017-08-11,ASII,7900.0,7900.0,7725.0,7775.0,4687.08837890625,40834900,0.0,0.0
2017-08-14,ASII,7800.0,7925.0,7775.0,7850.0,4732.302734375,27663800,0.0,0.0
2017-08-15,ASII,7875.0,7900.0,7800.0,7825.0,4717.22998046875,25118000,0.0,0.0
2017-08-16,ASII,7800.0,7875.0,7775.0,7850.0,4732.302734375,23947900,0.0,0.0
2017-08-17,ASII,7850.0,7850.0,7850.0,7850.0,4732.302734375,0,0.0,0.0
2017-08-18,ASII,7825.0,7975.0,7800.0,7900.0,4762.44384765625,69231100,0.0,0.0
2017-08-21,ASII,7900.0,7950.0,7775.0,7875.0,4747.373046875,39339900,0.0,0.0
2017-08-22,ASII,7825.0,7950.0,7825.0,7925.0,4777.5146484375,21229100,0.0,0.0
2017-08-23,ASII,7975.0,8000.0,7900.0,7975.0,4807.65673828125,22579300,0.0,0.0
2017-08-24,ASII,7900.0,8050.0,7900.0,7975.0,4807.65673828125,33232300,0.0,0.0
2017-08-25,ASII,8000.0,8000.0,7950.0,8000.0,4822.72900390625,14260900,0.0,0.0
2017-08-28,ASII,7975.0,8025.0,7950.0,8000.0,4822.72900390625,13320400,0.0,0.0
2017-08-29,ASII,7925.0,7950.0,7825.0,7900.0,4762.44384765625,23577800,0.0,0.0
2017-08-30,ASII,7900.0,7950.0,7850.0,7875.0,4747.373046875,19964000,0.0,0.0
2017-08-31,ASII,7850.0,7925.0,7850.0,7875.0,4747.373046875,16196800,0.0,0.0
2017-09-01,ASII,7875.0,7875.0,7875.0,7875.0,4747.373046875,0,0.0,0.0
2017-09-04,ASII,7925.0,7925.0,7750.0,7750.0,4672.017578125,25464400,0.0,0.0
2017-09-05,ASII,7650.0,7825.0,7650.0,7800.0,4702.15966796875,32642400,0.0,0.0
2017-09-06,ASII,7725.0,7850.0,7725.0,7825.0,4717.22998046875,21294500,0.0,0.0
2017-09-07,ASII,7725.0,7725.0,7625.0,7650.0,4611.73388671875,66835400,0.0,0.0
2017-09-08,ASII,7700.0,7850.0,7700.0,7825.0,4717.22998046875,21174500,0.0,0.0
2017-09-11,ASII,7900.0,7950.0,7875.0,7900.0,4762.44384765625,23092100,0.0,0.0
2017-09-12,ASII,7900.0,7925.0,7875.0,7900.0,4762.44384765625,20592600,0.0,0.0
2017-09-13,ASII,7900.0,7925.0,7875.0,7900.0,4762.44384765625,18785000,0.0,0.0
2017-09-14,ASII,7900.0,7950.0,7875.0,7900.0,4762.44384765625,23106600,0.0,0.0
2017-09-15,ASII,7850.0,7900.0,7800.0,7850.0,4732.302734375,68407700,0.0,0.0
2017-09-18,ASII,7900.0,7900.0,7825.0,7850.0,4732.302734375,13151900,0.0,0.0
2017-09-19,ASII,7850.0,7925.0,7775.0,7925.0,4777.5146484375,29776800,0.0,0.0
2017-09-20,ASII,7900.0,7925.0,7775.0,7825.0,4717.22998046875,29674000,0.0,0.0
2017-09-21,ASII,7825.0,7825.0,7825.0,7825.0,4717.22998046875,0,0.0,0.0
2017-09-22,ASII,7750.0,7825.0,7725.0,7775.0,4687.08837890625,26283500,0.0,0.0
2017-09-25,ASII,7775.0,7825.0,7725.0,7800.0,4702.15966796875,11458400,0.0,0.0
2017-09-26,ASII,7750.0,7850.0,7750.0,7800.0,4702.15966796875,24368000,0.0,0.0
2017-09-27,ASII,7825.0,7850.0,7775.0,7825.0,4717.22998046875,26298600,0.0,0.0
2017-09-28,ASII,7800.0,7850.0,7700.0,7700.0,4641.87646484375,39139000,0.0,0.0
2017-09-29,ASII,7725.0,7950.0,7725.0,7900.0,4762.44384765625,46487800,0.0,0.0
2017-10-02,ASII,7900.0,7950.0,7875.0,7925.0,4777.5146484375,9926400,0.0,0.0
2017-10-03,ASII,7900.0,8025.0,7800.0,8000.0,4856.43310546875,21948000,55.0,0.0
2017-10-04,ASII,8000.0,8050.0,7975.0,8000.0,4856.43310546875,13975000,0.0,0.0
2017-10-05,ASII,8025.0,8025.0,7925.0,7950.0,4826.07861328125,14579200,0.0,0.0
2017-10-06,ASII,8025.0,8025.0,7950.0,7975.0,4841.25537109375,22631900,0.0,0.0
2017-10-09,ASII,8000.0,8025.0,7975.0,7975.0,4841.25537109375,6730400,0.0,0.0
2017-10-10,ASII,7950.0,8025.0,7950.0,7975.0,4841.25537109375,20537300,0.0,0.0
2017-10-11,ASII,7975.0,8025.0,7900.0,8025.0,4871.6083984375,21573000,0.0,0.0
2017-10-12,ASII,8050.0,8200.0,8025.0,8200.0,4977.84228515625,22737500,0.0,0.0
2017-10-13,ASII,8175.0,8475.0,8150.0,8475.0,5144.7822265625,41940300,0.0,0.0
2017-10-16,ASII,8475.0,8525.0,8275.0,8375.0,5084.07763671875,26598000,0.0,0.0
2017-10-17,ASII,8300.0,8325.0,8100.0,8250.0,5008.19482421875,37010200,0.0,0.0
2017-10-18,ASII,8150.0,8200.0,8025.0,8050.0,4886.78515625,32143300,0.0,0.0
2017-10-19,ASII,8050.0,8100.0,7925.0,7925.0,4810.90283203125,32412000,0.0,0.0
2017-10-20,ASII,8000.0,8150.0,7950.0,8000.0,4856.43310546875,24764300,0.0,0.0
2017-10-23,ASII,8000.0,8150.0,8000.0,8050.0,4886.78515625,12519500,0.0,0.0
2017-10-24,ASII,8000.0,8200.0,8000.0,8175.0,4962.66650390625,14194000,0.0,0.0
2017-10-25,ASII,8200.0,8200.0,8050.0,8150.0,4947.49072265625,31668600,0.0,0.0
2017-10-26,ASII,8150.0,8150.0,7975.0,8000.0,4856.43310546875,21507300,0.0,0.0
2017-10-27,ASII,7975.0,8075.0,7900.0,7900.0,4795.72705078125,25414900,0.0,0.0
2017-10-30,ASII,7950.0,8025.0,7900.0,8000.0,4856.43310546875,20373600,0.0,0.0
2017-10-31,ASII,8075.0,8075.0,8000.0,8000.0,4856.43310546875,20477100,0.0,0.0
2017-11-01,ASII,8000.0,8100.0,8000.0,8075.0,4901.96142578125,20372200,0.0,0.0
2017-11-02,ASII,8100.0,8200.0,8075.0,8150.0,4947.49072265625,27319900,0.0,0.0
2017-11-03,ASII,8150.0,8150.0,8025.0,8100.0,4917.13720703125,18109000,0.0,0.0
2017-11-06,ASII,8075.0,8125.0,8050.0,8075.0,4901.96142578125,13226900,0.0,0.0
2017-11-07,ASII,8075.0,8200.0,8050.0,8200.0,4977.84228515625,14733300,0.0,0.0
2017-11-08,ASII,8150.0,8300.0,8100.0,8300.0,5038.54833984375,17351000,0.0,0.0
2017-11-09,ASII,8300.0,8325.0,8225.0,8275.0,5023.37255859375,19154200,0.0,0.0
2017-11-10,ASII,8225.0,8425.0,8200.0,8350.0,5068.9013671875,21907200,0.0,0.0
2017-11-13,ASII,8350.0,8375.0,8300.0,8350.0,5068.9013671875,19112700,0.0,0.0
2017-11-14,ASII,8350.0,8375.0,8275.0,8300.0,5038.54833984375,30370500,0.0,0.0
2017-11-15,ASII,8300.0,8300.0,8150.0,8175.0,4962.66650390625,27970500,0.0,0.0
2017-11-16,ASII,8200.0,8300.0,8175.0,8250.0,5008.19482421875,18888400,0.0,0.0
2017-11-17,ASII,8300.0,8325.0,8200.0,8200.0,4977.84228515625,18047300,0.0,0.0
2017-11-20,ASII,8300.0,8300.0,8200.0,8200.0,4977.84228515625,15859900,0.0,0.0
2017-11-21,ASII,8175.0,8250.0,8075.0,8125.0,4932.31298828125,20031300,0.0,0.0
2017-11-22,ASII,8150.0,8450.0,8150.0,8450.0,5129.6064453125,44718900,0.0,0.0
2017-11-23,ASII,8500.0,8500.0,8400.0,8475.0,5144.7822265625,22538000,0.0,0.0
2017-11-24,ASII,8400.0,8550.0,8375.0,8550.0,5190.3125,16053600,0.0,0.0
2017-11-27,ASII,8475.0,8600.0,8450.0,8525.0,5175.13525390625,29480600,0.0,0.0
2017-11-28,ASII,8450.0,8450.0,8350.0,8375.0,5084.07763671875,37782300,0.0,0.0
2017-11-29,ASII,8375.0,8400.0,8325.0,8350.0,5068.9013671875,20756600,0.0,0.0
2017-11-30,ASII,8300.0,8350.0,7975.0,7975.0,4841.25537109375,66309200,0.0,0.0
2017-12-01,ASII,7975.0,7975.0,7975.0,7975.0,4841.25537109375,0,0.0,0.0
2017-12-04,ASII,8175.0,8300.0,8100.0,8100.0,4917.13720703125,42133200,0.0,0.0
2017-12-05,ASII,8125.0,8300.0,8125.0,8200.0,4977.84228515625,28286400,0.0,0.0
2017-12-06,ASII,8150.0,8475.0,8150.0,8350.0,5068.9013671875,35433100,0.0,0.0
2017-12-07,ASII,8350.0,8375.0,8275.0,8300.0,5038.54833984375,13232000,0.0,0.0
2017-12-08,ASII,8250.0,8325.0,8225.0,8250.0,5008.19482421875,10274500,0.0,0.0
2017-12-11,ASII,8250.0,8450.0,8250.0,8400.0,5099.25341796875,16605000,0.0,0.0
2017-12-12,ASII,8450.0,8450.0,8175.0,8200.0,4977.84228515625,35361100,0.0,0.0
2017-12-13,ASII,8175.0,8200.0,8075.0,8100.0,4917.13720703125,29885700,0.0,0.0
2017-12-14,ASII,8200.0,8350.0,8150.0,8325.0,5053.72509765625,32461700,0.0,0.0
2017-12-15,ASII,8325.0,8325.0,8200.0,8300.0,5038.54833984375,27656800,0.0,0.0
2017-12-18,ASII,8200.0,8275.0,8075.0,8175.0,4962.66650390625,24673600,0.0,0.0
2017-12-19,ASII,8150.0,8200.0,8125.0,8175.0,4962.66650390625,18550800,0.0,0.0
2017-12-20,ASII,8150.0,8175.0,7975.0,8000.0,4856.43310546875,38299700,0.0,0.0
2017-12-21,ASII,8050.0,8175.0,8025.0,8100.0,4917.13720703125,15656700,0.0,0.0
2017-12-22,ASII,8100.0,8200.0,8075.0,8200.0,4977.84228515625,15451000,0.0,0.0
2017-12-25,ASII,8200.0,8200.0,8200.0,8200.0,4977.84228515625,0,0.0,0.0
2017-12-26,ASII,8200.0,8200.0,8200.0,8200.0,4977.84228515625,0,0.0,0.0
2017-12-27,ASII,8200.0,8225.0,8125.0,8150.0,4947.49072265625,28066200,0.0,0.0
2017-12-28,ASII,8200.0,8200.0,8025.0,8050.0,4886.78515625,43106600,0.0,0.0
2017-12-29,ASII,8150.0,8350.0,8100.0,8300.0,5038.54833984375,89127600,0.0,0.0
2018-01-01,ASII,8300.0,8300.0,8300.0,8300.0,5038.54833984375,0,0.0,0.0
2018-01-02,ASII,8300.0,8400.0,8150.0,8200.0,4977.84228515625,24661300,0.0,0.0
2018-01-03,ASII,8250.0,8250.0,8000.0,8050.0,4886.78515625,40976100,0.0,0.0
2018-01-04,ASII,8075.0,8225.0,8050.0,8225.0,4993.0185546875,30604400,0.0,0.0
2018-01-05,ASII,8150.0,8300.0,8125.0,8300.0,5038.54833984375,18885300,0.0,0.0
2018-01-08,ASII,8300.0,8325.0,8200.0,8300.0,5038.54833984375,17178400,0.0,0.0
2018-01-09,ASII,8300.0,8300.0,8150.0,8175.0,4962.66650390625,23323800,0.0,0.0
2018-01-10,ASII,8275.0,8300.0,8175.0,8275.0,5023.37255859375,29616100,0.0,0.0
2018-01-11,ASII,8275.0,8275.0,8125.0,8250.0,5008.19482421875,19294700,0.0,0.0
2018-01-12,ASII,8200.0,8250.0,8175.0,8175.0,4962.66650390625,15456000,0.0,0.0
2018-01-15,ASII,8175.0,8200.0,8125.0,8175.0,4962.66650390625,12912900,0.0,0.0
2018-01-16,ASII,8200.0,8250.0,8125.0,8225.0,4993.0185546875,25472200,0.0,0.0
2018-01-17,ASII,8150.0,8300.0,8125.0,8200.0,4977.84228515625,44342900,0.0,0.0
2018-01-18,ASII,8275.0,8300.0,8200.0,8300.0,5038.54833984375,41790200,0.0,0.0
2018-01-19,ASII,8300.0,8350.0,8250.0,8350.0,5068.9013671875,28789700,0.0,0.0
2018-01-22,ASII,8350.0,8350.0,8200.0,8250.0,5008.19482421875,40680600,0.0,0.0
2018-01-23,ASII,8300.0,8525.0,8250.0,8525.0,5175.13525390625,39074200,0.0,0.0
2018-01-24,ASII,8525.0,8750.0,8450.0,8725.0,5296.54638671875,36840200,0.0,0.0
2018-01-25,ASII,8675.0,8750.0,8625.0,8725.0,5296.54638671875,27585500,0.0,0.0
2018-01-26,ASII,8725.0,8725.0,8500.0,8625.0,5235.84130859375,24505100,0.0,0.0
2018-01-29,ASII,8650.0,8675.0,8500.0,8650.0,5251.01806640625,17150200,0.0,0.0
2018-01-30,ASII,8650.0,8650.0,8400.0,8425.0,5114.43115234375,23643200,0.0,0.0
2018-01-31,ASII,8400.0,8700.0,8375.0,8500.0,5159.958984375,29112000,0.0,0.0
2018-02-01,ASII,8525.0,8750.0,8525.0,8575.0,5205.48779296875,31700800,0.0,0.0
2018-02-02,ASII,8700.0,8750.0,8625.0,8700.0,5281.36962890625,24482800,0.0,0.0
2018-02-05,ASII,8500.0,8650.0,8450.0,8525.0,5175.13525390625,23045600,0.0,0.0
2018-02-06,ASII,8350.0,8475.0,8350.0,8425.0,5114.43115234375,33410900,0.0,0.0
2018-02-07,ASII,8500.0,8600.0,8375.0,8450.0,5129.6064453125,31215400,0.0,0.0
2018-02-08,ASII,8500.0,8525.0,8350.0,8375.0,5084.07763671875,28406900,0.0,0.0
2018-02-09,ASII,8250.0,8350.0,8175.0,8200.0,4977.84228515625,64748600,0.0,0.0
2018-02-12,ASII,8300.0,8300.0,8200.0,8200.0,4977.84228515625,20368800,0.0,0.0
2018-02-13,ASII,8200.0,8300.0,8200.0,8275.0,5023.37255859375,30608200,0.0,0.0
2018-02-14,ASII,8275.0,8375.0,8275.0,8375.0,5084.07763671875,24033700,0.0,0.0
2018-02-15,ASII,8425.0,8425.0,8275.0,8275.0,5023.37255859375,14832000,0.0,0.0
2018-02-16,ASII,8275.0,8275.0,8275.0,8275.0,5023.37255859375,0,0.0,0.0
2018-02-19,ASII,8350.0,8425.0,8300.0,8425.0,5114.43115234375,22998500,0.0,0.0
2018-02-20,ASII,8350.0,8375.0,8250.0,8300.0,5038.54833984375,17276200,0.0,0.0
2018-02-21,ASII,8325.0,8350.0,8125.0,8175.0,4962.66650390625,43896000,0.0,0.0
2018-02-22,ASII,8200.0,8225.0,8000.0,8000.0,4856.43310546875,33253700,0.0,0.0
2018-02-23,ASII,8125.0,8250.0,8100.0,8200.0,4977.84228515625,29457600,0.0,0.0
2018-02-26,ASII,8200.0,8225.0,8050.0,8100.0,4917.13720703125,23816800,0.0,0.0
2018-02-27,ASII,8100.0,8200.0,8075.0,8200.0,4977.84228515625,23718200,0.0,0.0
2018-02-28,ASII,8175.0,8175.0,8075.0,8075.0,4901.96142578125,45102600,0.0,0.0
2018-03-01,ASII,8100.0,8175.0,8075.0,8075.0,4901.96142578125,25963100,0.0,0.0
2018-03-02,ASII,8075.0,8150.0,8025.0,8150.0,4947.49072265625,15833800,0.0,0.0
2018-03-05,ASII,8175.0,8175.0,8075.0,8150.0,4947.49072265625,19421500,0.0,0.0
2018-03-06,ASII,8200.0,8200.0,8025.0,8050.0,4886.78515625,29864500,0.0,0.0
2018-03-07,ASII,8000.0,8025.0,7775.0,7825.0,4750.1982421875,56371600,0.0,0.0
2018-03-08,ASII,7925.0,7925.0,7775.0,7850.0,4765.37451171875,45172700,0.0,0.0
2018-03-09,ASII,7900.0,7900.0,7750.0,7775.0,4719.84521484375,26855700,0.0,0.0
2018-03-12,ASII,7850.0,7875.0,7775.0,7800.0,4735.021484375,34352400,0.0,0.0
2018-03-13,ASII,7775.0,7775.0,7675.0,7700.0,4674.31640625,29718200,0.0,0.0
2018-03-14,ASII,7650.0,7725.0,7575.0,7575.0,4598.43408203125,25878500,0.0,0.0
2018-03-15,ASII,7525.0,7575.0,7425.0,7450.0,4522.55224609375,38893700,0.0,0.0
2018-03-16,ASII,7450.0,7525.0,7350.0,7450.0,4522.55224609375,93558800,0.0,0.0
2018-03-19,ASII,7450.0,7475.0,7250.0,7275.0,4416.318359375,44260000,0.0,0.0
2018-03-20,ASII,7225.0,7350.0,7200.0,7300.0,4431.494140625,53047800,0.0,0.0
2018-03-21,ASII,7350.0,7350.0,7275.0,7300.0,4431.494140625,41451100,0.0,0.0
2018-03-22,ASII,7350.0,7450.0,7325.0,7350.0,4461.84765625,40302400,0.0,0.0
2018-03-23,ASII,7050.0,7275.0,7050.0,7275.0,4416.318359375,38206300,0.0,0.0
2018-03-26,ASII,7275.0,7275.0,7175.0,7225.0,4385.96533203125,22640900,0.0,0.0
2018-03-27,ASII,7300.0,7375.0,7250.0,7300.0,4431.494140625,24060300,0.0,0.0
2018-03-28,ASII,7225.0,7250.0,7075.0,7100.0,4310.08251953125,32341200,0.0,0.0
2018-03-29,ASII,7175.0,7325.0,7050.0,7300.0,4431.494140625,40859700,0.0,0.0
2018-03-30,ASII,7300.0,7300.0,7300.0,7300.0,4431.494140625,0,0.0,0.0
2018-04-02,ASII,7350.0,7600.0,7300.0,7550.0,4583.25830078125,30899400,0.0,0.0
2018-04-03,ASII,7500.0,7750.0,7450.0,7675.0,4659.1396484375,30007800,0.0,0.0
2018-04-04,ASII,7675.0,7675.0,7475.0,7575.0,4598.43408203125,22563400,0.0,0.0
2018-04-05,ASII,7625.0,7650.0,7475.0,7600.0,4613.6103515625,16561500,0.0,0.0
2018-04-06,ASII,7600.0,7600.0,7525.0,7525.0,4568.0810546875,8268700,0.0,0.0
2018-04-09,ASII,7550.0,7750.0,7550.0,7750.0,4704.66796875,17097200,0.0,0.0
2018-04-10,ASII,7700.0,7850.0,7675.0,7825.0,4750.1982421875,27654600,0.0,0.0
2018-04-11,ASII,7875.0,7975.0,7850.0,7950.0,4826.07861328125,34716800,0.0,0.0
2018-04-12,ASII,7850.0,7925.0,7700.0,7725.0,4689.4921875,26558600,0.0,0.0
2018-04-13,ASII,7750.0,7825.0,7525.0,7525.0,4568.0810546875,17816300,0.0,0.0
2018-04-16,ASII,7525.0,7525.0,7525.0,7525.0,4568.0810546875,0,0.0,0.0
2018-04-17,ASII,7525.0,7525.0,7525.0,7525.0,4568.0810546875,0,0.0,0.0
2018-04-18,ASII,7625.0,7625.0,7475.0,7525.0,4568.0810546875,23356500,0.0,0.0
2018-04-19,ASII,7525.0,7525.0,7525.0,7525.0,4568.0810546875,0,0.0,0.0
2018-04-20,ASII,7525.0,7525.0,7525.0,7525.0,4568.0810546875,0,0.0,0.0
2018-04-23,ASII,7600.0,7600.0,7475.0,7475.0,4537.728515625,12648900,0.0,0.0
2018-04-24,ASII,7400.0,7475.0,7300.0,7325.0,4446.669921875,33995200,0.0,0.0
2018-04-25,ASII,7325.0,7325.0,7325.0,7325.0,4446.669921875,0,0.0,0.0
2018-04-26,ASII,7325.0,7325.0,7325.0,7325.0,4446.669921875,0,0.0,0.0
2018-04-27,ASII,7325.0,7325.0,7325.0,7325.0,4446.669921875,0,0.0,0.0
2018-04-30,ASII,7275.0,7300.0,7150.0,7150.0,4340.4365234375,20489400,0.0,0.0
2018-05-01,ASII,7150.0,7150.0,7150.0,7150.0,4340.4365234375,0,0.0,0.0
2018-05-02,ASII,7200.0,7375.0,7150.0,7375.0,4477.0234375,28029500,0.0,0.0
2018-05-03,ASII,7375.0,7400.0,7275.0,7275.0,4416.318359375,38116700,0.0,0.0
2018-05-04,ASII,7200.0,7300.0,7125.0,7250.0,4481.21826171875,20155100,130.0,0.0
2018-05-07,ASII,7300.0,7300.0,7050.0,7075.0,4373.05126953125,24167400,0.0,0.0
2018-05-08,ASII,7075.0,7100.0,6825.0,6950.0,4295.7880859375,45877500,0.0,0.0
2018-05-09,ASII,6800.0,7125.0,6800.0,7100.0,4388.50341796875,51249600,0.0,0.0
2018-05-10,ASII,7100.0,7100.0,7100.0,7100.0,4388.50341796875,0,0.0,0.0
2018-05-11,ASII,7150.0,7200.0,7050.0,7050.0,4357.59814453125,21370800,0.0,0.0
2018-05-14,ASII,6950.0,7100.0,6950.0,7025.0,4342.14599609375,28081600,0.0,0.0
2018-05-15,ASII,7025.0,7100.0,6925.0,6925.0,4280.33544921875,30656400,0.0,0.0
2018-05-16,ASII,6900.0,6925.0,6650.0,6900.0,4264.8837890625,39298500,0.0,0.0
2018-05-17,ASII,6900.0,6925.0,6725.0,6725.0,4156.71630859375,31996300,0.0,0.0
2018-05-18,ASII,6800.0,6800.0,6525.0,6525.0,4033.09716796875,32946300,0.0,0.0
2018-05-21,ASII,6600.0,6675.0,6525.0,6525.0,4033.09716796875,19666000,0.0,0.0
2018-05-22,ASII,6575.0,7000.0,6550.0,6950.0,4295.7880859375,52564600,0.0,0.0
2018-05-23,ASII,7000.0,7225.0,6950.0,7000.0,4326.693359375,46432300,0.0,0.0
2018-05-24,ASII,7150.0,7300.0,7125.0,7225.0,4465.765625,31517700,0.0,0.0
2018-05-25,ASII,7275.0,7275.0,7050.0,7250.0,4481.21826171875,23149300,0.0,0.0
2018-05-28,ASII,7100.0,7300.0,7100.0,7175.0,4434.86083984375,20768800,0.0,0.0
2018-05-29,ASII,7175.0,7175.0,7175.0,7175.0,4434.86083984375,0,0.0,0.0
2018-05-30,ASII,7125.0,7200.0,6950.0,7000.0,4326.693359375,38264900,0.0,0.0
2018-05-31,ASII,7075.0,7150.0,6850.0,6900.0,4264.8837890625,99330400,0.0,0.0
2018-06-01,ASII,6900.0,6900.0,6900.0,6900.0,4264.8837890625,0,0.0,0.0
2018-06-04,ASII,7050.0,7100.0,6975.0,7000.0,4326.693359375,29071700,0.0,0.0
2018-06-05,ASII,6950.0,7050.0,6950.0,7000.0,4326.693359375,32973400,0.0,0.0
2018-06-06,ASII,7000.0,7025.0,6950.0,6975.0,4311.2412109375,27978000,0.0,0.0
2018-06-07,ASII,7000.0,7025.0,6950.0,6975.0,4311.2412109375,34005400,0.0,0.0
2018-06-08,ASII,6875.0,6975.0,6875.0,6900.0,4264.8837890625,82723800,0.0,0.0
2018-06-11,ASII,6900.0,6900.0,6900.0,6900.0,4264.8837890625,0,0.0,0.0
2018-06-12,ASII,6900.0,6900.0,6900.0,6900.0,4264.8837890625,0,0.0,0.0
2018-06-13,ASII,6900.0,6900.0,6900.0,6900.0,4264.8837890625,0,0.0,0.0
2018-06-14,ASII,6900.0,6900.0,6900.0,6900.0,4264.8837890625,0,0.0,0.0
2018-06-15,ASII,6900.0,6900.0,6900.0,6900.0,4264.8837890625,0,0.0,0.0
2018-06-18,ASII,6900.0,6900.0,6900.0,6900.0,4264.8837890625,0,0.0,0.0
2018-06-19,ASII,6900.0,6900.0,6900.0,6900.0,4264.8837890625,0,0.0,0.0
2018-06-20,ASII,6850.0,6950.0,6625.0,6950.0,4295.7880859375,94750500,0.0,0.0
2018-06-21,ASII,7100.0,7100.0,6675.0,6675.0,4125.81103515625,40710000,0.0,0.0
2018-06-22,ASII,6675.0,6675.0,6575.0,6600.0,4079.454833984375,30220100,0.0,0.0
2018-06-25,ASII,6700.0,6725.0,6575.0,6600.0,4079.454833984375,35216300,0.0,0.0
2018-06-26,ASII,6550.0,6800.0,6550.0,6700.0,4141.26416015625,21592800,0.0,0.0
2018-06-27,ASII,6725.0,6750.0,6425.0,6425.0,3971.285888671875,26041600,0.0,0.0
2018-06-28,ASII,6425.0,6475.0,6275.0,6350.0,3924.92919921875,47122000,0.0,0.0
2018-06-29,ASII,6400.0,6600.0,6375.0,6600.0,4079.454833984375,44077400,0.0,0.0
2018-07-02,ASII,6650.0,6650.0,6250.0,6250.0,3863.11962890625,30044400,0.0,0.0
2018-07-03,ASII,6250.0,6400.0,6100.0,6100.0,3770.404296875,31918600,0.0,0.0
2018-07-04,ASII,6175.0,6425.0,6125.0,6250.0,3863.11962890625,26706500,0.0,0.0
2018-07-05,ASII,6200.0,6375.0,6200.0,6300.0,3894.024169921875,10071000,0.0,0.0
2018-07-06,ASII,6375.0,6375.0,6250.0,6300.0,3894.024169921875,12516100,0.0,0.0
2018-07-09,ASII,6350.0,6400.0,6250.0,6325.0,3909.476318359375,17337000,0.0,0.0
2018-07-10,ASII,6450.0,6550.0,6350.0,6350.0,3924.92919921875,36086900,0.0,0.0
2018-07-11,ASII,6300.0,6625.0,6275.0,6625.0,4094.906982421875,29415100,0.0,0.0
2018-07-12,ASII,6575.0,6700.0,6550.0,6675.0,4125.81103515625,22465500,0.0,0.0
2018-07-13,ASII,6750.0,6825.0,6650.0,6800.0,4203.07373046875,27647800,0.0,0.0
2018-07-16,ASII,6700.0,6725.0,6550.0,6700.0,4141.26416015625,16831500,0.0,0.0
2018-07-17,ASII,6550.0,6675.0,6500.0,6625.0,4094.906982421875,15901500,0.0,0.0
2018-07-18,ASII,6700.0,6750.0,6575.0,6650.0,4110.359375,19002100,0.0,0.0
2018-07-19,ASII,6650.0,6750.0,6650.0,6700.0,4141.26416015625,27562100,0.0,0.0
2018-07-20,ASII,6700.0,6750.0,6575.0,6675.0,4125.81103515625,22005400,0.0,0.0
2018-07-23,ASII,6750.0,6750.0,6675.0,6675.0,4125.81103515625,13735600,0.0,0.0
2018-07-24,ASII,6625.0,6750.0,6625.0,6650.0,4110.359375,8932500,0.0,0.0
2018-07-25,ASII,6725.0,6900.0,6650.0,6875.0,4249.43115234375,15946900,0.0,0.0
2018-07-26,ASII,6925.0,6950.0,6650.0,6675.0,4125.81103515625,20823800,0.0,0.0
2018-07-27,ASII,6700.0,7000.0,6700.0,6975.0,4311.2412109375,31156700,0.0,0.0
2018-07-30,ASII,7000.0,7100.0,6900.0,7100.0,4388.50341796875,21379900,0.0,0.0
2018-07-31,ASII,7050.0,7150.0,6975.0,7150.0,4419.408203125,25841400,0.0,0.0
2018-08-01,ASII,7150.0,7475.0,7150.0,7475.0,4620.291015625,53935800,0.0,0.0
2018-08-02,ASII,7500.0,7500.0,7300.0,7300.0,4512.1240234375,19141400,0.0,0.0
2018-08-03,ASII,7275.0,7300.0,7050.0,7125.0,4403.95654296875,24035700,0.0,0.0
2018-08-06,ASII,7250.0,7475.0,7200.0,7425.0,4589.3857421875,37077600,0.0,0.0
2018-08-07,ASII,7475.0,7475.0,7325.0,7375.0,4558.48095703125,23222200,0.0,0.0
2018-08-08,ASII,7400.0,7450.0,7325.0,7425.0,4589.3857421875,16794100,0.0,0.0
2018-08-09,ASII,7300.0,7525.0,7300.0,7500.0,4635.7431640625,17331500,0.0,0.0
2018-08-10,ASII,7450.0,7475.0,7325.0,7400.0,4573.93310546875,16288400,0.0,0.0
2018-08-13,ASII,7275.0,7275.0,7075.0,7100.0,4388.50341796875,25732900,0.0,0.0
2018-08-14,ASII,7075.0,7225.0,6825.0,6825.0,4218.525390625,34274000,0.0,0.0
2018-08-15,ASII,6900.0,7050.0,6600.0,6975.0,4311.2412109375,44615000,0.0,0.0
2018-08-16,ASII,6975.0,7250.0,6850.0,7100.0,4388.50341796875,21705200,0.0,0.0
2018-08-17,ASII,7100.0,7100.0,7100.0,7100.0,4388.50341796875,0,0.0,0.0
2018-08-20,ASII,7250.0,7400.0,7150.0,7400.0,4573.93310546875,44690500,0.0,0.0
2018-08-21,ASII,7400.0,7475.0,7325.0,7475.0,4620.291015625,20659500,0.0,0.0
2018-08-22,ASII,7475.0,7475.0,7475.0,7475.0,4620.291015625,0,0.0,0.0
2018-08-23,ASII,7475.0,7525.0,7300.0,7425.0,4589.3857421875,30246600,0.0,0.0
2018-08-24,ASII,7375.0,7450.0,7275.0,7375.0,4558.48095703125,15617800,0.0,0.0
2018-08-27,ASII,7375.0,7600.0,7350.0,7575.0,4682.10107421875,32820400,0.0,0.0
2018-08-28,ASII,7575.0,7600.0,7350.0,7350.0,4543.02880859375,17798200,0.0,0.0
2018-08-29,ASII,7450.0,7550.0,7375.0,7475.0,4620.291015625,26083000,0.0,0.0
2018-08-30,ASII,7500.0,7500.0,7350.0,7475.0,4620.291015625,15151400,0.0,0.0
2018-08-31,ASII,7400.0,7400.0,7200.0,7250.0,4481.21826171875,40829300,0.0,0.0
2018-09-03,ASII,7275.0,7275.0,7075.0,7100.0,4388.50341796875,25016000,0.0,0.0
2018-09-04,ASII,7100.0,7100.0,7000.0,7075.0,4373.05126953125,30739500,0.0,0.0
2018-09-05,ASII,6900.0,6950.0,6725.0,6775.0,4187.62060546875,52098900,0.0,0.0
2018-09-06,ASII,6675.0,6875.0,6600.0,6800.0,4203.07373046875,60188600,0.0,0.0
2018-09-07,ASII,6900.0,7175.0,6825.0,7175.0,4434.86083984375,42928600,0.0,0.0
2018-09-10,ASII,7125.0,7175.0,6975.0,7175.0,4434.86083984375,21884300,0.0,0.0
2018-09-11,ASII,7175.0,7175.0,7175.0,7175.0,4434.86083984375,0,0.0,0.0
2018-09-12,ASII,7175.0,7275.0,7125.0,7125.0,4403.95654296875,27126400,0.0,0.0
2018-09-13,ASII,7275.0,7275.0,7000.0,7075.0,4373.05126953125,22644700,0.0,0.0
2018-09-14,ASII,7075.0,7225.0,7050.0,7225.0,4465.765625,17697900,0.0,0.0
2018-09-17,ASII,7125.0,7125.0,6950.0,6950.0,4295.7880859375,15380700,0.0,0.0
2018-09-18,ASII,6925.0,7125.0,6875.0,7025.0,4342.14599609375,31839500,0.0,0.0
2018-09-19,ASII,7100.0,7400.0,7100.0,7400.0,4573.93310546875,28048600,0.0,0.0
2018-09-20,ASII,7400.0,7575.0,7325.0,7500.0,4635.7431640625,37420600,0.0,0.0
2018-09-21,ASII,7475.0,7475.0,7225.0,7250.0,4481.21826171875,48533000,0.0,0.0
2018-09-24,ASII,7200.0,7225.0,7075.0,7125.0,4403.95654296875,24764900,0.0,0.0
2018-09-25,ASII,7100.0,7200.0,7075.0,7200.0,4450.31298828125,14404300,0.0,0.0
2018-09-26,ASII,7200.0,7425.0,7200.0,7350.0,4543.02880859375,25803300,0.0,0.0
2018-09-27,ASII,7225.0,7375.0,7200.0,7375.0,4558.48095703125,29349300,0.0,0.0
2018-09-28,ASII,7275.0,7450.0,7275.0,7350.0,4543.02880859375,31995300,0.0,0.0
2018-10-01,ASII,7225.0,7475.0,7225.0,7325.0,4527.576171875,14131300,0.0,0.0
2018-10-02,ASII,7450.0,7450.0,7125.0,7200.0,4450.31298828125,19915100,0.0,0.0
2018-10-03,ASII,7250.0,7275.0,7175.0,7200.0,4450.31298828125,16575900,0.0,0.0
2018-10-04,ASII,7125.0,7150.0,7025.0,7075.0,4373.05126953125,19705600,0.0,0.0
2018-10-05,ASII,6975.0,7050.0,6900.0,6950.0,4332.53076171875,25996300,60.0,0.0
2018-10-08,ASII,6900.0,6975.0,6850.0,6850.0,4270.19287109375,19133100,0.0,0.0
2018-10-09,ASII,6975.0,7025.0,6850.0,7025.0,4379.28466796875,17361000,0.0,0.0
2018-10-10,ASII,7000.0,7050.0,6900.0,6950.0,4332.53076171875,17102700,0.0,0.0
2018-10-11,ASII,6800.0,6825.0,6700.0,6725.0,4192.2685546875,40456500,0.0,0.0
2018-10-12,ASII,6775.0,6925.0,6775.0,6850.0,4270.19287109375,28756200,0.0,0.0
2018-10-15,ASII,6850.0,6925.0,6825.0,6850.0,4270.19287109375,18822300,0.0,0.0
2018-10-16,ASII,6900.0,6975.0,6825.0,6975.0,4348.11572265625,18553300,0.0,0.0
2018-10-17,ASII,7075.0,7100.0,6975.0,7025.0,4379.28466796875,23333900,0.0,0.0
2018-10-18,ASII,7025.0,7025.0,6950.0,7025.0,4379.28466796875,12591900,0.0,0.0
2018-10-19,ASII,7000.0,7350.0,6975.0,7300.0,4550.71533203125,48440500,0.0,0.0
2018-10-22,ASII,7275.0,7300.0,7200.0,7275.0,4535.130859375,22418400,0.0,0.0
2018-10-23,ASII,7200.0,7375.0,7125.0,7350.0,4581.88525390625,38954800,0.0,0.0
2018-10-24,ASII,7350.0,7450.0,7300.0,7300.0,4550.71533203125,36406600,0.0,0.0
2018-10-25,ASII,7100.0,7375.0,7100.0,7375.0,4597.470703125,26522600,0.0,0.0
2018-10-26,ASII,7375.0,7425.0,7275.0,7425.0,4628.638671875,22297400,0.0,0.0
2018-10-29,ASII,7475.0,7625.0,7450.0,7500.0,4675.39306640625,50786300,0.0,0.0
2018-10-30,ASII,7500.0,7750.0,7450.0,7700.0,4800.07080078125,39056900,0.0,0.0
2018-10-31,ASII,7725.0,7900.0,7700.0,7900.0,4924.74755859375,46586400,0.0,0.0
2018-11-01,ASII,7925.0,8050.0,7900.0,8050.0,5018.255859375,59367100,0.0,0.0
2018-11-02,ASII,8150.0,8200.0,8050.0,8175.0,5096.1787109375,58720200,0.0,0.0
2018-11-05,ASII,8150.0,8250.0,8050.0,8250.0,5142.9326171875,32945600,0.0,0.0
2018-11-06,ASII,8250.0,8250.0,7975.0,8100.0,5049.42431640625,40294600,0.0,0.0
2018-11-07,ASII,8125.0,8325.0,8050.0,8225.0,5127.34765625,44005500,0.0,0.0
2018-11-08,ASII,8300.0,8425.0,8150.0,8200.0,5111.76171875,48031900,0.0,0.0
2018-11-09,ASII,8200.0,8250.0,8100.0,8175.0,5096.1787109375,26391600,0.0,0.0
2018-11-12,ASII,8050.0,8125.0,7875.0,7875.0,4909.16259765625,27601900,0.0,0.0
2018-11-13,ASII,7850.0,8100.0,7825.0,8000.0,4987.0859375,40483500,0.0,0.0
2018-11-14,ASII,8200.0,8300.0,8100.0,8175.0,5096.1787109375,35668500,0.0,0.0
2018-11-15,ASII,8325.0,8525.0,8275.0,8525.0,5314.36328125,59979400,0.0,0.0
2018-11-16,ASII,8500.0,8575.0,8400.0,8550.0,5329.9482421875,45617600,0.0,0.0
2018-11-19,ASII,8550.0,8550.0,8400.0,8500.0,5298.77783203125,26364000,0.0,0.0
2018-11-20,ASII,8500.0,8500.0,8500.0,8500.0,5298.77783203125,0,0.0,0.0
2018-11-21,ASII,8300.0,8575.0,8275.0,8450.0,5267.60888671875,27715700,0.0,0.0
2018-11-22,ASII,8250.0,8475.0,8250.0,8450.0,5267.60888671875,21296200,0.0,0.0
2018-11-23,ASII,8400.0,8425.0,8300.0,8400.0,5236.4404296875,7150800,0.0,0.0
2018-11-26,ASII,8375.0,8425.0,8325.0,8325.0,5189.6875,18712300,0.0,0.0
2018-11-27,ASII,8225.0,8450.0,8225.0,8400.0,5236.4404296875,21522600,0.0,0.0
2018-11-28,ASII,8400.0,8400.0,8175.0,8400.0,5236.4404296875,40728200,0.0,0.0
2018-11-29,ASII,8450.0,8575.0,8400.0,8475.0,5283.19384765625,46667000,0.0,0.0
2018-11-30,ASII,8575.0,8625.0,8375.0,8550.0,5329.9482421875,69165200,0.0,0.0
2018-12-03,ASII,8700.0,8775.0,8525.0,8600.0,5361.11767578125,44652600,0.0,0.0
2018-12-04,ASII,8600.0,8600.0,8425.0,8525.0,5314.36328125,50127600,0.0,0.0
2018-12-05,ASII,8400.0,8475.0,8250.0,8325.0,5189.6875,28909900,0.0,0.0
2018-12-06,ASII,8200.0,8250.0,8050.0,8100.0,5049.42431640625,55894200,0.0,0.0
2018-12-07,ASII,8100.0,8275.0,8075.0,8225.0,5127.34765625,58677800,0.0,0.0
2018-12-10,ASII,8075.0,8175.0,8050.0,8150.0,5080.59326171875,23912000,0.0,0.0
2018-12-11,ASII,8150.0,8250.0,8150.0,8150.0,5080.59326171875,34673200,0.0,0.0
2018-12-12,ASII,8275.0,8275.0,8200.0,8250.0,5142.9326171875,23533500,0.0,0.0
2018-12-13,ASII,8300.0,8625.0,8275.0,8450.0,5267.60888671875,57420600,0.0,0.0
2018-12-14,ASII,8500.0,8500.0,8400.0,8450.0,5267.60888671875,36739100,0.0,0.0
2018-12-17,ASII,8450.0,8450.0,8250.0,8300.0,5174.1015625,37179000,0.0,0.0
2018-12-18,ASII,8200.0,8375.0,8200.0,8375.0,5220.85595703125,27136700,0.0,0.0
2018-12-19,ASII,8350.0,8450.0,8325.0,8425.0,5252.02490234375,29886700,0.0,0.0
2018-12-20,ASII,8325.0,8525.0,8325.0,8475.0,5283.19384765625,24652800,0.0,0.0
2018-12-21,ASII,8450.0,8450.0,8300.0,8425.0,5252.02490234375,31157200,0.0,0.0
2018-12-24,ASII,8425.0,8425.0,8425.0,8425.0,5252.02490234375,0,0.0,0.0
2018-12-25,ASII,8425.0,8425.0,8425.0,8425.0,5252.02490234375,0,0.0,0.0
2018-12-26,ASII,8250.0,8300.0,8125.0,8125.0,5065.00830078125,19355100,0.0,0.0
2018-12-27,ASII,8300.0,8325.0,8175.0,8225.0,5127.34765625,25748300,0.0,0.0
2018-12-28,ASII,8275.0,8400.0,8225.0,8225.0,5127.34765625,24480400,0.0,0.0
2018-12-31,ASII,8225.0,8225.0,8225.0,8225.0,5127.34765625,0,0.0,0.0
2019-01-01,ASII,8225.0,8225.0,8225.0,8225.0,5127.34765625,0,0.0,0.0
2019-01-02,ASII,8200.0,8275.0,8125.0,8200.0,5111.76171875,14014100,0.0,0.0
2019-01-03,ASII,8100.0,8400.0,8100.0,8375.0,5220.85595703125,25148400,0.0,0.0
2019-01-04,ASII,8400.0,8450.0,8200.0,8350.0,5205.27099609375,32475900,0.0,0.0
2019-01-07,ASII,8450.0,8475.0,8150.0,8150.0,5080.59326171875,32649700,0.0,0.0
2019-01-08,ASII,8150.0,8225.0,8125.0,8175.0,5096.1787109375,29130800,0.0,0.0
2019-01-09,ASII,8225.0,8275.0,8150.0,8200.0,5111.76171875,42977800,0.0,0.0
2019-01-10,ASII,8175.0,8200.0,7950.0,8200.0,5111.76171875,76803900,0.0,0.0
2019-01-11,ASII,8300.0,8300.0,8225.0,8300.0,5174.1015625,32212200,0.0,0.0
2019-01-14,ASII,8225.0,8225.0,8050.0,8150.0,5080.59326171875,40449800,0.0,0.0
2019-01-15,ASII,8150.0,8150.0,8050.0,8150.0,5080.59326171875,56524700,0.0,0.0
2019-01-16,ASII,8175.0,8250.0,8125.0,8250.0,5142.9326171875,33593600,0.0,0.0
2019-01-17,ASII,8250.0,8325.0,8200.0,8275.0,5158.5166015625,38888100,0.0,0.0
2019-01-18,ASII,8300.0,8475.0,8275.0,8475.0,5283.19384765625,45180500,0.0,0.0
2019-01-21,ASII,8475.0,8550.0,8300.0,8325.0,5189.6875,39949600,0.0,0.0
2019-01-22,ASII,8375.0,8375.0,8150.0,8200.0,5111.76171875,33129500,0.0,0.0
2019-01-23,ASII,8200.0,8275.0,8175.0,8175.0,5096.1787109375,26554900,0.0,0.0
2019-01-24,ASII,8225.0,8450.0,8225.0,8425.0,5252.02490234375,56764700,0.0,0.0
2019-01-25,ASII,8475.0,8475.0,8275.0,8425.0,5252.02490234375,27967500,0.0,0.0
2019-01-28,ASII,8450.0,8450.0,8275.0,8375.0,5220.85595703125,25672700,0.0,0.0
2019-01-29,ASII,8375.0,8400.0,8275.0,8375.0,5220.85595703125,34675500,0.0,0.0
2019-01-30,ASII,8275.0,8375.0,8225.0,8350.0,5205.27099609375,40835000,0.0,0.0
2019-01-31,ASII,8375.0,8450.0,8325.0,8450.0,5267.60888671875,49304900,0.0,0.0
2019-02-01,ASII,8475.0,8500.0,8350.0,8450.0,5267.60888671875,23915300,0.0,0.0
2019-02-04,ASII,8450.0,8475.0,8175.0,8200.0,5111.76171875,27634200,0.0,0.0
2019-02-05,ASII,8200.0,8200.0,8200.0,8200.0,5111.76171875,0,0.0,0.0
2019-02-06,ASII,8275.0,8350.0,8225.0,8225.0,5127.34765625,28617900,0.0,0.0
2019-02-07,ASII,8225.0,8275.0,8150.0,8200.0,5111.76171875,27500100,0.0,0.0
2019-02-08,ASII,8150.0,8225.0,8100.0,8150.0,5080.59326171875,36834100,0.0,0.0
2019-02-11,ASII,8125.0,8150.0,8000.0,8000.0,4987.0859375,34439900,0.0,0.0
2019-02-12,ASII,8000.0,8000.0,7650.0,7650.0,4768.90087890625,84655500,0.0,0.0
2019-02-13,ASII,7700.0,7775.0,7550.0,7675.0,4784.4853515625,60065900,0.0,0.0
2019-02-14,ASII,7775.0,7775.0,7550.0,7600.0,4737.7314453125,37462300,0.0,0.0
2019-02-15,ASII,7650.0,7650.0,7525.0,7600.0,4737.7314453125,51353000,0.0,0.0
2019-02-18,ASII,7725.0,7925.0,7700.0,7875.0,4909.16259765625,39041200,0.0,0.0
2019-02-19,ASII,7800.0,7875.0,7725.0,7775.0,4846.82373046875,24292900,0.0,0.0
2019-02-20,ASII,7850.0,7875.0,7625.0,7775.0,4846.82373046875,46538800,0.0,0.0
2019-02-21,ASII,7700.0,7725.0,7650.0,7700.0,4800.07080078125,41248700,0.0,0.0
2019-02-22,ASII,7650.0,7700.0,7575.0,7625.0,4753.31689453125,32076500,0.0,0.0
2019-02-25,ASII,7625.0,7800.0,7575.0,7650.0,4768.90087890625,34983600,0.0,0.0
2019-02-26,ASII,7625.0,7675.0,7600.0,7600.0,4737.7314453125,29923400,0.0,0.0
2019-02-27,ASII,7650.0,7650.0,7525.0,7600.0,4737.7314453125,38903200,0.0,0.0
2019-02-28,ASII,7550.0,7550.0,7150.0,7150.0,4457.20751953125,119005400,0.0,0.0
2019-03-01,ASII,7250.0,7400.0,7225.0,7225.0,4503.962890625,56265500,0.0,0.0
2019-03-04,ASII,7200.0,7275.0,7150.0,7150.0,4457.20751953125,31484700,0.0,0.0
2019-03-05,ASII,7125.0,7375.0,7025.0,7300.0,4550.71533203125,60708500,0.0,0.0
2019-03-06,ASII,7400.0,7400.0,7275.0,7325.0,4566.30029296875,35643300,0.0,0.0
2019-03-07,ASII,7325.0,7325.0,7325.0,7325.0,4566.30029296875,0,0.0,0.0
2019-03-08,ASII,7200.0,7225.0,7150.0,7150.0,4457.20751953125,86989800,0.0,0.0
2019-03-11,ASII,7300.0,7300.0,7175.0,7225.0,4503.962890625,33829300,0.0,0.0
2019-03-12,ASII,7250.0,7350.0,7175.0,7175.0,4472.7919921875,36724200,0.0,0.0
2019-03-13,ASII,7100.0,7150.0,7100.0,7125.0,4441.62353515625,35882400,0.0,0.0
2019-03-14,ASII,7125.0,7250.0,7125.0,7200.0,4488.376953125,29057900,0.0,0.0
2019-03-15,ASII,7200.0,7375.0,7200.0,7325.0,4566.30029296875,39356200,0.0,0.0
2019-03-18,ASII,7300.0,7375.0,7275.0,7325.0,4566.30029296875,32558100,0.0,0.0
2019-03-19,ASII,7300.0,7325.0,7225.0,7275.0,4535.130859375,40585700,0.0,0.0
2019-03-20,ASII,7300.0,7350.0,7225.0,7275.0,4535.130859375,30377700,0.0,0.0
2019-03-21,ASII,7300.0,7325.0,7225.0,7250.0,4519.54638671875,31066900,0.0,0.0
2019-03-22,ASII,7275.0,7300.0,7225.0,7225.0,4503.962890625,13387300,0.0,0.0
2019-03-25,ASII,7175.0,7175.0,7000.0,7050.0,4394.869140625,51758500,0.0,0.0
2019-03-26,ASII,7100.0,7175.0,7075.0,7100.0,4426.03857421875,23711700,0.0,0.0
2019-03-27,ASII,7175.0,7200.0,7100.0,7175.0,4472.7919921875,12546100,0.0,0.0
2019-03-28,ASII,7150.0,7150.0,7050.0,7100.0,4426.03857421875,17584700,0.0,0.0
2019-03-29,ASII,7100.0,7300.0,7100.0,7300.0,4550.71533203125,30122900,0.0,0.0
2019-04-01,ASII,7375.0,7400.0,7275.0,7350.0,4581.88525390625,13152600,0.0,0.0
2019-04-02,ASII,7325.0,7450.0,7300.0,7425.0,4628.638671875,28647700,0.0,0.0
2019-04-03,ASII,7425.0,7425.0,7425.0,7425.0,4628.638671875,0,0.0,0.0
2019-04-04,ASII,7500.0,7625.0,7500.0,7550.0,4706.5625,38598100,0.0,0.0
2019-04-05,ASII,7575.0,7650.0,7500.0,7650.0,4768.90087890625,21303800,0.0,0.0
2019-04-08,ASII,7600.0,7625.0,7375.0,7525.0,4690.9775390625,23973800,0.0,0.0
2019-04-09,ASII,7475.0,7700.0,7475.0,7675.0,4784.4853515625,31230600,0.0,0.0
2019-04-10,ASII,7725.0,7725.0,7625.0,7650.0,4768.90087890625,18506200,0.0,0.0
2019-04-11,ASII,7675.0,7675.0,7475.0,7525.0,4690.9775390625,17082800,0.0,0.0
2019-04-12,ASII,7450.0,7575.0,7450.0,7525.0,4690.9775390625,12332300,0.0,0.0
2019-04-15,ASII,7575.0,7625.0,7475.0,7600.0,4737.7314453125,30002000,0.0,0.0
2019-04-16,ASII,7550.0,7800.0,7550.0,7750.0,4831.2392578125,37600500,0.0,0.0
2019-04-17,ASII,7750.0,7750.0,7750.0,7750.0,4831.2392578125,0,0.0,0.0
2019-04-18,ASII,7925.0,8025.0,7775.0,7850.0,4893.57763671875,88459900,0.0,0.0
2019-04-19,ASII,7850.0,7850.0,7850.0,7850.0,4893.57763671875,0,0.0,0.0
2019-04-22,ASII,7850.0,7850.0,7500.0,7525.0,4690.9775390625,33999600,0.0,0.0
2019-04-23,ASII,7625.0,7675.0,7550.0,7650.0,4768.90087890625,30486900,0.0,0.0
2019-04-24,ASII,7625.0,7675.0,7600.0,7650.0,4768.90087890625,22044600,0.0,0.0
2019-04-25,ASII,7550.0,7600.0,7400.0,7550.0,4706.5625,34998300,0.0,0.0
2019-04-26,ASII,7475.0,7650.0,7475.0,7650.0,4768.90087890625,31531100,0.0,0.0
2019-04-29,ASII,7525.0,7700.0,7500.0,7600.0,4737.7314453125,33169300,0.0,0.0
2019-04-30,ASII,7650.0,7675.0,7575.0,7625.0,4753.31689453125,29569700,0.0,0.0
2019-05-01,ASII,7625.0,7625.0,7625.0,7625.0,4753.31689453125,0,0.0,0.0
2019-05-02,ASII,7600.0,7675.0,7450.0,7475.0,4659.80859375,37010600,0.0,0.0
2019-05-03,ASII,7475.0,7500.0,7400.0,7425.0,4628.638671875,30801100,0.0,0.0
2019-05-06,ASII,7350.0,7450.0,7300.0,7425.0,4628.638671875,22291100,0.0,0.0
2019-05-07,ASII,7400.0,7550.0,7375.0,7525.0,4790.41845703125,22700800,154.13,0.0
2019-05-08,ASII,7450.0,7475.0,7375.0,7400.0,4710.84326171875,22454500,0.0,0.0
2019-05-09,ASII,7325.0,7350.0,7125.0,7150.0,4551.69287109375,42585100,0.0,0.0
2019-05-10,ASII,7200.0,7225.0,7075.0,7175.0,4567.607421875,37086400,0.0,0.0
2019-05-13,ASII,7100.0,7150.0,6975.0,7025.0,4472.11767578125,26992400,0.0,0.0
2019-05-14,ASII,6900.0,7050.0,6825.0,7000.0,4456.203125,47782200,0.0,0.0
2019-05-15,ASII,7075.0,7075.0,6875.0,6950.0,4424.373046875,30786000,0.0,0.0
2019-05-16,ASII,6900.0,6950.0,6725.0,6775.0,4312.9677734375,47245500,0.0,0.0
2019-05-17,ASII,6900.0,6925.0,6700.0,6700.0,4265.2236328125,25102800,0.0,0.0
2019-05-20,ASII,6650.0,6925.0,6625.0,6900.0,4392.54296875,28865800,0.0,0.0
2019-05-21,ASII,6925.0,7050.0,6925.0,7000.0,4456.203125,35020100,0.0,0.0
2019-05-22,ASII,7000.0,7025.0,6850.0,7000.0,4456.203125,22967500,0.0,0.0
2019-05-23,ASII,7000.0,7125.0,6975.0,7100.0,4519.86328125,26460200,0.0,0.0
2019-05-24,ASII,7125.0,7200.0,7050.0,7175.0,4567.607421875,22372000,0.0,0.0
2019-05-27,ASII,7175.0,7225.0,7100.0,7125.0,4535.7783203125,20859100,0.0,0.0
2019-05-28,ASII,7200.0,7200.0,7050.0,7075.0,4503.9482421875,77066000,0.0,0.0
2019-05-29,ASII,7075.0,7275.0,7050.0,7200.0,4583.52294921875,28805600,0.0,0.0
2019-05-30,ASII,7200.0,7200.0,7200.0,7200.0,4583.52294921875,0,0.0,0.0
2019-05-31,ASII,7250.0,7450.0,7175.0,7450.0,4742.67333984375,46478800,0.0,0.0
2019-06-03,ASII,7450.0,7450.0,7450.0,7450.0,4742.67333984375,0,0.0,0.0
2019-06-04,ASII,7450.0,7450.0,7450.0,7450.0,4742.67333984375,0,0.0,0.0
2019-06-05,ASII,7450.0,7450.0,7450.0,7450.0,4742.67333984375,0,0.0,0.0
2019-06-06,ASII,7450.0,7450.0,7450.0,7450.0,4742.67333984375,0,0.0,0.0
2019-06-07,ASII,7450.0,7450.0,7450.0,7450.0,4742.67333984375,0,0.0,0.0
2019-06-10,ASII,7575.0,7700.0,7550.0,7675.0,4885.908203125,50332200,0.0,0.0
2019-06-11,ASII,7525.0,7675.0,7450.0,7625.0,4854.07958984375,37387000,0.0,0.0
2019-06-12,ASII,7500.0,7575.0,7450.0,7500.0,4774.50341796875,27570300,0.0,0.0
2019-06-13,ASII,7450.0,7525.0,7375.0,7500.0,4774.50341796875,33860400,0.0,0.0
2019-06-14,ASII,7500.0,7575.0,7400.0,7425.0,4726.7578125,28282900,0.0,0.0
2019-06-17,ASII,7425.0,7450.0,7375.0,7375.0,4694.92919921875,11239700,0.0,0.0
2019-06-18,ASII,7425.0,7500.0,7400.0,7500.0,4774.50341796875,17393200,0.0,0.0
2019-06-20,ASII,7575.0,7625.0,7500.0,7600.0,4838.16357421875,26961500,0.0,0.0
2019-06-21,ASII,7625.0,7625.0,7350.0,7450.0,4742.67333984375,72597200,0.0,0.0
2019-06-24,ASII,7375.0,7450.0,7300.0,7350.0,4679.013671875,23779400,0.0,0.0
2019-06-25,ASII,7275.0,7400.0,7275.0,7350.0,4679.013671875,23606900,0.0,0.0
2019-06-26,ASII,7375.0,7375.0,7225.0,7250.0,4615.353515625,20215500,0.0,0.0
2019-06-27,ASII,7250.0,7425.0,7250.0,7375.0,4694.92919921875,24916300,0.0,0.0
2019-06-28,ASII,7400.0,7475.0,7350.0,7450.0,4742.67333984375,22286100,0.0,0.0
2019-07-01,ASII,7475.0,7500.0,7300.0,7375.0,4694.92919921875,28466100,0.0,0.0
2019-07-02,ASII,7400.0,7400.0,7250.0,7300.0,4647.18310546875,30466600,0.0,0.0
2019-07-03,ASII,7275.0,7350.0,7225.0,7275.0,4631.26806640625,30525700,0.0,0.0
2019-07-04,ASII,7300.0,7300.0,7200.0,7250.0,4615.353515625,25196500,0.0,0.0
2019-07-05,ASII,7200.0,7250.0,7150.0,7150.0,4551.69287109375,17084700,0.0,0.0
2019-07-08,ASII,7225.0,7325.0,7175.0,7300.0,4647.18310546875,20878100,0.0,0.0
2019-07-09,ASII,7325.0,7325.0,7225.0,7275.0,4631.26806640625,21689700,0.0,0.0
2019-07-10,ASII,7325.0,7450.0,7300.0,7450.0,4742.67333984375,39466400,0.0,0.0
2019-07-11,ASII,7475.0,7525.0,7425.0,7525.0,4790.41845703125,33821300,0.0,0.0
2019-07-12,ASII,7500.0,7500.0,7400.0,7450.0,4742.67333984375,31711400,0.0,0.0
2019-07-15,ASII,7500.0,7500.0,7400.0,7425.0,4726.7578125,26628700,0.0,0.0
2019-07-16,ASII,7450.0,7475.0,7400.0,7450.0,4742.67333984375,18188000,0.0,0.0
2019-07-17,ASII,7400.0,7400.0,7100.0,7100.0,4519.86328125,56668400,0.0,0.0
2019-07-18,ASII,7100.0,7200.0,7075.0,7150.0,4551.69287109375,22334900,0.0,0.0
2019-07-19,ASII,7175.0,7200.0,7075.0,7100.0,4519.86328125,28008400,0.0,0.0
2019-07-22,ASII,7100.0,7150.0,7050.0,7100.0,4519.86328125,18040600,0.0,0.0
2019-07-23,ASII,7150.0,7200.0,7125.0,7150.0,4551.69287109375,25156100,0.0,0.0
2019-07-24,ASII,7225.0,7250.0,7175.0,7175.0,4567.607421875,25597700,0.0,0.0
2019-07-25,ASII,7225.0,7300.0,7175.0,7300.0,4647.18310546875,35643500,0.0,0.0
2019-07-26,ASII,7175.0,7175.0,7075.0,7075.0,4503.9482421875,26627900,0.0,0.0
2019-07-29,ASII,7075.0,7175.0,7050.0,7175.0,4567.607421875,18841000,0.0,0.0
2019-07-30,ASII,7175.0,7275.0,7175.0,7275.0,4631.26806640625,30765800,0.0,0.0
2019-07-31,ASII,7150.0,7200.0,7000.0,7000.0,4456.203125,61515300,0.0,0.0
2019-08-01,ASII,7000.0,7075.0,6975.0,7025.0,4472.11767578125,37270900,0.0,0.0
2019-08-02,ASII,6950.0,7100.0,6950.0,7075.0,4503.9482421875,40942800,0.0,0.0
2019-08-05,ASII,6975.0,7025.0,6900.0,6925.0,4408.45751953125,44819000,0.0,0.0
2019-08-06,ASII,6800.0,6900.0,6750.0,6750.0,4297.05322265625,55429900,0.0,0.0
2019-08-07,ASII,6750.0,6850.0,6725.0,6725.0,4281.1376953125,31631500,0.0,0.0
2019-08-08,ASII,6750.0,6950.0,6750.0,6900.0,4392.54296875,31521500,0.0,0.0
2019-08-09,ASII,6900.0,6950.0,6775.0,6775.0,4312.9677734375,22712900,0.0,0.0
2019-08-12,ASII,6850.0,6850.0,6725.0,6750.0,4297.05322265625,17186100,0.0,0.0
2019-08-13,ASII,6750.0,6750.0,6600.0,6675.0,4249.30859375,34123600,0.0,0.0
2019-08-14,ASII,6725.0,6750.0,6600.0,6675.0,4249.30859375,36012100,0.0,0.0
2019-08-15,ASII,6600.0,6625.0,6500.0,6525.0,4153.81884765625,36960700,0.0,0.0
2019-08-16,ASII,6575.0,6600.0,6500.0,6500.0,4137.9033203125,24416100,0.0,0.0
2019-08-19,ASII,6600.0,6600.0,6425.0,6425.0,4090.158203125,31718800,0.0,0.0
2019-08-20,ASII,6475.0,6500.0,6375.0,6425.0,4090.158203125,29465900,0.0,0.0
2019-08-21,ASII,6425.0,6500.0,6350.0,6350.0,4042.413330078125,21306900,0.0,0.0
2019-08-22,ASII,6375.0,6400.0,6250.0,6325.0,4026.4970703125,53070300,0.0,0.0
2019-08-23,ASII,6350.0,6575.0,6275.0,6575.0,4185.64794921875,35340800,0.0,0.0
2019-08-26,ASII,6475.0,6650.0,6425.0,6575.0,4185.64794921875,24275700,0.0,0.0
2019-08-27,ASII,6625.0,6625.0,6500.0,6525.0,4153.81884765625,79684000,0.0,0.0
2019-08-28,ASII,6525.0,6575.0,6425.0,6450.0,4106.072265625,28499000,0.0,0.0
2019-08-29,ASII,6475.0,6500.0,6425.0,6425.0,4090.158203125,18028100,0.0,0.0
2019-08-30,ASII,6500.0,6750.0,6475.0,6675.0,4249.30859375,53158400,0.0,0.0
2019-09-02,ASII,6725.0,6725.0,6550.0,6550.0,4169.7333984375,18009100,0.0,0.0
2019-09-03,ASII,6600.0,6600.0,6400.0,6475.0,4121.9873046875,26812500,0.0,0.0
2019-09-04,ASII,6475.0,6500.0,6375.0,6500.0,4137.9033203125,25562700,0.0,0.0
2019-09-05,ASII,6575.0,6700.0,6525.0,6700.0,4265.2236328125,26551900,0.0,0.0
2019-09-06,ASII,6725.0,6750.0,6650.0,6750.0,4297.05322265625,21425300,0.0,0.0
2019-09-09,ASII,6750.0,6750.0,6625.0,6650.0,4233.39306640625,21619600,0.0,0.0
2019-09-10,ASII,6675.0,6725.0,6600.0,6675.0,4249.30859375,20241600,0.0,0.0
2019-09-11,ASII,6700.0,6925.0,6675.0,6925.0,4408.45751953125,29449700,0.0,0.0
2019-09-12,ASII,6900.0,6925.0,6750.0,6750.0,4297.05322265625,18842400,0.0,0.0
2019-09-13,ASII,6850.0,6875.0,6725.0,6750.0,4297.05322265625,13398000,0.0,0.0
2019-09-16,ASII,6750.0,6775.0,6575.0,6700.0,4265.2236328125,25529200,0.0,0.0
2019-09-17,ASII,6700.0,6725.0,6475.0,6475.0,4121.9873046875,27745300,0.0,0.0
2019-09-18,ASII,6525.0,6700.0,6500.0,6700.0,4265.2236328125,24627700,0.0,0.0
2019-09-19,ASII,6725.0,6725.0,6575.0,6600.0,4201.56298828125,13478800,0.0,0.0
2019-09-20,ASII,6575.0,6600.0,6525.0,6575.0,4185.64794921875,45888900,0.0,0.0
2019-09-23,ASII,6575.0,6625.0,6550.0,6625.0,4217.47802734375,14044900,0.0,0.0
2019-09-24,ASII,6575.0,6625.0,6450.0,6475.0,4121.9873046875,29738600,0.0,0.0
2019-09-25,ASII,6400.0,6500.0,6400.0,6500.0,4137.9033203125,17781500,0.0,0.0
2019-09-26,ASII,6575.0,6700.0,6525.0,6700.0,4265.2236328125,37979500,0.0,0.0
2019-09-27,ASII,6700.0,6700.0,6600.0,6650.0,4233.39306640625,9831000,0.0,0.0
2019-09-30,ASII,6650.0,6675.0,6575.0,6600.0,4201.56298828125,21089600,0.0,0.0
2019-10-01,ASII,6550.0,6625.0,6550.0,6550.0,4169.7333984375,7452500,0.0,0.0
2019-10-02,ASII,6500.0,6550.0,6450.0,6450.0,4106.072265625,11128500,0.0,0.0
2019-10-03,ASII,6400.0,6500.0,6300.0,6475.0,4121.9873046875,20769800,0.0,0.0
2019-10-04,ASII,6550.0,6550.0,6400.0,6425.0,4090.158203125,10680600,0.0,0.0
2019-10-07,ASII,6400.0,6450.0,6300.0,6325.0,4062.53857421875,13250100,57.0,0.0
2019-10-08,ASII,6325.0,6400.0,6275.0,6350.0,4078.5966796875,25385900,0.0,0.0
2019-10-09,ASII,6300.0,6350.0,6250.0,6275.0,4030.42431640625,15376200,0.0,0.0
2019-10-10,ASII,6275.0,6350.0,6250.0,6275.0,4030.42431640625,12172600,0.0,0.0
2019-10-11,ASII,6275.0,6475.0,6275.0,6475.0,4158.8837890625,16181100,0.0,0.0
2019-10-14,ASII,6550.0,6600.0,6375.0,6425.0,4126.76953125,21236100,0.0,0.0
2019-10-15,ASII,6400.0,6425.0,6350.0,6400.0,4110.71142578125,20590600,0.0,0.0
2019-10-16,ASII,6400.0,6425.0,6300.0,6375.0,4094.654052734375,32586000,0.0,0.0
2019-10-17,ASII,6350.0,6625.0,6325.0,6625.0,4255.228515625,49979500,0.0,0.0
2019-10-18,ASII,6650.0,6750.0,6550.0,6700.0,4303.4013671875,38012800,0.0,0.0
2019-10-21,ASII,6700.0,6750.0,6600.0,6725.0,4319.45849609375,12245000,0.0,0.0
2019-10-22,ASII,6750.0,6750.0,6550.0,6750.0,4335.5166015625,32099000,0.0,0.0
2019-10-23,ASII,6700.0,6775.0,6650.0,6750.0,4335.5166015625,28015600,0.0,0.0
2019-10-24,ASII,6800.0,6975.0,6750.0,6950.0,4463.9755859375,44294700,0.0,0.0
2019-10-25,ASII,6950.0,6975.0,6775.0,6800.0,4367.630859375,25245600,0.0,0.0
2019-10-28,ASII,6800.0,6900.0,6775.0,6900.0,4431.86083984375,12206400,0.0,0.0
2019-10-29,ASII,6875.0,6975.0,6875.0,6975.0,4480.0341796875,32681600,0.0,0.0
2019-10-30,ASII,7000.0,7000.0,6875.0,6950.0,4463.9755859375,22319800,0.0,0.0
2019-10-31,ASII,6950.0,6975.0,6825.0,6950.0,4463.9755859375,26502100,0.0,0.0
2019-11-01,ASII,6975.0,6975.0,6725.0,6800.0,4367.630859375,17213000,0.0,0.0
2019-11-04,ASII,6800.0,6825.0,6700.0,6700.0,4303.4013671875,19339100,0.0,0.0
2019-11-05,ASII,6775.0,6950.0,6750.0,6900.0,4431.86083984375,42041800,0.0,0.0
2019-11-06,ASII,6975.0,6975.0,6825.0,6850.0,4399.74560546875,29565500,0.0,0.0
2019-11-07,ASII,6925.0,6925.0,6650.0,6725.0,4319.45849609375,29891900,0.0,0.0
2019-11-08,ASII,6700.0,6700.0,6550.0,6625.0,4255.228515625,34878600,0.0,0.0
2019-11-11,ASII,6650.0,6650.0,6550.0,6650.0,4271.28662109375,19373700,0.0,0.0
2019-11-12,ASII,6650.0,6800.0,6550.0,6775.0,4351.57275390625,29633100,0.0,0.0
2019-11-13,ASII,6775.0,6775.0,6675.0,6725.0,4319.45849609375,20566300,0.0,0.0
2019-11-14,ASII,6675.0,6700.0,6550.0,6575.0,4223.11376953125,18695900,0.0,0.0
2019-11-15,ASII,6650.0,6650.0,6475.0,6525.0,4190.99951171875,30343300,0.0,0.0
2019-11-18,ASII,6525.0,6600.0,6525.0,6600.0,4239.17138671875,27729100,0.0,0.0
2019-11-19,ASII,6650.0,6700.0,6575.0,6650.0,4271.28662109375,18139800,0.0,0.0
2019-11-20,ASII,6600.0,6675.0,6550.0,6625.0,4255.228515625,24083000,0.0,0.0
2019-11-21,ASII,6550.0,6650.0,6525.0,6600.0,4239.17138671875,19675100,0.0,0.0
2019-11-22,ASII,6600.0,6650.0,6575.0,6625.0,4255.228515625,23600000,0.0,0.0
2019-11-25,ASII,6600.0,6600.0,6475.0,6500.0,4174.94189453125,24848800,0.0,0.0
2019-11-26,ASII,6575.0,6575.0,6350.0,6350.0,4078.5966796875,79166300,0.0,0.0
2019-11-27,ASII,6400.0,6475.0,6350.0,6425.0,4126.76953125,37566700,0.0,0.0
2019-11-28,ASII,6425.0,6425.0,6350.0,6400.0,4110.71142578125,17353400,0.0,0.0
2019-11-29,ASII,6400.0,6575.0,6375.0,6500.0,4174.94189453125,33440400,0.0,0.0
2019-12-02,ASII,6500.0,6650.0,6500.0,6650.0,4271.28662109375,22114700,0.0,0.0
2019-12-03,ASII,6650.0,6675.0,6525.0,6525.0,4190.99951171875,15510600,0.0,0.0
2019-12-04,ASII,6500.0,6575.0,6475.0,6550.0,4207.056640625,16154100,0.0,0.0
2019-12-05,ASII,6600.0,6700.0,6550.0,6700.0,4303.4013671875,26468200,0.0,0.0
2019-12-06,ASII,6675.0,6775.0,6625.0,6775.0,4351.57275390625,27395100,0.0,0.0
2019-12-09,ASII,6775.0,6775.0,6625.0,6675.0,4287.34375,16336900,0.0,0.0
2019-12-10,ASII,6625.0,6750.0,6625.0,6650.0,4271.28662109375,19229100,0.0,0.0
2019-12-11,ASII,6675.0,6675.0,6550.0,6550.0,4207.056640625,22787600,0.0,0.0
2019-12-12,ASII,6575.0,6600.0,6550.0,6550.0,4207.056640625,16626700,0.0,0.0
2019-12-13,ASII,6700.0,6900.0,6700.0,6850.0,4399.74560546875,66943600,0.0,0.0
2019-12-16,ASII,6900.0,7025.0,6875.0,6975.0,4480.0341796875,43517600,0.0,0.0
2019-12-17,ASII,6975.0,7000.0,6875.0,6950.0,4463.9755859375,29835500,0.0,0.0
2019-12-18,ASII,6875.0,6925.0,6750.0,6900.0,4431.86083984375,31614900,0.0,0.0
2019-12-19,ASII,6875.0,6900.0,6775.0,6850.0,4399.74560546875,17259400,0.0,0.0
2019-12-20,ASII,6850.0,6925.0,6750.0,6925.0,4447.91845703125,38886700,0.0,0.0
2019-12-23,ASII,7000.0,7000.0,6775.0,6900.0,4431.86083984375,23654800,0.0,0.0
2019-12-26,ASII,6800.0,6950.0,6800.0,6875.0,4415.8037109375,18685200,0.0,0.0
2019-12-27,ASII,6925.0,6925.0,6850.0,6925.0,4447.91845703125,13714400,0.0,0.0
2019-12-30,ASII,6925.0,6950.0,6850.0,6925.0,4447.91845703125,25494000,0.0,0.0
2020-01-02,ASII,6925.0,6925.0,6775.0,6875.0,4415.8037109375,15008600,0.0,0.0
2020-01-03,ASII,6925.0,6950.0,6825.0,6950.0,4463.9755859375,19068800,0.0,0.0
2020-01-06,ASII,6900.0,6900.0,6750.0,6750.0,4335.5166015625,22261900,0.0,0.0
2020-01-07,ASII,6800.0,6825.0,6675.0,6775.0,4351.57275390625,27963000,0.0,0.0
2020-01-08,ASII,6700.0,6825.0,6700.0,6775.0,4351.57275390625,15150400,0.0,0.0
2020-01-09,ASII,6800.0,6875.0,6750.0,6875.0,4415.8037109375,19691200,0.0,0.0
2020-01-10,ASII,6900.0,6925.0,6825.0,6825.0,4383.68798828125,17687600,0.0,0.0
2020-01-13,ASII,6850.0,6925.0,6825.0,6925.0,4447.91845703125,29585200,0.0,0.0
2020-01-14,ASII,6975.0,7175.0,6925.0,7175.0,4608.4921875,41214400,0.0,0.0
2020-01-15,ASII,7150.0,7250.0,7025.0,7200.0,4624.55029296875,38535100,0.0,0.0
2020-01-16,ASII,7125.0,7200.0,7075.0,7125.0,4576.3779296875,38504400,0.0,0.0
2020-01-17,ASII,7075.0,7150.0,7000.0,7075.0,4544.263671875,26714800,0.0,0.0
2020-01-20,ASII,7100.0,7125.0,6975.0,7000.0,4496.09033203125,22389100,0.0,0.0
2020-01-21,ASII,7025.0,7025.0,6925.0,7025.0,4512.1484375,12520300,0.0,0.0
2020-01-22,ASII,7025.0,7075.0,6975.0,7000.0,4496.09033203125,20100300,0.0,0.0
2020-01-23,ASII,7050.0,7100.0,7000.0,7050.0,4528.205078125,18020200,0.0,0.0
2020-01-24,ASII,7000.0,7050.0,6975.0,6975.0,4480.0341796875,13710000,0.0,0.0
2020-01-27,ASII,6975.0,6975.0,6700.0,6725.0,4319.45849609375,17470800,0.0,0.0
2020-01-28,ASII,6675.0,6825.0,6650.0,6825.0,4383.68798828125,23466100,0.0,0.0
2020-01-29,ASII,6850.0,6850.0,6750.0,6825.0,4383.68798828125,12646100,0.0,0.0
2020-01-30,ASII,6775.0,6800.0,6625.0,6625.0,4255.228515625,25324800,0.0,0.0
2020-01-31,ASII,6650.0,6675.0,6350.0,6350.0,4078.5966796875,66460400,0.0,0.0
2020-02-03,ASII,6275.0,6425.0,6250.0,6275.0,4030.42431640625,34538400,0.0,0.0
2020-02-04,ASII,6350.0,6450.0,6300.0,6400.0,4110.71142578125,46272800,0.0,0.0
2020-02-05,ASII,6450.0,6500.0,6300.0,6400.0,4110.71142578125,32227100,0.0,0.0
2020-02-06,ASII,6500.0,6525.0,6425.0,6500.0,4174.94189453125,26015800,0.0,0.0
2020-02-07,ASII,6550.0,6550.0,6400.0,6400.0,4110.71142578125,13918700,0.0,0.0
2020-02-10,ASII,6400.0,6400.0,6175.0,6200.0,3982.252197265625,45366900,0.0,0.0
2020-02-11,ASII,6300.0,6300.0,6050.0,6100.0,3918.022216796875,54325000,0.0,0.0
2020-02-12,ASII,6075.0,6100.0,5925.0,5975.0,3837.73486328125,51100700,0.0,0.0
2020-02-13,ASII,5975.0,6025.0,5925.0,5950.0,3821.676513671875,33021700,0.0,0.0
2020-02-14,ASII,5975.0,6100.0,5925.0,6100.0,3918.022216796875,60901000,0.0,0.0
2020-02-17,ASII,6150.0,6175.0,6050.0,6100.0,3918.022216796875,16567600,0.0,0.0
2020-02-18,ASII,6050.0,6200.0,6050.0,6100.0,3918.022216796875,27960300,0.0,0.0
2020-02-19,ASII,6175.0,6250.0,6150.0,6250.0,4014.366943359375,35186100,0.0,0.0
2020-02-20,ASII,6275.0,6275.0,6125.0,6275.0,4030.42431640625,37995400,0.0,0.0
2020-02-21,ASII,6275.0,6300.0,6150.0,6200.0,3982.252197265625,33804700,0.0,0.0
2020-02-24,ASII,6050.0,6150.0,6025.0,6100.0,3918.022216796875,34190600,0.0,0.0
2020-02-25,ASII,6000.0,6275.0,5975.0,6225.0,3998.30908203125,40723200,0.0,0.0
2020-02-26,ASII,6100.0,6150.0,6050.0,6050.0,3885.9072265625,34453700,0.0,0.0
2020-02-27,ASII,6100.0,6100.0,5950.0,5950.0,3821.676513671875,44801100,0.0,0.0
2020-02-28,ASII,5850.0,5850.0,5525.0,5525.0,3548.7001953125,100693900,0.0,0.0
2020-03-02,ASII,5700.0,5850.0,5625.0,5700.0,3661.10205078125,63765800,0.0,0.0
2020-03-03,ASII,5850.0,5975.0,5775.0,5900.0,3789.561279296875,53817300,0.0,0.0
2020-03-04,ASII,5900.0,6025.0,5875.0,5975.0,3837.73486328125,43566600,0.0,0.0
2020-03-05,ASII,6025.0,6050.0,5875.0,6050.0,3885.9072265625,40537300,0.0,0.0
2020-03-06,ASII,5950.0,5950.0,5675.0,5675.0,3645.04541015625,31282500,0.0,0.0
2020-03-09,ASII,5500.0,5500.0,5025.0,5025.0,3227.550537109375,87904100,0.0,0.0
2020-03-10,ASII,5100.0,5325.0,5100.0,5150.0,3307.838134765625,86444600,0.0,0.0
2020-03-11,ASII,5150.0,5175.0,5050.0,5125.0,3291.780517578125,45134700,0.0,0.0
2020-03-12,ASII,5000.0,5025.0,4820.0,4910.0,3153.686767578125,64824200,0.0,0.0
2020-03-13,ASII,4910.0,4910.0,4910.0,4910.0,3153.686767578125,0,0.0,0.0
2020-03-16,ASII,4770.0,4770.0,4530.0,4590.0,2948.15087890625,55655900,0.0,0.0
2020-03-17,ASII,4590.0,4600.0,4270.0,4270.0,2742.615234375,67166600,0.0,0.0
2020-03-18,ASII,4290.0,4350.0,3980.0,4150.0,2665.539306640625,61972000,0.0,0.0
2020-03-19,ASII,4020.0,4020.0,3860.0,3860.0,2479.27294921875,27066700,0.0,0.0
2020-03-20,ASII,3890.0,3900.0,3590.0,3780.0,2427.888916015625,141147800,0.0,0.0
2020-03-23,ASII,3780.0,3780.0,3520.0,3520.0,2260.891357421875,40318500,0.0,0.0
2020-03-24,ASII,3570.0,3610.0,3280.0,3280.0,2106.73974609375,89502100,0.0,0.0
2020-03-26,ASII,3220.0,3680.0,3220.0,3620.0,2325.12109375,180290700,0.0,0.0
2020-03-27,ASII,3650.0,4360.0,3650.0,4080.0,2620.578369140625,150312000,0.0,0.0
2020-03-30,ASII,4080.0,4080.0,3800.0,3800.0,2440.73486328125,45490800,0.0,0.0
2020-03-31,ASII,3880.0,3980.0,3740.0,3900.0,2504.965087890625,62534800,0.0,0.0
2020-04-01,ASII,3880.0,4090.0,3650.0,3770.0,2421.46630859375,78042900,0.0,0.0
2020-04-02,ASII,3670.0,3930.0,3580.0,3930.0,2524.23388671875,39717300,0.0,0.0
2020-04-03,ASII,3990.0,4050.0,3860.0,3900.0,2504.965087890625,42577100,0.0,0.0
2020-04-06,ASII,3920.0,4040.0,3880.0,4030.0,2588.464111328125,71205800,0.0,0.0
2020-04-07,ASII,4060.0,4250.0,3960.0,4060.0,2607.732421875,79018000,0.0,0.0
2020-04-08,ASII,4000.0,4030.0,3810.0,3850.0,2472.849853515625,55980400,0.0,0.0
2020-04-09,ASII,3870.0,4120.0,3870.0,4090.0,2627.00146484375,53526100,0.0,0.0
2020-04-13,ASII,4090.0,4150.0,3920.0,3960.0,2543.503173828125,27520900,0.0,0.0
2020-04-14,ASII,3960.0,4030.0,3920.0,3960.0,2543.503173828125,64571400,0.0,0.0
2020-04-15,ASII,4000.0,4000.0,3800.0,3820.0,2453.580810546875,86149800,0.0,0.0
2020-04-16,ASII,3780.0,3780.0,3620.0,3620.0,2325.12109375,61494300,0.0,0.0
2020-04-17,ASII,3680.0,3840.0,3680.0,3800.0,2440.73486328125,78593000,0.0,0.0
2020-04-20,ASII,3800.0,3830.0,3710.0,3720.0,2389.35107421875,50406600,0.0,0.0
2020-04-21,ASII,3710.0,3740.0,3610.0,3640.0,2337.96728515625,36590700,0.0,0.0
2020-04-22,ASII,3600.0,3660.0,3450.0,3640.0,2337.96728515625,76750500,0.0,0.0
2020-04-23,ASII,3700.0,3790.0,3650.0,3760.0,2415.04296875,85068700,0.0,0.0
2020-04-24,ASII,3760.0,3760.0,3610.0,3630.0,2331.54443359375,49597000,0.0,0.0
2020-04-27,ASII,3670.0,3760.0,3570.0,3710.0,2382.92822265625,45682200,0.0,0.0
2020-04-28,ASII,3750.0,3790.0,3630.0,3740.0,2402.196533203125,53532700,0.0,0.0
2020-04-29,ASII,3770.0,3780.0,3650.0,3690.0,2370.08251953125,40557200,0.0,0.0
2020-04-30,ASII,3750.0,3860.0,3720.0,3850.0,2472.849853515625,92257000,0.0,0.0
2020-05-04,ASII,3750.0,3750.0,3610.0,3610.0,2318.698486328125,71301800,0.0,0.0
2020-05-05,ASII,3630.0,3660.0,3580.0,3610.0,2318.698486328125,54983300,0.0,0.0
2020-05-06,ASII,3610.0,3680.0,3580.0,3640.0,2337.96728515625,70425000,0.0,0.0
2020-05-08,ASII,3690.0,3740.0,3600.0,3740.0,2402.196533203125,63346500,0.0,0.0
2020-05-11,ASII,3760.0,3920.0,3750.0,3920.0,2517.810791015625,79511800,0.0,0.0
2020-05-12,ASII,3920.0,3920.0,3780.0,3820.0,2453.580810546875,58347900,0.0,0.0
2020-05-13,ASII,3820.0,3820.0,3710.0,3730.0,2395.77392578125,44974600,0.0,0.0
2020-05-14,ASII,3700.0,3710.0,3530.0,3570.0,2293.00634765625,80570900,0.0,0.0
2020-05-15,ASII,3590.0,3720.0,3560.0,3710.0,2382.92822265625,65284900,0.0,0.0
2020-05-18,ASII,3720.0,3950.0,3710.0,3910.0,2511.387939453125,88368200,0.0,0.0
2020-05-19,ASII,4000.0,4040.0,3940.0,3950.0,2537.080078125,77238800,0.0,0.0
2020-05-20,ASII,3950.0,3980.0,3870.0,3970.0,2549.92578125,38965700,0.0,0.0
2020-05-26,ASII,3970.0,4360.0,3970.0,4330.0,2781.153564453125,116041900,0.0,0.0
2020-05-27,ASII,4350.0,4390.0,4220.0,4350.0,2793.99951171875,68841200,0.0,0.0
2020-05-28,ASII,4370.0,4580.0,4350.0,4540.0,2916.03662109375,86825700,0.0,0.0
2020-05-29,ASII,4520.0,4770.0,4470.0,4770.0,3063.764404296875,164786500,0.0,0.0
2020-06-02,ASII,4760.0,4950.0,4630.0,4730.0,3038.072509765625,72425900,0.0,0.0
2020-06-03,ASII,4750.0,4950.0,4680.0,4890.0,3140.841064453125,76654100,0.0,0.0
2020-06-04,ASII,4950.0,4960.0,4740.0,4760.0,3057.341064453125,82711000,0.0,0.0
2020-06-05,ASII,4780.0,5025.0,4670.0,5000.0,3211.493896484375,63578800,0.0,0.0
2020-06-08,ASII,5250.0,5250.0,4990.0,5025.0,3227.550537109375,53808200,0.0,0.0
2020-06-09,ASII,5100.0,5125.0,4980.0,5000.0,3211.493896484375,43049500,0.0,0.0
2020-06-10,ASII,5025.0,5025.0,4650.0,4850.0,3115.148681640625,39812900,0.0,0.0
2020-06-11,ASII,4840.0,4840.0,4660.0,4700.0,3018.8037109375,53920100,0.0,0.0
2020-06-12,ASII,4590.0,4820.0,4400.0,4790.0,3076.610107421875,45837700,0.0,0.0
2020-06-15,ASII,4800.0,4850.0,4700.0,4740.0,3044.49560546875,42880500,0.0,0.0
2020-06-16,ASII,4800.0,5000.0,4800.0,4970.0,3192.224365234375,38736700,0.0,0.0
2020-06-17,ASII,4990.0,5000.0,4910.0,4970.0,3192.224365234375,24744500,0.0,0.0
2020-06-18,ASII,4970.0,4970.0,4800.0,4800.0,3083.03369140625,40331900,0.0,0.0
2020-06-19,ASII,4830.0,4910.0,4800.0,4890.0,3140.841064453125,62874800,0.0,0.0
2020-06-22,ASII,4930.0,4940.0,4850.0,4890.0,3140.841064453125,25097200,0.0,0.0
2020-06-23,ASII,4890.0,4940.0,4850.0,4900.0,3147.263427734375,29490500,0.0,0.0
2020-06-24,ASII,4920.0,5050.0,4900.0,5000.0,3211.493896484375,55421700,0.0,0.0
2020-06-25,ASII,4840.0,4920.0,4800.0,4900.0,3249.29150390625,34952700,157.0,0.0
2020-06-26,ASII,4950.0,4950.0,4900.0,4900.0,3249.29150390625,24019200,0.0,0.0
2020-06-29,ASII,4900.0,4900.0,4750.0,4800.0,3182.979248046875,29368700,0.0,0.0
2020-06-30,ASII,4840.0,4880.0,4800.0,4800.0,3182.979248046875,25197000,0.0,0.0
2020-07-01,ASII,4800.0,4860.0,4770.0,4810.0,3189.610595703125,22586000,0.0,0.0
2020-07-02,ASII,4830.0,4890.0,4810.0,4870.0,3229.39794921875,26575000,0.0,0.0
2020-07-03,ASII,4880.0,4910.0,4840.0,4850.0,3216.135498046875,20400200,0.0,0.0
2020-07-06,ASII,4860.0,4900.0,4840.0,4840.0,3209.503662109375,17783800,0.0,0.0
2020-07-07,ASII,4900.0,4910.0,4800.0,4830.0,3202.873046875,46178600,0.0,0.0
2020-07-08,ASII,4840.0,4930.0,4770.0,4910.0,3255.9228515625,45246000,0.0,0.0
2020-07-09,ASII,4930.0,5000.0,4880.0,4900.0,3249.29150390625,33377800,0.0,0.0
2020-07-10,ASII,4880.0,4920.0,4830.0,4830.0,3202.873046875,23181700,0.0,0.0
2020-07-13,ASII,4850.0,4910.0,4850.0,4900.0,3249.29150390625,22481400,0.0,0.0
2020-07-14,ASII,4900.0,4950.0,4880.0,4950.0,3282.447509765625,22418400,0.0,0.0
2020-07-15,ASII,4990.0,5200.0,4970.0,5150.0,3415.0712890625,64249400,0.0,0.0
2020-07-16,ASII,5150.0,5350.0,5150.0,5250.0,3481.3837890625,72113500,0.0,0.0
2020-07-17,ASII,5300.0,5300.0,5200.0,5200.0,3448.227294921875,46235300,0.0,0.0
2020-07-20,ASII,5200.0,5225.0,5025.0,5100.0,3381.916259765625,24829000,0.0,0.0
2020-07-21,ASII,5100.0,5450.0,5100.0,5375.0,3564.27392578125,51878900,0.0,0.0
2020-07-22,ASII,5375.0,5400.0,5200.0,5300.0,3514.539794921875,29493500,0.0,0.0
2020-07-23,ASII,5300.0,5325.0,5125.0,5175.0,3431.6494140625,27787400,0.0,0.0
2020-07-24,ASII,5175.0,5175.0,5000.0,5050.0,3348.759765625,32338100,0.0,0.0
2020-07-27,ASII,5075.0,5150.0,5025.0,5125.0,3398.493896484375,17645200,0.0,0.0
2020-07-28,ASII,5175.0,5225.0,5100.0,5175.0,3431.6494140625,30210400,0.0,0.0
2020-07-29,ASII,5175.0,5225.0,5050.0,5075.0,3365.338134765625,32010100,0.0,0.0
2020-07-30,ASII,5025.0,5225.0,5000.0,5150.0,3415.0712890625,32720500,0.0,0.0
2020-08-03,ASII,5100.0,5150.0,4860.0,4880.0,3236.029052734375,66053200,0.0,0.0
2020-08-04,ASII,4900.0,4960.0,4900.0,4960.0,3289.078857421875,32307000,0.0,0.0
2020-08-05,ASII,4970.0,5100.0,4950.0,5050.0,3348.759765625,22883900,0.0,0.0
2020-08-06,ASII,5075.0,5225.0,5050.0,5225.0,3464.804931640625,45906700,0.0,0.0
2020-08-07,ASII,5225.0,5300.0,5100.0,5275.0,3497.9619140625,35036700,0.0,0.0
2020-08-10,ASII,5275.0,5275.0,5125.0,5125.0,3398.493896484375,30588200,0.0,0.0
2020-08-11,ASII,5175.0,5250.0,5150.0,5225.0,3464.804931640625,19877700,0.0,0.0
2020-08-12,ASII,5225.0,5400.0,5175.0,5400.0,3580.852294921875,31304300,0.0,0.0
2020-08-13,ASII,5450.0,5550.0,5375.0,5400.0,3580.852294921875,36344700,0.0,0.0
2020-08-14,ASII,5400.0,5450.0,5350.0,5375.0,3564.27392578125,15337700,0.0,0.0
2020-08-18,ASII,5325.0,5450.0,5300.0,5375.0,3564.27392578125,34974800,0.0,0.0
2020-08-19,ASII,5425.0,5425.0,5250.0,5300.0,3514.539794921875,24870200,0.0,0.0
2020-08-24,ASII,5300.0,5350.0,5250.0,5300.0,3514.539794921875,20000900,0.0,0.0
2020-08-25,ASII,5325.0,5375.0,5300.0,5300.0,3514.539794921875,27807900,0.0,0.0
2020-08-26,ASII,5400.0,5400.0,5275.0,5350.0,3547.6953125,29957700,0.0,0.0
2020-08-27,ASII,5375.0,5400.0,5250.0,5300.0,3514.539794921875,27491500,0.0,0.0
2020-08-28,ASII,5300.0,5325.0,5275.0,5325.0,3531.11767578125,20347900,0.0,0.0
2020-08-31,ASII,5325.0,5350.0,5100.0,5100.0,3381.916259765625,42240600,0.0,0.0
2020-09-01,ASII,5175.0,5250.0,5100.0,5250.0,3481.3837890625,20881000,0.0,0.0
2020-09-02,ASII,5300.0,5350.0,5200.0,5300.0,3514.539794921875,19074500,0.0,0.0
2020-09-03,ASII,5350.0,5350.0,5125.0,5175.0,3431.6494140625,38323300,0.0,0.0
2020-09-04,ASII,5100.0,5150.0,5025.0,5050.0,3348.759765625,47966200,0.0,0.0
2020-09-07,ASII,5050.0,5075.0,4950.0,5025.0,3332.181396484375,37120700,0.0,0.0
2020-09-08,ASII,5025.0,5125.0,5025.0,5125.0,3398.493896484375,22790200,0.0,0.0
2020-09-09,ASII,5025.0,5025.0,4900.0,4900.0,3249.29150390625,62626200,0.0,0.0
2020-09-10,ASII,4560.0,4610.0,4560.0,4560.0,3023.830078125,142910700,0.0,0.0
2020-09-11,ASII,4350.0,4700.0,4310.0,4630.0,3070.248779296875,76725700,0.0,0.0
2020-09-14,ASII,4780.0,4830.0,4700.0,4790.0,3176.34765625,57904800,0.0,0.0
2020-09-15,ASII,4850.0,4870.0,4770.0,4820.0,3196.241943359375,35809700,0.0,0.0
2020-09-16,ASII,4850.0,4860.0,4780.0,4780.0,3169.716552734375,21529200,0.0,0.0
2020-09-17,ASII,4770.0,4880.0,4770.0,4860.0,3222.7666015625,26234600,0.0,0.0
2020-09-18,ASII,4840.0,4870.0,4760.0,4780.0,3169.716552734375,46011300,0.0,0.0
2020-09-21,ASII,4790.0,4800.0,4620.0,4670.0,3096.773681640625,23388100,0.0,0.0
2020-09-22,ASII,4600.0,4740.0,4590.0,4670.0,3096.773681640625,22893300,0.0,0.0
2020-09-23,ASII,4680.0,4730.0,4590.0,4630.0,3070.248779296875,15696100,0.0,0.0
2020-09-24,ASII,4620.0,4650.0,4560.0,4600.0,3050.355224609375,24393300,0.0,0.0
2020-09-25,ASII,4610.0,4920.0,4610.0,4860.0,3222.7666015625,40064600,0.0,0.0
2020-09-28,ASII,4870.0,4910.0,4740.0,4740.0,3143.19189453125,28967600,0.0,0.0
2020-09-29,ASII,4760.0,4800.0,4560.0,4570.0,3030.462158203125,31707100,0.0,0.0
2020-09-30,ASII,4560.0,4570.0,4450.0,4460.0,2957.5185546875,40490200,0.0,0.0
2020-10-01,ASII,4490.0,4640.0,4490.0,4610.0,3056.986572265625,32822900,0.0,0.0
2020-10-02,ASII,4630.0,4640.0,4520.0,4590.0,3043.723876953125,33355000,0.0,0.0
2020-10-05,ASII,4600.0,4630.0,4540.0,4560.0,3023.830078125,20624400,0.0,0.0
2020-10-06,ASII,4650.0,4660.0,4600.0,4620.0,3063.61767578125,23682500,0.0,0.0
2020-10-07,ASII,4590.0,4630.0,4560.0,4630.0,3088.297607421875,21814000,27.0,0.0
2020-10-08,ASII,4640.0,4770.0,4630.0,4750.0,3168.33984375,32946600,0.0,0.0
2020-10-09,ASII,4720.0,4760.0,4700.0,4740.0,3161.66943359375,19525000,0.0,0.0
2020-10-12,ASII,4790.0,4810.0,4700.0,4700.0,3134.98876953125,23749400,0.0,0.0
2020-10-13,ASII,4700.0,4750.0,4650.0,4740.0,3161.66943359375,25032100,0.0,0.0
2020-10-14,ASII,4710.0,4860.0,4710.0,4820.0,3215.031005859375,50174100,0.0,0.0
2020-10-15,ASII,4820.0,4820.0,4740.0,4740.0,3161.66943359375,29382300,0.0,0.0
2020-10-16,ASII,4740.0,4930.0,4700.0,4930.0,3288.402587890625,37775400,0.0,0.0
2020-10-19,ASII,4930.0,5075.0,4880.0,5000.0,3335.0947265625,38057900,0.0,0.0
2020-10-20,ASII,4990.0,5175.0,4960.0,5175.0,3451.822265625,68915600,0.0,0.0
2020-10-21,ASII,5200.0,5250.0,5175.0,5250.0,3501.848876953125,52567200,0.0,0.0
2020-10-22,ASII,5200.0,5275.0,5200.0,5250.0,3501.848876953125,75883000,0.0,0.0
2020-10-23,ASII,5300.0,5400.0,5250.0,5400.0,3601.90234375,46040700,0.0,0.0
2020-10-26,ASII,5400.0,5450.0,5300.0,5400.0,3601.90234375,33055000,0.0,0.0
2020-10-27,ASII,5300.0,5500.0,5300.0,5425.0,3618.577392578125,45393900,0.0,0.0
2020-11-02,ASII,5325.0,5425.0,5275.0,5400.0,3601.90234375,48772200,0.0,0.0
2020-11-03,ASII,5450.0,5500.0,5425.0,5500.0,3668.603759765625,44789800,0.0,0.0
2020-11-04,ASII,5475.0,5500.0,5350.0,5400.0,3601.90234375,22433700,0.0,0.0
2020-11-05,ASII,5500.0,5550.0,5425.0,5500.0,3668.603759765625,25384200,0.0,0.0
2020-11-06,ASII,5525.0,5875.0,5525.0,5825.0,3885.384765625,62036900,0.0,0.0
2020-11-09,ASII,5800.0,5850.0,5600.0,5600.0,3735.305419921875,53921900,0.0,0.0
2020-11-10,ASII,5775.0,5850.0,5700.0,5750.0,3835.35888671875,60062700,0.0,0.0
2020-11-11,ASII,5850.0,6025.0,5850.0,6000.0,4002.11328125,56581600,0.0,0.0
2020-11-12,ASII,5875.0,6025.0,5775.0,6000.0,4002.11328125,67819100,0.0,0.0
2020-11-13,ASII,5900.0,5925.0,5850.0,5900.0,3935.4111328125,24090900,0.0,0.0
2020-11-16,ASII,5925.0,6000.0,5900.0,5925.0,3952.086669921875,62526400,0.0,0.0
2020-11-17,ASII,5950.0,5975.0,5800.0,5800.0,3868.709228515625,28012800,0.0,0.0
2020-11-18,ASII,5825.0,5875.0,5750.0,5775.0,3852.033935546875,25384700,0.0,0.0
2020-11-19,ASII,5750.0,5775.0,5725.0,5725.0,3818.68310546875,35427800,0.0,0.0
2020-11-20,ASII,5725.0,5825.0,5700.0,5725.0,3818.68310546875,33703300,0.0,0.0
2020-11-23,ASII,5725.0,5850.0,5725.0,5800.0,3868.709228515625,40933800,0.0,0.0
2020-11-24,ASII,5875.0,5875.0,5800.0,5800.0,3868.709228515625,33117500,0.0,0.0
2020-11-25,ASII,5825.0,5875.0,5550.0,5550.0,3701.954833984375,117614100,0.0,0.0
2020-11-26,ASII,5525.0,5675.0,5500.0,5650.0,3768.656982421875,89572000,0.0,0.0
2020-11-27,ASII,5650.0,5700.0,5525.0,5550.0,3701.954833984375,98376500,0.0,0.0
2020-11-30,ASII,5550.0,5575.0,5200.0,5300.0,3535.199951171875,311402400,0.0,0.0
2020-12-01,ASII,5425.0,5550.0,5400.0,5550.0,3701.954833984375,119445500,0.0,0.0
2020-12-02,ASII,5600.0,5750.0,5575.0,5725.0,3818.68310546875,94220300,0.0,0.0
2020-12-03,ASII,5725.0,5750.0,5600.0,5625.0,3751.9814453125,54407800,0.0,0.0
2020-12-04,ASII,5625.0,5725.0,5550.0,5700.0,3802.00732421875,52405500,0.0,0.0
2020-12-07,ASII,5800.0,5900.0,5725.0,5850.0,3902.060302734375,92859500,0.0,0.0
2020-12-08,ASII,5850.0,5875.0,5675.0,5700.0,3802.00732421875,77339200,0.0,0.0
2020-12-10,ASII,5800.0,5875.0,5750.0,5825.0,3885.384765625,92988900,0.0,0.0
2020-12-11,ASII,5825.0,5875.0,5650.0,5675.0,3785.332275390625,53669200,0.0,0.0
2020-12-14,ASII,5725.0,5750.0,5650.0,5675.0,3785.332275390625,43821600,0.0,0.0
2020-12-15,ASII,5675.0,5975.0,5650.0,5950.0,3968.761474609375,128853200,0.0,0.0
2020-12-16,ASII,6000.0,6200.0,6000.0,6125.0,4085.49072265625,98362500,0.0,0.0
2020-12-17,ASII,6125.0,6200.0,6050.0,6200.0,4135.51708984375,76361900,0.0,0.0
2020-12-18,ASII,6250.0,6275.0,6175.0,6200.0,4135.51708984375,81878000,0.0,0.0
2020-12-21,ASII,6200.0,6225.0,6100.0,6150.0,4102.1669921875,54800500,0.0,0.0
2020-12-22,ASII,6100.0,6250.0,5950.0,6075.0,4052.1396484375,94394100,0.0,0.0
2020-12-23,ASII,6025.0,6100.0,5825.0,6000.0,4002.11328125,73880100,0.0,0.0
2020-12-28,ASII,6175.0,6175.0,5950.0,6075.0,4052.1396484375,32572200,0.0,0.0
2020-12-29,ASII,6100.0,6175.0,6000.0,6050.0,4035.464111328125,40341500,0.0,0.0
2020-12-30,ASII,6100.0,6125.0,6025.0,6025.0,4018.78857421875,39615400,0.0,0.0
2021-01-04,ASII,6100.0,6250.0,6025.0,6225.0,4152.19189453125,34840200,0.0,0.0
2021-01-05,ASII,6225.0,6250.0,6150.0,6175.0,4118.841796875,27318400,0.0,0.0
2021-01-06,ASII,6175.0,6225.0,5950.0,6150.0,4102.1669921875,42778200,0.0,0.0
2021-01-07,ASII,6175.0,6200.0,6075.0,6075.0,4052.1396484375,33536400,0.0,0.0
2021-01-08,ASII,6150.0,6475.0,6100.0,6425.0,4285.5966796875,88590400,0.0,0.0
2021-01-11,ASII,6500.0,6600.0,6475.0,6525.0,4352.29833984375,57622400,0.0,0.0
2021-01-12,ASII,6425.0,6650.0,6400.0,6525.0,4352.29833984375,38226200,0.0,0.0
2021-01-13,ASII,6600.0,6800.0,6500.0,6775.0,4519.05224609375,56171600,0.0,0.0
2021-01-14,ASII,6850.0,6925.0,6775.0,6775.0,4519.05224609375,48209800,0.0,0.0
2021-01-15,ASII,6800.0,6850.0,6525.0,6575.0,4385.64892578125,45722300,0.0,0.0
2021-01-18,ASII,6575.0,6700.0,6525.0,6675.0,4452.3505859375,48444700,0.0,0.0
2021-01-19,ASII,6775.0,6775.0,6575.0,6675.0,4452.3505859375,37236400,0.0,0.0
2021-01-20,ASII,6625.0,6775.0,6625.0,6675.0,4452.3505859375,27403000,0.0,0.0
2021-01-21,ASII,6800.0,6800.0,6725.0,6800.0,4535.728515625,32219700,0.0,0.0
2021-01-22,ASII,6825.0,6850.0,6600.0,6700.0,4469.0263671875,34960500,0.0,0.0
2021-01-25,ASII,6650.0,6650.0,6325.0,6475.0,4318.947265625,73391700,0.0,0.0
2021-01-26,ASII,6475.0,6575.0,6300.0,6350.0,4235.56982421875,39158300,0.0,0.0
2021-01-27,ASII,6350.0,6350.0,6150.0,6275.0,4185.54296875,56444100,0.0,0.0
2021-01-28,ASII,6150.0,6450.0,6150.0,6275.0,4185.54296875,54596400,0.0,0.0
2021-01-29,ASII,6300.0,6375.0,5950.0,6100.0,4068.815185546875,71886200,0.0,0.0
2021-02-01,ASII,5850.0,6075.0,5750.0,6025.0,4018.78857421875,57416200,0.0,0.0
2021-02-02,ASII,6150.0,6150.0,5875.0,5975.0,3985.4375,42421400,0.0,0.0
2021-02-03,ASII,6075.0,6275.0,5950.0,6150.0,4102.1669921875,76420800,0.0,0.0
2021-02-04,ASII,6225.0,6225.0,6125.0,6200.0,4135.51708984375,29508100,0.0,0.0
2021-02-05,ASII,6250.0,6250.0,6050.0,6100.0,4068.815185546875,34366600,0.0,0.0
2021-02-08,ASII,6200.0,6200.0,6075.0,6100.0,4068.815185546875,28817400,0.0,0.0
2021-02-09,ASII,6100.0,6200.0,5825.0,5825.0,3885.384765625,113795000,0.0,0.0
2021-02-10,ASII,5850.0,5975.0,5825.0,5900.0,3935.4111328125,43492200,0.0,0.0
2021-02-11,ASII,5875.0,5950.0,5825.0,5850.0,3902.060302734375,37890700,0.0,0.0
2021-02-15,ASII,6100.0,6250.0,5950.0,5950.0,3968.761474609375,178642200,0.0,0.0
2021-02-16,ASII,5975.0,6000.0,5900.0,5925.0,3952.086669921875,35796600,0.0,0.0
2021-02-17,ASII,5900.0,5925.0,5750.0,5800.0,3868.709228515625,56517500,0.0,0.0
2021-02-18,ASII,5750.0,5875.0,5725.0,5725.0,3818.68310546875,56765900,0.0,0.0
2021-02-19,ASII,5725.0,5850.0,5725.0,5775.0,3852.033935546875,42627800,0.0,0.0
2021-02-22,ASII,5825.0,5850.0,5700.0,5700.0,3802.00732421875,55230300,0.0,0.0
2021-02-23,ASII,5700.0,5825.0,5700.0,5725.0,3818.68310546875,60745000,0.0,0.0
2021-02-24,ASII,5775.0,5850.0,5600.0,5625.0,3751.9814453125,73050200,0.0,0.0
2021-02-25,ASII,5700.0,5700.0,5475.0,5575.0,3718.630126953125,123672200,0.0,0.0
2021-02-26,ASII,5450.0,5525.0,5350.0,5400.0,3601.90234375,146271500,0.0,0.0
2021-03-01,ASII,5500.0,5600.0,5450.0,5600.0,3735.305419921875,118418900,0.0,0.0
2021-03-02,ASII,5650.0,5675.0,5550.0,5575.0,3718.630126953125,87061500,0.0,0.0
2021-03-03,ASII,5625.0,5700.0,5525.0,5675.0,3785.332275390625,49030200,0.0,0.0
2021-03-04,ASII,5675.0,5700.0,5525.0,5575.0,3718.630126953125,70766800,0.0,0.0
2021-03-05,ASII,5525.0,5575.0,5475.0,5500.0,3668.603759765625,48034400,0.0,0.0
2021-03-08,ASII,5550.0,5625.0,5475.0,5550.0,3701.954833984375,55652900,0.0,0.0
2021-03-09,ASII,5550.0,5650.0,5400.0,5525.0,3685.279052734375,66908800,0.0,0.0
2021-03-10,ASII,5500.0,5525.0,5400.0,5425.0,3618.577392578125,66154200,0.0,0.0
2021-03-12,ASII,5550.0,5575.0,5450.0,5475.0,3651.927978515625,87065000,0.0,0.0
2021-03-15,ASII,5525.0,5625.0,5500.0,5525.0,3685.279052734375,48489500,0.0,0.0
2021-03-16,ASII,5600.0,5725.0,5550.0,5550.0,3701.954833984375,64804400,0.0,0.0
2021-03-17,ASII,5625.0,5650.0,5550.0,5575.0,3718.630126953125,61881600,0.0,0.0
2021-03-18,ASII,5675.0,5800.0,5625.0,5725.0,3818.68310546875,90338700,0.0,0.0
2021-03-19,ASII,5725.0,5775.0,5625.0,5775.0,3852.033935546875,80429800,0.0,0.0
2021-03-22,ASII,5750.0,5775.0,5550.0,5575.0,3718.630126953125,57320300,0.0,0.0
2021-03-23,ASII,5550.0,5675.0,5550.0,5575.0,3718.630126953125,46973100,0.0,0.0
2021-03-24,ASII,5575.0,5600.0,5450.0,5450.0,3635.253173828125,40065300,0.0,0.0
2021-03-25,ASII,5450.0,5525.0,5400.0,5450.0,3635.253173828125,49497900,0.0,0.0
2021-03-26,ASII,5525.0,5600.0,5475.0,5600.0,3735.305419921875,24880300,0.0,0.0
2021-03-29,ASII,5600.0,5650.0,5525.0,5525.0,3685.279052734375,25164100,0.0,0.0
2021-03-30,ASII,5475.0,5550.0,5400.0,5400.0,3601.90234375,55842300,0.0,0.0
2021-03-31,ASII,5450.0,5450.0,5225.0,5275.0,3518.524658203125,89835200,0.0,0.0
2021-04-01,ASII,5350.0,5400.0,5325.0,5350.0,3568.551025390625,33323600,0.0,0.0
2021-04-05,ASII,5425.0,5450.0,5350.0,5350.0,3568.551025390625,29142200,0.0,0.0
2021-04-06,ASII,5375.0,5400.0,5300.0,5350.0,3568.551025390625,26040800,0.0,0.0
2021-04-07,ASII,5300.0,5350.0,5275.0,5325.0,3551.875732421875,33361900,0.0,0.0
2021-04-08,ASII,5375.0,5375.0,5300.0,5300.0,3535.199951171875,43680100,0.0,0.0
2021-04-09,ASII,5300.0,5400.0,5275.0,5275.0,3518.524658203125,59348800,0.0,0.0
2021-04-12,ASII,5250.0,5275.0,5050.0,5075.0,3385.12109375,68211200,0.0,0.0
2021-04-13,ASII,5025.0,5175.0,5025.0,5075.0,3385.12109375,53505400,0.0,0.0
2021-04-14,ASII,5150.0,5275.0,5100.0,5250.0,3501.848876953125,39277800,0.0,0.0
2021-04-15,ASII,5250.0,5275.0,5175.0,5250.0,3501.848876953125,34533700,0.0,0.0
2021-04-16,ASII,5300.0,5325.0,5200.0,5250.0,3501.848876953125,38151200,0.0,0.0
2021-04-19,ASII,5225.0,5250.0,5200.0,5200.0,3468.497802734375,30832600,0.0,0.0
2021-04-20,ASII,5150.0,5300.0,5150.0,5300.0,3535.199951171875,46601200,0.0,0.0
2021-04-21,ASII,5225.0,5275.0,5200.0,5225.0,3485.17333984375,47261000,0.0,0.0
2021-04-22,ASII,5225.0,5500.0,5225.0,5450.0,3635.253173828125,86785100,0.0,0.0
2021-04-23,ASII,5500.0,5650.0,5475.0,5625.0,3751.9814453125,95175600,0.0,0.0
2021-04-26,ASII,5625.0,5675.0,5600.0,5625.0,3751.9814453125,65428000,0.0,0.0
2021-04-27,ASII,5625.0,5650.0,5475.0,5525.0,3685.279052734375,41552600,0.0,0.0
2021-04-28,ASII,5400.0,5575.0,5325.0,5350.0,3568.551025390625,72011700,0.0,0.0
2021-04-29,ASII,5350.0,5475.0,5350.0,5425.0,3618.577392578125,43203100,0.0,0.0
2021-04-30,ASII,5450.0,5550.0,5375.0,5500.0,3668.603759765625,56668600,0.0,0.0
2021-05-03,ASII,5450.0,5500.0,5400.0,5425.0,3676.736572265625,29451000,87.0,0.0
2021-05-04,ASII,5500.0,5575.0,5425.0,5500.0,3727.5673828125,39860400,0.0,0.0
2021-05-05,ASII,5525.0,5600.0,5475.0,5525.0,3744.51025390625,27270000,0.0,0.0
2021-05-06,ASII,5600.0,5600.0,5400.0,5425.0,3676.736572265625,34361400,0.0,0.0
2021-05-07,ASII,5450.0,5475.0,5275.0,5325.0,3608.963134765625,30771700,0.0,0.0
2021-05-10,ASII,5350.0,5425.0,5350.0,5375.0,3642.849609375,25429700,0.0,0.0
2021-05-11,ASII,5400.0,5425.0,5175.0,5225.0,3541.1884765625,49162600,0.0,0.0
2021-05-17,ASII,5300.0,5325.0,5125.0,5175.0,3507.301513671875,47623100,0.0,0.0
2021-05-18,ASII,5150.0,5200.0,5100.0,5150.0,3490.3583984375,45784300,0.0,0.0
2021-05-19,ASII,5100.0,5125.0,5025.0,5050.0,3422.58447265625,47008800,0.0,0.0
2021-05-20,ASII,5050.0,5200.0,5025.0,5175.0,3507.301513671875,49746900,0.0,0.0
2021-05-21,ASII,5175.0,5225.0,5050.0,5050.0,3422.58447265625,43416900,0.0,0.0
2021-05-24,ASII,5100.0,5150.0,5025.0,5100.0,3456.471435546875,33540000,0.0,0.0
2021-05-25,ASII,5100.0,5150.0,5050.0,5075.0,3439.528076171875,45393500,0.0,0.0
2021-05-27,ASII,5100.0,5225.0,5075.0,5150.0,3490.3583984375,99709500,0.0,0.0
2021-05-28,ASII,5175.0,5225.0,5125.0,5150.0,3490.3583984375,24346700,0.0,0.0
2021-05-31,ASII,5175.0,5300.0,5150.0,5250.0,3558.132080078125,41498000,0.0,0.0
2021-06-02,ASII,5350.0,5350.0,5275.0,5325.0,3608.963134765625,43217400,0.0,0.0
2021-06-03,ASII,5350.0,5350.0,5275.0,5350.0,3625.90625,49012700,0.0,0.0
2021-06-04,ASII,5325.0,5350.0,5200.0,5225.0,3541.1884765625,35211100,0.0,0.0
2021-06-07,ASII,5225.0,5300.0,5200.0,5250.0,3558.132080078125,31693200,0.0,0.0
2021-06-08,ASII,5300.0,5325.0,5200.0,5275.0,3575.07568359375,35402300,0.0,0.0
2021-06-09,ASII,5275.0,5350.0,5225.0,5325.0,3608.963134765625,24331300,0.0,0.0
2021-06-10,ASII,5400.0,5425.0,5325.0,5400.0,3659.793701171875,42924200,0.0,0.0
2021-06-11,ASII,5400.0,5425.0,5250.0,5275.0,3575.07568359375,44421700,0.0,0.0
2021-06-14,ASII,5350.0,5350.0,5150.0,5175.0,3507.301513671875,40699500,0.0,0.0
2021-06-15,ASII,5175.0,5200.0,5125.0,5150.0,3490.3583984375,35915800,0.0,0.0
2021-06-16,ASII,5200.0,5200.0,5125.0,5150.0,3490.3583984375,29144900,0.0,0.0
2021-06-17,ASII,5125.0,5150.0,5075.0,5100.0,3456.471435546875,38074600,0.0,0.0
2021-06-18,ASII,5075.0,5125.0,4900.0,5000.0,3388.69775390625,112157600,0.0,0.0
2021-06-21,ASII,4920.0,4970.0,4760.0,4920.0,3334.478271484375,48183300,0.0,0.0
2021-06-22,ASII,4920.0,5025.0,4900.0,4920.0,3334.478271484375,47156200,0.0,0.0
2021-06-23,ASII,4980.0,5025.0,4920.0,4930.0,3341.255126953125,46351900,0.0,0.0
2021-06-24,ASII,4930.0,4980.0,4910.0,4940.0,3348.033447265625,24665200,0.0,0.0
2021-06-25,ASII,4940.0,4980.0,4910.0,4920.0,3334.478271484375,33125300,0.0,0.0
2021-06-28,ASII,4920.0,4930.0,4710.0,4710.0,3192.153076171875,53083400,0.0,0.0
2021-06-29,ASII,4730.0,4920.0,4710.0,4840.0,3280.258544921875,70425700,0.0,0.0
2021-06-30,ASII,4830.0,5000.0,4820.0,4940.0,3348.033447265625,34641700,0.0,0.0
2021-07-01,ASII,4990.0,5100.0,4950.0,5025.0,3405.64111328125,42856900,0.0,0.0
2021-07-02,ASII,5025.0,5075.0,4980.0,5000.0,3388.69775390625,22436900,0.0,0.0
2021-07-05,ASII,5050.0,5075.0,4920.0,4940.0,3348.033447265625,27554100,0.0,0.0
2021-07-06,ASII,4970.0,4970.0,4890.0,4900.0,3320.923583984375,31280100,0.0,0.0
2021-07-07,ASII,4900.0,4990.0,4860.0,4900.0,3320.923583984375,35907800,0.0,0.0
2021-07-08,ASII,4930.0,4960.0,4850.0,4880.0,3307.368408203125,40566600,0.0,0.0
2021-07-09,ASII,4880.0,4920.0,4870.0,4910.0,3327.701171875,21088500,0.0,0.0
2021-07-12,ASII,4910.0,4950.0,4880.0,4920.0,3334.478271484375,26816600,0.0,0.0
2021-07-13,ASII,4950.0,4960.0,4850.0,4900.0,3320.923583984375,28998600,0.0,0.0
2021-07-14,ASII,4920.0,4920.0,4730.0,4730.0,3205.70751953125,43408700,0.0,0.0
2021-07-15,ASII,4730.0,4840.0,4640.0,4810.0,3259.927001953125,50750700,0.0,0.0
2021-07-16,ASII,4840.0,4910.0,4820.0,4880.0,3307.368408203125,32544000,0.0,0.0
2021-07-19,ASII,4850.0,4870.0,4780.0,4780.0,3239.594482421875,25106100,0.0,0.0
2021-07-21,ASII,4780.0,4930.0,4780.0,4870.0,3300.591064453125,41716000,0.0,0.0
2021-07-22,ASII,4930.0,5025.0,4900.0,4980.0,3375.142578125,36287300,0.0,0.0
2021-07-23,ASII,5000.0,5000.0,4910.0,4950.0,3354.810546875,26847700,0.0,0.0
2021-07-26,ASII,4950.0,4970.0,4770.0,4770.0,3232.817138671875,43373400,0.0,0.0
2021-07-27,ASII,4770.0,4830.0,4730.0,4760.0,3226.039794921875,42635500,0.0,0.0
2021-07-28,ASII,4780.0,4790.0,4710.0,4710.0,3192.153076171875,24083000,0.0,0.0
2021-07-29,ASII,4720.0,4740.0,4650.0,4650.0,3151.488525390625,50238500,0.0,0.0
2021-07-30,ASII,4710.0,4840.0,4670.0,4720.0,3198.930419921875,65379500,0.0,0.0
2021-08-02,ASII,4730.0,4820.0,4730.0,4820.0,3266.70458984375,39192600,0.0,0.0
2021-08-03,ASII,4840.0,4970.0,4830.0,4940.0,3348.033447265625,46414100,0.0,0.0
2021-08-04,ASII,4970.0,4970.0,4870.0,4900.0,3320.923583984375,25646900,0.0,0.0
2021-08-05,ASII,4900.0,4930.0,4860.0,4890.0,3314.146484375,31304900,0.0,0.0
2021-08-06,ASII,4940.0,4980.0,4880.0,4940.0,3348.033447265625,45454600,0.0,0.0
2021-08-09,ASII,4940.0,4950.0,4830.0,4860.0,3293.814208984375,31858700,0.0,0.0
2021-08-10,ASII,4900.0,4930.0,4840.0,4910.0,3327.701171875,41920300,0.0,0.0
2021-08-12,ASII,4940.0,4960.0,4880.0,4940.0,3348.033447265625,22191700,0.0,0.0
2021-08-13,ASII,4960.0,5075.0,4960.0,5025.0,3405.64111328125,62673300,0.0,0.0
2021-08-16,ASII,5050.0,5075.0,4990.0,5075.0,3439.528076171875,46949700,0.0,0.0
2021-08-18,ASII,5100.0,5300.0,5075.0,5225.0,3541.1884765625,102560600,0.0,0.0
2021-08-19,ASII,5225.0,5275.0,5075.0,5150.0,3490.3583984375,53594900,0.0,0.0
2021-08-20,ASII,5150.0,5150.0,5000.0,5100.0,3456.471435546875,32878200,0.0,0.0
2021-08-23,ASII,5100.0,5150.0,5050.0,5100.0,3456.471435546875,30921500,0.0,0.0
2021-08-24,ASII,5175.0,5175.0,5050.0,5075.0,3439.528076171875,32783500,0.0,0.0
2021-08-25,ASII,5150.0,5200.0,5075.0,5150.0,3490.3583984375,26870400,0.0,0.0
2021-08-26,ASII,5200.0,5200.0,5050.0,5100.0,3456.471435546875,28757400,0.0,0.0
2021-08-27,ASII,5100.0,5100.0,5050.0,5050.0,3422.58447265625,26966100,0.0,0.0
2021-08-30,ASII,5100.0,5275.0,5100.0,5275.0,3575.07568359375,51914600,0.0,0.0
2021-08-31,ASII,5275.0,5300.0,5200.0,5225.0,3541.1884765625,45649200,0.0,0.0
2021-09-01,ASII,5225.0,5275.0,5100.0,5175.0,3507.301513671875,26732500,0.0,0.0
2021-09-02,ASII,5200.0,5250.0,5175.0,5250.0,3558.132080078125,17335000,0.0,0.0
2021-09-03,ASII,5250.0,5350.0,5200.0,5350.0,3625.90625,28004500,0.0,0.0
2021-09-06,ASII,5375.0,5450.0,5325.0,5425.0,3676.736572265625,28315200,0.0,0.0
2021-09-07,ASII,5425.0,5450.0,5300.0,5350.0,3625.90625,23685800,0.0,0.0
2021-09-08,ASII,5375.0,5375.0,5250.0,5250.0,3558.132080078125,44076000,0.0,0.0
2021-09-09,ASII,5250.0,5450.0,5250.0,5450.0,3693.680419921875,49118000,0.0,0.0
2021-09-10,ASII,5450.0,5475.0,5375.0,5425.0,3676.736572265625,31997100,0.0,0.0
2021-09-13,ASII,5425.0,5500.0,5350.0,5450.0,3693.680419921875,29796400,0.0,0.0
2021-09-14,ASII,5500.0,5550.0,5450.0,5525.0,3744.51025390625,34356900,0.0,0.0
2021-09-15,ASII,5525.0,5550.0,5375.0,5400.0,3659.793701171875,61522300,0.0,0.0
2021-09-16,ASII,5425.0,5475.0,5350.0,5375.0,3642.849609375,27187700,0.0,0.0
2021-09-17,ASII,5375.0,5425.0,5275.0,5425.0,3676.736572265625,44004000,0.0,0.0
2021-09-20,ASII,5425.0,5425.0,5225.0,5300.0,3592.01904296875,46896100,0.0,0.0
2021-09-21,ASII,5275.0,5275.0,5150.0,5225.0,3541.1884765625,23656300,0.0,0.0
2021-09-22,ASII,5225.0,5350.0,5200.0,5275.0,3575.07568359375,21750800,0.0,0.0
2021-09-23,ASII,5275.0,5325.0,5150.0,5150.0,3490.3583984375,27178400,0.0,0.0
2021-09-24,ASII,5150.0,5225.0,5125.0,5150.0,3490.3583984375,29394300,0.0,0.0
2021-09-27,ASII,5150.0,5225.0,5125.0,5175.0,3507.301513671875,25252300,0.0,0.0
2021-09-28,ASII,5175.0,5200.0,5075.0,5075.0,3439.528076171875,35640900,0.0,0.0
2021-09-29,ASII,5075.0,5350.0,5050.0,5325.0,3608.963134765625,42995900,0.0,0.0
2021-09-30,ASII,5375.0,5500.0,5300.0,5500.0,3727.5673828125,44723000,0.0,0.0
2021-10-01,ASII,5450.0,5500.0,5400.0,5450.0,3693.680419921875,27484100,0.0,0.0
2021-10-04,ASII,5500.0,5625.0,5475.0,5575.0,3778.3974609375,52074900,0.0,0.0
2021-10-05,ASII,5575.0,5650.0,5500.0,5550.0,3761.4541015625,27128000,0.0,0.0
2021-10-06,ASII,5600.0,6100.0,5575.0,5975.0,4049.4931640625,168237500,0.0,0.0
2021-10-07,ASII,5975.0,6000.0,5700.0,5700.0,3863.114990234375,97516000,0.0,0.0
2021-10-08,ASII,5700.0,5975.0,5625.0,5900.0,4030.482666015625,91094200,45.0,0.0
2021-10-11,ASII,5925.0,5950.0,5775.0,5775.0,3945.0908203125,38994500,0.0,0.0
2021-10-12,ASII,5800.0,5950.0,5775.0,5875.0,4013.40380859375,68823100,0.0,0.0
2021-10-13,ASII,5950.0,6300.0,5925.0,6275.0,4286.6572265625,143652900,0.0,0.0
2021-10-14,ASII,6300.0,6450.0,6125.0,6225.0,4252.50048828125,104502800,0.0,0.0
2021-10-15,ASII,6275.0,6300.0,6125.0,6250.0,4269.5791015625,82896700,0.0,0.0
2021-10-18,ASII,6275.0,6350.0,6200.0,6225.0,4252.50048828125,61419000,0.0,0.0
2021-10-19,ASII,6275.0,6375.0,6200.0,6350.0,4337.892578125,52117000,0.0,0.0
2021-10-21,ASII,6350.0,6350.0,6125.0,6150.0,4201.26611328125,132905200,0.0,0.0
2021-10-22,ASII,6150.0,6225.0,6125.0,6175.0,4218.3447265625,26886400,0.0,0.0
2021-10-25,ASII,6200.0,6225.0,6025.0,6050.0,4132.953125,51872000,0.0,0.0
2021-10-26,ASII,6050.0,6175.0,6050.0,6150.0,4201.26611328125,25950500,0.0,0.0
2021-10-27,ASII,6100.0,6125.0,6000.0,6000.0,4098.7958984375,40588700,0.0,0.0
2021-10-28,ASII,6000.0,6175.0,5950.0,6000.0,4098.7958984375,50046900,0.0,0.0
2021-10-29,ASII,6225.0,6250.0,6025.0,6025.0,4115.8740234375,82397400,0.0,0.0
2021-11-01,ASII,6050.0,6150.0,6025.0,6025.0,4115.8740234375,37254100,0.0,0.0
2021-11-02,ASII,6025.0,6100.0,5900.0,5900.0,4030.482666015625,25293400,0.0,0.0
2021-11-03,ASII,5900.0,6025.0,5825.0,5975.0,4081.717041015625,90495000,0.0,0.0
2021-11-04,ASII,6075.0,6075.0,5950.0,5975.0,4081.717041015625,41774200,0.0,0.0
2021-11-05,ASII,5900.0,5975.0,5850.0,5925.0,4047.561279296875,80775400,0.0,0.0
2021-11-08,ASII,5925.0,6000.0,5900.0,5925.0,4047.561279296875,23177300,0.0,0.0
2021-11-09,ASII,5900.0,5950.0,5850.0,5850.0,3996.326416015625,41112200,0.0,0.0
2021-11-10,ASII,5925.0,6250.0,5875.0,6175.0,4218.3447265625,104312600,0.0,0.0
2021-11-11,ASII,6200.0,6250.0,6150.0,6175.0,4218.3447265625,51111700,0.0,0.0
2021-11-12,ASII,6200.0,6225.0,6075.0,6150.0,4201.26611328125,26920800,0.0,0.0
2021-11-15,ASII,6150.0,6175.0,6050.0,6125.0,4184.18701171875,22148900,0.0,0.0
2021-11-16,ASII,6125.0,6250.0,6100.0,6175.0,4218.3447265625,42681000,0.0,0.0
2021-11-17,ASII,6225.0,6250.0,6175.0,6250.0,4269.5791015625,49120900,0.0,0.0
2021-11-18,ASII,6250.0,6250.0,6175.0,6200.0,4235.42236328125,29629900,0.0,0.0
2021-11-19,ASII,6225.0,6250.0,6200.0,6225.0,4252.50048828125,37505200,0.0,0.0
2021-11-22,ASII,6250.0,6375.0,6125.0,6200.0,4235.42236328125,62612600,0.0,0.0
2021-11-23,ASII,6250.0,6300.0,6175.0,6250.0,4269.5791015625,31557400,0.0,0.0
2021-11-24,ASII,6275.0,6275.0,6200.0,6225.0,4252.50048828125,25645300,0.0,0.0
2021-11-25,ASII,6250.0,6300.0,6175.0,6225.0,4252.50048828125,32763500,0.0,0.0
2021-11-26,ASII,6200.0,6225.0,5875.0,5900.0,4030.482666015625,93634100,0.0,0.0
2021-11-29,ASII,5900.0,6000.0,5750.0,5975.0,4081.717041015625,87367400,0.0,0.0
2021-11-30,ASII,5950.0,5975.0,5750.0,5775.0,3945.0908203125,97592700,0.0,0.0
2021-12-01,ASII,5825.0,5850.0,5625.0,5650.0,3859.699462890625,102412800,0.0,0.0
2021-12-02,ASII,5650.0,5875.0,5600.0,5850.0,3996.326416015625,48422300,0.0,0.0
2021-12-03,ASII,5900.0,5925.0,5725.0,5750.0,3928.012451171875,31882900,0.0,0.0
2021-12-06,ASII,5750.0,5800.0,5650.0,5650.0,3859.699462890625,53112400,0.0,0.0
2021-12-07,ASII,5700.0,5925.0,5700.0,5925.0,4047.561279296875,39679500,0.0,0.0
2021-12-08,ASII,5925.0,5950.0,5775.0,5800.0,3962.16943359375,44189500,0.0,0.0
2021-12-09,ASII,5900.0,6000.0,5800.0,6000.0,4098.7958984375,35386900,0.0,0.0
2021-12-10,ASII,5950.0,5950.0,5800.0,5925.0,4047.561279296875,55629400,0.0,0.0
2021-12-13,ASII,5925.0,5975.0,5875.0,5900.0,4030.482666015625,30655800,0.0,0.0
2021-12-14,ASII,5925.0,5925.0,5850.0,5875.0,4013.40380859375,17233700,0.0,0.0
2021-12-15,ASII,5900.0,6050.0,5875.0,6000.0,4098.7958984375,51113700,0.0,0.0
2021-12-16,ASII,6025.0,6050.0,5800.0,5800.0,3962.16943359375,56929600,0.0,0.0
2021-12-17,ASII,5800.0,5825.0,5725.0,5800.0,3962.16943359375,55854900,0.0,0.0
2021-12-20,ASII,5750.0,5775.0,5675.0,5675.0,3876.778076171875,26290000,0.0,0.0
2021-12-21,ASII,5675.0,5750.0,5650.0,5650.0,3859.699462890625,29127800,0.0,0.0
2021-12-22,ASII,5700.0,5775.0,5625.0,5625.0,3842.620361328125,33727100,0.0,0.0
2021-12-23,ASII,5650.0,5750.0,5625.0,5725.0,3910.9345703125,21744100,0.0,0.0
2021-12-24,ASII,5725.0,5750.0,5650.0,5675.0,3876.778076171875,16203800,0.0,0.0
2021-12-27,ASII,5725.0,5750.0,5650.0,5675.0,3876.778076171875,20426700,0.0,0.0
2021-12-28,ASII,5675.0,5750.0,5650.0,5725.0,3910.9345703125,21833300,0.0,0.0
2021-12-29,ASII,5750.0,5775.0,5675.0,5750.0,3928.012451171875,14260000,0.0,0.0
2021-12-30,ASII,5775.0,5775.0,5700.0,5700.0,3893.855712890625,17144000,0.0,0.0
2022-01-03,ASII,5675.0,5750.0,5625.0,5725.0,3910.9345703125,27052300,0.0,0.0
2022-01-04,ASII,5750.0,5875.0,5725.0,5775.0,3945.0908203125,29770700,0.0,0.0
2022-01-05,ASII,5725.0,5775.0,5550.0,5575.0,3808.46435546875,50423900,0.0,0.0
2022-01-06,ASII,5600.0,5675.0,5575.0,5675.0,3876.778076171875,32155800,0.0,0.0
2022-01-07,ASII,5725.0,5750.0,5650.0,5700.0,3893.855712890625,25014800,0.0,0.0
2022-01-10,ASII,5675.0,5725.0,5650.0,5650.0,3859.699462890625,15379400,0.0,0.0
2022-01-11,ASII,5700.0,5700.0,5650.0,5700.0,3893.855712890625,21800300,0.0,0.0
2022-01-12,ASII,5725.0,5725.0,5650.0,5725.0,3910.9345703125,21283700,0.0,0.0
2022-01-13,ASII,5725.0,5775.0,5675.0,5775.0,3945.0908203125,18618100,0.0,0.0
2022-01-14,ASII,5775.0,5800.0,5700.0,5725.0,3910.9345703125,17719100,0.0,0.0
2022-01-17,ASII,5775.0,5775.0,5650.0,5675.0,3876.778076171875,15859100,0.0,0.0
2022-01-18,ASII,5675.0,5725.0,5575.0,5650.0,3859.699462890625,28165300,0.0,0.0
2022-01-19,ASII,5650.0,5675.0,5575.0,5600.0,3825.54296875,38051800,0.0,0.0
2022-01-20,ASII,5600.0,5625.0,5500.0,5525.0,3774.30810546875,46564600,0.0,0.0
2022-01-21,ASII,5525.0,5625.0,5500.0,5600.0,3825.54296875,40709600,0.0,0.0
2022-01-24,ASII,5600.0,5625.0,5525.0,5525.0,3774.30810546875,27127800,0.0,0.0
2022-01-25,ASII,5500.0,5500.0,5375.0,5450.0,3723.072998046875,56709200,0.0,0.0
2022-01-26,ASII,5500.0,5500.0,5425.0,5450.0,3723.072998046875,27985700,0.0,0.0
2022-01-27,ASII,5425.0,5525.0,5400.0,5475.0,3740.15087890625,34574800,0.0,0.0
2022-01-28,ASII,5475.0,5525.0,5450.0,5475.0,3740.15087890625,27378500,0.0,0.0
2022-01-31,ASII,5475.0,5550.0,5450.0,5475.0,3740.15087890625,32006300,0.0,0.0
2022-02-02,ASII,5500.0,5525.0,5425.0,5500.0,3757.2294921875,33450400,0.0,0.0
2022-02-03,ASII,5500.0,5550.0,5450.0,5500.0,3757.2294921875,38565600,0.0,0.0
2022-02-04,ASII,5525.0,5525.0,5475.0,5500.0,3757.2294921875,16052500,0.0,0.0
2022-02-07,ASII,5500.0,5525.0,5450.0,5475.0,3740.15087890625,46685400,0.0,0.0
2022-02-08,ASII,5525.0,5700.0,5500.0,5550.0,3791.38671875,95691000,0.0,0.0
2022-02-09,ASII,5550.0,5650.0,5475.0,5550.0,3791.38671875,80244900,0.0,0.0
2022-02-10,ASII,5575.0,5625.0,5450.0,5450.0,3723.072998046875,93265400,0.0,0.0
2022-02-11,ASII,5450.0,5475.0,5400.0,5450.0,3723.072998046875,36376700,0.0,0.0
2022-02-14,ASII,5400.0,5425.0,5250.0,5300.0,3620.602783203125,74307400,0.0,0.0
2022-02-15,ASII,5300.0,5525.0,5300.0,5500.0,3757.2294921875,77964800,0.0,0.0
2022-02-16,ASII,5550.0,5600.0,5475.0,5475.0,3740.15087890625,46730000,0.0,0.0
2022-02-17,ASII,5500.0,5525.0,5425.0,5475.0,3740.15087890625,47572000,0.0,0.0
2022-02-18,ASII,5450.0,5625.0,5425.0,5600.0,3825.54296875,53981400,0.0,0.0
2022-02-21,ASII,5625.0,5650.0,5550.0,5575.0,3808.46435546875,27509200,0.0,0.0
2022-02-22,ASII,5525.0,5575.0,5450.0,5575.0,3808.46435546875,49233600,0.0,0.0
2022-02-23,ASII,5575.0,5650.0,5525.0,5650.0,3859.699462890625,44299100,0.0,0.0
2022-02-24,ASII,5625.0,5775.0,5525.0,5700.0,3893.855712890625,76492000,0.0,0.0
2022-02-25,ASII,5700.0,5800.0,5650.0,5800.0,3962.16943359375,97598000,0.0,0.0
2022-03-01,ASII,5800.0,5950.0,5700.0,5700.0,3893.855712890625,101227600,0.0,0.0
2022-03-02,ASII,5650.0,5700.0,5500.0,5525.0,3774.30810546875,80565600,0.0,0.0
2022-03-04,ASII,5575.0,5675.0,5525.0,5625.0,3842.620361328125,50348400,0.0,0.0
2022-03-07,ASII,5600.0,5825.0,5550.0,5800.0,3962.16943359375,59978000,0.0,0.0
2022-03-08,ASII,6000.0,6550.0,5975.0,6250.0,4269.5791015625,256655000,0.0,0.0
2022-03-09,ASII,6500.0,6500.0,6225.0,6300.0,4303.7353515625,107853200,0.0,0.0
2022-03-10,ASII,6300.0,6300.0,6150.0,6250.0,4269.5791015625,56584100,0.0,0.0
2022-03-11,ASII,6175.0,6300.0,6125.0,6275.0,4286.6572265625,32940500,0.0,0.0
2022-03-14,ASII,6350.0,6425.0,6300.0,6375.0,4354.970703125,61811900,0.0,0.0
2022-03-15,ASII,6425.0,6450.0,6275.0,6300.0,4303.7353515625,57193600,0.0,0.0
2022-03-16,ASII,6325.0,6400.0,6300.0,6400.0,4372.04833984375,55776300,0.0,0.0
2022-03-17,ASII,6400.0,6475.0,6350.0,6425.0,4389.12744140625,53844700,0.0,0.0
2022-03-18,ASII,6450.0,6450.0,6325.0,6400.0,4372.04833984375,69493500,0.0,0.0
2022-03-21,ASII,6450.0,6600.0,6450.0,6600.0,4508.67529296875,72452300,0.0,0.0
2022-03-22,ASII,6600.0,6600.0,6500.0,6575.0,4491.59716796875,39260600,0.0,0.0
2022-03-23,ASII,6575.0,6575.0,6450.0,6475.0,4423.2841796875,27348900,0.0,0.0
2022-03-24,ASII,6425.0,6575.0,6425.0,6575.0,4491.59716796875,37635100,0.0,0.0
2022-03-25,ASII,6550.0,6575.0,6375.0,6400.0,4372.04833984375,42984300,0.0,0.0
2022-03-28,ASII,6400.0,6775.0,6400.0,6700.0,4576.98828125,68545500,0.0,0.0
2022-03-29,ASII,6600.0,6700.0,6550.0,6550.0,4474.5185546875,24901500,0.0,0.0
2022-03-30,ASII,6550.0,6650.0,6500.0,6650.0,4542.83203125,34320500,0.0,0.0
2022-03-31,ASII,6675.0,6675.0,6575.0,6575.0,4491.59716796875,41346500,0.0,0.0
2022-04-01,ASII,6775.0,6775.0,6625.0,6700.0,4576.98828125,35365600,0.0,0.0
2022-04-04,ASII,6775.0,6825.0,6675.0,6825.0,4662.3798828125,29374100,0.0,0.0
2022-04-05,ASII,6825.0,6900.0,6725.0,6900.0,4713.615234375,28581200,0.0,0.0
2022-04-06,ASII,6825.0,7000.0,6800.0,7000.0,4781.92822265625,48854700,0.0,0.0
2022-04-07,ASII,6950.0,7000.0,6850.0,6900.0,4713.615234375,41492600,0.0,0.0
2022-04-08,ASII,7000.0,7075.0,6900.0,7000.0,4781.92822265625,55006300,0.0,0.0
2022-04-11,ASII,6975.0,7000.0,6750.0,6850.0,4679.458984375,51481700,0.0,0.0
2022-04-12,ASII,6875.0,6950.0,6825.0,6950.0,4747.771484375,41879800,0.0,0.0
2022-04-13,ASII,6950.0,7000.0,6875.0,6975.0,4764.8505859375,52818100,0.0,0.0
2022-04-14,ASII,6975.0,7050.0,6875.0,6875.0,4696.537109375,23891600,0.0,0.0
2022-04-18,ASII,6900.0,7050.0,6900.0,7000.0,4781.92822265625,32962100,0.0,0.0
2022-04-19,ASII,7050.0,7050.0,6800.0,6900.0,4713.615234375,29237600,0.0,0.0
2022-04-20,ASII,6900.0,6975.0,6825.0,6900.0,4713.615234375,39881900,0.0,0.0
2022-04-21,ASII,6925.0,7100.0,6900.0,7000.0,4781.92822265625,51438900,0.0,0.0
2022-04-22,ASII,6975.0,7100.0,6875.0,7050.0,4816.0849609375,39795300,0.0,0.0
2022-04-25,ASII,7050.0,7150.0,6875.0,7075.0,4833.1630859375,52305700,0.0,0.0
2022-04-26,ASII,7100.0,7200.0,7000.0,7200.0,4918.55517578125,39223700,0.0,0.0
2022-04-27,ASII,7175.0,7200.0,7050.0,7125.0,4867.3203125,34988500,0.0,0.0
2022-04-28,ASII,7250.0,7700.0,7225.0,7575.0,5174.7294921875,118152200,0.0,0.0
2022-05-09,ASII,7425.0,7425.0,7050.0,7050.0,4942.669921875,81089600,194.0,0.0
2022-05-10,ASII,6650.0,7000.0,6625.0,7000.0,4907.615234375,118477400,0.0,0.0
2022-05-11,ASII,7025.0,7225.0,6900.0,6900.0,4837.505859375,71287600,0.0,0.0
2022-05-12,ASII,6900.0,7025.0,6725.0,6850.0,4802.45263671875,45587500,0.0,0.0
2022-05-13,ASII,6900.0,7225.0,6850.0,7125.0,4995.25146484375,73260300,0.0,0.0
2022-05-17,ASII,7250.0,7300.0,7000.0,7000.0,4907.615234375,40279200,0.0,0.0
2022-05-18,ASII,6975.0,7200.0,6925.0,7100.0,4977.72412109375,44859900,0.0,0.0
2022-05-19,ASII,6925.0,7125.0,6850.0,7000.0,4907.615234375,27558300,0.0,0.0
2022-05-20,ASII,7050.0,7200.0,7050.0,7125.0,4995.25146484375,37674800,0.0,0.0
2022-05-23,ASII,7125.0,7175.0,6825.0,6950.0,4872.56103515625,46368600,0.0,0.0
2022-05-24,ASII,7025.0,7200.0,7025.0,7150.0,5012.77783203125,52177200,0.0,0.0
2022-05-25,ASII,7100.0,7175.0,7050.0,7100.0,4977.72412109375,51200500,0.0,0.0
2022-05-27,ASII,7200.0,7300.0,7150.0,7225.0,5065.359375,34766600,0.0,0.0
2022-05-30,ASII,7275.0,7275.0,7125.0,7250.0,5082.88720703125,37147800,0.0,0.0
2022-05-31,ASII,7250.0,7475.0,7250.0,7350.0,5152.99609375,90800300,0.0,0.0
2022-06-02,ASII,7300.0,7500.0,7250.0,7325.0,5135.46875,72733400,0.0,0.0
2022-06-03,ASII,7350.0,7475.0,7300.0,7300.0,5117.94140625,43947400,0.0,0.0
2022-06-06,ASII,7200.0,7250.0,7075.0,7225.0,5065.359375,53388400,0.0,0.0
2022-06-07,ASII,7300.0,7400.0,7200.0,7200.0,5047.8330078125,54814500,0.0,0.0
2022-06-08,ASII,7150.0,7350.0,7150.0,7175.0,5030.30517578125,33478600,0.0,0.0
2022-06-09,ASII,7150.0,7350.0,7150.0,7200.0,5047.8330078125,37787500,0.0,0.0
2022-06-10,ASII,7100.0,7175.0,6925.0,6925.0,4855.033203125,57621000,0.0,0.0
2022-06-13,ASII,6900.0,7100.0,6725.0,7025.0,4925.14208984375,59781700,0.0,0.0
2022-06-14,ASII,6875.0,7000.0,6875.0,6975.0,4890.087890625,38001800,0.0,0.0
2022-06-15,ASII,6975.0,6975.0,6700.0,6700.0,4697.28857421875,50804600,0.0,0.0
2022-06-16,ASII,6850.0,6950.0,6750.0,6850.0,4802.45263671875,74982600,0.0,0.0
2022-06-17,ASII,6675.0,6950.0,6675.0,6950.0,4872.56103515625,63931400,0.0,0.0
2022-06-20,ASII,6950.0,6975.0,6750.0,6925.0,4855.033203125,44263700,0.0,0.0
2022-06-21,ASII,6900.0,6975.0,6850.0,6850.0,4802.45263671875,31247000,0.0,0.0
2022-06-22,ASII,6850.0,6925.0,6775.0,6800.0,4767.3974609375,35536800,0.0,0.0
2022-06-23,ASII,6850.0,6875.0,6750.0,6875.0,4819.9794921875,30137200,0.0,0.0
2022-06-24,ASII,6900.0,6900.0,6650.0,6675.0,4679.76171875,42386000,0.0,0.0
2022-06-27,ASII,6700.0,6750.0,6550.0,6650.0,4662.234375,48277300,0.0,0.0
2022-06-28,ASII,6650.0,6700.0,6600.0,6700.0,4697.28857421875,36838200,0.0,0.0
2022-06-29,ASII,6625.0,6700.0,6500.0,6500.0,4557.07080078125,46682700,0.0,0.0
2022-06-30,ASII,6525.0,6650.0,6500.0,6625.0,4644.70751953125,52839200,0.0,0.0
2022-07-01,ASII,6675.0,6675.0,6500.0,6525.0,4574.59912109375,52387100,0.0,0.0
2022-07-04,ASII,6500.0,6575.0,6300.0,6500.0,4557.07080078125,43087400,0.0,0.0
2022-07-05,ASII,6500.0,6525.0,6325.0,6325.0,4434.38134765625,39700000,0.0,0.0
2022-07-06,ASII,6300.0,6400.0,6050.0,6075.0,4259.109375,67773900,0.0,0.0
2022-07-07,ASII,6025.0,6125.0,5900.0,5950.0,4171.4736328125,62871600,0.0,0.0
2022-07-08,ASII,6025.0,6075.0,5950.0,5975.0,4188.99951171875,78131700,0.0,0.0
2022-07-11,ASII,5975.0,6075.0,5925.0,6050.0,4241.58203125,49946600,0.0,0.0
2022-07-12,ASII,6050.0,6150.0,6050.0,6100.0,4276.63623046875,22900800,0.0,0.0
2022-07-13,ASII,6100.0,6100.0,5825.0,5825.0,4083.8369140625,56747900,0.0,0.0
2022-07-14,ASII,5825.0,6100.0,5825.0,6100.0,4276.63623046875,59847700,0.0,0.0
2022-07-15,ASII,6000.0,6075.0,5925.0,5950.0,4171.4736328125,32403800,0.0,0.0
2022-07-18,ASII,5975.0,6025.0,5950.0,6025.0,4224.0546875,27618400,0.0,0.0
2022-07-19,ASII,6025.0,6150.0,6025.0,6075.0,4259.109375,50725600,0.0,0.0
2022-07-20,ASII,6175.0,6275.0,6100.0,6275.0,4399.326171875,70493600,0.0,0.0
2022-07-21,ASII,6200.0,6250.0,6050.0,6175.0,4329.21826171875,55415500,0.0,0.0
2022-07-22,ASII,6175.0,6175.0,6050.0,6075.0,4259.109375,37583800,0.0,0.0
2022-07-25,ASII,6050.0,6150.0,6050.0,6075.0,4259.109375,24674200,0.0,0.0
2022-07-26,ASII,6100.0,6125.0,6075.0,6100.0,4276.63623046875,21937400,0.0,0.0
2022-07-27,ASII,6125.0,6125.0,6000.0,6100.0,4276.63623046875,35066000,0.0,0.0
2022-07-28,ASII,6125.0,6150.0,6025.0,6050.0,4241.58203125,51909300,0.0,0.0
2022-07-29,ASII,6150.0,6425.0,6125.0,6325.0,4434.38134765625,150285200,0.0,0.0
2022-08-01,ASII,6425.0,6550.0,6350.0,6475.0,4539.54443359375,55511700,0.0,0.0
2022-08-02,ASII,6475.0,6475.0,6275.0,6475.0,4539.54443359375,53235100,0.0,0.0
2022-08-03,ASII,6450.0,6600.0,6375.0,6600.0,4627.18017578125,40666300,0.0,0.0
2022-08-04,ASII,6700.0,6700.0,6450.0,6600.0,4627.18017578125,66966300,0.0,0.0
2022-08-05,ASII,6600.0,6650.0,6475.0,6625.0,4644.70751953125,46702100,0.0,0.0
2022-08-08,ASII,6625.0,6700.0,6525.0,6700.0,4697.28857421875,32971000,0.0,0.0
2022-08-09,ASII,6725.0,6825.0,6700.0,6750.0,4732.34326171875,61001700,0.0,0.0
2022-08-10,ASII,6775.0,6850.0,6600.0,6850.0,4802.45263671875,37086500,0.0,0.0
2022-08-11,ASII,6975.0,7000.0,6900.0,6950.0,4872.56103515625,42007400,0.0,0.0
2022-08-12,ASII,6950.0,7000.0,6850.0,6950.0,4872.56103515625,58469000,0.0,0.0
2022-08-15,ASII,6925.0,6950.0,6800.0,6875.0,4819.9794921875,35283300,0.0,0.0
2022-08-16,ASII,6875.0,7050.0,6875.0,6975.0,4890.087890625,61907800,0.0,0.0
2022-08-18,ASII,6975.0,7000.0,6850.0,6975.0,4890.087890625,25190000,0.0,0.0
2022-08-19,ASII,6975.0,7000.0,6900.0,6975.0,4890.087890625,32914500,0.0,0.0
2022-08-22,ASII,6875.0,6925.0,6800.0,6925.0,4855.033203125,48266600,0.0,0.0
2022-08-23,ASII,6900.0,7025.0,6850.0,6975.0,4890.087890625,56381000,0.0,0.0
2022-08-24,ASII,6925.0,7050.0,6900.0,7050.0,4942.669921875,30605000,0.0,0.0
2022-08-25,ASII,7050.0,7050.0,6950.0,6975.0,4890.087890625,22793800,0.0,0.0
2022-08-26,ASII,6975.0,7025.0,6850.0,6875.0,4819.9794921875,31120500,0.0,0.0
2022-08-29,ASII,6800.0,6900.0,6750.0,6825.0,4784.92578125,29722100,0.0,0.0
2022-08-30,ASII,6850.0,7025.0,6850.0,6900.0,4837.505859375,45566100,0.0,0.0
2022-08-31,ASII,6875.0,6975.0,6775.0,6975.0,4890.087890625,55714900,0.0,0.0
2022-09-01,ASII,6975.0,7025.0,6900.0,6925.0,4855.033203125,36691900,0.0,0.0
2022-09-02,ASII,6950.0,7000.0,6875.0,6925.0,4855.033203125,26077700,0.0,0.0
2022-09-05,ASII,6900.0,6925.0,6850.0,6875.0,4819.9794921875,24953800,0.0,0.0
2022-09-06,ASII,6875.0,6950.0,6850.0,6900.0,4837.505859375,18626800,0.0,0.0
2022-09-07,ASII,6800.0,6875.0,6625.0,6650.0,4662.234375,77218400,0.0,0.0
2022-09-08,ASII,6650.0,6750.0,6625.0,6650.0,4662.234375,39405200,0.0,0.0
2022-09-09,ASII,6675.0,6775.0,6625.0,6775.0,4749.8701171875,31904200,0.0,0.0
2022-09-12,ASII,6775.0,6975.0,6725.0,6975.0,4890.087890625,51563200,0.0,0.0
2022-09-13,ASII,7025.0,7225.0,6950.0,7200.0,5047.8330078125,70555900,0.0,0.0
2022-09-14,ASII,7100.0,7300.0,7050.0,7150.0,5012.77783203125,56832100,0.0,0.0
2022-09-15,ASII,7125.0,7225.0,7050.0,7050.0,4942.669921875,63346200,0.0,0.0
2022-09-16,ASII,7000.0,7050.0,6900.0,6900.0,4837.505859375,65885100,0.0,0.0
2022-09-19,ASII,6950.0,7225.0,6925.0,7125.0,4995.25146484375,52232700,0.0,0.0
2022-09-20,ASII,7150.0,7250.0,7100.0,7175.0,5030.30517578125,47337700,0.0,0.0
2022-09-21,ASII,7125.0,7200.0,7100.0,7150.0,5012.77783203125,26007500,0.0,0.0
2022-09-22,ASII,7025.0,7225.0,7000.0,7175.0,5030.30517578125,26295200,0.0,0.0
2022-09-23,ASII,7100.0,7175.0,7050.0,7150.0,5012.77783203125,22258800,0.0,0.0
2022-09-26,ASII,7000.0,7025.0,6850.0,6975.0,4890.087890625,61422800,0.0,0.0
2022-09-27,ASII,7000.0,7050.0,6950.0,6950.0,4872.56103515625,42809400,0.0,0.0
2022-09-28,ASII,6950.0,7000.0,6800.0,6800.0,4767.3974609375,50825400,0.0,0.0
2022-09-29,ASII,6850.0,6900.0,6700.0,6775.0,4749.8701171875,36653400,0.0,0.0
2022-09-30,ASII,6700.0,6750.0,6600.0,6625.0,4644.70751953125,71017400,0.0,0.0
2022-10-03,ASII,6650.0,6700.0,6600.0,6625.0,4644.70751953125,27280600,0.0,0.0
2022-10-04,ASII,6725.0,6800.0,6700.0,6725.0,4714.81640625,33322400,0.0,0.0
2022-10-05,ASII,6800.0,6825.0,6675.0,6675.0,4679.76171875,31019300,0.0,0.0
2022-10-06,ASII,6675.0,6750.0,6600.0,6600.0,4627.18017578125,37002600,0.0,0.0
2022-10-07,ASII,6550.0,6575.0,6450.0,6475.0,4539.54443359375,54850200,0.0,0.0
2022-10-10,ASII,6425.0,6525.0,6375.0,6500.0,4557.07080078125,34319700,0.0,0.0
2022-10-11,ASII,6400.0,6575.0,6400.0,6525.0,4574.59912109375,35320000,0.0,0.0
2022-10-12,ASII,6450.0,6475.0,6350.0,6350.0,4512.77001953125,72794100,88.0,0.0
2022-10-13,ASII,6375.0,6400.0,6275.0,6350.0,4512.77001953125,44281200,0.0,0.0
2022-10-14,ASII,6500.0,6500.0,6350.0,6350.0,4512.77001953125,45496900,0.0,0.0
2022-10-17,ASII,6325.0,6525.0,6200.0,6425.0,4566.0703125,50710300,0.0,0.0
2022-10-18,ASII,6450.0,6500.0,6350.0,6350.0,4512.77001953125,42600400,0.0,0.0
2022-10-19,ASII,6425.0,6525.0,6400.0,6525.0,4637.1376953125,25542800,0.0,0.0
2022-10-20,ASII,6500.0,6525.0,6400.0,6425.0,4566.0703125,32226200,0.0,0.0
2022-10-21,ASII,6475.0,6675.0,6450.0,6575.0,4672.67138671875,52148500,0.0,0.0
2022-10-24,ASII,6575.0,6700.0,6575.0,6650.0,4725.9716796875,37202900,0.0,0.0
2022-10-25,ASII,6700.0,6700.0,6600.0,6700.0,4761.5048828125,37836000,0.0,0.0
2022-10-26,ASII,6700.0,6700.0,6575.0,6575.0,4672.67138671875,36289700,0.0,0.0
2022-10-27,ASII,6575.0,6675.0,6525.0,6650.0,4725.9716796875,30429800,0.0,0.0
2022-10-28,ASII,6650.0,6650.0,6500.0,6550.0,4654.904296875,28492900,0.0,0.0
2022-10-31,ASII,6550.0,6650.0,6550.0,6650.0,4725.9716796875,45774000,0.0,0.0
2022-11-01,ASII,6650.0,6675.0,6475.0,6575.0,4672.67138671875,59240700,0.0,0.0
2022-11-02,ASII,6525.0,6550.0,6375.0,6425.0,4566.0703125,59695600,0.0,0.0
2022-11-03,ASII,6375.0,6425.0,6350.0,6375.0,4530.537109375,29905800,0.0,0.0
2022-11-04,ASII,6350.0,6425.0,6350.0,6425.0,4566.0703125,60465200,0.0,0.0
2022-11-07,ASII,6425.0,6500.0,6425.0,6500.0,4619.37060546875,41824000,0.0,0.0
2022-11-08,ASII,6500.0,6525.0,6450.0,6525.0,4637.1376953125,35241500,0.0,0.0
2022-11-09,ASII,6525.0,6550.0,6475.0,6550.0,4654.904296875,45144800,0.0,0.0
2022-11-10,ASII,6550.0,6550.0,6450.0,6525.0,4637.1376953125,33770400,0.0,0.0
2022-11-11,ASII,6600.0,6625.0,6450.0,6450.0,4583.83740234375,50938200,0.0,0.0
2022-11-14,ASII,6450.0,6475.0,6300.0,6300.0,4477.23681640625,46011200,0.0,0.0
2022-11-15,ASII,6300.0,6350.0,6200.0,6225.0,4423.935546875,65536000,0.0,0.0
2022-11-16,ASII,6175.0,6200.0,6100.0,6175.0,4388.40234375,60298900,0.0,0.0
2022-11-17,ASII,6200.0,6300.0,6050.0,6300.0,4477.23681640625,35165100,0.0,0.0
2022-11-18,ASII,6275.0,6300.0,6200.0,6225.0,4423.935546875,29302300,0.0,0.0
2022-11-21,ASII,6275.0,6350.0,6250.0,6325.0,4495.00341796875,19074900,0.0,0.0
2022-11-22,ASII,6325.0,6350.0,6225.0,6225.0,4423.935546875,33102700,0.0,0.0
2022-11-23,ASII,6275.0,6300.0,6200.0,6200.0,4406.1689453125,30863200,0.0,0.0
2022-11-24,ASII,6200.0,6275.0,6200.0,6200.0,4406.1689453125,21534300,0.0,0.0
2022-11-25,ASII,6175.0,6200.0,6125.0,6175.0,4388.40234375,40948100,0.0,0.0
2022-11-28,ASII,6175.0,6275.0,6150.0,6225.0,4423.935546875,37901700,0.0,0.0
2022-11-29,ASII,6125.0,6150.0,6025.0,6050.0,4299.568359375,121505900,0.0,0.0
2022-11-30,ASII,6050.0,6200.0,6025.0,6050.0,4299.568359375,191276100,0.0,0.0
2022-12-01,ASII,6100.0,6200.0,6100.0,6175.0,4388.40234375,88307900,0.0,0.0
2022-12-02,ASII,6175.0,6175.0,6050.0,6125.0,4352.8681640625,51843800,0.0,0.0
2022-12-05,ASII,6075.0,6100.0,6000.0,6025.0,4281.80126953125,64357800,0.0,0.0
2022-12-06,ASII,6000.0,6025.0,5800.0,5875.0,4175.20068359375,69873000,0.0,0.0
2022-12-07,ASII,5800.0,5900.0,5700.0,5725.0,4068.599365234375,116677600,0.0,0.0
2022-12-08,ASII,5650.0,5800.0,5550.0,5675.0,4033.066162109375,161238600,0.0,0.0
2022-12-09,ASII,5700.0,5750.0,5650.0,5675.0,4033.066162109375,55355700,0.0,0.0
2022-12-12,ASII,5675.0,5725.0,5625.0,5675.0,4033.066162109375,92687900,0.0,0.0
2022-12-13,ASII,5700.0,5900.0,5675.0,5825.0,4139.66650390625,113893000,0.0,0.0
2022-12-14,ASII,5925.0,5950.0,5775.0,5825.0,4139.66650390625,78775300,0.0,0.0
2022-12-15,ASII,5825.0,5850.0,5750.0,5800.0,4121.900390625,61581800,0.0,0.0
2022-12-16,ASII,5775.0,5800.0,5700.0,5775.0,4104.1328125,95271600,0.0,0.0
2022-12-19,ASII,5850.0,5850.0,5650.0,5700.0,4050.83251953125,57531200,0.0,0.0
2022-12-20,ASII,5675.0,5750.0,5675.0,5700.0,4050.83251953125,25876100,0.0,0.0
2022-12-21,ASII,5700.0,5725.0,5650.0,5700.0,4050.83251953125,34940600,0.0,0.0
2022-12-22,ASII,5700.0,5775.0,5675.0,5775.0,4104.1328125,32103400,0.0,0.0
2022-12-23,ASII,5750.0,5775.0,5650.0,5675.0,4033.066162109375,31969000,0.0,0.0
2022-12-26,ASII,5675.0,5725.0,5625.0,5650.0,4015.29931640625,13540500,0.0,0.0
2022-12-27,ASII,5700.0,5750.0,5650.0,5675.0,4033.066162109375,13680300,0.0,0.0
2022-12-28,ASII,5725.0,5725.0,5575.0,5625.0,3997.5322265625,29919100,0.0,0.0
2022-12-29,ASII,5600.0,5675.0,5550.0,5650.0,4015.29931640625,32241500,0.0,0.0
2022-12-30,ASII,5675.0,5750.0,5650.0,5700.0,4050.83251953125,36384500,0.0,0.0
2023-01-02,ASII,5725.0,5725.0,5625.0,5700.0,4050.83251953125,12068800,0.0,0.0
2023-01-03,ASII,5675.0,5700.0,5625.0,5650.0,4015.29931640625,22854400,0.0,0.0
2023-01-04,ASII,5650.0,5700.0,5625.0,5675.0,4033.066162109375,32578900,0.0,0.0
2023-01-05,ASII,5650.0,5700.0,5375.0,5375.0,3819.864501953125,106047000,0.0,0.0
2023-01-06,ASII,5400.0,5525.0,5350.0,5450.0,3873.165283203125,59754600,0.0,0.0
2023-01-09,ASII,5500.0,5500.0,5275.0,5350.0,3802.097412109375,63437700,0.0,0.0
2023-01-10,ASII,5375.0,5375.0,5275.0,5325.0,3784.330810546875,62964600,0.0,0.0
2023-01-11,ASII,5325.0,5350.0,5200.0,5225.0,3713.26318359375,45514800,0.0,0.0
2023-01-12,ASII,5200.0,5375.0,5200.0,5350.0,3802.097412109375,61374300,0.0,0.0
2023-01-13,ASII,5375.0,5500.0,5300.0,5450.0,3873.165283203125,52039800,0.0,0.0
2023-01-16,ASII,5525.0,5600.0,5475.0,5600.0,3979.76513671875,48458700,0.0,0.0
2023-01-17,ASII,5600.0,5650.0,5500.0,5550.0,3944.23193359375,66999600,0.0,0.0
2023-01-18,ASII,5550.0,5650.0,5550.0,5650.0,4015.29931640625,28120700,0.0,0.0
2023-01-19,ASII,5650.0,5875.0,5650.0,5850.0,4157.43408203125,95543300,0.0,0.0
2023-01-20,ASII,5875.0,5900.0,5775.0,5900.0,4192.9677734375,54173000,0.0,0.0
2023-01-24,ASII,5900.0,5950.0,5850.0,5925.0,4210.734375,26217800,0.0,0.0
2023-01-25,ASII,5900.0,5950.0,5850.0,5950.0,4228.50146484375,18115800,0.0,0.0
2023-01-26,ASII,5925.0,5950.0,5850.0,5900.0,4192.9677734375,40168400,0.0,0.0
2023-01-27,ASII,5925.0,5950.0,5875.0,5875.0,4175.20068359375,31869800,0.0,0.0
2023-01-30,ASII,5875.0,5900.0,5775.0,5875.0,4175.20068359375,34817500,0.0,0.0
2023-01-31,ASII,5925.0,6025.0,5900.0,6000.0,4264.03466796875,89064100,0.0,0.0
2023-02-01,ASII,6000.0,6000.0,5925.0,6000.0,4264.03466796875,35355300,0.0,0.0
2023-02-02,ASII,5950.0,5975.0,5875.0,5925.0,4210.734375,30039900,0.0,0.0
2023-02-03,ASII,5975.0,5975.0,5875.0,5875.0,4175.20068359375,24629700,0.0,0.0
2023-02-06,ASII,5875.0,5900.0,5825.0,5850.0,4157.43408203125,31033700,0.0,0.0
2023-02-07,ASII,5825.0,5925.0,5825.0,5875.0,4175.20068359375,29536700,0.0,0.0
2023-02-08,ASII,5875.0,5900.0,5775.0,5800.0,4121.900390625,27235100,0.0,0.0
2023-02-09,ASII,5825.0,5850.0,5675.0,5675.0,4033.066162109375,48263600,0.0,0.0
2023-02-10,ASII,5600.0,5700.0,5550.0,5700.0,4050.83251953125,71158200,0.0,0.0
2023-02-13,ASII,5700.0,5750.0,5675.0,5725.0,4068.599365234375,22154800,0.0,0.0
2023-02-14,ASII,5750.0,5800.0,5700.0,5725.0,4068.599365234375,31292000,0.0,0.0
2023-02-15,ASII,5725.0,5725.0,5575.0,5675.0,4033.066162109375,38862100,0.0,0.0
2023-02-16,ASII,5700.0,5700.0,5625.0,5700.0,4050.83251953125,19014100,0.0,0.0
2023-02-17,ASII,5700.0,5725.0,5625.0,5675.0,4033.066162109375,31273200,0.0,0.0
2023-02-20,ASII,5675.0,5700.0,5575.0,5600.0,3979.76513671875,29576500,0.0,0.0
2023-02-21,ASII,5600.0,5650.0,5550.0,5575.0,3961.9990234375,26985200,0.0,0.0
2023-02-22,ASII,5550.0,5650.0,5550.0,5625.0,3997.5322265625,24822300,0.0,0.0
2023-02-23,ASII,5650.0,5700.0,5575.0,5650.0,4015.29931640625,33406700,0.0,0.0
2023-02-24,ASII,5675.0,5800.0,5650.0,5750.0,4086.3662109375,30869400,0.0,0.0
2023-02-27,ASII,5725.0,5800.0,5700.0,5800.0,4121.900390625,28650400,0.0,0.0
2023-02-28,ASII,6200.0,6275.0,6100.0,6100.0,4335.10205078125,154669700,0.0,0.0
2023-03-01,ASII,6100.0,6175.0,6050.0,6150.0,4370.6357421875,49851200,0.0,0.0
2023-03-02,ASII,6150.0,6175.0,6075.0,6150.0,4370.6357421875,26943600,0.0,0.0
2023-03-03,ASII,6150.0,6150.0,6025.0,6050.0,4299.568359375,32818500,0.0,0.0
2023-03-06,ASII,6100.0,6125.0,6050.0,6075.0,4317.3349609375,22141000,0.0,0.0
2023-03-07,ASII,6050.0,6075.0,5900.0,5950.0,4228.50146484375,41630000,0.0,0.0
2023-03-08,ASII,5900.0,5975.0,5875.0,5925.0,4210.734375,40374900,0.0,0.0
2023-03-09,ASII,5975.0,6050.0,5950.0,6025.0,4281.80126953125,23104400,0.0,0.0
2023-03-10,ASII,5975.0,6000.0,5900.0,5975.0,4246.26708984375,33330500,0.0,0.0
2023-03-13,ASII,5900.0,5975.0,5850.0,5925.0,4210.734375,28402600,0.0,0.0
2023-03-14,ASII,5900.0,5925.0,5750.0,5775.0,4104.1328125,56988600,0.0,0.0
2023-03-15,ASII,5850.0,5875.0,5775.0,5775.0,4104.1328125,40170800,0.0,0.0
2023-03-16,ASII,5775.0,5875.0,5675.0,5850.0,4157.43408203125,33947700,0.0,0.0
2023-03-17,ASII,5875.0,5925.0,5850.0,5850.0,4157.43408203125,74811900,0.0,0.0
2023-03-20,ASII,5850.0,5900.0,5800.0,5875.0,4175.20068359375,22146000,0.0,0.0
2023-03-21,ASII,5850.0,5975.0,5850.0,5875.0,4175.20068359375,40671600,0.0,0.0
2023-03-24,ASII,5925.0,6000.0,5900.0,5950.0,4228.50146484375,60721800,0.0,0.0
2023-03-27,ASII,5950.0,5975.0,5875.0,5875.0,4175.20068359375,32493100,0.0,0.0
2023-03-28,ASII,5900.0,5925.0,5850.0,5850.0,4157.43408203125,42944400,0.0,0.0
2023-03-29,ASII,5850.0,6050.0,5850.0,5950.0,4228.50146484375,81945000,0.0,0.0
2023-03-30,ASII,5975.0,5975.0,5900.0,5900.0,4192.9677734375,40174400,0.0,0.0
2023-03-31,ASII,5950.0,6025.0,5925.0,6000.0,4264.03466796875,40364100,0.0,0.0
2023-04-03,ASII,6050.0,6100.0,5975.0,6000.0,4264.03466796875,44636200,0.0,0.0
2023-04-04,ASII,6025.0,6050.0,5950.0,6025.0,4281.80126953125,35612700,0.0,0.0
2023-04-05,ASII,6025.0,6050.0,5975.0,6000.0,4264.03466796875,27556300,0.0,0.0
2023-04-06,ASII,6000.0,6000.0,5925.0,5925.0,4210.734375,32964500,0.0,0.0
2023-04-10,ASII,5950.0,5975.0,5875.0,5975.0,4246.26708984375,40039500,0.0,0.0
2023-04-11,ASII,5950.0,6100.0,5925.0,6075.0,4317.3349609375,37545800,0.0,0.0
2023-04-12,ASII,6150.0,6300.0,6125.0,6250.0,4441.70263671875,126817700,0.0,0.0
2023-04-13,ASII,6225.0,6275.0,6175.0,6250.0,4441.70263671875,35138600,0.0,0.0
2023-04-14,ASII,6275.0,6300.0,6200.0,6200.0,4406.1689453125,45556300,0.0,0.0
2023-04-17,ASII,6200.0,6275.0,6200.0,6225.0,4423.935546875,33965200,0.0,0.0
2023-04-18,ASII,6275.0,6475.0,6275.0,6425.0,4566.0703125,101792500,0.0,0.0
2023-04-26,ASII,6625.0,6700.0,6500.0,6700.0,4761.5048828125,182919200,0.0,0.0
2023-04-27,ASII,6675.0,6725.0,6625.0,6700.0,4761.5048828125,45762900,0.0,0.0
2023-04-28,ASII,6700.0,6750.0,6675.0,6750.0,4797.03857421875,64976400,0.0,0.0
2023-05-02,ASII,6775.0,6775.0,6600.0,6675.0,4743.73828125,62972600,0.0,0.0
2023-05-03,ASII,6700.0,6725.0,6550.0,6625.0,4708.20458984375,106341300,0.0,0.0
2023-05-04,ASII,6600.0,6625.0,6550.0,6600.0,4690.43798828125,132167800,0.0,0.0
2023-05-05,ASII,6150.0,6150.0,6150.0,6150.0,4769.54296875,82270600,552.0,0.0
2023-05-08,ASII,6150.0,6175.0,6050.0,6125.0,4750.15380859375,95087500,0.0,0.0
2023-05-09,ASII,6125.0,6325.0,6075.0,6325.0,4905.26123046875,96938100,0.0,0.0
2023-05-10,ASII,6350.0,6425.0,6300.0,6325.0,4905.26123046875,52404700,0.0,0.0
2023-05-11,ASII,6350.0,6350.0,6175.0,6250.0,4847.095703125,39596900,0.0,0.0
2023-05-12,ASII,6225.0,6275.0,6175.0,6225.0,4827.70703125,67576500,0.0,0.0
2023-05-15,ASII,6275.0,6350.0,6175.0,6350.0,4924.6494140625,42039400,0.0,0.0
2023-05-16,ASII,6350.0,6400.0,6250.0,6275.0,4866.484375,19445400,0.0,0.0
2023-05-17,ASII,6350.0,6350.0,6275.0,6325.0,4905.26123046875,29480000,0.0,0.0
2023-05-19,ASII,6400.0,6550.0,6350.0,6475.0,5021.591796875,75548600,0.0,0.0
2023-05-22,ASII,6525.0,6650.0,6425.0,6600.0,5118.533203125,63793800,0.0,0.0
2023-05-23,ASII,6600.0,6650.0,6550.0,6600.0,5118.533203125,49261900,0.0,0.0
2023-05-24,ASII,6575.0,6675.0,6500.0,6675.0,5176.69873046875,54136600,0.0,0.0
2023-05-25,ASII,6700.0,6700.0,6525.0,6600.0,5118.533203125,43564900,0.0,0.0
2023-05-26,ASII,6600.0,6600.0,6525.0,6600.0,5118.533203125,25356200,0.0,0.0
2023-05-29,ASII,6625.0,6625.0,6475.0,6600.0,5118.533203125,27939400,0.0,0.0
2023-05-30,ASII,6575.0,6600.0,6500.0,6500.0,5040.9794921875,23340800,0.0,0.0
2023-05-31,ASII,6500.0,6600.0,6450.0,6450.0,5002.203125,154796300,0.0,0.0
2023-06-05,ASII,6525.0,7000.0,6500.0,6825.0,5293.029296875,200252000,0.0,0.0
2023-06-06,ASII,6800.0,6925.0,6750.0,6800.0,5273.64013671875,65282100,0.0,0.0
2023-06-07,ASII,6800.0,6850.0,6675.0,6800.0,5273.64013671875,81991400,0.0,0.0
2023-06-08,ASII,6725.0,6775.0,6700.0,6775.0,5254.251953125,32704900,0.0,0.0
2023-06-09,ASII,6750.0,6800.0,6700.0,6800.0,5273.64013671875,24893400,0.0,0.0
2023-06-12,ASII,6800.0,6800.0,6675.0,6775.0,5254.251953125,37558000,0.0,0.0
2023-06-13,ASII,6775.0,6825.0,6750.0,6750.0,5234.86328125,23911800,0.0,0.0
2023-06-14,ASII,6750.0,6900.0,6750.0,6900.0,5351.19384765625,34146100,0.0,0.0
2023-06-15,ASII,6900.0,6900.0,6825.0,6875.0,5331.8056640625,16414000,0.0,0.0
2023-06-16,ASII,6850.0,6875.0,6775.0,6850.0,5312.41748046875,63892800,0.0,0.0
2023-06-19,ASII,6800.0,6875.0,6775.0,6875.0,5331.8056640625,12514200,0.0,0.0
2023-06-20,ASII,6825.0,6850.0,6775.0,6800.0,5273.64013671875,24394300,0.0,0.0
2023-06-21,ASII,6775.0,6975.0,6750.0,6925.0,5370.58203125,37629300,0.0,0.0
2023-06-22,ASII,6875.0,6900.0,6775.0,6775.0,5254.251953125,51199300,0.0,0.0
2023-06-23,ASII,6775.0,6825.0,6700.0,6775.0,5254.251953125,32156800,0.0,0.0
2023-06-26,ASII,6800.0,6900.0,6775.0,6800.0,5273.64013671875,31726400,0.0,0.0
2023-06-27,ASII,6800.0,6850.0,6775.0,6775.0,5254.251953125,36422700,0.0,0.0
2023-07-03,ASII,6775.0,6825.0,6750.0,6825.0,5293.029296875,37348600,0.0,0.0
2023-07-04,ASII,6825.0,6825.0,6700.0,6775.0,5254.251953125,20047800,0.0,0.0
2023-07-05,ASII,6775.0,6775.0,6700.0,6775.0,5254.251953125,34751800,0.0,0.0
2023-07-06,ASII,6775.0,6800.0,6750.0,6800.0,5273.64013671875,35473800,0.0,0.0
2023-07-07,ASII,6775.0,6825.0,6750.0,6825.0,5293.029296875,28755500,0.0,0.0
2023-07-10,ASII,6825.0,6825.0,6775.0,6775.0,5254.251953125,15301300,0.0,0.0
2023-07-11,ASII,6775.0,6800.0,6750.0,6800.0,5273.64013671875,32949200,0.0,0.0
2023-07-12,ASII,6775.0,6825.0,6750.0,6775.0,5254.251953125,29210200,0.0,0.0
2023-07-13,ASII,6775.0,6825.0,6750.0,6800.0,5273.64013671875,31298400,0.0,0.0
2023-07-14,ASII,6775.0,6825.0,6700.0,6750.0,5234.86328125,56060600,0.0,0.0
2023-07-17,ASII,6750.0,6775.0,6675.0,6675.0,5176.69873046875,41698600,0.0,0.0
2023-07-18,ASII,6675.0,6700.0,6475.0,6575.0,5099.14501953125,68904700,0.0,0.0
2023-07-20,ASII,6575.0,6575.0,6450.0,6525.0,5060.36865234375,64069100,0.0,0.0
2023-07-21,ASII,6500.0,6525.0,6375.0,6450.0,5002.203125,64037700,0.0,0.0
2023-07-24,ASII,6400.0,6600.0,6400.0,6550.0,5079.75634765625,40830500,0.0,0.0
2023-07-25,ASII,6600.0,6625.0,6500.0,6500.0,5040.9794921875,23958900,0.0,0.0
2023-07-26,ASII,6575.0,6625.0,6500.0,6600.0,5118.533203125,38599800,0.0,0.0
2023-07-27,ASII,6600.0,6600.0,6500.0,6525.0,5060.36865234375,27816700,0.0,0.0
2023-07-28,ASII,6500.0,6625.0,6475.0,6625.0,5137.921875,28288300,0.0,0.0
2023-07-31,ASII,6750.0,6950.0,6725.0,6850.0,5312.41748046875,87828900,0.0,0.0
2023-08-01,ASII,6875.0,6900.0,6800.0,6875.0,5331.8056640625,29425300,0.0,0.0
2023-08-02,ASII,6825.0,6850.0,6775.0,6850.0,5312.41748046875,29463700,0.0,0.0
2023-08-03,ASII,6800.0,6900.0,6775.0,6825.0,5293.029296875,29272000,0.0,0.0
2023-08-04,ASII,6825.0,6850.0,6750.0,6800.0,5273.64013671875,16646300,0.0,0.0
2023-08-07,ASII,6825.0,6900.0,6750.0,6875.0,5331.8056640625,32608000,0.0,0.0
2023-08-08,ASII,6850.0,6900.0,6825.0,6850.0,5312.41748046875,16515100,0.0,0.0
2023-08-09,ASII,6850.0,6875.0,6825.0,6875.0,5331.8056640625,13781700,0.0,0.0
2023-08-10,ASII,6850.0,6875.0,6750.0,6750.0,5234.86328125,32076700,0.0,0.0
2023-08-11,ASII,6750.0,6775.0,6650.0,6750.0,5234.86328125,42320900,0.0,0.0
2023-08-14,ASII,6700.0,6800.0,6700.0,6800.0,5273.64013671875,27616200,0.0,0.0
2023-08-15,ASII,6725.0,6775.0,6675.0,6725.0,5215.47509765625,32385400,0.0,0.0
2023-08-16,ASII,6675.0,6750.0,6650.0,6750.0,5234.86328125,24913200,0.0,0.0
2023-08-18,ASII,6675.0,6700.0,6500.0,6525.0,5060.36865234375,69001300,0.0,0.0
2023-08-21,ASII,6525.0,6550.0,6425.0,6475.0,5021.591796875,34702500,0.0,0.0
2023-08-22,ASII,6450.0,6600.0,6450.0,6550.0,5079.75634765625,37704700,0.0,0.0
2023-08-23,ASII,6550.0,6600.0,6525.0,6550.0,5079.75634765625,27624900,0.0,0.0
2023-08-24,ASII,6550.0,6600.0,6475.0,6475.0,5021.591796875,33278500,0.0,0.0
2023-08-25,ASII,6475.0,6500.0,6400.0,6450.0,5002.203125,35673300,0.0,0.0
2023-08-28,ASII,6500.0,6500.0,6400.0,6425.0,4982.814453125,14871100,0.0,0.0
2023-08-29,ASII,6450.0,6450.0,6375.0,6400.0,4963.4267578125,29937800,0.0,0.0
2023-08-30,ASII,6450.0,6525.0,6400.0,6450.0,5002.203125,41993300,0.0,0.0
2023-08-31,ASII,6450.0,6475.0,6400.0,6450.0,5002.203125,44502000,0.0,0.0
2023-09-01,ASII,6475.0,6575.0,6475.0,6550.0,5079.75634765625,26069500,0.0,0.0
2023-09-04,ASII,6575.0,6600.0,6525.0,6600.0,5118.533203125,17384000,0.0,0.0
2023-09-05,ASII,6600.0,6650.0,6550.0,6600.0,5118.533203125,23070700,0.0,0.0
2023-09-06,ASII,6575.0,6625.0,6525.0,6525.0,5060.36865234375,18421300,0.0,0.0
2023-09-07,ASII,6475.0,6500.0,6350.0,6400.0,4963.4267578125,49921600,0.0,0.0
2023-09-08,ASII,6450.0,6450.0,6350.0,6400.0,4963.4267578125,32416900,0.0,0.0
2023-09-11,ASII,6400.0,6425.0,6300.0,6375.0,4944.0380859375,33422100,0.0,0.0
2023-09-12,ASII,6375.0,6375.0,6300.0,6300.0,4885.873046875,30225600,0.0,0.0
2023-09-13,ASII,6325.0,6325.0,6225.0,6300.0,4885.873046875,40040900,0.0,0.0
2023-09-14,ASII,6325.0,6375.0,6250.0,6325.0,4905.26123046875,40259300,0.0,0.0
2023-09-15,ASII,6250.0,6325.0,6200.0,6300.0,4885.873046875,132198700,0.0,0.0
2023-09-18,ASII,6275.0,6325.0,6250.0,6300.0,4885.873046875,35517300,0.0,0.0
2023-09-19,ASII,6300.0,6375.0,6275.0,6350.0,4924.6494140625,31439200,0.0,0.0
2023-09-20,ASII,6350.0,6400.0,6300.0,6300.0,4885.873046875,39764900,0.0,0.0
2023-09-21,ASII,6300.0,6325.0,6200.0,6200.0,4808.3193359375,46231100,0.0,0.0
2023-09-22,ASII,6200.0,6275.0,6175.0,6200.0,4808.3193359375,30610900,0.0,0.0
2023-09-25,ASII,6225.0,6275.0,6200.0,6250.0,4847.095703125,32700500,0.0,0.0
2023-09-26,ASII,6225.0,6300.0,6200.0,6200.0,4808.3193359375,43217400,0.0,0.0
2023-09-27,ASII,6200.0,6250.0,6125.0,6150.0,4769.54296875,31688400,0.0,0.0
2023-09-29,ASII,6250.0,6275.0,6200.0,6225.0,4827.70703125,20902300,0.0,0.0
2023-10-02,ASII,6275.0,6350.0,6250.0,6275.0,4866.484375,23884400,0.0,0.0
2023-10-03,ASII,6275.0,6275.0,6200.0,6200.0,4808.3193359375,25350100,0.0,0.0
2023-10-04,ASII,6175.0,6200.0,6050.0,6075.0,4711.37744140625,55496200,0.0,0.0
2023-10-05,ASII,6125.0,6175.0,6025.0,6025.0,4672.6005859375,55924900,0.0,0.0
2023-10-06,ASII,6050.0,6150.0,6050.0,6075.0,4711.37744140625,18104300,0.0,0.0
2023-10-09,ASII,6150.0,6225.0,6100.0,6125.0,4750.15380859375,43718300,0.0,0.0
2023-10-10,ASII,6175.0,6175.0,6050.0,6050.0,4691.98876953125,36797700,0.0,0.0
2023-10-11,ASII,6075.0,6125.0,6050.0,6050.0,4691.98876953125,45959600,0.0,0.0
2023-10-12,ASII,6000.0,6025.0,5950.0,5950.0,4690.412109375,71954600,98.0,0.0
2023-10-13,ASII,6000.0,6025.0,5950.0,5975.0,4710.11962890625,32794800,0.0,0.0
2023-10-16,ASII,5925.0,5975.0,5825.0,5850.0,4611.58203125,52414600,0.0,0.0
2023-10-17,ASII,5875.0,5925.0,5850.0,5850.0,4611.58203125,40295600,0.0,0.0
2023-10-18,ASII,5850.0,6000.0,5825.0,5825.0,4591.87451171875,53751300,0.0,0.0
2023-10-19,ASII,5825.0,5850.0,5700.0,5725.0,4513.0439453125,60258300,0.0,0.0
2023-10-20,ASII,5675.0,5750.0,5650.0,5700.0,4493.33544921875,56606100,0.0,0.0
2023-10-23,ASII,5725.0,5750.0,5600.0,5600.0,4414.505859375,57516800,0.0,0.0
2023-10-24,ASII,5600.0,5850.0,5600.0,5800.0,4572.16650390625,57283100,0.0,0.0
2023-10-25,ASII,5825.0,5925.0,5775.0,5775.0,4552.458984375,51542400,0.0,0.0
2023-10-26,ASII,5775.0,5800.0,5675.0,5725.0,4513.0439453125,18969800,0.0,0.0
2023-10-27,ASII,5750.0,5775.0,5725.0,5725.0,4513.0439453125,35328800,0.0,0.0
2023-10-30,ASII,5750.0,5825.0,5675.0,5800.0,4572.16650390625,17820800,0.0,0.0
2023-10-31,ASII,5850.0,5900.0,5775.0,5775.0,4552.458984375,46118000,0.0,0.0
2023-11-01,ASII,5900.0,6000.0,5800.0,5800.0,4572.16650390625,91836500,0.0,0.0
2023-11-02,ASII,5850.0,5900.0,5800.0,5800.0,4572.16650390625,46166200,0.0,0.0
2023-11-03,ASII,5850.0,5925.0,5825.0,5900.0,4650.99658203125,43395900,0.0,0.0
2023-11-06,ASII,5925.0,5950.0,5900.0,5925.0,4670.70556640625,29757300,0.0,0.0
2023-11-07,ASII,5925.0,5950.0,5775.0,5825.0,4591.87451171875,30298200,0.0,0.0
2023-11-08,ASII,5800.0,5825.0,5675.0,5725.0,4513.0439453125,38367700,0.0,0.0
2023-11-09,ASII,5775.0,5825.0,5725.0,5750.0,4532.751953125,20420100,0.0,0.0
2023-11-10,ASII,5725.0,5775.0,5725.0,5775.0,4552.458984375,15229800,0.0,0.0
2023-11-13,ASII,5825.0,5825.0,5650.0,5650.0,4453.9208984375,24673700,0.0,0.0
2023-11-14,ASII,5675.0,5725.0,5650.0,5675.0,4473.62890625,12066000,0.0,0.0
2023-11-15,ASII,5750.0,5850.0,5700.0,5750.0,4532.751953125,34814300,0.0,0.0
2023-11-16,ASII,5750.0,5825.0,5725.0,5825.0,4591.87451171875,17422800,0.0,0.0
2023-11-17,ASII,5800.0,5825.0,5700.0,5700.0,4493.33544921875,27116700,0.0,0.0
2023-11-20,ASII,5725.0,5850.0,5700.0,5800.0,4572.16650390625,22940000,0.0,0.0
2023-11-21,ASII,5800.0,5850.0,5750.0,5775.0,4552.458984375,17153300,0.0,0.0
2023-11-22,ASII,5775.0,5775.0,5650.0,5675.0,4473.62890625,36329500,0.0,0.0
2023-11-23,ASII,5675.0,5725.0,5675.0,5700.0,4493.33544921875,43425400,0.0,0.0
2023-11-24,ASII,5700.0,5750.0,5700.0,5725.0,4513.0439453125,9347300,0.0,0.0
2023-11-27,ASII,5725.0,5750.0,5600.0,5625.0,4434.212890625,63360900,0.0,0.0
2023-11-28,ASII,5675.0,5675.0,5550.0,5550.0,4375.0908203125,86907600,0.0,0.0
2023-11-29,ASII,5600.0,5650.0,5525.0,5525.0,4355.38232421875,75070800,0.0,0.0
2023-11-30,ASII,5575.0,5575.0,5400.0,5400.0,4256.84521484375,161684600,0.0,0.0
2023-12-01,ASII,5450.0,5750.0,5450.0,5750.0,4532.751953125,145374400,0.0,0.0
2023-12-04,ASII,5750.0,5825.0,5725.0,5750.0,4532.751953125,57590700,0.0,0.0
2023-12-05,ASII,5775.0,5800.0,5675.0,5725.0,4513.0439453125,25787200,0.0,0.0
2023-12-06,ASII,5700.0,5825.0,5700.0,5725.0,4513.0439453125,41363700,0.0,0.0
2023-12-07,ASII,5750.0,5750.0,5600.0,5675.0,4473.62890625,40599000,0.0,0.0
2023-12-08,ASII,5675.0,5700.0,5625.0,5675.0,4473.62890625,26972000,0.0,0.0
2023-12-11,ASII,5650.0,5675.0,5525.0,5600.0,4414.505859375,39510200,0.0,0.0
2023-12-12,ASII,5675.0,5675.0,5550.0,5575.0,4394.79833984375,19272900,0.0,0.0
2023-12-13,ASII,5550.0,5600.0,5525.0,5525.0,4355.38232421875,31196600,0.0,0.0
2023-12-14,ASII,5600.0,5650.0,5575.0,5625.0,4434.212890625,65510200,0.0,0.0
2023-12-15,ASII,5625.0,5700.0,5600.0,5650.0,4453.9208984375,93580400,0.0,0.0
2023-12-18,ASII,5650.0,5650.0,5550.0,5600.0,4414.505859375,39134200,0.0,0.0
2023-12-19,ASII,5625.0,5650.0,5600.0,5625.0,4434.212890625,33668300,0.0,0.0
2023-12-20,ASII,5650.0,5700.0,5625.0,5625.0,4434.212890625,27178500,0.0,0.0
2023-12-21,ASII,5600.0,5600.0,5475.0,5550.0,4375.0908203125,114749900,0.0,0.0
2023-12-22,ASII,5550.0,5600.0,5500.0,5550.0,4375.0908203125,38055800,0.0,0.0
2023-12-27,ASII,5550.0,5575.0,5500.0,5550.0,4375.0908203125,34332400,0.0,0.0
2023-12-28,ASII,5575.0,5600.0,5550.0,5600.0,4414.505859375,31643200,0.0,0.0
2023-12-29,ASII,5600.0,5675.0,5575.0,5650.0,4453.9208984375,36245000,0.0,0.0
2024-01-02,ASII,5625.0,5700.0,5575.0,5700.0,4493.33544921875,36479600,0.0,0.0
2024-01-03,ASII,5700.0,5700.0,5600.0,5600.0,4414.505859375,37187300,0.0,0.0
2024-01-04,ASII,5600.0,5750.0,5600.0,5700.0,4493.33544921875,52008000,0.0,0.0
2024-01-05,ASII,5725.0,5750.0,5625.0,5625.0,4434.212890625,39167600,0.0,0.0
2024-01-08,ASII,5625.0,5675.0,5550.0,5575.0,4394.79833984375,39614600,0.0,0.0
2024-01-09,ASII,5600.0,5600.0,5525.0,5575.0,4394.79833984375,36777600,0.0,0.0
2024-01-10,ASII,5500.0,5575.0,5450.0,5525.0,4355.38232421875,75423900,0.0,0.0
2024-01-11,ASII,5550.0,5625.0,5525.0,5550.0,4375.0908203125,39941000,0.0,0.0
2024-01-12,ASII,5550.0,5625.0,5550.0,5600.0,4414.505859375,28821000,0.0,0.0
2024-01-15,ASII,5600.0,5600.0,5500.0,5525.0,4355.38232421875,79502600,0.0,0.0
2024-01-16,ASII,5525.0,5525.0,5475.0,5500.0,4335.6748046875,44840900,0.0,0.0
2024-01-17,ASII,5500.0,5525.0,5350.0,5400.0,4256.84521484375,114587100,0.0,0.0
2024-01-18,ASII,5400.0,5400.0,5325.0,5375.0,4237.13720703125,71517600,0.0,0.0
2024-01-19,ASII,5375.0,5400.0,5300.0,5350.0,4217.4296875,52865000,0.0,0.0
2024-01-22,ASII,5350.0,5425.0,5225.0,5225.0,4118.8916015625,169967200,0.0,0.0
2024-01-23,ASII,5150.0,5200.0,5075.0,5125.0,4040.06103515625,176612600,0.0,0.0
2024-01-24,ASII,5150.0,5175.0,4980.0,5075.0,4000.645751953125,246293300,0.0,0.0
2024-01-25,ASII,5075.0,5150.0,5025.0,5050.0,3980.93798828125,81025300,0.0,0.0
2024-01-26,ASII,5050.0,5075.0,4990.0,5075.0,4000.645751953125,71861600,0.0,0.0
2024-01-29,ASII,5075.0,5075.0,4910.0,4930.0,3886.341552734375,132819200,0.0,0.0
2024-01-30,ASII,4920.0,5175.0,4900.0,5100.0,4020.353515625,165689300,0.0,0.0
2024-01-31,ASII,5125.0,5150.0,5050.0,5125.0,4040.06103515625,79343600,0.0,0.0
2024-02-01,ASII,5100.0,5175.0,5075.0,5125.0,4040.06103515625,55358600,0.0,0.0
2024-02-02,ASII,5150.0,5325.0,5125.0,5325.0,4197.7216796875,104840200,0.0,0.0
2024-02-05,ASII,5325.0,5350.0,5150.0,5175.0,4079.475830078125,88826000,0.0,0.0
2024-02-06,ASII,5175.0,5275.0,5150.0,5250.0,4138.59912109375,46257400,0.0,0.0
2024-02-07,ASII,5250.0,5325.0,5250.0,5325.0,4197.7216796875,68376900,0.0,0.0
2024-02-12,ASII,5300.0,5350.0,5225.0,5300.0,4178.01416015625,80552600,0.0,0.0
2024-02-13,ASII,5300.0,5300.0,5150.0,5200.0,4099.18408203125,63689100,0.0,0.0
2024-02-15,ASII,5325.0,5325.0,5075.0,5125.0,4040.06103515625,124120800,0.0,0.0
2024-02-16,ASII,5125.0,5200.0,5100.0,5200.0,4099.18408203125,75502700,0.0,0.0
2024-02-19,ASII,5200.0,5250.0,5075.0,5125.0,4040.06103515625,89709800,0.0,0.0
2024-02-20,ASII,5125.0,5250.0,5125.0,5200.0,4099.18408203125,41623800,0.0,0.0
2024-02-21,ASII,5200.0,5300.0,5175.0,5250.0,4138.59912109375,68374800,0.0,0.0
2024-02-22,ASII,5275.0,5300.0,5275.0,5275.0,4158.306640625,41938600,0.0,0.0
2024-02-23,ASII,5250.0,5275.0,5100.0,5125.0,4040.06103515625,81214600,0.0,0.0
2024-02-26,ASII,5150.0,5200.0,5075.0,5125.0,4040.06103515625,50291500,0.0,0.0
2024-02-27,ASII,5125.0,5175.0,5050.0,5175.0,4079.475830078125,46555200,0.0,0.0
2024-02-28,ASII,5325.0,5425.0,5200.0,5225.0,4118.8916015625,216020000,0.0,0.0
2024-02-29,ASII,5250.0,5300.0,5200.0,5225.0,4118.8916015625,85412900,0.0,0.0
2024-03-01,ASII,5225.0,5275.0,5150.0,5225.0,4118.8916015625,64835200,0.0,0.0
2024-03-04,ASII,5250.0,5275.0,5175.0,5200.0,4099.18408203125,57118400,0.0,0.0
2024-03-05,ASII,5225.0,5225.0,5100.0,5100.0,4020.353515625,53172900,0.0,0.0
2024-03-06,ASII,5125.0,5200.0,5100.0,5175.0,4079.475830078125,29210000,0.0,0.0
2024-03-07,ASII,5175.0,5200.0,5100.0,5125.0,4040.06103515625,55244400,0.0,0.0
2024-03-08,ASII,5150.0,5175.0,5125.0,5150.0,4059.768798828125,39983000,0.0,0.0
2024-03-13,ASII,5150.0,5200.0,5125.0,5150.0,4059.768798828125,63672300,0.0,0.0
2024-03-14,ASII,5175.0,5300.0,5150.0,5275.0,4158.306640625,79465800,0.0,0.0
2024-03-15,ASII,5300.0,5300.0,5175.0,5175.0,4079.475830078125,164222200,0.0,0.0
2024-03-18,ASII,5200.0,5250.0,5150.0,5150.0,4059.768798828125,50943600,0.0,0.0
2024-03-19,ASII,5150.0,5250.0,5150.0,5225.0,4118.8916015625,48398600,0.0,0.0
2024-03-20,ASII,5225.0,5275.0,5225.0,5275.0,4158.306640625,56191300,0.0,0.0
2024-03-21,ASII,5300.0,5400.0,5275.0,5350.0,4217.4296875,67351800,0.0,0.0
2024-03-22,ASII,5375.0,5375.0,5325.0,5375.0,4237.13720703125,46341000,0.0,0.0
2024-03-25,ASII,5425.0,5425.0,5325.0,5350.0,4217.4296875,39759600,0.0,0.0
2024-03-26,ASII,5375.0,5375.0,5250.0,5300.0,4178.01416015625,57175300,0.0,0.0
2024-03-27,ASII,5300.0,5325.0,5250.0,5275.0,4158.306640625,47174800,0.0,0.0
2024-03-28,ASII,5275.0,5275.0,5100.0,5150.0,4059.768798828125,107123600,0.0,0.0
2024-04-01,ASII,5175.0,5225.0,5150.0,5200.0,4099.18408203125,42828200,0.0,0.0
2024-04-02,ASII,5225.0,5275.0,5175.0,5275.0,4158.306640625,41029100,0.0,0.0
2024-04-03,ASII,5275.0,5275.0,5200.0,5250.0,4138.59912109375,39260600,0.0,0.0
2024-04-04,ASII,5250.0,5250.0,5150.0,5175.0,4079.475830078125,48395600,0.0,0.0
2024-04-05,ASII,5150.0,5325.0,5150.0,5275.0,4158.306640625,59190300,0.0,0.0
2024-04-16,ASII,5175.0,5225.0,5100.0,5100.0,4020.353515625,137258300,0.0,0.0
2024-04-17,ASII,5150.0,5175.0,5100.0,5125.0,4040.06103515625,47211000,0.0,0.0
2024-04-18,ASII,5150.0,5150.0,5050.0,5100.0,4020.353515625,81583700,0.0,0.0
2024-04-19,ASII,5050.0,5075.0,4870.0,4900.0,3862.69287109375,185008500,0.0,0.0
2024-04-22,ASII,4940.0,4990.0,4940.0,4950.0,3902.10791015625,57689200,0.0,0.0
2024-04-23,ASII,4990.0,5075.0,4990.0,5025.0,3961.230712890625,49438000,0.0,0.0
2024-04-24,ASII,5000.0,5050.0,4910.0,4910.0,3870.57568359375,65796800,0.0,0.0
2024-04-25,ASII,4910.0,4980.0,4910.0,4950.0,3902.10791015625,52139300,0.0,0.0
2024-04-26,ASII,4980.0,4980.0,4880.0,4880.0,3846.92626953125,70877700,0.0,0.0
2024-04-29,ASII,4920.0,5050.0,4900.0,5025.0,3961.230712890625,68303100,0.0,0.0
2024-04-30,ASII,5050.0,5225.0,4980.0,5150.0,4059.768798828125,142632100,0.0,0.0
2024-05-02,ASII,5225.0,5275.0,5175.0,5175.0,4079.475830078125,100889100,0.0,0.0
2024-05-03,ASII,5225.0,5250.0,5200.0,5225.0,4118.8916015625,44094400,0.0,0.0
2024-05-06,ASII,5250.0,5250.0,5075.0,5100.0,4020.353515625,70400000,0.0,0.0
2024-05-07,ASII,5100.0,5125.0,5025.0,5050.0,3980.93798828125,58780600,0.0,0.0
2024-05-08,ASII,5075.0,5150.0,5000.0,5125.0,4040.06103515625,86738900,0.0,0.0
2024-05-13,ASII,5150.0,5175.0,5075.0,5075.0,4000.645751953125,143316000,0.0,0.0
2024-05-14,ASII,4680.0,4690.0,4580.0,4580.0,3937.034423828125,264535600,421.0,0.0
2024-05-15,ASII,4570.0,4620.0,4530.0,4530.0,3894.053466796875,109962400,0.0,0.0
2024-05-16,ASII,4590.0,4720.0,4540.0,4710.0,4048.784423828125,149039700,0.0,0.0
2024-05-17,ASII,4710.0,4810.0,4690.0,4800.0,4126.1494140625,101492400,0.0,0.0
2024-05-20,ASII,4800.0,4830.0,4730.0,4740.0,4074.572509765625,58021800,0.0,0.0
2024-05-21,ASII,4750.0,4770.0,4700.0,4700.0,4040.1884765625,57558000,0.0,0.0
2024-05-22,ASII,4720.0,4730.0,4700.0,4710.0,4048.784423828125,25932300,0.0,0.0
2024-05-27,ASII,4700.0,4720.0,4550.0,4550.0,3911.245849609375,86050000,0.0,0.0
2024-05-28,ASII,4560.0,4600.0,4510.0,4510.0,3876.861083984375,42542400,0.0,0.0
2024-05-29,ASII,4800.0,4800.0,4370.0,4460.0,3833.880615234375,148814900,0.0,0.0
2024-05-30,ASII,4450.0,4450.0,4310.0,4320.0,3713.534423828125,112636300,0.0,0.0
2024-05-31,ASII,4340.0,4370.0,4290.0,4290.0,3687.74609375,144592700,0.0,0.0
2024-06-03,ASII,4330.0,4530.0,4330.0,4500.0,3868.264892578125,77444200,0.0,0.0
2024-06-04,ASII,4510.0,4630.0,4480.0,4580.0,3937.034423828125,92676800,0.0,0.0
2024-06-05,ASII,4560.0,4640.0,4550.0,4600.0,3954.226318359375,65856400,0.0,0.0
2024-06-06,ASII,4620.0,4620.0,4530.0,4560.0,3919.841552734375,43632400,0.0,0.0
2024-06-07,ASII,4550.0,4570.0,4530.0,4560.0,3919.841552734375,34027900,0.0,0.0
2024-06-10,ASII,4560.0,4560.0,4500.0,4510.0,3876.861083984375,19932200,0.0,0.0
2024-06-11,ASII,4500.0,4500.0,4350.0,4350.0,3739.322998046875,71234400,0.0,0.0
2024-06-12,ASII,4350.0,4410.0,4290.0,4360.0,3747.9189453125,65665400,0.0,0.0
2024-06-13,ASII,4410.0,4480.0,4400.0,4460.0,3833.880615234375,55824400,0.0,0.0
2024-06-14,ASII,4480.0,4530.0,4410.0,4420.0,3799.49609375,57967500,0.0,0.0
2024-06-19,ASII,4450.0,4510.0,4420.0,4450.0,3825.28466796875,48727600,0.0,0.0
2024-06-20,ASII,4440.0,4470.0,4360.0,4450.0,3825.28466796875,35160300,0.0,0.0
2024-06-21,ASII,4450.0,4530.0,4410.0,4490.0,3859.668701171875,98313200,0.0,0.0
2024-06-24,ASII,4480.0,4500.0,4410.0,4430.0,3808.092041015625,36677200,0.0,0.0
2024-06-25,ASII,4440.0,4440.0,4360.0,4400.0,3782.303955078125,50385000,0.0,0.0
2024-06-26,ASII,4400.0,4450.0,4370.0,4420.0,3799.49609375,38397100,0.0,0.0
2024-06-27,ASII,4430.0,4440.0,4400.0,4430.0,3808.092041015625,21784700,0.0,0.0
2024-06-28,ASII,4430.0,4560.0,4430.0,4460.0,3833.880615234375,127293900,0.0,0.0
2024-07-01,ASII,4490.0,4620.0,4490.0,4620.0,3971.4189453125,141627300,0.0,0.0
2024-07-02,ASII,4610.0,4620.0,4510.0,4530.0,3894.053466796875,72229800,0.0,0.0
2024-07-03,ASII,4550.0,4580.0,4520.0,4570.0,3928.438232421875,30743200,0.0,0.0
2024-07-04,ASII,4580.0,4610.0,4550.0,4550.0,3911.245849609375,44755400,0.0,0.0
2024-07-05,ASII,4570.0,4610.0,4540.0,4580.0,3937.034423828125,53196500,0.0,0.0
2024-07-08,ASII,4600.0,4640.0,4560.0,4640.0,3988.611083984375,69535000,0.0,0.0
2024-07-09,ASII,4620.0,4620.0,4540.0,4560.0,3919.841552734375,84784500,0.0,0.0
2024-07-10,ASII,4570.0,4580.0,4520.0,4540.0,3902.649658203125,44563900,0.0,0.0
2024-07-11,ASII,4550.0,4600.0,4500.0,4510.0,3876.861083984375,71140800,0.0,0.0
2024-07-12,ASII,4510.0,4570.0,4500.0,4540.0,3902.649658203125,54299700,0.0,0.0
2024-07-15,ASII,4540.0,4550.0,4460.0,4470.0,3842.476806640625,53234000,0.0,0.0
2024-07-16,ASII,4480.0,4490.0,4380.0,4380.0,3765.111572265625,83814800,0.0,0.0
2024-07-17,ASII,4420.0,4470.0,4400.0,4460.0,3833.880615234375,49379700,0.0,0.0
2024-07-18,ASII,4470.0,4540.0,4460.0,4540.0,3902.649658203125,54184300,0.0,0.0
2024-07-19,ASII,4520.0,4540.0,4480.0,4530.0,3894.053466796875,40785800,0.0,0.0
2024-07-22,ASII,4530.0,4540.0,4480.0,4520.0,3885.457275390625,33128600,0.0,0.0
2024-07-23,ASII,4510.0,4530.0,4450.0,4450.0,3825.28466796875,46427300,0.0,0.0
2024-07-24,ASII,4470.0,4560.0,4460.0,4530.0,3894.053466796875,50741700,0.0,0.0
2024-07-25,ASII,4530.0,4530.0,4450.0,4490.0,3859.668701171875,40364400,0.0,0.0
2024-07-26,ASII,4500.0,4620.0,4500.0,4610.0,3962.822998046875,92236800,0.0,0.0
2024-07-29,ASII,4620.0,4630.0,4580.0,4610.0,3962.822998046875,42232800,0.0,0.0
2024-07-30,ASII,4610.0,4610.0,4520.0,4540.0,3902.649658203125,40995800,0.0,0.0
2024-07-31,ASII,4620.0,4730.0,4590.0,4720.0,4057.38037109375,170406600,0.0,0.0
2024-08-01,ASII,4700.0,4740.0,4660.0,4740.0,4074.572509765625,50775700,0.0,0.0
2024-08-02,ASII,4710.0,4740.0,4670.0,4690.0,4031.592041015625,47509800,0.0,0.0
2024-08-05,ASII,4640.0,4650.0,4520.0,4560.0,3919.841552734375,93952300,0.0,0.0
2024-08-06,ASII,4600.0,4620.0,4540.0,4610.0,3962.822998046875,56748800,0.0,0.0
2024-08-07,ASII,4600.0,4630.0,4560.0,4630.0,3980.014892578125,72464900,0.0,0.0
2024-08-08,ASII,4620.0,4750.0,4600.0,4740.0,4074.572509765625,116387300,0.0,0.0
2024-08-09,ASII,4760.0,4790.0,4730.0,4760.0,4091.7646484375,44489500,0.0,0.0
2024-08-12,ASII,4760.0,4780.0,4720.0,4760.0,4091.7646484375,34027600,0.0,0.0
2024-08-13,ASII,4800.0,4800.0,4740.0,4760.0,4091.7646484375,43904800,0.0,0.0
2024-08-14,ASII,4800.0,4930.0,4770.0,4890.0,4203.5146484375,91874600,0.0,0.0
2024-08-15,ASII,4890.0,4920.0,4840.0,4890.0,4203.5146484375,46694800,0.0,0.0
2024-08-16,ASII,4900.0,4990.0,4900.0,4970.0,4272.28369140625,65502100,0.0,0.0
2024-08-19,ASII,4970.0,5050.0,4940.0,5025.0,4319.56298828125,54296700,0.0,0.0
2024-08-20,ASII,5050.0,5150.0,5025.0,5125.0,4405.52392578125,94493800,0.0,0.0
2024-08-21,ASII,5150.0,5225.0,5075.0,5075.0,4362.54345703125,94502800,0.0,0.0
2024-08-22,ASII,5025.0,5050.0,4990.0,5000.0,4298.072265625,63177200,0.0,0.0
2024-08-23,ASII,5050.0,5175.0,5050.0,5100.0,4384.0341796875,52275100,0.0,0.0
2024-08-26,ASII,5125.0,5200.0,5125.0,5150.0,4427.0146484375,30540900,0.0,0.0
2024-08-27,ASII,5150.0,5175.0,5075.0,5150.0,4427.0146484375,30475700,0.0,0.0
2024-08-28,ASII,5150.0,5150.0,5000.0,5025.0,4319.56298828125,64090900,0.0,0.0
2024-08-29,ASII,5050.0,5075.0,5000.0,5075.0,4362.54345703125,42502100,0.0,0.0
2024-08-30,ASII,5075.0,5125.0,5025.0,5100.0,4384.0341796875,74429400,0.0,0.0
2024-09-02,ASII,5100.0,5225.0,5100.0,5200.0,4469.99560546875,84858600,0.0,0.0
2024-09-03,ASII,5225.0,5225.0,5125.0,5125.0,4405.52392578125,34864300,0.0,0.0
2024-09-04,ASII,5050.0,5100.0,5025.0,5050.0,4341.052734375,45331200,0.0,0.0
2024-09-05,ASII,5075.0,5125.0,5050.0,5075.0,4362.54345703125,34711100,0.0,0.0
2024-09-06,ASII,5050.0,5125.0,5050.0,5050.0,4341.052734375,32014300,0.0,0.0
2024-09-09,ASII,5050.0,5100.0,5000.0,5025.0,4319.56298828125,55466500,0.0,0.0
2024-09-10,ASII,5075.0,5100.0,5000.0,5025.0,4319.56298828125,58871700,0.0,0.0
2024-09-11,ASII,5025.0,5050.0,5000.0,5025.0,4319.56298828125,27381100,0.0,0.0
2024-09-12,ASII,5025.0,5075.0,5025.0,5025.0,4319.56298828125,24718300,0.0,0.0
2024-09-13,ASII,5025.0,5075.0,5025.0,5075.0,4362.54345703125,24921900,0.0,0.0
2024-09-17,ASII,5075.0,5100.0,5025.0,5075.0,4362.54345703125,35574000,0.0,0.0
2024-09-18,ASII,5100.0,5275.0,5075.0,5250.0,4512.9755859375,123540100,0.0,0.0
2024-09-19,ASII,5275.0,5275.0,5200.0,5275.0,4534.46630859375,57254000,0.0,0.0
2024-09-20,ASII,5275.0,5275.0,5200.0,5225.0,4491.48583984375,47509500,0.0,0.0
2024-09-23,ASII,5250.0,5275.0,5225.0,5225.0,4491.48583984375,23362800,0.0,0.0
2024-09-24,ASII,5250.0,5275.0,5225.0,5275.0,4534.46630859375,43482600,0.0,0.0
2024-09-25,ASII,5300.0,5300.0,5150.0,5225.0,4491.48583984375,63437200,0.0,0.0
2024-09-26,ASII,5250.0,5275.0,5175.0,5250.0,4512.9755859375,56030300,0.0,0.0
2024-09-27,ASII,5275.0,5275.0,5050.0,5100.0,4384.0341796875,57476200,0.0,0.0
2024-09-30,ASII,5100.0,5100.0,5000.0,5050.0,4341.052734375,66737800,0.0,0.0
2024-10-01,ASII,5100.0,5175.0,5075.0,5175.0,4448.5048828125,39024000,0.0,0.0
2024-10-02,ASII,5150.0,5150.0,5050.0,5150.0,4427.0146484375,39888600,0.0,0.0
2024-10-03,ASII,5175.0,5250.0,5100.0,5250.0,4512.9755859375,56763900,0.0,0.0
2024-10-04,ASII,5250.0,5250.0,5100.0,5150.0,4427.0146484375,35939300,0.0,0.0
2024-10-07,ASII,5150.0,5175.0,5075.0,5100.0,4384.0341796875,27889100,0.0,0.0
2024-10-08,ASII,5100.0,5225.0,5075.0,5225.0,4491.48583984375,42347600,0.0,0.0
2024-10-09,ASII,5225.0,5225.0,5075.0,5075.0,4362.54345703125,33544900,0.0,0.0
2024-10-10,ASII,5100.0,5125.0,5075.0,5125.0,4405.52392578125,27734400,0.0,0.0
2024-10-11,ASII,5125.0,5150.0,5075.0,5075.0,4362.54345703125,39320000,0.0,0.0
2024-10-14,ASII,5025.0,5025.0,4920.0,4930.0,4321.34619140625,71369100,98.0,0.0
2024-10-15,ASII,4930.0,4970.0,4900.0,4930.0,4321.34619140625,61263600,0.0,0.0
2024-10-16,ASII,4950.0,4960.0,4900.0,4960.0,4347.642578125,80530100,0.0,0.0
2024-10-17,ASII,4950.0,4970.0,4930.0,4950.0,4338.876953125,54164800,0.0,0.0
2024-10-18,ASII,4960.0,4960.0,4920.0,4920.0,4312.58056640625,39805400,0.0,0.0
2024-10-21,ASII,4950.0,5100.0,4930.0,5100.0,4470.3583984375,88954300,0.0,0.0
2024-10-22,ASII,5125.0,5275.0,5100.0,5275.0,4623.75244140625,132222000,0.0,0.0
2024-10-23,ASII,5275.0,5300.0,5175.0,5300.0,4645.66650390625,64519100,0.0,0.0
2024-10-24,ASII,5300.0,5300.0,5200.0,5275.0,4623.75244140625,50777100,0.0,0.0
2024-10-25,ASII,5275.0,5275.0,5200.0,5225.0,4579.92578125,27247500,0.0,0.0
2024-10-28,ASII,5250.0,5250.0,5125.0,5250.0,4601.8388671875,40165900,0.0,0.0
2024-10-29,ASII,5250.0,5250.0,5125.0,5125.0,4492.271484375,45247600,0.0,0.0
2024-10-30,ASII,5125.0,5200.0,5050.0,5200.0,4558.01220703125,33200300,0.0,0.0
2024-10-31,ASII,5300.0,5300.0,5100.0,5100.0,4470.3583984375,77263000,0.0,0.0
2024-11-01,ASII,5125.0,5175.0,5050.0,5075.0,4448.4443359375,54219100,0.0,0.0
2024-11-04,ASII,5075.0,5125.0,4980.0,5125.0,4492.271484375,52362100,0.0,0.0
2024-11-05,ASII,5125.0,5200.0,5075.0,5175.0,4536.0986328125,31165800,0.0,0.0
2024-11-06,ASII,5175.0,5175.0,5025.0,5050.0,4426.53076171875,32975900,0.0,0.0
2024-11-07,ASII,5050.0,5075.0,5000.0,5000.0,4382.70361328125,46053500,0.0,0.0
2024-11-08,ASII,5050.0,5075.0,4950.0,4960.0,4347.642578125,32828900,0.0,0.0
2024-11-11,ASII,4960.0,4990.0,4850.0,4970.0,4356.4072265625,49885000,0.0,0.0
2024-11-12,ASII,5000.0,5000.0,4930.0,4970.0,4356.4072265625,43239600,0.0,0.0
2024-11-13,ASII,5000.0,5025.0,4950.0,5025.0,4404.61767578125,24479600,0.0,0.0
2024-11-14,ASII,5025.0,5025.0,4930.0,4950.0,4338.876953125,38255700,0.0,0.0
2024-11-15,ASII,4940.0,4960.0,4920.0,4940.0,4330.11181640625,14867600,0.0,0.0
2024-11-18,ASII,4950.0,4970.0,4910.0,4930.0,4321.34619140625,17408700,0.0,0.0
2024-11-19,ASII,4930.0,4970.0,4900.0,4970.0,4356.4072265625,36816800,0.0,0.0
2024-11-20,ASII,4970.0,5025.0,4950.0,5000.0,4382.70361328125,18634300,0.0,0.0
2024-11-21,ASII,4990.0,4990.0,4890.0,4890.0,4286.2841796875,27662900,0.0,0.0
2024-11-22,ASII,4900.0,4960.0,4860.0,4910.0,4303.8154296875,21241800,0.0,0.0
2024-11-25,ASII,4950.0,5175.0,4940.0,5175.0,4536.0986328125,84518400,0.0,0.0
2024-11-26,ASII,5150.0,5200.0,5100.0,5150.0,4514.18505859375,45059300,0.0,0.0
2024-11-28,ASII,5200.0,5225.0,5125.0,5125.0,4492.271484375,30554200,0.0,0.0
2024-11-29,ASII,5125.0,5125.0,5025.0,5100.0,4470.3583984375,48756800,0.0,0.0
2024-12-02,ASII,5100.0,5150.0,4900.0,4940.0,4330.11181640625,47373200,0.0,0.0
2024-12-03,ASII,4980.0,5125.0,4970.0,5125.0,4492.271484375,46752800,0.0,0.0
2024-12-04,ASII,5100.0,5225.0,5075.0,5225.0,4579.92578125,51733400,0.0,0.0
2024-12-05,ASII,5225.0,5225.0,5125.0,5200.0,4558.01220703125,21948400,0.0,0.0
2024-12-06,ASII,5150.0,5175.0,5050.0,5150.0,4514.18505859375,36599600,0.0,0.0
2024-12-09,ASII,5150.0,5225.0,5100.0,5225.0,4579.92578125,37208600,0.0,0.0
2024-12-10,ASII,5200.0,5225.0,5150.0,5225.0,4579.92578125,41536400,0.0,0.0
2024-12-11,ASII,5175.0,5250.0,5175.0,5250.0,4601.8388671875,41090000,0.0,0.0
2024-12-12,ASII,5150.0,5225.0,5050.0,5100.0,4470.3583984375,37254100,0.0,0.0
2024-12-13,ASII,5100.0,5150.0,5050.0,5125.0,4492.271484375,27732300,0.0,0.0
2024-12-16,ASII,5075.0,5150.0,5000.0,5125.0,4492.271484375,35937800,0.0,0.0
2024-12-17,ASII,5100.0,5150.0,4950.0,4980.0,4365.1728515625,48682400,0.0,0.0
2024-12-18,ASII,4980.0,5050.0,4960.0,5000.0,4382.70361328125,27412000,0.0,0.0
2024-12-19,ASII,4950.0,4950.0,4860.0,4880.0,4277.51904296875,39151900,0.0,0.0
2024-12-20,ASII,4880.0,4900.0,4850.0,4870.0,4268.75390625,44851200,0.0,0.0
2024-12-23,ASII,4900.0,4950.0,4870.0,4950.0,4338.876953125,29678900,0.0,0.0
2024-12-24,ASII,4940.0,4980.0,4880.0,4880.0,4277.51904296875,22600500,0.0,0.0
2024-12-27,ASII,4890.0,4940.0,4880.0,4930.0,4321.34619140625,14456700,0.0,0.0
2024-12-30,ASII,4930.0,4940.0,4880.0,4900.0,4295.05029296875,23926400,0.0,0.0
2025-01-02,ASII,4910.0,4970.0,4900.0,4950.0,4338.876953125,17924000,0.0,0.0
2025-01-03,ASII,4950.0,4970.0,4920.0,4950.0,4338.876953125,12711800,0.0,0.0
2025-01-06,ASII,4950.0,5000.0,4860.0,4860.0,4259.98828125,18412500,0.0,0.0
2025-01-07,ASII,4860.0,4920.0,4850.0,4920.0,4312.58056640625,20452200,0.0,0.0
2025-01-08,ASII,4880.0,4910.0,4810.0,4810.0,4216.1611328125,23739400,0.0,0.0
2025-01-09,ASII,4830.0,4950.0,4830.0,4930.0,4321.34619140625,23802600,0.0,0.0
2025-01-10,ASII,4940.0,4960.0,4860.0,4900.0,4295.05029296875,31951800,0.0,0.0
2025-01-13,ASII,4910.0,4920.0,4720.0,4750.0,4163.568359375,46247300,0.0,0.0
2025-01-14,ASII,4770.0,4850.0,4750.0,4750.0,4163.568359375,28096700,0.0,0.0
2025-01-15,ASII,4790.0,4940.0,4780.0,4940.0,4330.11181640625,27497200,0.0,0.0
2025-01-16,ASII,5025.0,5025.0,4880.0,4880.0,4277.51904296875,30520200,0.0,0.0
2025-01-17,ASII,4860.0,4970.0,4840.0,4940.0,4330.11181640625,23691900,0.0,0.0
2025-01-20,ASII,4940.0,4960.0,4900.0,4910.0,4303.8154296875,11873200,0.0,0.0
2025-01-21,ASII,4930.0,4970.0,4900.0,4910.0,4303.8154296875,21762200,0.0,0.0
2025-01-22,ASII,4920.0,4980.0,4880.0,4960.0,4347.642578125,33116700,0.0,0.0
2025-01-23,ASII,4960.0,4980.0,4900.0,4900.0,4295.05029296875,17049700,0.0,0.0
2025-01-24,ASII,4900.0,4960.0,4870.0,4870.0,4268.75390625,19663900,0.0,0.0
2025-01-30,ASII,4870.0,4870.0,4780.0,4780.0,4189.86474609375,28147100,0.0,0.0
2025-01-31,ASII,4790.0,4840.0,4790.0,4800.0,4207.3955078125,27064100,0.0,0.0
2025-02-03,ASII,4800.0,4800.0,4740.0,4760.0,4172.333984375,33116100,0.0,0.0
2025-02-04,ASII,4770.0,4840.0,4760.0,4800.0,4207.3955078125,20631500,0.0,0.0
2025-02-05,ASII,4850.0,4850.0,4730.0,4740.0,4154.80322265625,20436200,0.0,0.0
2025-02-06,ASII,4740.0,4740.0,4520.0,4550.0,3988.260498046875,61645400,0.0,0.0
2025-02-07,ASII,4610.0,4670.0,4530.0,4650.0,4075.9150390625,33223300,0.0,0.0
2025-02-10,ASII,4610.0,4650.0,4520.0,4570.0,4005.79150390625,40230000,0.0,0.0
2025-02-11,ASII,4590.0,4650.0,4570.0,4610.0,4040.853271484375,32956400,0.0,0.0
2025-02-12,ASII,4680.0,4680.0,4620.0,4640.0,4067.149169921875,30762900,0.0,0.0
2025-02-13,ASII,4640.0,4670.0,4580.0,4660.0,4084.68017578125,21320200,0.0,0.0
2025-02-14,ASII,4660.0,4730.0,4640.0,4680.0,4102.2109375,31409000,0.0,0.0
2025-02-17,ASII,4680.0,4780.0,4670.0,4740.0,4154.80322265625,30270200,0.0,0.0
2025-02-18,ASII,4740.0,4840.0,4740.0,4800.0,4207.3955078125,31828200,0.0,0.0
2025-02-19,ASII,4820.0,4840.0,4610.0,4700.0,4119.7421875,47951400,0.0,0.0
2025-02-20,ASII,4700.0,4740.0,4650.0,4720.0,4137.2724609375,23653800,0.0,0.0
2025-02-21,ASII,4740.0,4800.0,4600.0,4750.0,4163.568359375,31937400,0.0,0.0
2025-02-24,ASII,4750.0,4770.0,4660.0,4700.0,4119.7421875,22303600,0.0,0.0
2025-02-25,ASII,4710.0,4750.0,4550.0,4560.0,3997.025634765625,42728600,0.0,0.0
2025-02-26,ASII,4560.0,4600.0,4520.0,4580.0,4014.556884765625,19351300,0.0,0.0
2025-02-27,ASII,4550.0,4590.0,4480.0,4590.0,4023.322021484375,37731000,0.0,0.0
2025-02-28,ASII,4650.0,4650.0,4370.0,4530.0,3970.729736328125,70620000,0.0,0.0
2025-03-03,ASII,4530.0,4720.0,4500.0,4680.0,4102.2109375,65345600,0.0,0.0
2025-03-04,ASII,4680.0,4700.0,4590.0,4690.0,4110.9765625,40873900,0.0,0.0
2025-03-05,ASII,4700.0,4900.0,4690.0,4900.0,4295.05029296875,86703900,0.0,0.0
2025-03-06,ASII,4900.0,4960.0,4860.0,4900.0,4295.05029296875,51276300,0.0,0.0
2025-03-07,ASII,4900.0,4970.0,4790.0,4930.0,4321.34619140625,59830500,0.0,0.0
2025-03-10,ASII,4900.0,4900.0,4750.0,4770.0,4181.099609375,53139600,0.0,0.0
2025-03-11,ASII,4720.0,4800.0,4700.0,4800.0,4207.3955078125,35571600,0.0,0.0
2025-03-12,ASII,4760.0,4830.0,4740.0,4810.0,4216.1611328125,29264500,0.0,0.0
2025-03-13,ASII,4790.0,4810.0,4680.0,4730.0,4146.0380859375,41066600,0.0,0.0
2025-03-14,ASII,4730.0,4730.0,4610.0,4620.0,4049.618408203125,35967600,0.0,0.0
2025-03-17,ASII,4660.0,4670.0,4610.0,4620.0,4049.618408203125,23856300,0.0,0.0
2025-03-18,ASII,4630.0,4650.0,4460.0,4650.0,4075.9150390625,66583100,0.0,0.0
2025-03-19,ASII,4650.0,4700.0,4610.0,4690.0,4110.9765625,37556400,0.0,0.0
2025-03-20,ASII,4690.0,4750.0,4640.0,4710.0,4128.50732421875,23310500,0.0,0.0
2025-03-21,ASII,4720.0,4840.0,4630.0,4840.0,4242.45703125,57730500,0.0,0.0
2025-03-24,ASII,4780.0,4780.0,4540.0,4690.0,4110.9765625,29695400,0.0,0.0
2025-03-25,ASII,4700.0,4700.0,4610.0,4650.0,4075.9150390625,26320300,0.0,0.0
2025-03-26,ASII,4660.0,4840.0,4660.0,4800.0,4207.3955078125,30508200,0.0,0.0
2025-03-27,ASII,4800.0,4920.0,4790.0,4920.0,4312.58056640625,44551200,0.0,0.0
2025-04-08,ASII,4800.0,4800.0,4450.0,4480.0,3926.90283203125,94752400,0.0,0.0
2025-04-09,ASII,4480.0,4660.0,4470.0,4620.0,4049.618408203125,46086300,0.0,0.0
2025-04-10,ASII,4750.0,4840.0,4690.0,4710.0,4128.50732421875,43115600,0.0,0.0
2025-04-11,ASII,4660.0,4740.0,4620.0,4710.0,4128.50732421875,31446100,0.0,0.0
2025-04-14,ASII,4740.0,4930.0,4710.0,4930.0,4321.34619140625,39843200,0.0,0.0
2025-04-15,ASII,4930.0,4950.0,4800.0,4870.0,4268.75390625,56488100,0.0,0.0
2025-04-16,ASII,4850.0,4860.0,4690.0,4780.0,4189.86474609375,44479500,0.0,0.0
2025-04-17,ASII,4770.0,4770.0,4710.0,4750.0,4163.568359375,28099700,0.0,0.0
2025-04-21,ASII,4750.0,4810.0,4740.0,4790.0,4198.63037109375,14313200,0.0,0.0
2025-04-22,ASII,4750.0,4780.0,4720.0,4740.0,4154.80322265625,29906300,0.0,0.0
2025-04-23,ASII,4770.0,4840.0,4770.0,4820.0,4224.9267578125,38609800,0.0,0.0
2025-04-24,ASII,4830.0,4840.0,4770.0,4770.0,4181.099609375,42307000,0.0,0.0
2025-04-25,ASII,4790.0,4910.0,4790.0,4860.0,4259.98828125,45465200,0.0,0.0
2025-04-28,ASII,4880.0,4930.0,4870.0,4890.0,4286.2841796875,22380800,0.0,0.0
2025-04-29,ASII,4910.0,4910.0,4800.0,4800.0,4207.3955078125,46881000,0.0,0.0
2025-04-30,ASII,4800.0,4840.0,4780.0,4800.0,4207.3955078125,46038900,0.0,0.0
2025-05-02,ASII,4810.0,4860.0,4760.0,4790.0,4198.63037109375,61301400,0.0,0.0
2025-05-05,ASII,4800.0,4810.0,4770.0,4780.0,4189.86474609375,30747900,0.0,0.0
2025-05-06,ASII,4780.0,4800.0,4750.0,4750.0,4163.568359375,53222000,0.0,0.0
2025-05-07,ASII,4780.0,4840.0,4770.0,4830.0,4233.69189453125,47790800,0.0,0.0
2025-05-08,ASII,4860.0,4930.0,4780.0,4780.0,4189.86474609375,92459500,0.0,0.0
2025-05-09,ASII,4790.0,4830.0,4780.0,4780.0,4189.86474609375,38964000,0.0,0.0
2025-05-14,ASII,4860.0,4880.0,4800.0,4810.0,4216.1611328125,92389200,0.0,0.0
2025-05-15,ASII,4820.0,4850.0,4810.0,4820.0,4224.9267578125,69701600,0.0,0.0
2025-05-16,ASII,4840.0,4880.0,4810.0,4880.0,4277.51904296875,64271600,0.0,0.0
2025-05-19,ASII,4890.0,4960.0,4880.0,4940.0,4330.11181640625,97782400,0.0,0.0
2025-05-20,ASII,4960.0,4960.0,4860.0,4860.0,4259.98828125,127610600,0.0,0.0
2025-05-21,ASII,4600.0,4690.0,4570.0,4670.0,4370.41845703125,115335300,308.0,0.0
2025-05-22,ASII,4680.0,4710.0,4630.0,4630.0,4332.984375,52032700,0.0,0.0
2025-05-23,ASII,4770.0,4780.0,4730.0,4740.0,4435.927734375,42300400,0.0,0.0
2025-05-26,ASII,4770.0,4780.0,4690.0,4730.0,4426.5693359375,40971400,0.0,0.0
2025-05-27,ASII,4710.0,4730.0,4660.0,4700.0,4398.494140625,38680100,0.0,0.0
2025-05-28,ASII,4710.0,4850.0,4660.0,4850.0,4538.87158203125,188036300,0.0,0.0
2025-06-02,ASII,4780.0,4800.0,4730.0,4780.0,4473.36181640625,115876200,0.0,0.0
2025-06-03,ASII,4750.0,4760.0,4650.0,4700.0,4398.494140625,51574100,0.0,0.0
2025-06-04,ASII,4760.0,4760.0,4610.0,4610.0,4314.267578125,55901000,0.0,0.0
2025-06-05,ASII,4640.0,4670.0,4610.0,4610.0,4314.267578125,38381400,0.0,0.0
2025-06-10,ASII,4670.0,4670.0,4600.0,4600.0,4304.90869140625,60469600,0.0,0.0
2025-06-11,ASII,4610.0,4630.0,4580.0,4610.0,4314.267578125,50550100,0.0,0.0
2025-06-12,ASII,4610.0,4620.0,4560.0,4560.0,4267.474609375,54629900,0.0,0.0
2025-06-13,ASII,4580.0,4600.0,4560.0,4570.0,4276.83349609375,38510500,0.0,0.0
2025-06-16,ASII,4570.0,4630.0,4560.0,4610.0,4314.267578125,29939400,0.0,0.0
2025-06-17,ASII,4640.0,4640.0,4590.0,4600.0,4304.90869140625,29978400,0.0,0.0
2025-06-18,ASII,4610.0,4620.0,4590.0,4590.0,4295.55029296875,19386900,0.0,0.0
2025-06-19,ASII,4590.0,4600.0,4500.0,4530.0,4239.3994140625,30832700,0.0,0.0
2025-06-20,ASII,4530.0,4530.0,4480.0,4490.0,4201.96533203125,50116600,0.0,0.0
2025-06-23,ASII,4470.0,4470.0,4400.0,4430.0,4145.814453125,28820000,0.0,0.0
2025-06-24,ASII,4470.0,4500.0,4430.0,4470.0,4183.24853515625,37523200,0.0,0.0
2025-06-25,ASII,4530.0,4530.0,4420.0,4470.0,4183.24853515625,33217200,0.0,0.0
2025-06-26,ASII,4440.0,4450.0,4410.0,4450.0,4164.53173828125,26909800,0.0,0.0
2025-06-30,ASII,4470.0,4520.0,4450.0,4500.0,4211.32373046875,41865200,0.0,0.0
2025-07-01,ASII,4490.0,4510.0,4440.0,4450.0,4164.53173828125,27410600,0.0,0.0
2025-07-02,ASII,4450.0,4550.0,4440.0,4540.0,4248.7578125,34231600,0.0,0.0
2025-07-03,ASII,4540.0,4590.0,4530.0,4570.0,4276.83349609375,24120100,0.0,0.0
2025-07-04,ASII,4600.0,4650.0,4570.0,4620.0,4323.6259765625,25298100,0.0,0.0
2025-07-07,ASII,4620.0,4680.0,4590.0,4680.0,4379.77685546875,20181800,0.0,0.0
2025-07-08,ASII,4670.0,4670.0,4620.0,4660.0,4361.06005859375,21173700,0.0,0.0
2025-07-09,ASII,4680.0,4720.0,4670.0,4720.0,4417.2109375,32577400,0.0,0.0
2025-07-10,ASII,4720.0,4730.0,4680.0,4680.0,4379.77685546875,21464100,0.0,0.0
2025-07-11,ASII,4720.0,4720.0,4680.0,4710.0,4407.8525390625,19382400,0.0,0.0
2025-07-14,ASII,4710.0,4750.0,4650.0,4700.0,4398.494140625,32985800,0.0,0.0
2025-07-15,ASII,4700.0,4700.0,4630.0,4700.0,4398.494140625,25045900,0.0,0.0
2025-07-16,ASII,4700.0,4810.0,4690.0,4750.0,4445.2861328125,53394000,0.0,0.0
2025-07-17,ASII,4750.0,4820.0,4730.0,4790.0,4482.72021484375,37859000,0.0,0.0
2025-07-18,ASII,4810.0,4840.0,4750.0,4750.0,4445.2861328125,23680400,0.0,0.0
2025-07-21,ASII,4810.0,4810.0,4720.0,4760.0,4454.64453125,17018900,0.0,0.0
2025-07-22,ASII,4760.0,4760.0,4680.0,4690.0,4389.1357421875,47232600,0.0,0.0
2025-07-23,ASII,4740.0,4950.0,4720.0,4950.0,4632.45654296875,94669900,0.0,0.0
2025-07-24,ASII,4990.0,5075.0,4980.0,5050.0,4726.041015625,72459700,0.0,0.0
2025-07-25,ASII,5000.0,5050.0,4950.0,5000.0,4679.24853515625,28079000,0.0,0.0
2025-07-28,ASII,5025.0,5100.0,4990.0,5100.0,4772.833984375,59414600,0.0,0.0
2025-07-29,ASII,5100.0,5125.0,5025.0,5100.0,4772.833984375,36861000,0.0,0.0
2025-07-30,ASII,5100.0,5150.0,5075.0,5150.0,4819.62646484375,53075600,0.0,0.0
2025-07-31,ASII,5150.0,5175.0,5100.0,5100.0,4772.833984375,44048400,0.0,0.0
2025-08-01,ASII,5125.0,5150.0,4960.0,5000.0,4679.24853515625,33392000,0.0,0.0
2025-08-04,ASII,5000.0,5050.0,4940.0,5025.0,4702.64501953125,21561700,0.0,0.0
2025-08-05,ASII,5050.0,5050.0,4990.0,5025.0,4702.64501953125,20210600,0.0,0.0
2025-08-06,ASII,5025.0,5025.0,4900.0,4900.0,4585.6640625,24786300,0.0,0.0
2025-08-07,ASII,4920.0,5025.0,4920.0,4960.0,4641.81494140625,25930000,0.0,0.0
2025-08-08,ASII,4950.0,4990.0,4920.0,4920.0,4604.380859375,20639400,0.0,0.0
2025-08-11,ASII,4920.0,4930.0,4870.0,4900.0,4585.6640625,21955000,0.0,0.0
2025-08-12,ASII,4900.0,5025.0,4890.0,4990.0,4669.89013671875,22725500,0.0,0.0
2025-08-13,ASII,5100.0,5250.0,5025.0,5175.0,4843.0224609375,103458500,0.0,0.0
2025-08-14,ASII,5125.0,5150.0,5075.0,5100.0,4772.833984375,31796500,0.0,0.0
2025-08-15,ASII,5100.0,5125.0,5025.0,5025.0,4702.64501953125,16434700,0.0,0.0
2025-08-19,ASII,5275.0,5575.0,5200.0,5525.0,5170.56982421875,260942000,0.0,0.0
2025-08-20,ASII,5525.0,5550.0,5450.0,5525.0,5170.56982421875,74517000,0.0,0.0
2025-08-21,ASII,5525.0,5650.0,5500.0,5625.0,5264.15478515625,76746200,0.0,0.0
2025-08-22,ASII,5650.0,5775.0,5600.0,5700.0,5334.34326171875,73126900,0.0,0.0
2025-08-25,ASII,5750.0,5775.0,5675.0,5750.0,5381.13623046875,60737900,0.0,0.0
2025-08-26,ASII,5725.0,5725.0,5475.0,5625.0,5264.15478515625,79136200,0.0,0.0
2025-08-27,ASII,5650.0,5725.0,5500.0,5500.0,5147.17333984375,33172600,0.0,0.0
2025-08-28,ASII,5525.0,5650.0,5525.0,5575.0,5217.3623046875,18032900,0.0,0.0
2025-08-29,ASII,5450.0,5625.0,5425.0,5500.0,5147.17333984375,62869000,0.0,0.0
2025-09-01,ASII,5200.0,5500.0,5200.0,5450.0,5100.38134765625,67904000,0.0,0.0
2025-09-02,ASII,5500.0,5550.0,5400.0,5475.0,5123.77734375,21623300,0.0,0.0
2025-09-03,ASII,5525.0,5650.0,5450.0,5500.0,5147.17333984375,45471600,0.0,0.0
2025-09-04,ASII,5500.0,5500.0,5400.0,5500.0,5147.17333984375,26987400,0.0,0.0
2025-09-08,ASII,5600.0,5600.0,5350.0,5425.0,5076.9853515625,57081800,0.0,0.0
2025-09-09,ASII,5400.0,5600.0,5350.0,5525.0,5170.56982421875,49240100,0.0,0.0
2025-09-10,ASII,5525.0,5525.0,5400.0,5475.0,5123.77734375,22964700,0.0,0.0
2025-09-11,ASII,5475.0,5600.0,5450.0,5550.0,5193.96630859375,28151500,0.0,0.0
2025-09-12,ASII,5625.0,5700.0,5600.0,5675.0,5310.94775390625,30653500,0.0,0.0
2025-09-15,ASII,5675.0,5700.0,5600.0,5625.0,5264.15478515625,26368000,0.0,0.0
2025-09-16,ASII,5650.0,5675.0,5600.0,5650.0,5287.55126953125,15987900,0.0,0.0
2025-09-17,ASII,5650.0,5700.0,5600.0,5700.0,5334.34326171875,23879700,0.0,0.0
2025-09-18,ASII,5700.0,5725.0,5550.0,5575.0,5217.3623046875,27261300,0.0,0.0
2025-09-19,ASII,5575.0,5750.0,5575.0,5725.0,5357.73974609375,52162200,0.0,0.0
2025-09-22,ASII,5725.0,5725.0,5625.0,5700.0,5334.34326171875,35106300,0.0,0.0
2025-09-23,ASII,5675.0,5950.0,5650.0,5900.0,5521.513671875,41044200,0.0,0.0
2025-09-24,ASII,5950.0,5950.0,5850.0,5900.0,5521.513671875,61167600,0.0,0.0
2025-09-25,ASII,5900.0,5900.0,5750.0,5775.0,5404.5322265625,35805100,0.0,0.0
2025-09-26,ASII,5875.0,6000.0,5775.0,5875.0,5498.11767578125,42677800,0.0,0.0
2025-09-29,ASII,5875.0,5900.0,5750.0,5775.0,5404.5322265625,20892700,0.0,0.0
2025-09-30,ASII,5750.0,5825.0,5700.0,5775.0,5404.5322265625,41266900,0.0,0.0
2025-10-01,ASII,5825.0,5850.0,5650.0,5675.0,5310.94775390625,26508200,0.0,0.0
2025-10-02,ASII,5750.0,5750.0,5625.0,5700.0,5334.34326171875,29346300,0.0,0.0
2025-10-03,ASII,5750.0,5850.0,5750.0,5825.0,5451.32470703125,27951100,0.0,0.0
2025-10-06,ASII,5900.0,5925.0,5800.0,5825.0,5451.32470703125,21809400,0.0,0.0
2025-10-07,ASII,5925.0,6050.0,5725.0,5750.0,5381.13623046875,43328700,0.0,0.0
2025-10-08,ASII,5825.0,5875.0,5650.0,5725.0,5357.73974609375,30080700,0.0,0.0
2025-10-09,ASII,5775.0,5925.0,5750.0,5925.0,5544.91015625,27699300,0.0,0.0
2025-10-10,ASII,5925.0,5950.0,5850.0,5900.0,5521.513671875,27133800,0.0,0.0
2025-10-13,ASII,5850.0,5925.0,5775.0,5800.0,5427.9287109375,29034500,0.0,0.0
2025-10-14,ASII,5800.0,6025.0,5800.0,5825.0,5545.0166015625,53096200,98.0,0.0
2025-10-15,ASII,5950.0,5950.0,5750.0,5775.0,5497.419921875,96604500,0.0,0.0
2025-10-16,ASII,5850.0,5850.0,5750.0,5750.0,5473.62158203125,15044500,0.0,0.0
2025-10-17,ASII,5725.0,5800.0,5575.0,5625.0,5354.6298828125,31793700,0.0,0.0
2025-10-20,ASII,5625.0,5925.0,5625.0,5925.0,5640.2099609375,29959700,0.0,0.0
2025-10-21,ASII,6000.0,6050.0,5900.0,6000.0,5711.60498046875,46181700,0.0,0.0
2025-10-22,ASII,6050.0,6300.0,6000.0,6175.0,5878.193359375,98615300,0.0,0.0
2025-10-23,ASII,6075.0,6400.0,6075.0,6325.0,6020.9833984375,60009000,0.0,0.0
2025-10-24,ASII,6375.0,6675.0,6350.0,6575.0,6258.96728515625,93344500,0.0,0.0
2025-10-27,ASII,6600.0,6725.0,6375.0,6600.0,6282.765625,64262300,0.0,0.0
2025-10-28,ASII,6600.0,6600.0,6275.0,6325.0,6020.9833984375,37953500,0.0,0.0
2025-10-29,ASII,6250.0,6500.0,6225.0,6475.0,6163.7734375,39818900,0.0,0.0
2025-10-30,ASII,6425.0,6450.0,6250.0,6275.0,5973.38671875,28976800,0.0,0.0
2025-10-31,ASII,6250.0,6300.0,6125.0,6150.0,5854.39501953125,64790000,0.0,0.0
2025-11-03,ASII,6150.0,6450.0,6150.0,6350.0,6044.78173828125,59085000,0.0,0.0
2025-11-04,ASII,6300.0,6375.0,6250.0,6300.0,5997.18505859375,62249200,0.0,0.0
2025-11-05,ASII,6250.0,6325.0,6175.0,6250.0,5949.58837890625,43439100,0.0,0.0
2025-11-06,ASII,6300.0,6350.0,6200.0,6325.0,6020.9833984375,48979900,0.0,0.0
2025-11-07,ASII,6325.0,6450.0,6300.0,6425.0,6116.1767578125,42960800,0.0,0.0
2025-11-10,ASII,6500.0,6500.0,6400.0,6425.0,6116.1767578125,45533400,0.0,0.0
2025-11-11,ASII,6550.0,6600.0,6450.0,6525.0,6211.37060546875,43529600,0.0,0.0
2025-11-12,ASII,6550.0,6575.0,6400.0,6450.0,6139.97509765625,37083400,0.0,0.0
2025-11-13,ASII,6425.0,6425.0,6350.0,6375.0,6068.580078125,21200000,0.0,0.0
2025-11-14,ASII,6375.0,6450.0,6325.0,6400.0,6092.37841796875,23431700,0.0,0.0
2025-11-17,ASII,6400.0,6500.0,6375.0,6450.0,6139.97509765625,40681500,0.0,0.0
2025-11-18,ASII,6475.0,6550.0,6400.0,6425.0,6116.1767578125,27510900,0.0,0.0
2025-11-19,ASII,6425.0,6475.0,6275.0,6400.0,6092.37841796875,45476700,0.0,0.0
2025-11-20,ASII,6450.0,6500.0,6375.0,6425.0,6116.1767578125,30547700,0.0,0.0
2025-11-21,ASII,6400.0,6425.0,6325.0,6425.0,6116.1767578125,43653200,0.0,0.0
2025-11-24,ASII,6500.0,6525.0,6425.0,6475.0,6163.7734375,71721700,0.0,0.0
2025-11-25,ASII,6425.0,6475.0,6375.0,6450.0,6139.97509765625,20954400,0.0,0.0
2025-11-26,ASII,6500.0,6600.0,6425.0,6600.0,6282.765625,29331000,0.0,0.0
2025-11-27,ASII,6600.0,6600.0,6450.0,6575.0,6258.96728515625,23737100,0.0,0.0
2025-11-28,ASII,6600.0,6600.0,6500.0,6550.0,6235.1689453125,38378700,0.0,0.0
2025-12-01,ASII,6375.0,6500.0,6325.0,6375.0,6068.580078125,38669000,0.0,0.0
2025-12-02,ASII,6575.0,6625.0,6500.0,6625.0,6306.56396484375,53567600,0.0,0.0
2025-12-03,ASII,6600.0,6650.0,6550.0,6600.0,6282.765625,24386200,0.0,0.0
2025-12-04,ASII,6575.0,6725.0,6550.0,6725.0,6401.75732421875,38510600,0.0,0.0
2025-12-05,ASII,6725.0,6900.0,6700.0,6700.0,6377.958984375,67707300,0.0,0.0
2025-12-08,ASII,6825.0,6825.0,6625.0,6725.0,6401.75732421875,38776000,0.0,0.0
2025-12-09,ASII,6775.0,6775.0,6450.0,6600.0,6282.765625,38482800,0.0,0.0
2025-12-10,ASII,6700.0,6725.0,6550.0,6625.0,6306.56396484375,34524000,0.0,0.0
2025-12-11,ASII,6650.0,6675.0,6350.0,6450.0,6139.97509765625,42116700,0.0,0.0
2025-12-12,ASII,6550.0,6600.0,6425.0,6600.0,6282.765625,28841900,0.0,0.0
2025-12-15,ASII,6725.0,6725.0,6525.0,6600.0,6282.765625,38096700,0.0,0.0
2025-12-16,ASII,6575.0,6600.0,6500.0,6600.0,6282.765625,34723600,0.0,0.0
2025-12-17,ASII,6550.0,6600.0,6500.0,6600.0,6282.765625,32681400,0.0,0.0
2025-12-18,ASII,6600.0,6600.0,6475.0,6500.0,6187.572265625,20454400,0.0,0.0
2025-12-19,ASII,6575.0,6575.0,6425.0,6525.0,6211.37060546875,61201100,0.0,0.0
2025-12-22,ASII,6450.0,6600.0,6450.0,6575.0,6258.96728515625,30755900,0.0,0.0
2025-12-23,ASII,6500.0,6575.0,6450.0,6500.0,6187.572265625,13756700,0.0,0.0
2025-12-24,ASII,6450.0,6675.0,6450.0,6625.0,6306.56396484375,20273000,0.0,0.0
2025-12-29,ASII,6625.0,6725.0,6600.0,6675.0,6354.16064453125,20982300,0.0,0.0
2025-12-30,ASII,6675.0,6725.0,6600.0,6700.0,6377.958984375,23486000,0.0,0.0
2026-01-02,ASII,6600.0,6800.0,6600.0,6800.0,6473.15234375,19569100,0.0,0.0
2026-01-05,ASII,6775.0,6875.0,6675.0,6875.0,6544.54736328125,30633400,0.0,0.0
2026-01-06,ASII,6875.0,6900.0,6700.0,6900.0,6568.345703125,33964700,0.0,0.0
2026-01-07,ASII,6800.0,7075.0,6800.0,7025.0,6687.33740234375,55249800,0.0,0.0
2026-01-08,ASII,7025.0,7100.0,6975.0,7000.0,6663.5390625,30845500,0.0,0.0
2026-01-09,ASII,7000.0,7100.0,6825.0,6875.0,6544.54736328125,29171000,0.0,0.0
2026-01-12,ASII,6925.0,7000.0,6900.0,7000.0,6663.5390625,24915100,0.0,0.0
2026-01-13,ASII,7075.0,7300.0,7025.0,7300.0,6949.119140625,65659900,0.0,0.0
2026-01-14,ASII,7200.0,7225.0,7025.0,7125.0,6782.53076171875,40658400,0.0,0.0
2026-01-15,ASII,7200.0,7200.0,7000.0,7050.0,6711.1357421875,26410300,0.0,0.0
2026-01-19,ASII,7200.0,7475.0,7175.0,7400.0,7044.31298828125,51590900,0.0,0.0
2026-01-20,ASII,7350.0,7375.0,7225.0,7275.0,6925.32080078125,21167100,0.0,0.0
2026-01-21,ASII,6300.0,6800.0,6300.0,6600.0,6282.765625,269454100,0.0,0.0
2026-01-22,ASII,6700.0,6850.0,6625.0,6775.0,6449.35400390625,70220500,0.0,0.0
2026-01-23,ASII,6800.0,6900.0,6650.0,6825.0,6496.95068359375,52227800,0.0,0.0
2026-01-26,ASII,6850.0,6875.0,6700.0,6875.0,6544.54736328125,55468700,0.0,0.0
2026-01-27,ASII,6775.0,6800.0,6225.0,6300.0,5997.18505859375,145465800,0.0,0.0
2026-01-28,ASII,6200.0,6475.0,5775.0,6175.0,5878.193359375,200262500,0.0,0.0
2026-01-29,ASII,6200.0,6475.0,5725.0,6475.0,6163.7734375,136295200,0.0,0.0
2026-01-30,ASII,6525.0,6550.0,6300.0,6350.0,6044.78173828125,101087200,0.0,0.0
2026-02-02,ASII,6350.0,6400.0,6175.0,6275.0,5973.38671875,71571500,0.0,0.0
2026-02-03,ASII,6375.0,6800.0,6325.0,6800.0,6473.15234375,63526500,0.0,0.0
2026-02-04,ASII,6800.0,6825.0,6625.0,6675.0,6354.16064453125,58211100,0.0,0.0
2026-02-05,ASII,6725.0,7000.0,6725.0,6950.0,6615.9423828125,72792600,0.0,0.0
2026-02-06,ASII,6800.0,6800.0,6575.0,6700.0,6377.958984375,49547300,0.0,0.0
2026-02-09,ASII,6750.0,6750.0,6525.0,6650.0,6330.3623046875,34797900,0.0,0.0
2026-02-10,ASII,6700.0,6850.0,6650.0,6850.0,6520.7490234375,45371100,0.0,0.0
2026-02-11,ASII,6800.0,6825.0,6700.0,6750.0,6425.5556640625,41050100,0.0,0.0
2026-02-12,ASII,6775.0,6900.0,6750.0,6775.0,6449.35400390625,26536900,0.0,0.0
2026-02-13,ASII,6775.0,6775.0,6575.0,6650.0,6330.3623046875,31212900,0.0,0.0
2026-02-18,ASII,6750.0,6750.0,6650.0,6700.0,6377.958984375,25858200,0.0,0.0
2026-02-19,ASII,6700.0,6775.0,6550.0,6600.0,6282.765625,46704000,0.0,0.0
2026-02-20,ASII,6600.0,6650.0,6550.0,6550.0,6235.1689453125,28160900,0.0,0.0
2026-02-23,ASII,6625.0,6650.0,6550.0,6625.0,6306.56396484375,38075400,0.0,0.0
2026-02-24,ASII,6650.0,6725.0,6550.0,6550.0,6235.1689453125,51297100,0.0,0.0
2026-02-25,ASII,6600.0,6675.0,6575.0,6650.0,6330.3623046875,45214100,0.0,0.0
2026-02-26,ASII,6700.0,6725.0,6575.0,6725.0,6401.75732421875,30901600,0.0,0.0
2026-02-27,ASII,6725.0,6750.0,6575.0,6675.0,6354.16064453125,68396400,0.0,0.0
2026-03-02,ASII,6600.0,6625.0,6275.0,6300.0,5997.18505859375,60477400,0.0,0.0
2026-03-03,ASII,6400.0,6425.0,6250.0,6275.0,5973.38671875,31573300,0.0,0.0
2026-03-04,ASII,6275.0,6325.0,6000.0,6150.0,5854.39501953125,49747800,0.0,0.0
2026-03-05,ASII,6300.0,6350.0,6200.0,6325.0,6020.9833984375,38471400,0.0,0.0
2026-03-06,ASII,6300.0,6300.0,6050.0,6125.0,5830.5966796875,38071100,0.0,0.0
2026-03-09,ASII,5900.0,5900.0,5800.0,5850.0,5568.81494140625,46625500,0.0,0.0
2026-03-10,ASII,5900.0,6150.0,5900.0,6000.0,5711.60498046875,33964900,0.0,0.0
2026-03-11,ASII,6000.0,6050.0,5875.0,5950.0,5664.00830078125,18403300,0.0,0.0
2026-03-12,ASII,5975.0,6050.0,5900.0,5950.0,5664.00830078125,20628100,0.0,0.0
2026-03-13,ASII,5900.0,5950.0,5775.0,5825.0,5545.0166015625,27856000,0.0,0.0
2026-03-16,ASII,5875.0,5900.0,5675.0,5850.0,5568.81494140625,37696400,0.0,0.0
2026-03-17,ASII,5925.0,5925.0,5750.0,5800.0,5521.21826171875,89895700,0.0,0.0
2026-03-25,ASII,6300.0,6600.0,6100.0,6600.0,6282.765625,134276600,0.0,0.0
2026-03-26,ASII,6575.0,6575.0,6225.0,6250.0,5949.58837890625,45012000,0.0,0.0
2026-03-27,ASII,6200.0,6225.0,6050.0,6125.0,5830.5966796875,32993200,0.0,0.0
2026-03-30,ASII,6100.0,6400.0,6000.0,6350.0,6044.78173828125,48246100,0.0,0.0
2026-03-31,ASII,6350.0,6350.0,6175.0,6250.0,5949.58837890625,31516100,0.0,0.0
2026-04-01,ASII,6275.0,6350.0,6125.0,6250.0,5949.58837890625,37708800,0.0,0.0
2026-04-02,ASII,6150.0,6300.0,6025.0,6075.0,5783.0,37842500,0.0,0.0
2026-04-06,ASII,6075.0,6125.0,6025.0,6100.0,5806.79833984375,15705000,0.0,0.0
2026-04-07,ASII,6075.0,6075.0,5875.0,5900.0,5616.41162109375,22912400,0.0,0.0
2026-04-08,ASII,6050.0,6250.0,6025.0,6200.0,5901.99169921875,28419500,0.0,0.0
2026-04-09,ASII,6150.0,6175.0,6050.0,6175.0,5878.193359375,25785600,0.0,0.0
2026-04-10,ASII,6225.0,6350.0,6200.0,6300.0,5997.18505859375,37451300,0.0,0.0
2026-04-13,ASII,6275.0,6275.0,6150.0,6175.0,5878.193359375,35616700,0.0,0.0
2026-04-14,ASII,6250.0,6275.0,6100.0,6150.0,5854.39501953125,35499900,0.0,0.0
2026-04-15,ASII,6250.0,6400.0,6225.0,6300.0,5997.18505859375,54204700,0.0,0.0
2026-04-16,ASII,6350.0,6375.0,6175.0,6200.0,5901.99169921875,28237100,0.0,0.0
2026-04-17,ASII,6275.0,6475.0,6250.0,6375.0,6068.580078125,25291100,0.0,0.0
2026-04-20,ASII,6375.0,6450.0,6275.0,6350.0,6044.78173828125,18307400,0.0,0.0
2026-04-21,ASII,6450.0,6450.0,6300.0,6325.0,6020.9833984375,25696400,0.0,0.0
2026-04-22,ASII,6425.0,6625.0,6375.0,6600.0,6282.765625,42250100,0.0,0.0
2026-04-23,ASII,6600.0,6625.0,6325.0,6325.0,6020.9833984375,31725300,0.0,0.0
2026-04-24,ASII,6400.0,6475.0,6275.0,6325.0,6020.9833984375,27751700,0.0,0.0
2026-04-27,ASII,6375.0,6375.0,6125.0,6125.0,5830.5966796875,19496400,0.0,0.0
2026-04-28,ASII,6150.0,6200.0,6025.0,6025.0,5735.4033203125,36965000,0.0,0.0
2026-04-29,ASII,6125.0,6250.0,6025.0,6050.0,5759.20166015625,26325800,0.0,0.0
2026-04-30,ASII,6075.0,6075.0,5975.0,5975.0,5687.806640625,47690300,0.0,0.0
2026-05-04,ASII,6050.0,6125.0,6025.0,6075.0,5783.0,33999000,0.0,0.0
2026-05-05,ASII,5825.0,5950.0,5725.0,5875.0,5875.0,38038400,292.0,0.0
2026-05-06,ASII,5950.0,5975.0,5750.0,5750.0,5750.0,27273500,0.0,0.0
2026-05-07,ASII,5800.0,5900.0,5775.0,5850.0,5850.0,37017100,0.0,0.0
2026-05-08,ASII,5875.0,6000.0,5800.0,5825.0,5825.0,36425000,0.0,0.0
2026-05-11,ASII,5925.0,6050.0,5825.0,6050.0,6050.0,26376000,0.0,0.0
2026-05-12,ASII,6050.0,6100.0,5850.0,5850.0,5850.0,25658100,0.0,0.0
2026-05-13,ASII,5850.0,5900.0,5750.0,5750.0,5750.0,32026500,0.0,0.0
2026-05-14,ASII,5750.0,5750.0,5750.0,5750.0,5750.0,0,0.0,0.0
2026-05-15,ASII,5750.0,5750.0,5750.0,5750.0,5750.0,0,0.0,0.0
2026-05-18,ASII,5825.0,6000.0,5775.0,6000.0,6000.0,54305300,0.0,0.0
2026-05-19,ASII,6000.0,6050.0,5925.0,5950.0,5950.0,34901400,0.0,0.0
2026-05-20,ASII,5950.0,6100.0,5900.0,5975.0,5975.0,37175000,0.0,0.0
2026-05-21,ASII,6000.0,6025.0,5600.0,5600.0,5600.0,57790800,0.0,0.0
2026-05-22,ASII,5625.0,5650.0,5300.0,5400.0,5400.0,65064200,0.0,0.0
2026-05-25,ASII,5425.0,5625.0,5325.0,5600.0,5600.0,92115700,0.0,0.0
2026-05-26,ASII,5575.0,5600.0,5125.0,5125.0,5125.0,82648100,0.0,0.0
2026-05-27,ASII,5125.0,5125.0,5125.0,5125.0,5125.0,0,0.0,0.0
2026-05-28,ASII,5125.0,5125.0,5125.0,5125.0,5125.0,0,0.0,0.0
2026-05-29,ASII,4800.0,5200.0,4800.0,5000.0,5000.0,481573900,0.0,0.0
2026-06-02,ASII,5000.0,5050.0,4840.0,4900.0,4900.0,156532600,0.0,0.0
2026-06-03,ASII,4900.0,4920.0,4670.0,4840.0,4840.0,101108500,0.0,0.0
2026-06-04,ASII,4810.0,4840.0,4570.0,4630.0,4630.0,160423900,0.0,0.0
2026-06-05,ASII,4600.0,4620.0,4530.0,4570.0,4570.0,64364700,0.0,0.0
2026-06-08,ASII,4550.0,4550.0,4350.0,4360.0,4360.0,85460100,0.0,0.0
2026-06-09,ASII,4360.0,4680.0,4360.0,4670.0,4670.0,84193600,0.0,0.0
2026-06-10,ASII,4650.0,4750.0,4530.0,4700.0,4700.0,91880000,0.0,0.0
2026-06-11,ASII,4700.0,4950.0,4680.0,4700.0,4700.0,85205900,0.0,0.0
2026-06-12,ASII,4760.0,4810.0,4720.0,4740.0,4740.0,66162000,0.0,0.0
2026-06-15,ASII,4900.0,4980.0,4880.0,4890.0,4890.0,89864300,0.0,0.0
2026-06-17,ASII,4880.0,4910.0,4790.0,4800.0,4800.0,72821600,0.0,0.0
2026-06-18,ASII,4800.0,4830.0,4710.0,4770.0,4770.0,60565200,0.0,0.0
2026-06-19,ASII,4770.0,4830.0,4750.0,4810.0,4810.0,229098200,0.0,0.0
2026-06-22,ASII,4880.0,4880.0,4710.0,4730.0,4730.0,46627400,0.0,0.0
2026-06-23,ASII,4730.0,4780.0,4650.0,4680.0,4680.0,57376700,0.0,0.0
2026-06-24,ASII,4830.0,4830.0,4630.0,4640.0,4640.0,53683100,0.0,0.0
2026-06-25,ASII,4640.0,4950.0,4640.0,4920.0,4920.0,88497000,0.0,0.0
2026-06-26,ASII,4920.0,4930.0,4710.0,4760.0,4760.0,64841400,0.0,0.0
2026-06-29,ASII,4770.0,4770.0,4680.0,4710.0,4710.0,25237300,0.0,0.0
2026-06-30,ASII,4710.0,4720.0,4470.0,4520.0,4520.0,81706000,0.0,0.0
2026-07-01,ASII,4530.0,4650.0,4500.0,4600.0,4600.0,30899300,0.0,0.0
2026-07-02,ASII,4620.0,4680.0,4580.0,4580.0,4580.0,52263400,0.0,0.0
2026-07-03,ASII,4600.0,4830.0,4600.0,4810.0,4810.0,24908400,0.0,0.0
2026-07-06,ASII,4810.0,4810.0,4690.0,4780.0,4780.0,31139400,0.0,0.0
2026-07-07,ASII,4790.0,4980.0,4780.0,4930.0,4930.0,44556600,0.0,0.0
2026-07-08,ASII,4930.0,4980.0,4870.0,4890.0,4890.0,44811600,0.0,0.0
2026-07-09,ASII,4900.0,4900.0,4760.0,4880.0,4880.0,43391100,0.0,0.0
2026-07-10,ASII,4850.0,4870.0,4770.0,4810.0,4810.0,24557100,0.0,0.0
2026-07-13,ASII,4810.0,4860.0,4730.0,4850.0,4850.0,43780800,0.0,0.0
2026-07-14,ASII,4850.0,4910.0,4810.0,4880.0,4880.0,50811200,0.0,0.0
2026-07-15,ASII,4880.0,4930.0,4850.0,4850.0,4850.0,37729500,0.0,0.0
2026-07-16,ASII,4850.0,5150.0,4840.0,5100.0,5100.0,72624500,0.0,0.0
2026-07-17,ASII,5125.0,5200.0,5025.0,5100.0,5100.0,65960600,0.0,0.0
2026-07-20,ASII,5125.0,5250.0,5050.0,5050.0,5050.0,67793400,0.0,0.0
2026-07-21,ASII,5100.0,5150.0,5050.0,5100.0,5100.0,40894600,0.0,0.0
2026-07-22,ASII,5150.0,5300.0,5100.0,5150.0,5150.0,93334100,0.0,0.0
2026-07-23,ASII,5150.0,5175.0,5000.0,5000.0,5000.0,66257200,0.0,0.0
2026-07-24,ASII,4980.0,4980.0,4900.0,4980.0,4980.0,73314000,0.0,0.0
2026-07-27,ASII,4950.0,4950.0,4900.0,4910.0,4910.0,21049300,0.0,0.0
2026-07-28,ASII,4920.0,5025.0,4920.0,4970.0,4970.0,34388400,0.0,0.0
2026-07-29,ASII,5000.0,5025.0,4950.0,4960.0,4960.0,23808100,0.0,0.0
2026-07-30,ASII,4920.0,4950.0,4870.0,4950.0,4950.0,33910100,0.0,0.0
2026-07-31,ASII,5000.0,5175.0,5000.0,5100.0,5100.0,46139800,0.0,0.0
2026-08-03,ASII,5275.0,5275.0,5000.0,5050.0,5050.0,30943600,0.0,0.0
2026-08-04,ASII,5050.0,5125.0,5000.0,5125.0,5125.0,39489500,0.0,0.0
2026-08-05,ASII,5150.0,5175.0,5000.0,5025.0,5025.0,49014700,0.0,0.0
2026-08-06,ASII,5050.0,5125.0,5025.0,5100.0,5100.0,53209500,0.0,0.0
2026-08-07,ASII,5050.0,5175.0,5025.0,5100.0,5100.0,34507300,0.0,0.0
2026-08-10,ASII,5100.0,5100.0,4960.0,5000.0,5000.0,70515600,0.0,0.0
2026-08-11,ASII,5000.0,5025.0,4860.0,4870.0,4870.0,49228200,0.0,0.0
2026-08-12,ASII,4870.0,4920.0,4810.0,4860.0,4860.0,62946100,0.0,0.0
2026-08-13,ASII,4880.0,4890.0,4780.0,4800.0,4800.0,48407300,0.0,0.0
2026-08-14,ASII,4800.0,4820.0,4760.0,4780.0,4780.0,31883200,0.0,0.0
2026-08-18,ASII,4800.0,4820.0,4760.0,4790.0,4790.0,59420100,0.0,0.0
2026-08-19,ASII,4790.0,4800.0,4720.0,4730.0,4730.0,44815500,0.0,0.0
2026-08-20,ASII,4750.0,4790.0,4730.0,4790.0,4790.0,40700200,0.0,0.0
2026-08-21,ASII,4840.0,4850.0,4780.0,4780.0,4780.0,48756800,0.0,0.0
2026-08-24,ASII,4800.0,4800.0,4730.0,4790.0,4790.0,35455200,0.0,0.0
2026-08-25,ASII,4790.0,4790.0,4790.0,4790.0,4790.0,0,0.0,0.0
2026-08-26,ASII,4800.0,4810.0,4740.0,4780.0,4780.0,47671400,0.0,0.0
2026-08-27,ASII,4780.0,4810.0,4740.0,4790.0,4790.0,37802400,0.0,0.0
2026-08-28,ASII,4790.0,4860.0,4760.0,4800.0,4800.0,53631000,0.0,0.0
2026-08-31,ASII,4800.0,4830.0,4770.0,4800.0,4800.0,79688700,0.0,0.0
2026-09-01,ASII,4800.0,4930.0,4790.0,4920.0,4920.0,72626100,0.0,0.0
2026-09-02,ASII,4930.0,4940.0,4830.0,4840.0,4840.0,46788800,0.0,0.0
2026-09-03,ASII,4860.0,5050.0,4850.0,5050.0,5050.0,84978900,0.0,0.0
2026-09-04,ASII,5050.0,5050.0,4880.0,4900.0,4900.0,50573000,0.0,0.0
2026-09-07,ASII,4770.0,4910.0,4770.0,4910.0,4910.0,41646800,0.0,0.0
2026-09-08,ASII,4900.0,4930.0,4860.0,4930.0,4930.0,40418500,0.0,0.0
2026-09-09,ASII,4900.0,4920.0,4830.0,4850.0,4850.0,35658000,0.0,0.0
