date,Ticker,open,high,low,close,adj_close,volume,dividends,stock_splits
2004-06-08,BBCA,175.0,180.0,175.0,177.5,94.52119445800781,499150000,0.0,0.0
2004-06-09,BBCA,177.5,182.5,175.0,180.0,95.85247039794922,294290000,0.0,0.0
2004-06-10,BBCA,180.0,180.0,177.5,180.0,95.85247039794922,165590000,0.0,0.0
2004-06-11,BBCA,177.5,180.0,177.5,180.0,95.85247039794922,135830000,0.0,0.0
2004-06-14,BBCA,180.0,180.0,175.0,177.5,94.52119445800781,158540000,0.0,0.0
2004-06-15,BBCA,175.0,182.5,175.0,182.5,97.1837387084961,297620000,0.0,0.0
2004-06-16,BBCA,182.5,182.5,177.5,180.0,95.85247039794922,104270000,0.0,0.0
2004-06-17,BBCA,177.5,177.5,175.0,177.5,94.52119445800781,350150000,0.0,0.0
2004-06-18,BBCA,175.0,177.5,175.0,177.5,94.52119445800781,263260000,0.0,0.0
2004-06-21,BBCA,177.5,177.5,175.0,177.5,94.52119445800781,331870000,0.0,0.0
2004-06-22,BBCA,177.5,180.0,177.5,177.5,94.52119445800781,56870000,0.0,0.0
2004-06-23,BBCA,180.0,180.0,177.5,180.0,95.85247039794922,469190000,0.0,0.0
2004-06-24,BBCA,180.0,180.0,177.5,180.0,95.85247039794922,191310000,0.0,0.0
2004-06-25,BBCA,180.0,182.5,180.0,182.5,97.1837387084961,154310000,0.0,0.0
2004-06-28,BBCA,182.5,182.5,180.0,182.5,97.1837387084961,260860000,0.0,0.0
2004-06-29,BBCA,182.5,185.0,182.5,185.0,98.51502990722656,123060000,0.0,0.0
2004-06-30,BBCA,185.0,187.5,182.5,187.5,99.8462905883789,291260000,0.0,0.0
2004-07-01,BBCA,180.0,180.0,175.0,177.5,107.41045379638672,203090000,22.5,0.0
2004-07-02,BBCA,177.5,180.0,177.5,180.0,108.92327117919922,490800000,0.0,0.0
2004-07-05,BBCA,180.0,180.0,180.0,180.0,108.92327117919922,0,0.0,0.0
2004-07-06,BBCA,182.5,187.5,180.0,187.5,113.46171569824219,826610000,0.0,0.0
2004-07-07,BBCA,185.0,190.0,182.5,187.5,113.46171569824219,382570000,0.0,0.0
2004-07-08,BBCA,187.5,190.0,185.0,187.5,113.46171569824219,284740000,0.0,0.0
2004-07-09,BBCA,185.0,190.0,185.0,190.0,114.97457122802734,381140000,0.0,0.0
2004-07-12,BBCA,190.0,195.0,187.5,190.0,114.97457122802734,478410000,0.0,0.0
2004-07-13,BBCA,190.0,192.5,187.5,192.5,116.48738098144531,133420000,0.0,0.0
2004-07-14,BBCA,190.0,190.0,185.0,187.5,113.46171569824219,243420000,0.0,0.0
2004-07-15,BBCA,185.0,187.5,182.5,187.5,113.46171569824219,134890000,0.0,0.0
2004-07-16,BBCA,185.0,190.0,185.0,190.0,114.97457122802734,140620000,0.0,0.0
2004-07-19,BBCA,187.5,190.0,187.5,190.0,114.97457122802734,43940000,0.0,0.0
2004-07-20,BBCA,187.5,190.0,187.5,190.0,114.97457122802734,168890000,0.0,0.0
2004-07-21,BBCA,187.5,190.0,187.5,190.0,114.97457122802734,162420000,0.0,0.0
2004-07-22,BBCA,187.5,190.0,187.5,190.0,114.97457122802734,61730000,0.0,0.0
2004-07-23,BBCA,187.5,190.0,187.5,190.0,114.97457122802734,15670000,0.0,0.0
2004-07-26,BBCA,187.5,187.5,182.5,187.5,113.46171569824219,517650000,0.0,0.0
2004-07-27,BBCA,185.0,187.5,182.5,187.5,113.46171569824219,254000000,0.0,0.0
2004-07-28,BBCA,187.5,187.5,185.0,187.5,113.46171569824219,172520000,0.0,0.0
2004-07-29,BBCA,187.5,187.5,185.0,187.5,113.46171569824219,57950000,0.0,0.0
2004-07-30,BBCA,187.5,187.5,185.0,187.5,113.46171569824219,224110000,0.0,0.0
2004-08-02,BBCA,185.0,187.5,185.0,185.0,111.9488754272461,27010000,0.0,0.0
2004-08-03,BBCA,185.0,190.0,185.0,187.5,113.46171569824219,326000000,0.0,0.0
2004-08-04,BBCA,187.5,190.0,187.5,190.0,114.97457122802734,254660000,0.0,0.0
2004-08-05,BBCA,187.5,190.0,187.5,190.0,114.97457122802734,133330000,0.0,0.0
2004-08-06,BBCA,187.5,190.0,187.5,187.5,113.46171569824219,126340000,0.0,0.0
2004-08-09,BBCA,185.0,185.0,180.0,182.5,110.43607330322266,364660000,0.0,0.0
2004-08-10,BBCA,182.5,182.5,182.5,182.5,110.43607330322266,108000000,0.0,0.0
2004-08-11,BBCA,185.0,185.0,185.0,185.0,111.9488754272461,144040000,0.0,0.0
2004-08-12,BBCA,185.0,185.0,182.5,182.5,110.43607330322266,13100000,0.0,0.0
2004-08-13,BBCA,182.5,185.0,182.5,182.5,110.43607330322266,113270000,0.0,0.0
2004-08-16,BBCA,182.5,182.5,180.0,180.0,108.92327117919922,143450000,0.0,0.0
2004-08-17,BBCA,180.0,180.0,180.0,180.0,108.92327117919922,0,0.0,0.0
2004-08-18,BBCA,182.5,185.0,182.5,185.0,111.9488754272461,236070000,0.0,0.0
2004-08-19,BBCA,185.0,185.0,182.5,185.0,111.9488754272461,54470000,0.0,0.0
2004-08-20,BBCA,182.5,185.0,182.5,182.5,110.43607330322266,6340000,0.0,0.0
2004-08-23,BBCA,182.5,185.0,182.5,182.5,110.43607330322266,34770000,0.0,0.0
2004-08-24,BBCA,182.5,182.5,180.0,182.5,110.43607330322266,343910000,0.0,0.0
2004-08-25,BBCA,182.5,182.5,177.5,180.0,108.92327117919922,20510000,0.0,0.0
2004-08-26,BBCA,177.5,180.0,177.5,180.0,108.92327117919922,26650000,0.0,0.0
2004-08-27,BBCA,180.0,182.5,180.0,182.5,110.43607330322266,152960000,0.0,0.0
2004-08-30,BBCA,180.0,180.0,177.5,177.5,107.41045379638672,217280000,0.0,0.0
2004-08-31,BBCA,180.0,182.5,180.0,180.0,108.92327117919922,241830000,0.0,0.0
2004-09-01,BBCA,180.0,187.5,180.0,187.5,113.46171569824219,785500000,0.0,0.0
2004-09-02,BBCA,187.5,190.0,185.0,187.5,113.46171569824219,625450000,0.0,0.0
2004-09-03,BBCA,187.5,192.5,187.5,190.0,114.97457122802734,380010000,0.0,0.0
2004-09-06,BBCA,190.0,192.5,187.5,187.5,113.46171569824219,300650000,0.0,0.0
2004-09-07,BBCA,187.5,187.5,185.0,185.0,111.9488754272461,380160000,0.0,0.0
2004-09-08,BBCA,185.0,190.0,185.0,190.0,114.97457122802734,148760000,0.0,0.0
2004-09-09,BBCA,187.5,187.5,180.0,185.0,111.9488754272461,1124760000,0.0,0.0
2004-09-10,BBCA,185.0,190.0,182.5,187.5,113.46171569824219,807590000,0.0,0.0
2004-09-13,BBCA,187.5,187.5,187.5,187.5,113.46171569824219,0,0.0,0.0
2004-09-14,BBCA,190.0,200.0,190.0,197.5,119.51301574707031,1532050000,0.0,0.0
2004-09-15,BBCA,197.5,205.0,195.0,202.5,122.53865814208984,1588000000,0.0,0.0
2004-09-16,BBCA,200.0,200.0,197.5,200.0,121.02587127685547,208620000,0.0,0.0
2004-09-17,BBCA,197.5,200.0,192.5,200.0,121.02587127685547,302950000,0.0,0.0
2004-09-20,BBCA,200.0,200.0,200.0,200.0,121.02587127685547,0,0.0,0.0
2004-09-21,BBCA,202.5,210.0,202.5,207.5,125.5643310546875,1901600000,0.0,0.0
2004-09-22,BBCA,207.5,207.5,202.5,205.0,124.05145263671875,210400000,0.0,0.0
2004-09-23,BBCA,202.5,207.5,202.5,205.0,124.05145263671875,623640000,0.0,0.0
2004-09-24,BBCA,202.5,205.0,202.5,205.0,124.05145263671875,10480000,0.0,0.0
2004-09-27,BBCA,202.5,205.0,197.5,200.0,121.02587127685547,174580000,0.0,0.0
2004-09-28,BBCA,200.0,200.0,197.5,197.5,119.51301574707031,331780000,0.0,0.0
2004-09-29,BBCA,197.5,200.0,197.5,200.0,121.02587127685547,244270000,0.0,0.0
2004-09-30,BBCA,200.0,202.5,197.5,200.0,121.02587127685547,270690000,0.0,0.0
2004-10-01,BBCA,200.0,202.5,200.0,202.5,122.53865814208984,447560000,0.0,0.0
2004-10-04,BBCA,202.5,212.5,202.5,212.5,128.58995056152344,1251590000,0.0,0.0
2004-10-05,BBCA,210.0,230.0,210.0,230.0,139.1797332763672,1496600000,0.0,0.0
2004-10-06,BBCA,230.0,230.0,222.5,227.5,137.66696166992188,270080000,0.0,0.0
2004-10-07,BBCA,225.0,225.0,217.5,225.0,136.1540985107422,412060000,0.0,0.0
2004-10-08,BBCA,222.5,227.5,222.5,225.0,136.1540985107422,288950000,0.0,0.0
2004-10-11,BBCA,225.0,230.0,222.5,227.5,137.66696166992188,350120000,0.0,0.0
2004-10-12,BBCA,227.5,227.5,220.0,222.5,134.64125061035156,322910000,0.0,0.0
2004-10-13,BBCA,225.0,227.5,222.5,225.0,136.1540985107422,168000000,0.0,0.0
2004-10-14,BBCA,225.0,227.5,222.5,225.0,136.1540985107422,305480000,0.0,0.0
2004-10-15,BBCA,222.5,227.5,222.5,227.5,137.66696166992188,301950000,0.0,0.0
2004-10-18,BBCA,227.5,227.5,225.0,227.5,137.66696166992188,137550000,0.0,0.0
2004-10-19,BBCA,227.5,227.5,222.5,222.5,134.64125061035156,412170000,0.0,0.0
2004-10-20,BBCA,222.5,225.0,217.5,222.5,134.64125061035156,273750000,0.0,0.0
2004-10-21,BBCA,222.5,222.5,217.5,220.0,133.12844848632812,170980000,0.0,0.0
2004-10-22,BBCA,220.0,227.5,220.0,225.0,136.1540985107422,219850000,0.0,0.0
2004-10-25,BBCA,225.0,227.5,222.5,227.5,137.66696166992188,36080000,0.0,0.0
2004-10-26,BBCA,227.5,230.0,225.0,230.0,139.1797332763672,95260000,0.0,0.0
2004-10-27,BBCA,230.0,242.5,230.0,240.0,145.23101806640625,668340000,0.0,0.0
2004-10-28,BBCA,242.5,242.5,235.0,240.0,145.23101806640625,277050000,0.0,0.0
2004-10-29,BBCA,240.0,240.0,237.5,240.0,145.23101806640625,126340000,0.0,0.0
2004-11-01,BBCA,240.0,250.0,240.0,247.5,149.76947021484375,224080000,0.0,0.0
2004-11-02,BBCA,247.5,260.0,247.5,255.0,154.30795288085938,389430000,0.0,0.0
2004-11-03,BBCA,255.0,255.0,247.5,247.5,149.76947021484375,438210000,0.0,0.0
2004-11-04,BBCA,247.5,247.5,240.0,247.5,149.76947021484375,370720000,0.0,0.0
2004-11-05,BBCA,247.5,252.5,247.5,250.0,151.2823028564453,114460000,0.0,0.0
2004-11-08,BBCA,250.0,250.0,245.0,250.0,151.2823028564453,38090000,0.0,0.0
2004-11-09,BBCA,250.0,252.5,250.0,250.0,151.2823028564453,65960000,0.0,0.0
2004-11-10,BBCA,252.5,267.5,250.0,265.0,160.35922241210938,289020000,0.0,0.0
2004-11-11,BBCA,267.5,282.5,267.5,275.0,166.4105224609375,278360000,0.0,0.0
2004-11-12,BBCA,277.5,282.5,272.5,275.0,166.4105224609375,351860000,0.0,0.0
2004-11-15,BBCA,275.0,275.0,275.0,275.0,166.4105224609375,0,0.0,0.0
2004-11-16,BBCA,275.0,275.0,275.0,275.0,166.4105224609375,0,0.0,0.0
2004-11-17,BBCA,275.0,275.0,275.0,275.0,166.4105224609375,0,0.0,0.0
2004-11-18,BBCA,275.0,275.0,275.0,275.0,166.4105224609375,0,0.0,0.0
2004-11-19,BBCA,275.0,275.0,275.0,275.0,166.4105224609375,0,0.0,0.0
2004-11-22,BBCA,275.0,275.0,265.0,270.0,163.38485717773438,383340000,0.0,0.0
2004-11-23,BBCA,270.0,282.5,270.0,275.0,169.5503692626953,361270000,5.0,0.0
2004-11-24,BBCA,275.0,280.0,272.5,275.0,169.5503692626953,120080000,0.0,0.0
2004-11-25,BBCA,272.5,272.5,267.5,267.5,164.92625427246094,128910000,0.0,0.0
2004-11-26,BBCA,267.5,267.5,257.5,262.5,161.84349060058594,555880000,0.0,0.0
2004-11-29,BBCA,262.5,272.5,262.5,272.5,168.00900268554688,284470000,0.0,0.0
2004-11-30,BBCA,272.5,277.5,272.5,275.0,169.5503692626953,174800000,0.0,0.0
2004-12-01,BBCA,275.0,275.0,267.5,272.5,168.00900268554688,335200000,0.0,0.0
2004-12-02,BBCA,275.0,280.0,272.5,272.5,168.00900268554688,569090000,0.0,0.0
2004-12-03,BBCA,275.0,277.5,272.5,272.5,168.00900268554688,508070000,0.0,0.0
2004-12-06,BBCA,270.0,272.5,270.0,272.5,168.00900268554688,80250000,0.0,0.0
2004-12-07,BBCA,272.5,272.5,267.5,270.0,166.46754455566406,144530000,0.0,0.0
2004-12-08,BBCA,270.0,272.5,270.0,270.0,166.46754455566406,96460000,0.0,0.0
2004-12-09,BBCA,270.0,272.5,267.5,267.5,164.92625427246094,281890000,0.0,0.0
2004-12-10,BBCA,267.5,270.0,265.0,267.5,164.92625427246094,370970000,0.0,0.0
2004-12-13,BBCA,265.0,265.0,257.5,262.5,161.84349060058594,303400000,0.0,0.0
2004-12-14,BBCA,262.5,267.5,257.5,262.5,161.84349060058594,404780000,0.0,0.0
2004-12-15,BBCA,262.5,262.5,250.0,255.0,157.21945190429688,475980000,0.0,0.0
2004-12-16,BBCA,257.5,267.5,257.5,267.5,164.92625427246094,300610000,0.0,0.0
2004-12-17,BBCA,267.5,285.0,267.5,282.5,174.17445373535156,968030000,0.0,0.0
2004-12-20,BBCA,280.0,290.0,280.0,285.0,175.71585083007812,500500000,0.0,0.0
2004-12-21,BBCA,285.0,287.5,282.5,287.5,177.25718688964844,259150000,0.0,0.0
2004-12-22,BBCA,287.5,295.0,287.5,290.0,178.7985382080078,385500000,0.0,0.0
2004-12-23,BBCA,292.5,295.0,290.0,292.5,180.33995056152344,190420000,0.0,0.0
2004-12-24,BBCA,292.5,292.5,292.5,292.5,180.33995056152344,0,0.0,0.0
2004-12-27,BBCA,290.0,300.0,290.0,297.5,183.422607421875,239760000,0.0,0.0
2004-12-28,BBCA,297.5,305.0,295.0,302.5,186.50540161132812,357530000,0.0,0.0
2004-12-29,BBCA,305.0,305.0,297.5,297.5,183.422607421875,112540000,0.0,0.0
2004-12-30,BBCA,297.5,297.5,290.0,297.5,183.422607421875,116110000,0.0,0.0
2004-12-31,BBCA,297.5,297.5,297.5,297.5,183.422607421875,0,0.0,0.0
2005-01-03,BBCA,295.0,295.0,292.5,295.0,181.88124084472656,126180000,0.0,0.0
2005-01-04,BBCA,295.0,302.5,295.0,300.0,184.9640350341797,291730000,0.0,0.0
2005-01-05,BBCA,300.0,315.0,300.0,307.5,189.58816528320312,564730000,0.0,0.0
2005-01-06,BBCA,310.0,310.0,302.5,307.5,189.58816528320312,161150000,0.0,0.0
2005-01-07,BBCA,305.0,305.0,292.5,295.0,181.88124084472656,592910000,0.0,0.0
2005-01-10,BBCA,295.0,295.0,272.5,282.5,174.17445373535156,1459290000,0.0,0.0
2005-01-11,BBCA,282.5,285.0,277.5,282.5,174.17445373535156,763270000,0.0,0.0
2005-01-12,BBCA,280.0,282.5,275.0,277.5,171.09173583984375,346960000,0.0,0.0
2005-01-13,BBCA,277.5,282.5,277.5,280.0,172.633056640625,462640000,0.0,0.0
2005-01-14,BBCA,280.0,285.0,280.0,282.5,174.17445373535156,425410000,0.0,0.0
2005-01-17,BBCA,282.5,287.5,282.5,287.5,177.25718688964844,186470000,0.0,0.0
2005-01-18,BBCA,287.5,287.5,280.0,285.0,175.71585083007812,185970000,0.0,0.0
2005-01-19,BBCA,285.0,285.0,280.0,285.0,175.71585083007812,641200000,0.0,0.0
2005-01-20,BBCA,282.5,287.5,280.0,287.5,177.25718688964844,343520000,0.0,0.0
2005-01-24,BBCA,287.5,287.5,285.0,287.5,177.25718688964844,162660000,0.0,0.0
2005-01-25,BBCA,287.5,290.0,285.0,285.0,175.71585083007812,337900000,0.0,0.0
2005-01-26,BBCA,287.5,292.5,287.5,292.5,180.33995056152344,374440000,0.0,0.0
2005-01-27,BBCA,292.5,295.0,292.5,295.0,181.88124084472656,388630000,0.0,0.0
2005-01-28,BBCA,295.0,295.0,290.0,292.5,180.33995056152344,271040000,0.0,0.0
2005-01-31,BBCA,290.0,290.0,287.5,287.5,177.25718688964844,236080000,0.0,0.0
2005-02-01,BBCA,287.5,292.5,287.5,292.5,180.33995056152344,170990000,0.0,0.0
2005-02-02,BBCA,292.5,295.0,290.0,292.5,180.33995056152344,350620000,0.0,0.0
2005-02-03,BBCA,292.5,297.5,290.0,297.5,183.422607421875,371380000,0.0,0.0
2005-02-04,BBCA,295.0,302.5,295.0,300.0,184.9640350341797,452960000,0.0,0.0
2005-02-07,BBCA,300.0,302.5,297.5,300.0,184.9640350341797,306860000,0.0,0.0
2005-02-08,BBCA,297.5,300.0,297.5,300.0,184.9640350341797,145560000,0.0,0.0
2005-02-11,BBCA,297.5,302.5,297.5,300.0,184.9640350341797,285870000,0.0,0.0
2005-02-14,BBCA,300.0,300.0,295.0,300.0,184.9640350341797,326000000,0.0,0.0
2005-02-15,BBCA,300.0,307.5,300.0,307.5,189.58816528320312,429560000,0.0,0.0
2005-02-16,BBCA,310.0,320.0,310.0,315.0,194.2122344970703,715460000,0.0,0.0
2005-02-17,BBCA,320.0,337.5,320.0,332.5,205.0017852783203,920020000,0.0,0.0
2005-02-18,BBCA,330.0,332.5,322.5,332.5,205.0017852783203,172390000,0.0,0.0
2005-02-21,BBCA,332.5,332.5,327.5,330.0,203.46043395996094,93670000,0.0,0.0
2005-02-22,BBCA,330.0,330.0,327.5,330.0,203.46043395996094,112470000,0.0,0.0
2005-02-23,BBCA,327.5,337.5,325.0,330.0,203.46043395996094,169910000,0.0,0.0
2005-02-24,BBCA,330.0,337.5,327.5,335.0,206.54318237304688,297770000,0.0,0.0
2005-02-25,BBCA,332.5,332.5,330.0,330.0,203.46043395996094,499650000,0.0,0.0
2005-02-28,BBCA,330.0,330.0,320.0,327.5,201.9190673828125,477690000,0.0,0.0
2005-03-01,BBCA,325.0,332.5,325.0,327.5,201.9190673828125,287430000,0.0,0.0
2005-03-02,BBCA,327.5,327.5,317.5,320.0,197.2949981689453,243910000,0.0,0.0
2005-03-03,BBCA,320.0,332.5,320.0,332.5,205.0017852783203,331170000,0.0,0.0
2005-03-04,BBCA,332.5,340.0,330.0,335.0,206.54318237304688,444930000,0.0,0.0
2005-03-07,BBCA,335.0,347.5,335.0,342.5,211.16729736328125,893120000,0.0,0.0
2005-03-08,BBCA,345.0,350.0,340.0,345.0,212.7086944580078,170600000,0.0,0.0
2005-03-09,BBCA,347.5,347.5,335.0,335.0,206.54318237304688,476220000,0.0,0.0
2005-03-10,BBCA,335.0,337.5,332.5,332.5,205.0017852783203,420230000,0.0,0.0
2005-03-14,BBCA,335.0,337.5,327.5,335.0,206.54318237304688,409390000,0.0,0.0
2005-03-15,BBCA,335.0,365.0,335.0,357.5,220.41549682617188,785300000,0.0,0.0
2005-03-16,BBCA,360.0,380.0,360.0,377.5,232.74639892578125,750460000,0.0,0.0
2005-03-17,BBCA,377.5,377.5,362.5,370.0,228.12232971191406,523960000,0.0,0.0
2005-03-18,BBCA,375.0,375.0,367.5,370.0,228.12232971191406,272000000,0.0,0.0
2005-03-21,BBCA,370.0,382.5,365.0,382.5,235.82911682128906,364340000,0.0,0.0
2005-03-22,BBCA,387.5,390.0,370.0,377.5,232.74639892578125,780220000,0.0,0.0
2005-03-23,BBCA,377.5,377.5,377.5,377.5,232.74639892578125,0,0.0,0.0
2005-03-24,BBCA,370.0,370.0,350.0,360.0,221.95684814453125,1949960000,0.0,0.0
2005-03-28,BBCA,360.0,360.0,340.0,340.0,209.62599182128906,1046370000,0.0,0.0
2005-03-29,BBCA,340.0,345.0,332.5,337.5,208.0845184326172,606600000,0.0,0.0
2005-03-30,BBCA,335.0,345.0,325.0,332.5,205.0017852783203,1700220000,0.0,0.0
2005-03-31,BBCA,335.0,342.5,335.0,340.0,209.62599182128906,1196590000,0.0,0.0
2005-04-01,BBCA,340.0,345.0,337.5,340.0,209.62599182128906,516260000,0.0,0.0
2005-04-04,BBCA,342.5,345.0,340.0,345.0,212.7086944580078,172170000,0.0,0.0
2005-04-05,BBCA,345.0,345.0,340.0,342.5,211.16729736328125,247030000,0.0,0.0
2005-04-06,BBCA,340.0,345.0,337.5,345.0,212.7086944580078,417050000,0.0,0.0
2005-04-07,BBCA,345.0,345.0,332.5,342.5,211.16729736328125,1321300000,0.0,0.0
2005-04-08,BBCA,342.5,342.5,337.5,342.5,211.16729736328125,153890000,0.0,0.0
2005-04-11,BBCA,340.0,340.0,335.0,340.0,209.62599182128906,191500000,0.0,0.0
2005-04-12,BBCA,337.5,340.0,332.5,340.0,209.62599182128906,725470000,0.0,0.0
2005-04-13,BBCA,337.5,345.0,337.5,337.5,208.0845184326172,334880000,0.0,0.0
2005-04-14,BBCA,340.0,342.5,332.5,337.5,208.0845184326172,578080000,0.0,0.0
2005-04-15,BBCA,332.5,340.0,332.5,340.0,209.62599182128906,318220000,0.0,0.0
2005-04-18,BBCA,335.0,335.0,327.5,332.5,205.0017852783203,836510000,0.0,0.0
2005-04-19,BBCA,332.5,332.5,325.0,327.5,201.9190673828125,527100000,0.0,0.0
2005-04-20,BBCA,330.0,342.5,330.0,340.0,209.62599182128906,423160000,0.0,0.0
2005-04-21,BBCA,337.5,337.5,330.0,332.5,205.0017852783203,379890000,0.0,0.0
2005-04-25,BBCA,332.5,332.5,302.5,315.0,194.2122344970703,1681200000,0.0,0.0
2005-04-26,BBCA,315.0,320.0,310.0,320.0,197.2949981689453,507660000,0.0,0.0
2005-04-27,BBCA,320.0,325.0,315.0,317.5,195.75355529785156,807540000,0.0,0.0
2005-04-28,BBCA,317.5,320.0,310.0,312.5,192.67086791992188,550650000,0.0,0.0
2005-04-29,BBCA,310.0,310.0,297.5,307.5,189.58816528320312,1245090000,0.0,0.0
2005-05-02,BBCA,310.0,315.0,310.0,310.0,191.12950134277344,165560000,0.0,0.0
2005-05-03,BBCA,310.0,315.0,307.5,312.5,192.67086791992188,200510000,0.0,0.0
2005-05-04,BBCA,315.0,325.0,312.5,322.5,198.83636474609375,466600000,0.0,0.0
2005-05-06,BBCA,322.5,330.0,322.5,327.5,201.9190673828125,214880000,0.0,0.0
2005-05-09,BBCA,327.5,327.5,320.0,325.0,200.37770080566406,324580000,0.0,0.0
2005-05-10,BBCA,325.0,327.5,322.5,325.0,200.37770080566406,162970000,0.0,0.0
2005-05-11,BBCA,320.0,327.5,317.5,325.0,200.37770080566406,115490000,0.0,0.0
2005-05-12,BBCA,327.5,327.5,325.0,325.0,200.37770080566406,135610000,0.0,0.0
2005-05-13,BBCA,322.5,327.5,322.5,327.5,201.9190673828125,87980000,0.0,0.0
2005-05-16,BBCA,325.0,325.0,322.5,322.5,198.83636474609375,65160000,0.0,0.0
2005-05-17,BBCA,325.0,330.0,322.5,330.0,203.46043395996094,160420000,0.0,0.0
2005-05-18,BBCA,330.0,330.0,325.0,327.5,201.9190673828125,148410000,0.0,0.0
2005-05-19,BBCA,327.5,330.0,327.5,330.0,203.46043395996094,113820000,0.0,0.0
2005-05-20,BBCA,327.5,327.5,325.0,327.5,201.9190673828125,111580000,0.0,0.0
2005-05-23,BBCA,325.0,327.5,325.0,327.5,201.9190673828125,29340000,0.0,0.0
2005-05-25,BBCA,325.0,327.5,325.0,327.5,201.9190673828125,121100000,0.0,0.0
2005-05-26,BBCA,325.0,332.5,325.0,330.0,203.46043395996094,222780000,0.0,0.0
2005-05-27,BBCA,330.0,330.0,327.5,327.5,201.9190673828125,179860000,0.0,0.0
2005-05-30,BBCA,327.5,335.0,327.5,335.0,206.54318237304688,197660000,0.0,0.0
2005-05-31,BBCA,335.0,347.5,335.0,347.5,214.25,357220000,0.0,0.0
2005-06-01,BBCA,345.0,347.5,342.5,345.0,212.7086944580078,189470000,0.0,0.0
2005-06-02,BBCA,345.0,355.0,345.0,355.0,218.8741455078125,357880000,0.0,0.0
2005-06-03,BBCA,355.0,360.0,350.0,357.5,220.41549682617188,319250000,0.0,0.0
2005-06-06,BBCA,355.0,355.0,350.0,352.5,217.33277893066406,153440000,0.0,0.0
2005-06-07,BBCA,352.5,357.5,350.0,350.0,215.7913360595703,158940000,0.0,0.0
2005-06-08,BBCA,350.0,352.5,345.0,350.0,215.7913360595703,156300000,0.0,0.0
2005-06-09,BBCA,350.0,352.5,347.5,352.5,217.33277893066406,83980000,0.0,0.0
2005-06-10,BBCA,352.5,352.5,347.5,350.0,215.7913360595703,62030000,0.0,0.0
2005-06-13,BBCA,347.5,352.5,347.5,350.0,215.7913360595703,155870000,0.0,0.0
2005-06-14,BBCA,352.5,355.0,350.0,355.0,218.8741455078125,150820000,0.0,0.0
2005-06-15,BBCA,355.0,362.5,355.0,360.0,221.95684814453125,461550000,0.0,0.0
2005-06-16,BBCA,360.0,367.5,355.0,360.0,221.95684814453125,305650000,0.0,0.0
2005-06-17,BBCA,360.0,367.5,360.0,367.5,226.58087158203125,173220000,0.0,0.0
2005-06-20,BBCA,367.5,367.5,362.5,365.0,225.03958129882812,99610000,0.0,0.0
2005-06-21,BBCA,362.5,370.0,360.0,365.0,225.03958129882812,211940000,0.0,0.0
2005-06-22,BBCA,365.0,365.0,357.5,365.0,225.03958129882812,185660000,0.0,0.0
2005-06-23,BBCA,362.5,365.0,360.0,360.0,221.95684814453125,72680000,0.0,0.0
2005-06-24,BBCA,360.0,362.5,357.5,362.5,223.4982147216797,112010000,0.0,0.0
2005-06-27,BBCA,360.0,360.0,355.0,355.0,218.8741455078125,70670000,0.0,0.0
2005-06-28,BBCA,357.5,360.0,355.0,355.0,218.8741455078125,142950000,0.0,0.0
2005-06-29,BBCA,357.5,360.0,355.0,355.0,218.8741455078125,49340000,0.0,0.0
2005-06-30,BBCA,357.5,360.0,355.0,360.0,221.95684814453125,229650000,0.0,0.0
2005-07-01,BBCA,360.0,365.0,357.5,365.0,225.03958129882812,101220000,0.0,0.0
2005-07-04,BBCA,362.5,362.5,355.0,357.5,220.41549682617188,152210000,0.0,0.0
2005-07-05,BBCA,357.5,357.5,352.5,352.5,217.33277893066406,266870000,0.0,0.0
2005-07-06,BBCA,355.0,355.0,350.0,352.5,217.33277893066406,120810000,0.0,0.0
2005-07-07,BBCA,350.0,352.5,345.0,347.5,214.25,396080000,0.0,0.0
2005-07-08,BBCA,345.0,352.5,345.0,352.5,217.33277893066406,101260000,0.0,0.0
2005-07-11,BBCA,352.5,352.5,350.0,352.5,217.33277893066406,36510000,0.0,0.0
2005-07-12,BBCA,352.5,352.5,350.0,350.0,215.7913360595703,99170000,0.0,0.0
2005-07-13,BBCA,350.0,352.5,350.0,350.0,215.7913360595703,152770000,0.0,0.0
2005-07-14,BBCA,352.5,355.0,352.5,352.5,217.33277893066406,78330000,0.0,0.0
2005-07-15,BBCA,352.5,355.0,352.5,352.5,217.33277893066406,196430000,0.0,0.0
2005-07-18,BBCA,355.0,355.0,355.0,355.0,218.8741455078125,124750000,0.0,0.0
2005-07-19,BBCA,352.5,355.0,352.5,355.0,218.8741455078125,158950000,0.0,0.0
2005-07-20,BBCA,350.0,357.5,347.5,357.5,225.49713134765625,201500000,8.0,0.0
2005-07-21,BBCA,357.5,360.0,355.0,357.5,225.49713134765625,136330000,0.0,0.0
2005-07-22,BBCA,357.5,357.5,350.0,350.0,220.76634216308594,183590000,0.0,0.0
2005-07-25,BBCA,350.0,355.0,350.0,355.0,223.9202117919922,118040000,0.0,0.0
2005-07-26,BBCA,355.0,362.5,355.0,362.5,228.65090942382812,292560000,0.0,0.0
2005-07-27,BBCA,362.5,365.0,360.0,360.0,227.07398986816406,123170000,0.0,0.0
2005-07-28,BBCA,362.5,365.0,360.0,362.5,228.65090942382812,42030000,0.0,0.0
2005-07-29,BBCA,362.5,367.5,362.5,365.0,230.22779846191406,71420000,0.0,0.0
2005-08-01,BBCA,365.0,367.5,362.5,362.5,228.65090942382812,147580000,0.0,0.0
2005-08-02,BBCA,362.5,372.5,362.5,372.5,234.95849609375,140120000,0.0,0.0
2005-08-03,BBCA,372.5,382.5,372.5,377.5,238.11233520507812,249980000,0.0,0.0
2005-08-04,BBCA,380.0,382.5,375.0,375.0,236.53541564941406,156730000,0.0,0.0
2005-08-05,BBCA,375.0,375.0,365.0,367.5,231.8046417236328,67040000,0.0,0.0
2005-08-08,BBCA,365.0,365.0,362.5,362.5,228.65090942382812,126220000,0.0,0.0
2005-08-09,BBCA,362.5,362.5,352.5,355.0,223.9202117919922,333520000,0.0,0.0
2005-08-10,BBCA,357.5,362.5,357.5,360.0,227.07398986816406,114420000,0.0,0.0
2005-08-11,BBCA,360.0,360.0,355.0,357.5,225.49713134765625,96480000,0.0,0.0
2005-08-12,BBCA,355.0,355.0,350.0,350.0,220.76634216308594,155300000,0.0,0.0
2005-08-15,BBCA,350.0,350.0,335.0,342.5,216.03570556640625,1148470000,0.0,0.0
2005-08-16,BBCA,342.5,345.0,342.5,345.0,217.61264038085938,122380000,0.0,0.0
2005-08-18,BBCA,345.0,347.5,340.0,345.0,217.61264038085938,415680000,0.0,0.0
2005-08-19,BBCA,342.5,342.5,327.5,332.5,209.72804260253906,853380000,0.0,0.0
2005-08-22,BBCA,330.0,340.0,330.0,330.0,208.15115356445312,153560000,0.0,0.0
2005-08-23,BBCA,332.5,350.0,330.0,330.0,208.15115356445312,421430000,0.0,0.0
2005-08-24,BBCA,330.0,337.5,325.0,332.5,209.72804260253906,580810000,0.0,0.0
2005-08-25,BBCA,332.5,347.5,330.0,345.0,217.61264038085938,188130000,0.0,0.0
2005-08-26,BBCA,340.0,342.5,332.5,340.0,214.45887756347656,97660000,0.0,0.0
2005-08-29,BBCA,337.5,337.5,325.0,330.0,208.15115356445312,562120000,0.0,0.0
2005-08-30,BBCA,325.0,347.5,310.0,337.5,212.88185119628906,482700000,0.0,0.0
2005-08-31,BBCA,345.0,347.5,340.0,342.5,216.03570556640625,179340000,0.0,0.0
2005-09-01,BBCA,340.0,350.0,335.0,347.5,219.18951416015625,144910000,0.0,0.0
2005-09-05,BBCA,345.0,345.0,337.5,337.5,212.88185119628906,159490000,0.0,0.0
2005-09-06,BBCA,340.0,345.0,340.0,340.0,214.45887756347656,259390000,0.0,0.0
2005-09-07,BBCA,342.5,347.5,342.5,345.0,217.61264038085938,218200000,0.0,0.0
2005-09-08,BBCA,347.5,352.5,345.0,347.5,219.18951416015625,318950000,0.0,0.0
2005-09-09,BBCA,347.5,360.0,347.5,357.5,225.49713134765625,440210000,0.0,0.0
2005-09-12,BBCA,357.5,365.0,357.5,362.5,228.65090942382812,608990000,0.0,0.0
2005-09-13,BBCA,362.5,362.5,350.0,352.5,222.34332275390625,532880000,0.0,0.0
2005-09-14,BBCA,350.0,352.5,340.0,340.0,214.45887756347656,272480000,0.0,0.0
2005-09-15,BBCA,340.0,345.0,340.0,340.0,214.45887756347656,106760000,0.0,0.0
2005-09-16,BBCA,342.5,347.5,340.0,342.5,216.03570556640625,274620000,0.0,0.0
2005-09-19,BBCA,350.0,350.0,342.5,345.0,217.61264038085938,361170000,0.0,0.0
2005-09-20,BBCA,345.0,350.0,342.5,347.5,219.18951416015625,650380000,0.0,0.0
2005-09-21,BBCA,347.5,347.5,347.5,347.5,219.18951416015625,0,0.0,0.0
2005-09-22,BBCA,347.5,347.5,332.5,342.5,216.03570556640625,489040000,0.0,0.0
2005-09-23,BBCA,337.5,340.0,335.0,337.5,212.88185119628906,63350000,0.0,0.0
2005-09-26,BBCA,337.5,350.0,337.5,342.5,216.03570556640625,314210000,0.0,0.0
2005-09-27,BBCA,337.5,342.5,337.5,340.0,214.45887756347656,184660000,0.0,0.0
2005-09-28,BBCA,340.0,340.0,330.0,332.5,209.72804260253906,75250000,0.0,0.0
2005-09-29,BBCA,340.0,342.5,327.5,340.0,214.45887756347656,284010000,0.0,0.0
2005-09-30,BBCA,345.0,345.0,340.0,345.0,217.61264038085938,159610000,0.0,0.0
2005-10-03,BBCA,345.0,345.0,337.5,345.0,217.61264038085938,192690000,0.0,0.0
2005-10-04,BBCA,360.0,360.0,345.0,360.0,227.07398986816406,556150000,0.0,0.0
2005-10-05,BBCA,352.5,360.0,345.0,352.5,222.34332275390625,198820000,0.0,0.0
2005-10-06,BBCA,352.5,352.5,345.0,352.5,222.34332275390625,137980000,0.0,0.0
2005-10-07,BBCA,342.5,345.0,340.0,342.5,219.14419555664062,153300000,5.0,0.0
2005-10-10,BBCA,347.5,347.5,337.5,347.5,222.34329223632812,144080000,0.0,0.0
2005-10-11,BBCA,342.5,345.0,340.0,342.5,219.14419555664062,194160000,0.0,0.0
2005-10-12,BBCA,340.0,342.5,337.5,340.0,217.54457092285156,66030000,0.0,0.0
2005-10-13,BBCA,337.5,337.5,332.5,337.5,215.9449005126953,258860000,0.0,0.0
2005-10-14,BBCA,337.5,337.5,332.5,337.5,215.9449005126953,127950000,0.0,0.0
2005-10-17,BBCA,337.5,337.5,327.5,335.0,214.3453369140625,293810000,0.0,0.0
2005-10-18,BBCA,335.0,335.0,332.5,335.0,214.3453369140625,43860000,0.0,0.0
2005-10-19,BBCA,327.5,332.5,327.5,327.5,209.54653930664062,316580000,0.0,0.0
2005-10-20,BBCA,330.0,330.0,325.0,330.0,211.14613342285156,259080000,0.0,0.0
2005-10-21,BBCA,332.5,332.5,327.5,332.5,212.74569702148438,29050000,0.0,0.0
2005-10-24,BBCA,332.5,340.0,332.5,332.5,212.74569702148438,141330000,0.0,0.0
2005-10-25,BBCA,337.5,337.5,332.5,335.0,214.3453369140625,56170000,0.0,0.0
2005-10-26,BBCA,332.5,335.0,330.0,332.5,212.74569702148438,685580000,0.0,0.0
2005-10-27,BBCA,332.5,332.5,330.0,332.5,212.74569702148438,217930000,0.0,0.0
2005-10-28,BBCA,322.5,330.0,317.5,322.5,206.347412109375,221400000,0.0,0.0
2005-10-31,BBCA,322.5,325.0,317.5,322.5,206.347412109375,98050000,0.0,0.0
2005-11-01,BBCA,312.5,325.0,302.5,312.5,199.94898986816406,616310000,0.0,0.0
2005-11-07,BBCA,312.5,312.5,312.5,312.5,199.94898986816406,0,0.0,0.0
2005-11-08,BBCA,312.5,312.5,312.5,312.5,199.94898986816406,0,0.0,0.0
2005-11-09,BBCA,310.0,310.0,295.0,305.0,195.15020751953125,656090000,0.0,0.0
2005-11-10,BBCA,300.0,305.0,297.5,300.0,191.95101928710938,429730000,0.0,0.0
2005-11-11,BBCA,300.0,305.0,292.5,300.0,191.95101928710938,373910000,0.0,0.0
2005-11-14,BBCA,302.5,302.5,292.5,302.5,193.55062866210938,312610000,0.0,0.0
2005-11-15,BBCA,310.0,310.0,300.0,310.0,198.34938049316406,126800000,0.0,0.0
2005-11-16,BBCA,320.0,320.0,310.0,320.0,204.7477569580078,155400000,0.0,0.0
2005-11-17,BBCA,320.0,320.0,315.0,320.0,204.7477569580078,175140000,0.0,0.0
2005-11-18,BBCA,317.5,320.0,312.5,317.5,203.1481475830078,850040000,0.0,0.0
2005-11-21,BBCA,315.0,325.0,312.5,315.0,201.54856872558594,441580000,0.0,0.0
2005-11-22,BBCA,317.5,317.5,312.5,317.5,203.1481475830078,480310000,0.0,0.0
2005-11-23,BBCA,322.5,322.5,315.0,322.5,206.347412109375,290430000,0.0,0.0
2005-11-24,BBCA,330.0,330.0,325.0,330.0,211.14613342285156,585550000,0.0,0.0
2005-11-25,BBCA,330.0,332.5,327.5,330.0,211.14613342285156,137590000,0.0,0.0
2005-11-28,BBCA,330.0,332.5,327.5,330.0,211.14613342285156,336540000,0.0,0.0
2005-11-29,BBCA,330.0,330.0,327.5,330.0,211.14613342285156,105850000,0.0,0.0
2005-11-30,BBCA,330.0,330.0,327.5,330.0,211.14613342285156,380880000,0.0,0.0
2005-12-01,BBCA,330.0,330.0,327.5,330.0,211.14613342285156,169410000,0.0,0.0
2005-12-02,BBCA,335.0,335.0,330.0,335.0,214.3453369140625,769850000,0.0,0.0
2005-12-05,BBCA,335.0,337.5,332.5,335.0,214.3453369140625,174390000,0.0,0.0
2005-12-06,BBCA,340.0,345.0,335.0,340.0,217.54457092285156,429050000,0.0,0.0
2005-12-07,BBCA,350.0,350.0,342.5,350.0,223.94287109375,653040000,0.0,0.0
2005-12-08,BBCA,352.5,357.5,350.0,352.5,225.54249572753906,521870000,0.0,0.0
2005-12-09,BBCA,345.0,352.5,340.0,345.0,220.74375915527344,257400000,0.0,0.0
2005-12-12,BBCA,345.0,347.5,342.5,345.0,220.74375915527344,121070000,0.0,0.0
2005-12-13,BBCA,350.0,350.0,345.0,350.0,223.94287109375,183230000,0.0,0.0
2005-12-14,BBCA,340.0,350.0,337.5,340.0,217.54457092285156,228000000,0.0,0.0
2005-12-15,BBCA,340.0,342.5,337.5,340.0,217.54457092285156,293870000,0.0,0.0
2005-12-16,BBCA,340.0,342.5,337.5,340.0,217.54457092285156,192820000,0.0,0.0
2005-12-19,BBCA,340.0,342.5,337.5,340.0,217.54457092285156,47610000,0.0,0.0
2005-12-20,BBCA,340.0,340.0,337.5,340.0,217.54457092285156,124510000,0.0,0.0
2005-12-21,BBCA,335.0,337.5,332.5,335.0,214.3453369140625,175910000,0.0,0.0
2005-12-22,BBCA,340.0,340.0,335.0,340.0,217.54457092285156,80760000,0.0,0.0
2005-12-23,BBCA,340.0,340.0,335.0,337.5,215.9449005126953,43350000,0.0,0.0
2005-12-26,BBCA,337.5,337.5,337.5,337.5,215.9449005126953,0,0.0,0.0
2005-12-27,BBCA,335.0,340.0,335.0,335.0,214.3453369140625,22730000,0.0,0.0
2005-12-28,BBCA,337.5,337.5,332.5,337.5,215.9449005126953,28800000,0.0,0.0
2005-12-29,BBCA,340.0,340.0,332.5,340.0,217.54457092285156,83770000,0.0,0.0
2005-12-30,BBCA,340.0,340.0,340.0,340.0,217.54457092285156,0,0.0,0.0
2006-01-02,BBCA,340.0,340.0,335.0,340.0,217.54457092285156,15680000,0.0,0.0
2006-01-03,BBCA,347.5,347.5,337.5,347.5,222.34329223632812,171000000,0.0,0.0
2006-01-04,BBCA,350.0,367.5,350.0,367.5,235.14004516601562,830650000,0.0,0.0
2006-01-05,BBCA,367.5,370.0,357.5,360.0,230.3412628173828,195370000,0.0,0.0
2006-01-06,BBCA,357.5,362.5,355.0,360.0,230.3412628173828,151170000,0.0,0.0
2006-01-09,BBCA,360.0,365.0,360.0,365.0,233.5404052734375,274610000,0.0,0.0
2006-01-10,BBCA,365.0,365.0,365.0,365.0,233.5404052734375,0,0.0,0.0
2006-01-11,BBCA,365.0,365.0,357.5,362.5,231.9408416748047,253190000,0.0,0.0
2006-01-12,BBCA,362.5,362.5,360.0,360.0,230.3412628173828,175940000,0.0,0.0
2006-01-13,BBCA,360.0,362.5,360.0,360.0,230.3412628173828,113580000,0.0,0.0
2006-01-16,BBCA,360.0,367.5,357.5,360.0,230.3412628173828,329880000,0.0,0.0
2006-01-17,BBCA,360.0,360.0,355.0,357.5,228.74163818359375,200860000,0.0,0.0
2006-01-18,BBCA,355.0,355.0,350.0,350.0,223.94287109375,96290000,0.0,0.0
2006-01-19,BBCA,352.5,362.5,352.5,362.5,231.9408416748047,72780000,0.0,0.0
2006-01-20,BBCA,362.5,365.0,360.0,362.5,231.9408416748047,116510000,0.0,0.0
2006-01-23,BBCA,360.0,360.0,355.0,357.5,228.74163818359375,56250000,0.0,0.0
2006-01-24,BBCA,357.5,357.5,355.0,357.5,228.74163818359375,28660000,0.0,0.0
2006-01-25,BBCA,357.5,362.5,357.5,362.5,231.9408416748047,83890000,0.0,0.0
2006-01-26,BBCA,362.5,362.5,360.0,360.0,230.3412628173828,57970000,0.0,0.0
2006-01-27,BBCA,365.0,365.0,360.0,365.0,233.5404052734375,88090000,0.0,0.0
2006-01-30,BBCA,362.5,365.0,360.0,362.5,231.9408416748047,21300000,0.0,0.0
2006-01-31,BBCA,362.5,362.5,362.5,362.5,231.9408416748047,0,0.0,0.0
2006-02-01,BBCA,367.5,367.5,362.5,367.5,235.14004516601562,162360000,0.0,0.0
2006-02-02,BBCA,365.0,365.0,362.5,365.0,233.5404052734375,60980000,0.0,0.0
2006-02-03,BBCA,370.0,370.0,365.0,370.0,236.73959350585938,51120000,0.0,0.0
2006-02-06,BBCA,370.0,370.0,367.5,370.0,236.73959350585938,47890000,0.0,0.0
2006-02-07,BBCA,370.0,372.5,370.0,372.5,238.3391876220703,52120000,0.0,0.0
2006-02-08,BBCA,370.0,370.0,360.0,365.0,233.5404052734375,189590000,0.0,0.0
2006-02-09,BBCA,365.0,365.0,362.5,365.0,233.5404052734375,117880000,0.0,0.0
2006-02-10,BBCA,365.0,365.0,360.0,365.0,233.5404052734375,20630000,0.0,0.0
2006-02-13,BBCA,362.5,367.5,360.0,362.5,231.9408416748047,52900000,0.0,0.0
2006-02-14,BBCA,362.5,362.5,357.5,362.5,231.9408416748047,160090000,0.0,0.0
2006-02-15,BBCA,360.0,362.5,357.5,360.0,230.3412628173828,85540000,0.0,0.0
2006-02-16,BBCA,362.5,367.5,360.0,362.5,231.9408416748047,52440000,0.0,0.0
2006-02-17,BBCA,362.5,365.0,362.5,362.5,231.9408416748047,43480000,0.0,0.0
2006-02-20,BBCA,360.0,362.5,357.5,360.0,230.3412628173828,80230000,0.0,0.0
2006-02-21,BBCA,360.0,360.0,355.0,355.0,227.14202880859375,102720000,0.0,0.0
2006-02-22,BBCA,350.0,357.5,350.0,350.0,223.94287109375,182990000,0.0,0.0
2006-02-23,BBCA,347.5,355.0,347.5,347.5,222.34329223632812,132590000,0.0,0.0
2006-02-24,BBCA,347.5,352.5,347.5,347.5,222.34329223632812,1300000,0.0,0.0
2006-02-27,BBCA,355.0,362.5,350.0,355.0,227.14202880859375,101770000,0.0,0.0
2006-02-28,BBCA,360.0,360.0,355.0,360.0,230.3412628173828,66570000,0.0,0.0
2006-03-01,BBCA,360.0,367.5,357.5,365.0,233.5404052734375,151120000,0.0,0.0
2006-03-02,BBCA,375.0,380.0,365.0,375.0,239.9387969970703,395250000,0.0,0.0
2006-03-03,BBCA,375.0,377.5,375.0,377.5,241.53839111328125,60190000,0.0,0.0
2006-03-06,BBCA,375.0,377.5,372.5,372.5,238.3391876220703,55660000,0.0,0.0
2006-03-07,BBCA,365.0,377.5,365.0,365.0,233.5404052734375,78660000,0.0,0.0
2006-03-08,BBCA,362.5,365.0,360.0,360.0,230.3412628173828,147920000,0.0,0.0
2006-03-09,BBCA,362.5,365.0,360.0,365.0,233.5404052734375,83830000,0.0,0.0
2006-03-10,BBCA,382.5,382.5,367.5,382.5,244.7375946044922,249050000,0.0,0.0
2006-03-13,BBCA,382.5,385.0,372.5,372.5,238.3391876220703,130360000,0.0,0.0
2006-03-14,BBCA,372.5,380.0,370.0,370.0,236.73959350585938,80700000,0.0,0.0
2006-03-15,BBCA,370.0,370.0,365.0,367.5,235.14004516601562,117390000,0.0,0.0
2006-03-16,BBCA,380.0,387.5,370.0,380.0,243.1378936767578,359460000,0.0,0.0
2006-03-17,BBCA,382.5,405.0,382.5,402.5,257.5343933105469,510420000,0.0,0.0
2006-03-20,BBCA,417.5,417.5,400.0,417.5,267.1318664550781,523240000,0.0,0.0
2006-03-21,BBCA,417.5,420.0,405.0,412.5,263.93267822265625,83610000,0.0,0.0
2006-03-22,BBCA,395.0,410.0,390.0,395.0,252.7355499267578,136370000,0.0,0.0
2006-03-23,BBCA,395.0,407.5,392.5,392.5,251.13601684570312,187380000,0.0,0.0
2006-03-24,BBCA,392.5,395.0,390.0,392.5,251.13601684570312,121970000,0.0,0.0
2006-03-27,BBCA,400.0,400.0,395.0,400.0,255.93466186523438,81430000,0.0,0.0
2006-03-28,BBCA,412.5,417.5,400.0,412.5,263.93267822265625,143410000,0.0,0.0
2006-03-29,BBCA,417.5,425.0,410.0,417.5,267.1318664550781,293470000,0.0,0.0
2006-03-30,BBCA,417.5,417.5,417.5,417.5,267.1318664550781,0,0.0,0.0
2006-03-31,BBCA,417.5,417.5,417.5,417.5,267.1318664550781,0,0.0,0.0
2006-04-03,BBCA,417.5,420.0,415.0,417.5,267.1318664550781,104770000,0.0,0.0
2006-04-04,BBCA,417.5,420.0,407.5,417.5,267.1318664550781,110800000,0.0,0.0
2006-04-05,BBCA,440.0,442.5,420.0,440.0,281.5282287597656,270320000,0.0,0.0
2006-04-06,BBCA,450.0,452.5,437.5,450.0,287.9266357421875,298440000,0.0,0.0
2006-04-07,BBCA,455.0,467.5,450.0,455.0,291.125732421875,234400000,0.0,0.0
2006-04-10,BBCA,455.0,455.0,455.0,455.0,291.125732421875,0,0.0,0.0
2006-04-11,BBCA,437.5,450.0,435.0,437.5,279.9285888671875,116980000,0.0,0.0
2006-04-12,BBCA,425.0,437.5,422.5,425.0,271.93060302734375,365920000,0.0,0.0
2006-04-13,BBCA,432.5,442.5,422.5,432.5,276.7293701171875,339500000,0.0,0.0
2006-04-14,BBCA,432.5,432.5,432.5,432.5,276.7293701171875,0,0.0,0.0
2006-04-17,BBCA,435.0,437.5,430.0,435.0,278.32891845703125,54320000,0.0,0.0
2006-04-18,BBCA,452.5,457.5,435.0,452.5,289.5261535644531,317180000,0.0,0.0
2006-04-19,BBCA,480.0,482.5,457.5,480.0,307.1217346191406,217470000,0.0,0.0
2006-04-20,BBCA,482.5,492.5,465.0,482.5,308.72125244140625,231260000,0.0,0.0
2006-04-21,BBCA,472.5,482.5,472.5,472.5,302.3228759765625,102360000,0.0,0.0
2006-04-24,BBCA,472.5,467.5,452.5,460.0,294.324951171875,231670000,0.0,0.0
2006-04-25,BBCA,452.5,460.0,452.5,452.5,289.5261535644531,132380000,0.0,0.0
2006-04-26,BBCA,457.5,465.0,452.5,457.5,292.7253112792969,331670000,0.0,0.0
2006-04-27,BBCA,450.0,462.5,447.5,450.0,287.9266357421875,259060000,0.0,0.0
2006-04-28,BBCA,450.0,455.0,435.0,437.5,279.9285888671875,336480000,0.0,0.0
2006-05-01,BBCA,440.0,445.0,435.0,440.0,281.5282287597656,114280000,0.0,0.0
2006-05-02,BBCA,440.0,452.5,437.5,440.0,281.5282287597656,238080000,0.0,0.0
2006-05-03,BBCA,442.5,445.0,435.0,442.5,283.12774658203125,177260000,0.0,0.0
2006-05-04,BBCA,432.5,445.0,427.5,432.5,276.7293701171875,331710000,0.0,0.0
2006-05-05,BBCA,432.5,437.5,427.5,435.0,278.32891845703125,231560000,0.0,0.0
2006-05-08,BBCA,442.5,445.0,432.5,442.5,283.12774658203125,280810000,0.0,0.0
2006-05-09,BBCA,450.0,452.5,437.5,450.0,287.9266357421875,289290000,0.0,0.0
2006-05-10,BBCA,455.0,455.0,447.5,455.0,291.125732421875,236200000,0.0,0.0
2006-05-11,BBCA,467.5,470.0,455.0,467.5,299.12371826171875,426210000,0.0,0.0
2006-05-12,BBCA,450.0,462.5,445.0,450.0,287.9266357421875,199440000,0.0,0.0
2006-05-15,BBCA,427.5,440.0,425.0,427.5,273.5301818847656,320970000,0.0,0.0
2006-05-16,BBCA,430.0,430.0,400.0,430.0,275.1297912597656,433800000,0.0,0.0
2006-05-17,BBCA,440.0,445.0,435.0,440.0,281.5282287597656,385440000,0.0,0.0
2006-05-18,BBCA,417.5,427.5,412.5,427.5,273.5301818847656,251980000,0.0,0.0
2006-05-19,BBCA,427.5,427.5,415.0,417.5,267.1318664550781,71100000,0.0,0.0
2006-05-22,BBCA,402.5,412.5,400.0,402.5,257.5343933105469,308900000,0.0,0.0
2006-05-23,BBCA,407.5,407.5,387.5,407.5,260.73345947265625,242860000,0.0,0.0
2006-05-24,BBCA,410.0,412.5,390.0,410.0,262.3331604003906,388830000,0.0,0.0
2006-05-25,BBCA,410.0,410.0,410.0,410.0,262.3331604003906,0,0.0,0.0
2006-05-26,BBCA,410.0,410.0,410.0,410.0,262.3331604003906,0,0.0,0.0
2006-05-29,BBCA,415.0,425.0,400.0,405.0,259.13385009765625,272530000,0.0,0.0
2006-05-30,BBCA,420.0,422.5,405.0,420.0,268.7314453125,171550000,0.0,0.0
2006-05-31,BBCA,410.0,410.0,400.0,410.0,262.3331604003906,173050000,0.0,0.0
2006-06-01,BBCA,405.0,412.5,402.5,405.0,259.13385009765625,66730000,0.0,0.0
2006-06-02,BBCA,407.5,410.0,400.0,407.5,260.73345947265625,171970000,0.0,0.0
2006-06-05,BBCA,415.0,417.5,405.0,415.0,265.53228759765625,51870000,0.0,0.0
2006-06-06,BBCA,410.0,410.0,400.0,410.0,262.3331604003906,73560000,0.0,0.0
2006-06-07,BBCA,405.0,405.0,400.0,405.0,264.9498291015625,122360000,9.0,0.0
2006-06-08,BBCA,387.5,397.5,382.5,387.5,253.50144958496094,491020000,0.0,0.0
2006-06-09,BBCA,397.5,397.5,390.0,397.5,260.04339599609375,479390000,0.0,0.0
2006-06-12,BBCA,390.0,397.5,387.5,390.0,255.13694763183594,291020000,0.0,0.0
2006-06-13,BBCA,382.5,385.0,377.5,382.5,250.23040771484375,498550000,0.0,0.0
2006-06-14,BBCA,387.5,387.5,367.5,387.5,253.50144958496094,368740000,0.0,0.0
2006-06-15,BBCA,387.5,397.5,387.5,387.5,253.50144958496094,136380000,0.0,0.0
2006-06-16,BBCA,417.5,417.5,392.5,417.5,273.1273193359375,610130000,0.0,0.0
2006-06-19,BBCA,410.0,417.5,405.0,410.0,268.2208557128906,75680000,0.0,0.0
2006-06-20,BBCA,407.5,410.0,402.5,407.5,266.5853576660156,70600000,0.0,0.0
2006-06-21,BBCA,405.0,410.0,405.0,405.0,264.9498291015625,39830000,0.0,0.0
2006-06-22,BBCA,410.0,412.5,407.5,410.0,268.2208557128906,169220000,0.0,0.0
2006-06-23,BBCA,407.5,410.0,405.0,407.5,266.5853576660156,31540000,0.0,0.0
2006-06-26,BBCA,400.0,405.0,397.5,400.0,261.6789245605469,54400000,0.0,0.0
2006-06-27,BBCA,402.5,407.5,400.0,402.5,263.3144226074219,40530000,0.0,0.0
2006-06-28,BBCA,395.0,397.5,387.5,395.0,258.4078674316406,133550000,0.0,0.0
2006-06-29,BBCA,395.0,402.5,397.5,400.0,261.6789245605469,87570000,0.0,0.0
2006-06-30,BBCA,410.0,417.5,402.5,410.0,268.2208557128906,334620000,0.0,0.0
2006-07-03,BBCA,427.5,427.5,410.0,427.5,279.6692810058594,298940000,0.0,0.0
2006-07-04,BBCA,430.0,435.0,427.5,430.0,281.3047180175781,222200000,0.0,0.0
2006-07-05,BBCA,427.5,440.0,427.5,427.5,279.6692810058594,150650000,0.0,0.0
2006-07-06,BBCA,425.0,430.0,422.5,425.0,278.0338134765625,140510000,0.0,0.0
2006-07-07,BBCA,440.0,440.0,430.0,440.0,287.8468017578125,151830000,0.0,0.0
2006-07-10,BBCA,435.0,440.0,435.0,435.0,284.5757141113281,71180000,0.0,0.0
2006-07-11,BBCA,435.0,435.0,432.5,435.0,284.5757141113281,22370000,0.0,0.0
2006-07-12,BBCA,432.5,437.5,432.5,432.5,282.9403076171875,39200000,0.0,0.0
2006-07-13,BBCA,427.5,432.5,425.0,427.5,279.6692810058594,88510000,0.0,0.0
2006-07-14,BBCA,412.5,420.0,407.5,412.5,269.85626220703125,117110000,0.0,0.0
2006-07-17,BBCA,412.5,405.0,395.0,397.5,260.04339599609375,127360000,0.0,0.0
2006-07-18,BBCA,392.5,400.0,390.0,392.5,256.77252197265625,179680000,0.0,0.0
2006-07-19,BBCA,397.5,400.0,392.5,392.5,256.77252197265625,122050000,0.0,0.0
2006-07-20,BBCA,397.5,402.5,395.0,397.5,260.04339599609375,322950000,0.0,0.0
2006-07-21,BBCA,402.5,402.5,395.0,402.5,263.3144226074219,134530000,0.0,0.0
2006-07-24,BBCA,395.0,400.0,395.0,395.0,258.4078674316406,143610000,0.0,0.0
2006-07-25,BBCA,395.0,402.5,395.0,395.0,258.4078674316406,99630000,0.0,0.0
2006-07-26,BBCA,395.0,397.5,390.0,390.0,255.13694763183594,154460000,0.0,0.0
2006-07-27,BBCA,392.5,407.5,392.5,405.0,264.9498291015625,438290000,0.0,0.0
2006-07-28,BBCA,402.5,407.5,400.0,402.5,263.3144226074219,220860000,0.0,0.0
2006-07-31,BBCA,417.5,420.0,407.5,417.5,273.1273193359375,338780000,0.0,0.0
2006-08-01,BBCA,427.5,427.5,415.0,427.5,279.6692810058594,262800000,0.0,0.0
2006-08-02,BBCA,432.5,435.0,420.0,432.5,282.9403076171875,427170000,0.0,0.0
2006-08-03,BBCA,420.0,437.5,417.5,420.0,274.7628173828125,514210000,0.0,0.0
2006-08-04,BBCA,420.0,425.0,415.0,420.0,274.7628173828125,205940000,0.0,0.0
2006-08-07,BBCA,417.5,425.0,417.5,417.5,273.1273193359375,470810000,0.0,0.0
2006-08-08,BBCA,412.5,422.5,412.5,412.5,269.85626220703125,175210000,0.0,0.0
2006-08-09,BBCA,420.0,422.5,412.5,420.0,274.7628173828125,109080000,0.0,0.0
2006-08-10,BBCA,410.0,422.5,407.5,410.0,268.2208557128906,284400000,0.0,0.0
2006-08-11,BBCA,410.0,417.5,410.0,410.0,268.2208557128906,129380000,0.0,0.0
2006-08-14,BBCA,420.0,420.0,412.5,420.0,274.7628173828125,201750000,0.0,0.0
2006-08-15,BBCA,425.0,425.0,417.5,425.0,278.0338134765625,251960000,0.0,0.0
2006-08-16,BBCA,430.0,435.0,427.5,430.0,281.3047180175781,661720000,0.0,0.0
2006-08-17,BBCA,430.0,430.0,430.0,430.0,281.3047180175781,0,0.0,0.0
2006-08-18,BBCA,430.0,430.0,430.0,430.0,281.3047180175781,0,0.0,0.0
2006-08-21,BBCA,430.0,430.0,430.0,430.0,281.3047180175781,0,0.0,0.0
2006-08-22,BBCA,437.5,440.0,430.0,437.5,286.2112731933594,317840000,0.0,0.0
2006-08-23,BBCA,437.5,437.5,432.5,435.0,284.5757141113281,168050000,0.0,0.0
2006-08-24,BBCA,440.0,445.0,427.5,440.0,287.8468017578125,728080000,0.0,0.0
2006-08-25,BBCA,442.5,450.0,440.0,442.5,289.482177734375,479570000,0.0,0.0
2006-08-28,BBCA,447.5,452.5,440.0,447.5,292.7532653808594,402810000,0.0,0.0
2006-08-29,BBCA,447.5,450.0,445.0,447.5,292.7532653808594,185280000,0.0,0.0
2006-08-30,BBCA,450.0,452.5,445.0,450.0,294.38885498046875,213880000,0.0,0.0
2006-08-31,BBCA,455.0,455.0,447.5,455.0,297.6596984863281,199170000,0.0,0.0
2006-09-01,BBCA,452.5,455.0,450.0,452.5,296.0242004394531,210570000,0.0,0.0
2006-09-04,BBCA,460.0,460.0,447.5,460.0,300.93072509765625,189850000,0.0,0.0
2006-09-05,BBCA,457.5,460.0,452.5,457.5,299.2951965332031,368160000,0.0,0.0
2006-09-06,BBCA,450.0,455.0,445.0,450.0,294.38885498046875,562570000,0.0,0.0
2006-09-07,BBCA,445.0,452.5,445.0,445.0,291.11773681640625,158290000,0.0,0.0
2006-09-08,BBCA,447.5,450.0,445.0,447.5,292.7532653808594,58600000,0.0,0.0
2006-09-11,BBCA,447.5,450.0,445.0,447.5,292.7532653808594,157680000,0.0,0.0
2006-09-12,BBCA,445.0,447.5,440.0,445.0,291.11773681640625,310850000,0.0,0.0
2006-09-13,BBCA,450.0,455.0,447.5,450.0,294.38885498046875,157070000,0.0,0.0
2006-09-14,BBCA,455.0,455.0,450.0,455.0,297.6596984863281,74090000,0.0,0.0
2006-09-15,BBCA,455.0,455.0,452.5,455.0,297.6596984863281,53700000,0.0,0.0
2006-09-18,BBCA,455.0,460.0,455.0,460.0,300.93072509765625,92050000,0.0,0.0
2006-09-19,BBCA,462.5,465.0,460.0,462.5,302.566162109375,290460000,0.0,0.0
2006-09-20,BBCA,460.0,462.5,455.0,460.0,300.93072509765625,916460000,0.0,0.0
2006-09-21,BBCA,467.5,470.0,460.0,467.5,305.8371887207031,1020760000,0.0,0.0
2006-09-22,BBCA,485.0,485.0,465.0,485.0,317.2856750488281,641900000,0.0,0.0
2006-09-25,BBCA,492.5,492.5,480.0,492.5,322.192138671875,450900000,0.0,0.0
2006-09-26,BBCA,480.0,492.5,477.5,480.0,314.0146484375,180600000,0.0,0.0
2006-09-27,BBCA,482.5,487.5,480.0,482.5,315.65020751953125,107290000,0.0,0.0
2006-09-28,BBCA,482.5,485.0,480.0,482.5,315.65020751953125,25630000,0.0,0.0
2006-09-29,BBCA,482.5,485.0,477.5,482.5,315.65020751953125,126880000,0.0,0.0
2006-10-02,BBCA,475.0,482.5,472.5,475.0,310.74365234375,114180000,0.0,0.0
2006-10-03,BBCA,475.0,475.0,470.0,475.0,310.74365234375,105060000,0.0,0.0
2006-10-04,BBCA,472.5,480.0,470.0,472.5,309.1081848144531,139260000,0.0,0.0
2006-10-05,BBCA,472.5,480.0,470.0,472.5,309.1081848144531,225860000,0.0,0.0
2006-10-06,BBCA,472.5,475.0,470.0,472.5,309.1081848144531,123460000,0.0,0.0
2006-10-09,BBCA,465.0,472.5,462.5,465.0,304.20172119140625,256580000,0.0,0.0
2006-10-10,BBCA,467.5,470.0,465.0,467.5,305.8371887207031,748900000,0.0,0.0
2006-10-11,BBCA,462.5,465.0,460.0,462.5,306.1681823730469,142370000,5.5,0.0
2006-10-12,BBCA,457.5,462.5,452.5,457.5,302.8582763671875,352110000,0.0,0.0
2006-10-13,BBCA,467.5,470.0,457.5,467.5,309.47808837890625,438920000,0.0,0.0
2006-10-16,BBCA,470.0,475.0,465.0,470.0,311.1330871582031,233820000,0.0,0.0
2006-10-17,BBCA,480.0,480.0,467.5,480.0,317.7529602050781,348930000,0.0,0.0
2006-10-18,BBCA,482.5,485.0,475.0,482.5,319.4078063964844,288650000,0.0,0.0
2006-10-19,BBCA,482.5,485.0,477.5,482.5,319.4078063964844,216070000,0.0,0.0
2006-10-20,BBCA,472.5,482.5,470.0,472.5,312.78802490234375,231520000,0.0,0.0
2006-10-23,BBCA,472.5,472.5,472.5,472.5,312.78802490234375,0,0.0,0.0
2006-10-24,BBCA,472.5,472.5,472.5,472.5,312.78802490234375,0,0.0,0.0
2006-10-25,BBCA,472.5,472.5,472.5,472.5,312.78802490234375,0,0.0,0.0
2006-10-26,BBCA,472.5,472.5,472.5,472.5,312.78802490234375,0,0.0,0.0
2006-10-27,BBCA,472.5,472.5,472.5,472.5,312.78802490234375,0,0.0,0.0
2006-10-30,BBCA,465.0,475.0,462.5,465.0,307.8231506347656,206560000,0.0,0.0
2006-10-31,BBCA,465.0,472.5,465.0,465.0,307.8231506347656,361330000,0.0,0.0
2006-11-01,BBCA,470.0,472.5,465.0,470.0,311.1330871582031,119270000,0.0,0.0
2006-11-02,BBCA,475.0,477.5,467.5,475.0,314.4430236816406,261490000,0.0,0.0
2006-11-03,BBCA,472.5,480.0,472.5,472.5,312.78802490234375,160300000,0.0,0.0
2006-11-06,BBCA,480.0,482.5,472.5,480.0,317.7529602050781,249450000,0.0,0.0
2006-11-07,BBCA,485.0,490.0,482.5,485.0,321.06280517578125,526180000,0.0,0.0
2006-11-08,BBCA,482.5,487.5,482.5,482.5,319.4078063964844,145590000,0.0,0.0
2006-11-09,BBCA,500.0,500.0,482.5,500.0,330.99261474609375,278800000,0.0,0.0
2006-11-10,BBCA,505.0,510.0,500.0,505.0,334.3025207519531,246720000,0.0,0.0
2006-11-13,BBCA,480.0,505.0,480.0,480.0,317.7529602050781,197350000,0.0,0.0
2006-11-14,BBCA,497.5,500.0,485.0,497.5,329.3376770019531,221250000,0.0,0.0
2006-11-15,BBCA,500.0,502.5,495.0,500.0,330.99261474609375,284720000,0.0,0.0
2006-11-16,BBCA,500.0,505.0,495.0,500.0,330.99261474609375,244120000,0.0,0.0
2006-11-17,BBCA,500.0,510.0,500.0,500.0,330.99261474609375,99430000,0.0,0.0
2006-11-20,BBCA,510.0,510.0,500.0,510.0,337.6124267578125,145280000,0.0,0.0
2006-11-21,BBCA,510.0,515.0,505.0,515.0,340.9223937988281,146570000,0.0,0.0
2006-11-22,BBCA,515.0,520.0,510.0,515.0,340.9223937988281,237220000,0.0,0.0
2006-11-23,BBCA,520.0,520.0,515.0,520.0,344.2322998046875,104390000,0.0,0.0
2006-11-24,BBCA,515.0,555.0,515.0,545.0,360.78204345703125,315160000,0.0,0.0
2006-11-27,BBCA,545.0,555.0,535.0,545.0,360.78204345703125,140070000,0.0,0.0
2006-11-28,BBCA,515.0,535.0,515.0,515.0,340.9223937988281,206470000,0.0,0.0
2006-11-29,BBCA,525.0,530.0,520.0,525.0,347.5422058105469,253550000,0.0,0.0
2006-11-30,BBCA,530.0,540.0,530.0,530.0,350.8521423339844,199480000,0.0,0.0
2006-12-01,BBCA,540.0,540.0,535.0,540.0,357.4720153808594,91450000,0.0,0.0
2006-12-04,BBCA,530.0,540.0,520.0,530.0,350.8521423339844,84870000,0.0,0.0
2006-12-05,BBCA,535.0,535.0,525.0,535.0,354.1621398925781,101390000,0.0,0.0
2006-12-06,BBCA,530.0,540.0,525.0,530.0,350.8521423339844,128260000,0.0,0.0
2006-12-07,BBCA,520.0,530.0,515.0,520.0,344.2322998046875,141050000,0.0,0.0
2006-12-08,BBCA,515.0,520.0,505.0,515.0,340.9223937988281,388020000,0.0,0.0
2006-12-11,BBCA,510.0,520.0,510.0,510.0,337.6124267578125,301890000,0.0,0.0
2006-12-12,BBCA,510.0,515.0,500.0,510.0,337.6124267578125,164940000,0.0,0.0
2006-12-13,BBCA,520.0,520.0,505.0,520.0,344.2322998046875,171960000,0.0,0.0
2006-12-14,BBCA,520.0,525.0,515.0,520.0,344.2322998046875,173290000,0.0,0.0
2006-12-15,BBCA,520.0,525.0,515.0,520.0,344.2322998046875,109870000,0.0,0.0
2006-12-18,BBCA,515.0,520.0,510.0,515.0,340.9223937988281,109490000,0.0,0.0
2006-12-19,BBCA,500.0,515.0,490.0,500.0,330.99261474609375,281150000,0.0,0.0
2006-12-20,BBCA,510.0,515.0,505.0,510.0,337.6124267578125,191880000,0.0,0.0
2006-12-21,BBCA,515.0,515.0,510.0,515.0,340.9223937988281,48940000,0.0,0.0
2006-12-22,BBCA,515.0,520.0,510.0,515.0,340.9223937988281,29700000,0.0,0.0
2006-12-26,BBCA,510.0,515.0,510.0,510.0,337.6124267578125,121210000,0.0,0.0
2006-12-27,BBCA,510.0,515.0,510.0,515.0,340.9223937988281,38850000,0.0,0.0
2006-12-28,BBCA,515.0,520.0,510.0,520.0,344.2322998046875,103900000,0.0,0.0
2006-12-29,BBCA,520.0,520.0,510.0,520.0,344.2322998046875,0,0.0,0.0
2007-01-02,BBCA,525.0,525.0,515.0,525.0,347.5422058105469,77000000,0.0,0.0
2007-01-03,BBCA,515.0,525.0,515.0,515.0,340.9223937988281,117480000,0.0,0.0
2007-01-04,BBCA,520.0,520.0,510.0,520.0,344.2322998046875,134150000,0.0,0.0
2007-01-05,BBCA,520.0,520.0,515.0,520.0,344.2322998046875,70200000,0.0,0.0
2007-01-08,BBCA,525.0,525.0,515.0,525.0,347.5422058105469,136480000,0.0,0.0
2007-01-09,BBCA,520.0,525.0,510.0,520.0,344.2322998046875,171920000,0.0,0.0
2007-01-10,BBCA,510.0,510.0,480.0,490.0,324.3727722167969,424290000,0.0,0.0
2007-01-11,BBCA,482.5,497.5,477.5,482.5,319.4078063964844,221160000,0.0,0.0
2007-01-12,BBCA,480.0,485.0,460.0,480.0,317.7529602050781,197160000,0.0,0.0
2007-01-15,BBCA,500.0,500.0,480.0,500.0,330.99261474609375,165230000,0.0,0.0
2007-01-16,BBCA,510.0,515.0,500.0,510.0,337.6124267578125,131040000,0.0,0.0
2007-01-17,BBCA,505.0,515.0,505.0,505.0,334.3025207519531,126200000,0.0,0.0
2007-01-18,BBCA,520.0,520.0,505.0,520.0,344.2322998046875,93760000,0.0,0.0
2007-01-19,BBCA,525.0,525.0,515.0,525.0,347.5422058105469,148170000,0.0,0.0
2007-01-22,BBCA,540.0,540.0,520.0,540.0,357.4720153808594,435570000,0.0,0.0
2007-01-23,BBCA,530.0,535.0,520.0,530.0,350.8521423339844,257520000,0.0,0.0
2007-01-24,BBCA,530.0,535.0,515.0,530.0,350.8521423339844,206290000,0.0,0.0
2007-01-25,BBCA,520.0,530.0,515.0,520.0,344.2322998046875,95520000,0.0,0.0
2007-01-26,BBCA,515.0,515.0,500.0,515.0,340.9223937988281,132300000,0.0,0.0
2007-01-29,BBCA,505.0,515.0,500.0,505.0,334.3025207519531,244130000,0.0,0.0
2007-01-30,BBCA,515.0,520.0,505.0,515.0,340.9223937988281,95730000,0.0,0.0
2007-01-31,BBCA,510.0,515.0,505.0,510.0,337.6124267578125,103310000,0.0,0.0
2007-02-01,BBCA,525.0,525.0,510.0,525.0,347.5422058105469,178610000,0.0,0.0
2007-02-02,BBCA,545.0,545.0,525.0,545.0,360.78204345703125,393720000,0.0,0.0
2007-02-05,BBCA,530.0,540.0,525.0,530.0,350.8521423339844,85780000,0.0,0.0
2007-02-06,BBCA,515.0,530.0,515.0,515.0,340.9223937988281,65650000,0.0,0.0
2007-02-07,BBCA,520.0,520.0,510.0,520.0,344.2322998046875,136460000,0.0,0.0
2007-02-08,BBCA,505.0,520.0,500.0,505.0,334.3025207519531,158670000,0.0,0.0
2007-02-09,BBCA,500.0,505.0,490.0,500.0,330.99261474609375,220750000,0.0,0.0
2007-02-12,BBCA,500.0,500.0,485.0,500.0,330.99261474609375,37590000,0.0,0.0
2007-02-13,BBCA,500.0,500.0,495.0,500.0,330.99261474609375,48620000,0.0,0.0
2007-02-14,BBCA,505.0,505.0,500.0,505.0,334.3025207519531,122840000,0.0,0.0
2007-02-15,BBCA,520.0,520.0,510.0,520.0,344.2322998046875,236410000,0.0,0.0
2007-02-16,BBCA,525.0,525.0,515.0,525.0,347.5422058105469,190690000,0.0,0.0
2007-02-19,BBCA,520.0,520.0,515.0,520.0,344.2322998046875,16680000,0.0,0.0
2007-02-20,BBCA,520.0,520.0,515.0,520.0,344.2322998046875,6750000,0.0,0.0
2007-02-21,BBCA,525.0,525.0,515.0,525.0,347.5422058105469,80560000,0.0,0.0
2007-02-22,BBCA,515.0,525.0,510.0,515.0,340.9223937988281,72590000,0.0,0.0
2007-02-23,BBCA,505.0,515.0,500.0,505.0,334.3025207519531,275790000,0.0,0.0
2007-02-26,BBCA,495.0,505.0,495.0,495.0,327.6827697753906,83490000,0.0,0.0
2007-02-27,BBCA,495.0,500.0,492.5,495.0,327.6827697753906,121760000,0.0,0.0
2007-02-28,BBCA,492.5,492.5,470.0,492.5,326.02777099609375,339890000,0.0,0.0
2007-03-01,BBCA,495.0,502.5,490.0,495.0,327.6827697753906,159400000,0.0,0.0
2007-03-02,BBCA,485.0,495.0,485.0,485.0,321.06280517578125,423780000,0.0,0.0
2007-03-05,BBCA,480.0,482.5,477.5,480.0,317.7529602050781,169810000,0.0,0.0
2007-03-06,BBCA,492.5,492.5,485.0,492.5,326.02777099609375,102630000,0.0,0.0
2007-03-07,BBCA,492.5,495.0,487.5,492.5,326.02777099609375,132480000,0.0,0.0
2007-03-08,BBCA,497.5,497.5,490.0,497.5,329.3376770019531,87560000,0.0,0.0
2007-03-09,BBCA,495.0,500.0,495.0,495.0,327.6827697753906,35830000,0.0,0.0
2007-03-12,BBCA,510.0,512.5,497.5,510.0,337.6124267578125,139700000,0.0,0.0
2007-03-13,BBCA,525.0,525.0,510.0,525.0,347.5422058105469,251260000,0.0,0.0
2007-03-14,BBCA,510.0,510.0,505.0,510.0,337.6124267578125,98770000,0.0,0.0
2007-03-15,BBCA,505.0,515.0,505.0,505.0,334.3025207519531,71690000,0.0,0.0
2007-03-16,BBCA,500.0,510.0,495.0,500.0,330.99261474609375,45910000,0.0,0.0
2007-03-20,BBCA,500.0,505.0,490.0,500.0,330.99261474609375,30090000,0.0,0.0
2007-03-21,BBCA,505.0,510.0,495.0,505.0,334.3025207519531,33090000,0.0,0.0
2007-03-22,BBCA,520.0,525.0,510.0,520.0,344.2322998046875,191630000,0.0,0.0
2007-03-23,BBCA,515.0,520.0,510.0,515.0,340.9223937988281,66520000,0.0,0.0
2007-03-26,BBCA,515.0,515.0,510.0,515.0,340.9223937988281,18670000,0.0,0.0
2007-03-27,BBCA,515.0,520.0,510.0,515.0,340.9223937988281,121400000,0.0,0.0
2007-03-28,BBCA,515.0,515.0,510.0,515.0,340.9223937988281,56460000,0.0,0.0
2007-03-29,BBCA,510.0,515.0,505.0,510.0,337.6124267578125,97860000,0.0,0.0
2007-03-30,BBCA,510.0,515.0,510.0,510.0,337.6124267578125,175860000,0.0,0.0
2007-04-02,BBCA,525.0,525.0,515.0,525.0,347.5422058105469,125690000,0.0,0.0
2007-04-03,BBCA,545.0,545.0,525.0,545.0,360.78204345703125,330880000,0.0,0.0
2007-04-04,BBCA,545.0,555.0,540.0,545.0,360.78204345703125,246640000,0.0,0.0
2007-04-05,BBCA,530.0,550.0,525.0,530.0,350.8521423339844,182980000,0.0,0.0
2007-04-09,BBCA,535.0,540.0,525.0,535.0,354.1621398925781,129870000,0.0,0.0
2007-04-10,BBCA,540.0,550.0,530.0,540.0,357.4720153808594,157620000,0.0,0.0
2007-04-11,BBCA,535.0,550.0,530.0,535.0,354.1621398925781,177010000,0.0,0.0
2007-04-12,BBCA,535.0,540.0,525.0,535.0,354.1621398925781,75520000,0.0,0.0
2007-04-13,BBCA,530.0,535.0,525.0,530.0,350.8521423339844,80170000,0.0,0.0
2007-04-16,BBCA,530.0,535.0,530.0,530.0,350.8521423339844,156850000,0.0,0.0
2007-04-17,BBCA,535.0,535.0,530.0,535.0,354.1621398925781,116280000,0.0,0.0
2007-04-18,BBCA,525.0,535.0,520.0,525.0,347.5422058105469,133120000,0.0,0.0
2007-04-19,BBCA,515.0,530.0,510.0,515.0,340.9223937988281,115320000,0.0,0.0
2007-04-20,BBCA,525.0,535.0,520.0,535.0,354.1621398925781,73070000,0.0,0.0
2007-04-23,BBCA,535.0,540.0,530.0,535.0,354.1621398925781,171150000,0.0,0.0
2007-04-24,BBCA,535.0,535.0,530.0,535.0,354.1621398925781,88920000,0.0,0.0
2007-04-25,BBCA,540.0,540.0,535.0,540.0,357.4720153808594,59190000,0.0,0.0
2007-04-26,BBCA,535.0,545.0,535.0,535.0,354.1621398925781,167980000,0.0,0.0
2007-04-27,BBCA,545.0,550.0,535.0,545.0,360.78204345703125,224650000,0.0,0.0
2007-04-30,BBCA,530.0,545.0,525.0,530.0,350.8521423339844,192140000,0.0,0.0
2007-05-01,BBCA,530.0,535.0,530.0,530.0,350.8521423339844,82300000,0.0,0.0
2007-05-02,BBCA,530.0,535.0,530.0,530.0,350.8521423339844,120330000,0.0,0.0
2007-05-03,BBCA,530.0,545.0,530.0,530.0,350.8521423339844,70310000,0.0,0.0
2007-05-04,BBCA,535.0,540.0,530.0,540.0,357.4720153808594,91930000,0.0,0.0
2007-05-07,BBCA,545.0,545.0,535.0,545.0,360.78204345703125,59890000,0.0,0.0
2007-05-08,BBCA,540.0,545.0,535.0,540.0,357.4720153808594,71060000,0.0,0.0
2007-05-09,BBCA,545.0,545.0,530.0,545.0,360.78204345703125,134050000,0.0,0.0
2007-05-10,BBCA,540.0,545.0,535.0,540.0,357.4720153808594,165000000,0.0,0.0
2007-05-11,BBCA,525.0,540.0,525.0,525.0,347.5422058105469,92330000,0.0,0.0
2007-05-14,BBCA,545.0,550.0,530.0,545.0,360.78204345703125,213440000,0.0,0.0
2007-05-15,BBCA,545.0,545.0,540.0,545.0,360.78204345703125,85380000,0.0,0.0
2007-05-16,BBCA,555.0,555.0,545.0,555.0,367.4018859863281,199430000,0.0,0.0
2007-05-21,BBCA,550.0,555.0,540.0,550.0,364.0918884277344,141570000,0.0,0.0
2007-05-22,BBCA,550.0,555.0,545.0,550.0,364.0918884277344,123530000,0.0,0.0
2007-05-23,BBCA,555.0,565.0,550.0,555.0,367.4018859863281,456490000,0.0,0.0
2007-05-24,BBCA,550.0,550.0,540.0,550.0,364.0918884277344,147000000,0.0,0.0
2007-05-25,BBCA,535.0,540.0,530.0,535.0,354.1621398925781,215520000,0.0,0.0
2007-05-28,BBCA,550.0,550.0,535.0,550.0,364.0918884277344,96840000,0.0,0.0
2007-05-29,BBCA,535.0,550.0,535.0,535.0,354.1621398925781,53130000,0.0,0.0
2007-05-30,BBCA,530.0,540.0,520.0,530.0,350.8521423339844,212350000,0.0,0.0
2007-05-31,BBCA,535.0,535.0,515.0,525.0,347.5422058105469,405150000,0.0,0.0
2007-06-04,BBCA,530.0,530.0,520.0,530.0,350.8521423339844,424280000,0.0,0.0
2007-06-05,BBCA,540.0,540.0,525.0,540.0,357.4720153808594,310170000,0.0,0.0
2007-06-06,BBCA,540.0,540.0,535.0,540.0,357.4720153808594,301230000,0.0,0.0
2007-06-07,BBCA,550.0,550.0,535.0,550.0,364.0918884277344,332940000,0.0,0.0
2007-06-08,BBCA,540.0,545.0,535.0,540.0,357.4720153808594,599000000,0.0,0.0
2007-06-11,BBCA,530.0,540.0,520.0,530.0,358.48663330078125,309420000,11.5,0.0
2007-06-12,BBCA,535.0,535.0,525.0,535.0,361.8685302734375,161110000,0.0,0.0
2007-06-13,BBCA,535.0,535.0,525.0,535.0,361.8685302734375,112650000,0.0,0.0
2007-06-14,BBCA,535.0,535.0,530.0,535.0,361.8685302734375,66460000,0.0,0.0
2007-06-15,BBCA,535.0,535.0,530.0,535.0,361.8685302734375,296700000,0.0,0.0
2007-06-18,BBCA,540.0,540.0,530.0,540.0,365.2504577636719,292620000,0.0,0.0
2007-06-19,BBCA,535.0,540.0,530.0,535.0,361.8685302734375,157410000,0.0,0.0
2007-06-20,BBCA,535.0,535.0,530.0,535.0,361.8685302734375,124290000,0.0,0.0
2007-06-21,BBCA,535.0,535.0,525.0,535.0,361.8685302734375,271230000,0.0,0.0
2007-06-22,BBCA,535.0,535.0,525.0,535.0,361.8685302734375,72600000,0.0,0.0
2007-06-25,BBCA,535.0,535.0,525.0,535.0,361.8685302734375,123460000,0.0,0.0
2007-06-26,BBCA,535.0,535.0,530.0,535.0,361.8685302734375,160440000,0.0,0.0
2007-06-27,BBCA,535.0,535.0,525.0,535.0,361.8685302734375,148770000,0.0,0.0
2007-06-28,BBCA,530.0,535.0,530.0,530.0,358.48663330078125,219430000,0.0,0.0
2007-06-29,BBCA,530.0,550.0,530.0,545.0,368.63250732421875,759090000,0.0,0.0
2007-07-02,BBCA,550.0,555.0,545.0,550.0,372.014404296875,198660000,0.0,0.0
2007-07-03,BBCA,550.0,580.0,550.0,580.0,392.30609130859375,1085570000,0.0,0.0
2007-07-04,BBCA,575.0,585.0,570.0,575.0,388.92425537109375,273410000,0.0,0.0
2007-07-05,BBCA,575.0,580.0,570.0,575.0,388.92425537109375,109180000,0.0,0.0
2007-07-06,BBCA,570.0,570.0,555.0,570.0,385.5422668457031,318980000,0.0,0.0
2007-07-09,BBCA,585.0,585.0,565.0,585.0,395.68804931640625,373960000,0.0,0.0
2007-07-10,BBCA,590.0,590.0,575.0,590.0,399.0699768066406,280680000,0.0,0.0
2007-07-11,BBCA,585.0,585.0,575.0,585.0,395.68804931640625,142950000,0.0,0.0
2007-07-12,BBCA,580.0,590.0,580.0,580.0,392.30609130859375,128580000,0.0,0.0
2007-07-13,BBCA,585.0,590.0,575.0,585.0,395.68804931640625,134830000,0.0,0.0
2007-07-16,BBCA,575.0,590.0,575.0,575.0,388.92425537109375,60520000,0.0,0.0
2007-07-17,BBCA,590.0,595.0,575.0,590.0,399.0699768066406,99710000,0.0,0.0
2007-07-18,BBCA,590.0,590.0,585.0,590.0,399.0699768066406,113990000,0.0,0.0
2007-07-19,BBCA,595.0,600.0,585.0,595.0,402.451904296875,82300000,0.0,0.0
2007-07-20,BBCA,620.0,625.0,600.0,620.0,419.3616943359375,321640000,0.0,0.0
2007-07-23,BBCA,615.0,630.0,610.0,625.0,422.7436218261719,225720000,0.0,0.0
2007-07-24,BBCA,630.0,645.0,620.0,630.0,426.1256408691406,300160000,0.0,0.0
2007-07-25,BBCA,625.0,655.0,620.0,640.0,432.88958740234375,426390000,0.0,0.0
2007-07-26,BBCA,640.0,640.0,615.0,620.0,419.3616943359375,277470000,0.0,0.0
2007-07-27,BBCA,600.0,615.0,590.0,615.0,415.9797668457031,261680000,0.0,0.0
2007-07-30,BBCA,615.0,615.0,600.0,610.0,412.5977783203125,240420000,0.0,0.0
2007-07-31,BBCA,615.0,630.0,610.0,630.0,426.1256408691406,218630000,0.0,0.0
2007-08-01,BBCA,600.0,620.0,595.0,600.0,405.8338623046875,364220000,0.0,0.0
2007-08-02,BBCA,610.0,615.0,580.0,610.0,412.5977783203125,411970000,0.0,0.0
2007-08-03,BBCA,615.0,620.0,600.0,615.0,415.9797668457031,305560000,0.0,0.0
2007-08-06,BBCA,640.0,655.0,620.0,640.0,432.88958740234375,366600000,0.0,0.0
2007-08-07,BBCA,585.0,600.0,585.0,585.0,395.68804931640625,199240000,0.0,0.0
2007-08-08,BBCA,585.0,615.0,585.0,615.0,415.9797668457031,590770000,0.0,0.0
2007-08-09,BBCA,615.0,620.0,600.0,615.0,415.9797668457031,127440000,0.0,0.0
2007-08-10,BBCA,600.0,600.0,585.0,600.0,405.8338623046875,70780000,0.0,0.0
2007-08-13,BBCA,605.0,605.0,590.0,605.0,409.2159423828125,30,0.0,0.0
2007-08-14,BBCA,595.0,595.0,585.0,595.0,402.451904296875,46050000,0.0,0.0
2007-08-15,BBCA,555.0,590.0,555.0,555.0,375.3963928222656,293230000,0.0,0.0
2007-08-16,BBCA,545.0,545.0,525.0,545.0,368.63250732421875,436690000,0.0,0.0
2007-08-20,BBCA,560.0,585.0,550.0,560.0,378.7783203125,588010000,0.0,0.0
2007-08-21,BBCA,555.0,570.0,555.0,555.0,375.3963928222656,219250000,0.0,0.0
2007-08-22,BBCA,575.0,580.0,555.0,575.0,388.92425537109375,161410000,0.0,0.0
2007-08-23,BBCA,590.0,590.0,575.0,590.0,399.0699768066406,300110000,0.0,0.0
2007-08-24,BBCA,600.0,600.0,575.0,600.0,405.8338623046875,169940000,0.0,0.0
2007-08-27,BBCA,600.0,605.0,595.0,600.0,405.8338623046875,123490000,0.0,0.0
2007-08-28,BBCA,605.0,605.0,595.0,605.0,409.2159423828125,110790000,0.0,0.0
2007-08-29,BBCA,585.0,590.0,575.0,585.0,395.68804931640625,347050000,0.0,0.0
2007-08-30,BBCA,590.0,600.0,590.0,590.0,399.0699768066406,119020000,0.0,0.0
2007-08-31,BBCA,600.0,605.0,590.0,600.0,405.8338623046875,176790000,0.0,0.0
2007-09-03,BBCA,605.0,610.0,595.0,605.0,409.2159423828125,70450000,0.0,0.0
2007-09-04,BBCA,605.0,605.0,595.0,605.0,409.2159423828125,51960000,0.0,0.0
2007-09-05,BBCA,610.0,610.0,600.0,610.0,412.5977783203125,123290000,0.0,0.0
2007-09-06,BBCA,605.0,605.0,595.0,605.0,409.2159423828125,40740000,0.0,0.0
2007-09-07,BBCA,605.0,605.0,600.0,605.0,409.2159423828125,50960000,0.0,0.0
2007-09-10,BBCA,590.0,595.0,580.0,590.0,399.0699768066406,242330000,0.0,0.0
2007-09-11,BBCA,585.0,590.0,580.0,585.0,395.68804931640625,116400000,0.0,0.0
2007-09-12,BBCA,585.0,595.0,580.0,585.0,395.68804931640625,172750000,0.0,0.0
2007-09-13,BBCA,595.0,600.0,585.0,595.0,402.451904296875,100630000,0.0,0.0
2007-09-14,BBCA,600.0,600.0,590.0,600.0,405.8338623046875,47970000,0.0,0.0
2007-09-17,BBCA,595.0,605.0,585.0,595.0,402.451904296875,83160000,0.0,0.0
2007-09-18,BBCA,595.0,595.0,585.0,595.0,402.451904296875,58910000,0.0,0.0
2007-09-19,BBCA,615.0,615.0,605.0,615.0,415.9797668457031,227920000,0.0,0.0
2007-09-20,BBCA,615.0,635.0,615.0,615.0,415.9797668457031,277020000,0.0,0.0
2007-09-21,BBCA,630.0,630.0,615.0,630.0,426.1256408691406,100680000,0.0,0.0
2007-09-24,BBCA,630.0,640.0,625.0,640.0,432.88958740234375,100360000,0.0,0.0
2007-09-25,BBCA,640.0,650.0,635.0,635.0,429.50750732421875,91980000,0.0,0.0
2007-09-26,BBCA,640.0,640.0,635.0,640.0,432.88958740234375,27370000,0.0,0.0
2007-09-27,BBCA,640.0,650.0,640.0,640.0,432.88958740234375,73970000,0.0,0.0
2007-09-28,BBCA,615.0,645.0,615.0,615.0,415.9797668457031,136150000,0.0,0.0
2007-10-01,BBCA,630.0,630.0,620.0,630.0,426.1256408691406,41120000,0.0,0.0
2007-10-02,BBCA,640.0,650.0,635.0,645.0,436.2715759277344,201300000,0.0,0.0
2007-10-03,BBCA,645.0,665.0,640.0,645.0,436.2715759277344,377160000,0.0,0.0
2007-10-04,BBCA,675.0,695.0,645.0,675.0,456.5631103515625,427230000,0.0,0.0
2007-10-05,BBCA,685.0,690.0,675.0,685.0,463.3271484375,166420000,0.0,0.0
2007-10-08,BBCA,690.0,695.0,680.0,690.0,466.70916748046875,204440000,0.0,0.0
2007-10-09,BBCA,685.0,690.0,675.0,685.0,463.3271484375,97830000,0.0,0.0
2007-10-10,BBCA,720.0,720.0,685.0,720.0,487.00079345703125,386390000,0.0,0.0
2007-10-11,BBCA,725.0,725.0,710.0,725.0,490.3825988769531,104890000,0.0,0.0
2007-10-17,BBCA,715.0,725.0,710.0,725.0,490.3825988769531,155480000,0.0,0.0
2007-10-18,BBCA,710.0,725.0,705.0,710.0,480.2369689941406,106570000,0.0,0.0
2007-10-19,BBCA,710.0,710.0,680.0,690.0,466.70916748046875,104690000,0.0,0.0
2007-10-22,BBCA,665.0,675.0,655.0,660.0,446.4173583984375,109120000,0.0,0.0
2007-10-23,BBCA,685.0,685.0,675.0,685.0,463.3271484375,309830000,0.0,0.0
2007-10-24,BBCA,690.0,695.0,665.0,670.0,453.1812438964844,211300000,0.0,0.0
2007-10-25,BBCA,700.0,705.0,675.0,700.0,473.4726867675781,168550000,0.0,0.0
2007-10-26,BBCA,710.0,730.0,710.0,710.0,480.2369689941406,142440000,0.0,0.0
2007-10-29,BBCA,720.0,735.0,720.0,720.0,487.00079345703125,148270000,0.0,0.0
2007-10-30,BBCA,720.0,740.0,720.0,730.0,493.7646789550781,159540000,0.0,0.0
2007-10-31,BBCA,730.0,730.0,720.0,730.0,493.7646789550781,61460000,0.0,0.0
2007-11-01,BBCA,740.0,755.0,735.0,745.0,503.91033935546875,273690000,0.0,0.0
2007-11-02,BBCA,725.0,750.0,720.0,730.0,493.7646789550781,132370000,0.0,0.0
2007-11-05,BBCA,730.0,730.0,710.0,715.0,483.6187744140625,86150000,0.0,0.0
2007-11-06,BBCA,715.0,730.0,710.0,725.0,490.3825988769531,65730000,0.0,0.0
2007-11-07,BBCA,725.0,735.0,715.0,725.0,490.3825988769531,108290000,0.0,0.0
2007-11-08,BBCA,710.0,710.0,685.0,700.0,473.4726867675781,196100000,0.0,0.0
2007-11-09,BBCA,700.0,700.0,685.0,700.0,473.4726867675781,122790000,0.0,0.0
2007-11-12,BBCA,680.0,685.0,670.0,680.0,459.94525146484375,158460000,0.0,0.0
2007-11-13,BBCA,680.0,715.0,680.0,700.0,473.4726867675781,293080000,0.0,0.0
2007-11-14,BBCA,720.0,725.0,715.0,720.0,487.00079345703125,189810000,0.0,0.0
2007-11-15,BBCA,720.0,720.0,700.0,710.0,480.2369689941406,93360000,0.0,0.0
2007-11-16,BBCA,700.0,700.0,685.0,695.0,470.0909423828125,172050000,0.0,0.0
2007-11-19,BBCA,695.0,710.0,695.0,710.0,480.2369689941406,138110000,0.0,0.0
2007-11-20,BBCA,710.0,700.0,675.0,690.0,466.70916748046875,621610000,0.0,0.0
2007-11-21,BBCA,685.0,685.0,660.0,675.0,456.5631103515625,346350000,0.0,0.0
2007-11-22,BBCA,670.0,700.0,665.0,700.0,473.4726867675781,176740000,0.0,0.0
2007-11-23,BBCA,700.0,710.0,675.0,680.0,459.94525146484375,289710000,0.0,0.0
2007-11-26,BBCA,690.0,695.0,685.0,695.0,470.0909423828125,143940000,0.0,0.0
2007-11-27,BBCA,680.0,685.0,675.0,680.0,459.94525146484375,114640000,0.0,0.0
2007-11-28,BBCA,690.0,695.0,685.0,695.0,470.0909423828125,183930000,0.0,0.0
2007-11-29,BBCA,710.0,715.0,700.0,715.0,483.6187744140625,322750000,0.0,0.0
2007-11-30,BBCA,715.0,715.0,695.0,710.0,483.95965576171875,340790000,5.5,0.0
2007-12-03,BBCA,710.0,725.0,705.0,725.0,494.1841125488281,281730000,0.0,0.0
2007-12-04,BBCA,725.0,725.0,715.0,725.0,494.1841125488281,392810000,0.0,0.0
2007-12-05,BBCA,725.0,725.0,715.0,725.0,494.1841125488281,248850000,0.0,0.0
2007-12-06,BBCA,730.0,745.0,725.0,745.0,507.8166809082031,550860000,0.0,0.0
2007-12-07,BBCA,745.0,755.0,740.0,750.0,511.2249450683594,451380000,0.0,0.0
2007-12-10,BBCA,760.0,760.0,745.0,760.0,518.0411987304688,135020000,0.0,0.0
2007-12-11,BBCA,760.0,760.0,750.0,760.0,518.0411987304688,166780000,0.0,0.0
2007-12-12,BBCA,735.0,750.0,735.0,740.0,504.40875244140625,211110000,0.0,0.0
2007-12-13,BBCA,740.0,750.0,730.0,745.0,507.8166809082031,254490000,0.0,0.0
2007-12-14,BBCA,740.0,740.0,725.0,740.0,504.40875244140625,148890000,0.0,0.0
2007-12-17,BBCA,730.0,730.0,705.0,720.0,490.7759704589844,137280000,0.0,0.0
2007-12-18,BBCA,705.0,710.0,695.0,700.0,477.14324951171875,305740000,0.0,0.0
2007-12-19,BBCA,705.0,710.0,695.0,710.0,483.95965576171875,212110000,0.0,0.0
2007-12-26,BBCA,715.0,735.0,710.0,735.0,501.0004577636719,214350000,0.0,0.0
2007-12-27,BBCA,735.0,745.0,730.0,745.0,507.8166809082031,194980000,0.0,0.0
2007-12-28,BBCA,745.0,750.0,730.0,730.0,497.5923767089844,267210000,0.0,0.0
2007-12-31,BBCA,730.0,730.0,730.0,730.0,497.5923767089844,0,0.0,0.0
2008-01-02,BBCA,730.0,730.0,720.0,725.0,494.1841125488281,59000000,0.0,0.0
2008-01-03,BBCA,715.0,720.0,700.0,710.0,483.95965576171875,206640000,0.0,0.0
2008-01-04,BBCA,715.0,720.0,705.0,720.0,490.7759704589844,563740000,0.0,0.0
2008-01-07,BBCA,710.0,710.0,700.0,710.0,483.95965576171875,219390000,0.0,0.0
2008-01-08,BBCA,710.0,715.0,705.0,705.0,480.5514831542969,204010000,0.0,0.0
2008-01-09,BBCA,700.0,725.0,700.0,725.0,494.1841125488281,432790000,0.0,0.0
2008-01-14,BBCA,720.0,725.0,705.0,720.0,490.7759704589844,257530000,0.0,0.0
2008-01-15,BBCA,720.0,720.0,700.0,710.0,483.95965576171875,156320000,0.0,0.0
2008-01-16,BBCA,695.0,700.0,675.0,690.0,470.326904296875,197000000,0.0,0.0
2008-01-17,BBCA,690.0,700.0,665.0,690.0,470.326904296875,246910000,0.0,0.0
2008-01-18,BBCA,675.0,690.0,660.0,690.0,470.326904296875,206560000,0.0,0.0
2008-01-21,BBCA,660.0,680.0,655.0,660.0,449.8779296875,82860000,0.0,0.0
2008-01-22,BBCA,640.0,640.0,590.0,630.0,429.4289855957031,418480000,0.0,0.0
2008-01-23,BBCA,650.0,665.0,645.0,665.0,453.2861022949219,256240000,0.0,0.0
2008-01-24,BBCA,665.0,690.0,665.0,690.0,470.326904296875,252500000,0.0,0.0
2008-01-25,BBCA,690.0,720.0,690.0,720.0,490.7759704589844,265830000,0.0,0.0
2008-01-28,BBCA,700.0,725.0,695.0,720.0,490.7759704589844,46232500,0.0,2.0
2008-01-29,BBCA,720.0,720.0,700.0,715.0,487.3679504394531,43155000,0.0,0.0
2008-01-30,BBCA,715.0,715.0,690.0,705.0,480.5514831542969,63280000,0.0,0.0
2008-01-31,BBCA,705.0,710.0,690.0,710.0,483.95965576171875,67277500,0.0,0.0
2008-02-01,BBCA,715.0,715.0,700.0,710.0,483.95965576171875,70682500,0.0,0.0
2008-02-04,BBCA,715.0,730.0,715.0,720.0,490.7759704589844,160312500,0.0,0.0
2008-02-05,BBCA,710.0,720.0,710.0,715.0,487.3679504394531,64340000,0.0,0.0
2008-02-06,BBCA,715.0,705.0,695.0,705.0,480.5514831542969,21832500,0.0,0.0
2008-02-11,BBCA,700.0,710.0,670.0,685.0,466.9187316894531,45520000,0.0,0.0
2008-02-12,BBCA,685.0,685.0,655.0,660.0,449.8779296875,79762500,0.0,0.0
2008-02-13,BBCA,670.0,670.0,645.0,655.0,446.46978759765625,164620000,0.0,0.0
2008-02-14,BBCA,665.0,695.0,665.0,685.0,466.9187316894531,221150000,0.0,0.0
2008-02-15,BBCA,670.0,690.0,670.0,690.0,470.326904296875,114100000,0.0,0.0
2008-02-18,BBCA,695.0,715.0,690.0,710.0,483.95965576171875,254127500,0.0,0.0
2008-02-19,BBCA,715.0,725.0,710.0,715.0,487.3679504394531,175582500,0.0,0.0
2008-02-20,BBCA,720.0,720.0,710.0,720.0,490.7759704589844,142767500,0.0,0.0
2008-02-21,BBCA,720.0,730.0,715.0,730.0,497.5923767089844,246070000,0.0,0.0
2008-02-22,BBCA,720.0,730.0,720.0,720.0,490.7759704589844,87932500,0.0,0.0
2008-02-25,BBCA,725.0,735.0,720.0,735.0,501.0004577636719,161785000,0.0,0.0
2008-02-26,BBCA,735.0,735.0,725.0,730.0,497.5923767089844,74787500,0.0,0.0
2008-02-27,BBCA,730.0,735.0,710.0,715.0,487.3679504394531,98052500,0.0,0.0
2008-02-28,BBCA,710.0,710.0,700.0,710.0,483.95965576171875,78697500,0.0,0.0
2008-02-29,BBCA,705.0,715.0,700.0,715.0,487.3679504394531,239882500,0.0,0.0
2008-03-03,BBCA,700.0,720.0,690.0,705.0,480.5514831542969,220445000,0.0,0.0
2008-03-04,BBCA,710.0,720.0,695.0,720.0,490.7759704589844,99600000,0.0,0.0
2008-03-05,BBCA,725.0,725.0,705.0,725.0,494.1841125488281,145715000,0.0,0.0
2008-03-06,BBCA,725.0,725.0,705.0,710.0,483.95965576171875,47957500,0.0,0.0
2008-03-10,BBCA,690.0,700.0,665.0,695.0,473.7350158691406,104792500,0.0,0.0
2008-03-11,BBCA,680.0,685.0,665.0,680.0,463.51055908203125,136135000,0.0,0.0
2008-03-12,BBCA,700.0,705.0,690.0,705.0,480.5514831542969,84707500,0.0,0.0
2008-03-13,BBCA,690.0,700.0,670.0,680.0,463.51055908203125,169525000,0.0,0.0
2008-03-14,BBCA,680.0,680.0,650.0,655.0,446.46978759765625,94057500,0.0,0.0
2008-03-17,BBCA,640.0,640.0,580.0,595.0,405.5717468261719,306787500,0.0,0.0
2008-03-18,BBCA,600.0,605.0,565.0,595.0,405.5717468261719,135127500,0.0,0.0
2008-03-19,BBCA,615.0,640.0,590.0,640.0,436.245361328125,269415000,0.0,0.0
2008-03-24,BBCA,620.0,630.0,605.0,630.0,429.4289855957031,54520000,0.0,0.0
2008-03-25,BBCA,635.0,640.0,620.0,630.0,429.4289855957031,236615000,0.0,0.0
2008-03-26,BBCA,625.0,635.0,620.0,630.0,429.4289855957031,112637500,0.0,0.0
2008-03-27,BBCA,625.0,625.0,610.0,625.0,426.0208740234375,175682500,0.0,0.0
2008-03-28,BBCA,620.0,650.0,620.0,650.0,443.0616149902344,141785000,0.0,0.0
2008-03-31,BBCA,640.0,660.0,635.0,650.0,443.0616149902344,208330000,0.0,0.0
2008-04-01,BBCA,650.0,655.0,610.0,620.0,422.61260986328125,182272500,0.0,0.0
2008-04-02,BBCA,630.0,635.0,610.0,615.0,419.20452880859375,99405000,0.0,0.0
2008-04-03,BBCA,620.0,620.0,590.0,605.0,412.3880310058594,175502500,0.0,0.0
2008-04-04,BBCA,610.0,645.0,575.0,645.0,439.6534729003906,210140000,0.0,0.0
2008-04-07,BBCA,630.0,630.0,575.0,580.0,395.34722900390625,366425000,0.0,0.0
2008-04-08,BBCA,575.0,575.0,555.0,565.0,385.122802734375,135675000,0.0,0.0
2008-04-09,BBCA,560.0,565.0,540.0,550.0,374.8982238769531,187262500,0.0,0.0
2008-04-10,BBCA,540.0,585.0,535.0,580.0,395.34722900390625,186030000,0.0,0.0
2008-04-11,BBCA,590.0,595.0,575.0,580.0,395.34722900390625,225492500,0.0,0.0
2008-04-14,BBCA,565.0,570.0,555.0,570.0,388.53094482421875,102550000,0.0,0.0
2008-04-15,BBCA,575.0,590.0,570.0,590.0,402.16357421875,81452500,0.0,0.0
2008-04-16,BBCA,595.0,610.0,590.0,610.0,415.7962646484375,117947500,0.0,0.0
2008-04-17,BBCA,620.0,630.0,610.0,630.0,429.4289855957031,205577500,0.0,0.0
2008-04-18,BBCA,635.0,655.0,630.0,650.0,443.0616149902344,207367500,0.0,0.0
2008-04-21,BBCA,660.0,665.0,620.0,635.0,432.8372497558594,155187500,0.0,0.0
2008-04-22,BBCA,630.0,630.0,590.0,600.0,408.9799499511719,105810000,0.0,0.0
2008-04-23,BBCA,600.0,605.0,585.0,595.0,405.5717468261719,88570000,0.0,0.0
2008-04-24,BBCA,605.0,605.0,590.0,600.0,408.9799499511719,79300000,0.0,0.0
2008-04-25,BBCA,595.0,595.0,580.0,590.0,402.16357421875,68750000,0.0,0.0
2008-04-28,BBCA,590.0,590.0,560.0,570.0,388.53094482421875,41755000,0.0,0.0
2008-04-29,BBCA,580.0,595.0,575.0,585.0,398.7554931640625,57597500,0.0,0.0
2008-04-30,BBCA,580.0,600.0,575.0,600.0,408.9799499511719,60267500,0.0,0.0
2008-05-05,BBCA,630.0,640.0,625.0,630.0,429.4289855957031,105005000,0.0,0.0
2008-05-06,BBCA,635.0,650.0,625.0,630.0,429.4289855957031,119735000,0.0,0.0
2008-05-07,BBCA,630.0,635.0,620.0,635.0,432.8372497558594,42477500,0.0,0.0
2008-05-08,BBCA,630.0,645.0,625.0,635.0,432.8372497558594,102915000,0.0,0.0
2008-05-09,BBCA,635.0,640.0,625.0,630.0,429.4289855957031,31062500,0.0,0.0
2008-05-12,BBCA,620.0,635.0,620.0,635.0,432.8372497558594,37305000,0.0,0.0
2008-05-13,BBCA,640.0,650.0,635.0,640.0,436.245361328125,99812500,0.0,0.0
2008-05-14,BBCA,635.0,635.0,620.0,625.0,426.0208740234375,84685000,0.0,0.0
2008-05-15,BBCA,640.0,640.0,630.0,635.0,432.8372497558594,19942500,0.0,0.0
2008-05-16,BBCA,640.0,640.0,620.0,625.0,426.0208740234375,34087500,0.0,0.0
2008-05-21,BBCA,615.0,615.0,600.0,610.0,415.7962646484375,128967500,0.0,0.0
2008-05-22,BBCA,605.0,605.0,595.0,605.0,412.3880310058594,92730000,0.0,0.0
2008-05-23,BBCA,605.0,610.0,580.0,585.0,398.7554931640625,85275000,0.0,0.0
2008-05-26,BBCA,570.0,585.0,570.0,575.0,391.9390563964844,113152500,0.0,0.0
2008-05-27,BBCA,560.0,575.0,555.0,560.0,381.71453857421875,127025000,0.0,0.0
2008-05-28,BBCA,560.0,565.0,550.0,560.0,381.71453857421875,117847500,0.0,0.0
2008-05-29,BBCA,560.0,565.0,550.0,560.0,381.71453857421875,181555000,0.0,0.0
2008-05-30,BBCA,565.0,565.0,555.0,555.0,378.3064880371094,60180000,0.0,0.0
2008-06-02,BBCA,560.0,565.0,555.0,560.0,381.71453857421875,71402500,0.0,0.0
2008-06-03,BBCA,545.0,555.0,540.0,545.0,371.4901123046875,146997500,0.0,0.0
2008-06-04,BBCA,545.0,550.0,535.0,535.0,364.67376708984375,63477500,0.0,0.0
2008-06-05,BBCA,535.0,545.0,530.0,540.0,368.0819091796875,166987500,0.0,0.0
2008-06-06,BBCA,550.0,550.0,540.0,545.0,371.4901123046875,111212500,0.0,0.0
2008-06-09,BBCA,520.0,535.0,520.0,535.0,364.67376708984375,77522500,0.0,0.0
2008-06-10,BBCA,540.0,540.0,505.0,530.0,361.265625,124242500,0.0,0.0
2008-06-11,BBCA,530.0,535.0,520.0,525.0,357.8573913574219,76855000,0.0,0.0
2008-06-12,BBCA,510.0,525.0,510.0,525.0,357.8573913574219,112672500,0.0,0.0
2008-06-13,BBCA,520.0,525.0,510.0,520.0,363.2361755371094,58812500,12.7,0.0
2008-06-16,BBCA,510.0,530.0,510.0,510.0,356.2508544921875,53297500,0.0,0.0
2008-06-17,BBCA,500.0,510.0,495.0,500.0,349.2655944824219,102620000,0.0,0.0
2008-06-18,BBCA,500.0,500.0,490.0,500.0,349.2655944824219,66712500,0.0,0.0
2008-06-19,BBCA,495.0,500.0,485.0,495.0,345.7728271484375,86967500,0.0,0.0
2008-06-20,BBCA,495.0,500.0,490.0,495.0,345.7728271484375,71782500,0.0,0.0
2008-06-23,BBCA,470.0,490.0,465.0,470.0,328.3096618652344,131415000,0.0,0.0
2008-06-24,BBCA,465.0,470.0,455.0,465.0,324.8170166015625,191915000,0.0,0.0
2008-06-25,BBCA,475.0,475.0,460.0,475.0,331.80230712890625,139435000,0.0,0.0
2008-06-26,BBCA,485.0,490.0,475.0,485.0,338.78753662109375,253072500,0.0,0.0
2008-06-27,BBCA,470.0,480.0,465.0,470.0,328.3096618652344,103580000,0.0,0.0
2008-06-30,BBCA,495.0,495.0,475.0,495.0,345.7728271484375,119597500,0.0,0.0
2008-07-01,BBCA,515.0,525.0,500.0,515.0,359.7435302734375,139017500,0.0,0.0
2008-07-02,BBCA,515.0,540.0,515.0,515.0,359.7435302734375,161507500,0.0,0.0
2008-07-03,BBCA,525.0,525.0,495.0,525.0,366.7287292480469,132317500,0.0,0.0
2008-07-04,BBCA,520.0,535.0,520.0,520.0,363.2361755371094,91017500,0.0,0.0
2008-07-07,BBCA,520.0,525.0,500.0,520.0,363.2361755371094,23840000,0.0,0.0
2008-07-08,BBCA,515.0,550.0,510.0,550.0,384.1920166015625,216222500,0.0,0.0
2008-07-09,BBCA,570.0,570.0,550.0,570.0,398.1626892089844,163502500,0.0,0.0
2008-07-10,BBCA,555.0,570.0,545.0,555.0,387.6847839355469,74302500,0.0,0.0
2008-07-11,BBCA,560.0,560.0,545.0,560.0,391.1772766113281,33247500,0.0,0.0
2008-07-14,BBCA,560.0,565.0,545.0,560.0,391.1772766113281,25897500,0.0,0.0
2008-07-15,BBCA,525.0,550.0,525.0,525.0,366.7287292480469,42710000,0.0,0.0
2008-07-16,BBCA,530.0,550.0,520.0,530.0,370.2214660644531,99762500,0.0,0.0
2008-07-17,BBCA,530.0,550.0,530.0,530.0,370.2214660644531,69755000,0.0,0.0
2008-07-18,BBCA,535.0,550.0,530.0,535.0,373.7140808105469,54415000,0.0,0.0
2008-07-21,BBCA,560.0,565.0,545.0,560.0,391.1772766113281,107580000,0.0,0.0
2008-07-22,BBCA,565.0,565.0,550.0,565.0,394.6700439453125,23800000,0.0,0.0
2008-07-23,BBCA,580.0,585.0,570.0,580.0,405.14801025390625,192637500,0.0,0.0
2008-07-24,BBCA,580.0,620.0,580.0,610.0,426.1038818359375,250862500,0.0,0.0
2008-07-25,BBCA,590.0,600.0,575.0,590.0,412.1333312988281,80612500,0.0,0.0
2008-07-28,BBCA,595.0,595.0,590.0,595.0,415.6259765625,35960000,0.0,0.0
2008-07-29,BBCA,600.0,605.0,580.0,600.0,419.1186828613281,66225000,0.0,0.0
2008-07-31,BBCA,605.0,625.0,600.0,605.0,422.6112976074219,104527500,0.0,0.0
2008-08-01,BBCA,585.0,605.0,585.0,585.0,408.640625,49625000,0.0,0.0
2008-08-04,BBCA,600.0,600.0,580.0,600.0,419.1186828613281,39932500,0.0,0.0
2008-08-05,BBCA,600.0,610.0,590.0,600.0,419.1186828613281,60995000,0.0,0.0
2008-08-06,BBCA,605.0,620.0,600.0,605.0,422.6112976074219,78732500,0.0,0.0
2008-08-07,BBCA,605.0,620.0,600.0,605.0,422.6112976074219,94050000,0.0,0.0
2008-08-08,BBCA,590.0,605.0,585.0,590.0,412.1333312988281,29585000,0.0,0.0
2008-08-11,BBCA,595.0,605.0,590.0,595.0,415.6259765625,34925000,0.0,0.0
2008-08-12,BBCA,595.0,600.0,560.0,560.0,391.1772766113281,40422500,0.0,0.0
2008-08-13,BBCA,560.0,600.0,560.0,600.0,419.1186828613281,44947500,0.0,0.0
2008-08-14,BBCA,590.0,610.0,580.0,590.0,412.1333312988281,38817500,0.0,0.0
2008-08-15,BBCA,585.0,615.0,585.0,615.0,429.59674072265625,124050000,0.0,0.0
2008-08-19,BBCA,595.0,620.0,595.0,595.0,415.6259765625,71922500,0.0,0.0
2008-08-20,BBCA,595.0,605.0,595.0,595.0,415.6259765625,51162500,0.0,0.0
2008-08-21,BBCA,590.0,605.0,590.0,590.0,412.1333312988281,46097500,0.0,0.0
2008-08-22,BBCA,585.0,600.0,585.0,585.0,408.640625,27120000,0.0,0.0
2008-08-25,BBCA,610.0,610.0,590.0,610.0,426.1038818359375,20980000,0.0,0.0
2008-08-26,BBCA,590.0,600.0,590.0,590.0,412.1333312988281,17255000,0.0,0.0
2008-08-27,BBCA,590.0,620.0,590.0,620.0,433.0892028808594,104745000,0.0,0.0
2008-08-28,BBCA,630.0,640.0,620.0,630.0,440.0744934082031,151962500,0.0,0.0
2008-08-29,BBCA,635.0,650.0,630.0,635.0,443.567138671875,89802500,0.0,0.0
2008-09-01,BBCA,640.0,660.0,640.0,650.0,454.04522705078125,150390000,0.0,0.0
2008-09-02,BBCA,675.0,675.0,650.0,675.0,471.5084533691406,179015000,0.0,0.0
2008-09-03,BBCA,660.0,675.0,660.0,660.0,461.0304870605469,133635000,0.0,0.0
2008-09-04,BBCA,650.0,670.0,640.0,650.0,454.04522705078125,25277500,0.0,0.0
2008-09-05,BBCA,650.0,665.0,625.0,650.0,454.04522705078125,138822500,0.0,0.0
2008-09-08,BBCA,655.0,680.0,650.0,655.0,457.5376892089844,157897500,0.0,0.0
2008-09-09,BBCA,660.0,660.0,600.0,605.0,422.6112976074219,92522500,0.0,0.0
2008-09-10,BBCA,600.0,600.0,580.0,600.0,419.1186828613281,133175000,0.0,0.0
2008-09-11,BBCA,575.0,600.0,560.0,575.0,401.6553649902344,85605000,0.0,0.0
2008-09-12,BBCA,575.0,575.0,540.0,545.0,380.69952392578125,64500000,0.0,0.0
2008-09-15,BBCA,530.0,545.0,525.0,530.0,370.2214660644531,209690000,0.0,0.0
2008-09-16,BBCA,505.0,565.0,500.0,555.0,387.6847839355469,124852500,0.0,0.0
2008-09-17,BBCA,565.0,575.0,560.0,565.0,394.6700439453125,63472500,0.0,0.0
2008-09-18,BBCA,540.0,620.0,535.0,610.0,426.1038818359375,91932500,0.0,0.0
2008-09-19,BBCA,635.0,650.0,620.0,635.0,443.567138671875,102670000,0.0,0.0
2008-09-22,BBCA,650.0,665.0,640.0,650.0,454.04522705078125,157812500,0.0,0.0
2008-09-23,BBCA,630.0,650.0,630.0,630.0,440.0744934082031,142892500,0.0,0.0
2008-09-24,BBCA,605.0,650.0,605.0,640.0,447.0599060058594,34525000,0.0,0.0
2008-09-25,BBCA,645.0,655.0,640.0,645.0,450.552490234375,31022500,0.0,0.0
2008-09-26,BBCA,635.0,645.0,630.0,635.0,443.567138671875,54060000,0.0,0.0
2008-10-06,BBCA,580.0,650.0,575.0,610.0,426.1038818359375,124347500,0.0,0.0
2008-10-07,BBCA,610.0,640.0,590.0,610.0,426.1038818359375,44155000,0.0,0.0
2008-10-08,BBCA,575.0,610.0,575.0,575.0,401.6553649902344,38597500,0.0,0.0
2008-10-09,BBCA,575.0,575.0,575.0,575.0,401.6553649902344,0,0.0,0.0
2008-10-10,BBCA,575.0,575.0,575.0,575.0,401.6553649902344,0,0.0,0.0
2008-10-13,BBCA,580.0,585.0,520.0,580.0,405.14801025390625,192295000,0.0,0.0
2008-10-14,BBCA,590.0,635.0,590.0,635.0,443.567138671875,158782500,0.0,0.0
2008-10-15,BBCA,610.0,650.0,605.0,610.0,426.1038818359375,104467500,0.0,0.0
2008-10-16,BBCA,550.0,575.0,550.0,550.0,384.1920166015625,181937500,0.0,0.0
2008-10-17,BBCA,560.0,560.0,515.0,520.0,363.2361755371094,174940000,0.0,0.0
2008-10-20,BBCA,535.0,555.0,520.0,535.0,373.7140808105469,72260000,0.0,0.0
2008-10-21,BBCA,560.0,575.0,550.0,560.0,391.1772766113281,52875000,0.0,0.0
2008-10-22,BBCA,610.0,610.0,530.0,530.0,370.2214660644531,120320000,0.0,0.0
2008-10-23,BBCA,500.0,540.0,480.0,535.0,373.7140808105469,61472500,0.0,0.0
2008-10-24,BBCA,520.0,520.0,485.0,485.0,338.78753662109375,43322500,0.0,0.0
2008-10-27,BBCA,440.0,460.0,440.0,440.0,307.3536682128906,61052500,0.0,0.0
2008-10-28,BBCA,440.0,445.0,400.0,405.0,282.9049987792969,165315000,0.0,0.0
2008-10-29,BBCA,440.0,445.0,430.0,440.0,307.3536682128906,168795000,0.0,0.0
2008-10-30,BBCA,420.0,480.0,420.0,480.0,335.2948913574219,123590000,0.0,0.0
2008-10-31,BBCA,510.0,560.0,500.0,540.0,377.20672607421875,140230000,0.0,0.0
2008-11-03,BBCA,565.0,590.0,545.0,565.0,394.6700439453125,160672500,0.0,0.0
2008-11-04,BBCA,550.0,580.0,525.0,550.0,384.1920166015625,69542500,0.0,0.0
2008-11-05,BBCA,570.0,590.0,560.0,570.0,398.1626892089844,145075000,0.0,0.0
2008-11-06,BBCA,555.0,560.0,520.0,555.0,387.6847839355469,51927500,0.0,0.0
2008-11-07,BBCA,575.0,585.0,540.0,575.0,401.6553649902344,53990000,0.0,0.0
2008-11-10,BBCA,580.0,600.0,570.0,580.0,405.14801025390625,30482500,0.0,0.0
2008-11-11,BBCA,580.0,580.0,560.0,580.0,405.14801025390625,43417500,0.0,0.0
2008-11-12,BBCA,575.0,580.0,570.0,575.0,401.6553649902344,39960000,0.0,0.0
2008-11-13,BBCA,545.0,580.0,535.0,545.0,380.69952392578125,56485000,0.0,0.0
2008-11-14,BBCA,580.0,580.0,550.0,580.0,405.14801025390625,33582500,0.0,0.0
2008-11-17,BBCA,545.0,575.0,530.0,545.0,380.69952392578125,58050000,0.0,0.0
2008-11-18,BBCA,525.0,525.0,500.0,525.0,366.7287292480469,96530000,0.0,0.0
2008-11-19,BBCA,550.0,550.0,505.0,550.0,384.1920166015625,93797500,0.0,0.0
2008-11-20,BBCA,540.0,540.0,515.0,540.0,377.20672607421875,92990000,0.0,0.0
2008-11-21,BBCA,515.0,515.0,490.0,515.0,359.7435302734375,186787500,0.0,0.0
2008-11-24,BBCA,525.0,525.0,505.0,525.0,366.7287292480469,53637500,0.0,0.0
2008-11-25,BBCA,530.0,540.0,520.0,530.0,370.2214660644531,50435000,0.0,0.0
2008-11-26,BBCA,545.0,545.0,525.0,545.0,380.69952392578125,67052500,0.0,0.0
2008-11-27,BBCA,540.0,560.0,525.0,540.0,377.20672607421875,75300000,0.0,0.0
2008-11-28,BBCA,560.0,560.0,525.0,540.0,377.20672607421875,82652500,0.0,0.0
2008-12-01,BBCA,540.0,560.0,520.0,540.0,377.20672607421875,79042500,0.0,0.0
2008-12-02,BBCA,535.0,540.0,505.0,535.0,373.7140808105469,52512500,0.0,0.0
2008-12-03,BBCA,535.0,545.0,535.0,535.0,373.7140808105469,31577500,0.0,0.0
2008-12-04,BBCA,550.0,570.0,540.0,550.0,384.1920166015625,79845000,0.0,0.0
2008-12-05,BBCA,560.0,560.0,540.0,560.0,391.1772766113281,56612500,0.0,0.0
2008-12-09,BBCA,595.0,600.0,565.0,595.0,415.6259765625,133162500,0.0,0.0
2008-12-10,BBCA,585.0,605.0,585.0,585.0,408.640625,82747500,0.0,0.0
2008-12-11,BBCA,595.0,610.0,580.0,595.0,415.6259765625,128255000,0.0,0.0
2008-12-12,BBCA,590.0,590.0,555.0,555.0,387.6847839355469,37400000,0.0,0.0
2008-12-15,BBCA,565.0,630.0,565.0,630.0,440.0744934082031,136477500,0.0,0.0
2008-12-16,BBCA,620.0,625.0,605.0,620.0,433.0892028808594,55522500,0.0,0.0
2008-12-17,BBCA,640.0,640.0,620.0,640.0,447.0599060058594,99505000,0.0,0.0
2008-12-18,BBCA,640.0,645.0,630.0,640.0,447.0599060058594,26702500,0.0,0.0
2008-12-19,BBCA,640.0,650.0,630.0,640.0,447.0599060058594,49090000,0.0,0.0
2008-12-22,BBCA,640.0,650.0,625.0,640.0,447.0599060058594,58557500,0.0,0.0
2008-12-23,BBCA,640.0,645.0,635.0,640.0,447.0599060058594,20405000,0.0,0.0
2008-12-24,BBCA,630.0,650.0,630.0,630.0,440.0744934082031,23512500,0.0,0.0
2008-12-30,BBCA,650.0,665.0,640.0,650.0,454.04522705078125,34487500,0.0,0.0
2008-12-31,BBCA,650.0,650.0,650.0,650.0,454.04522705078125,0,0.0,0.0
2009-01-05,BBCA,700.0,700.0,650.0,700.0,488.9716491699219,76682500,0.0,0.0
2009-01-06,BBCA,700.0,740.0,690.0,700.0,488.9716491699219,86082500,0.0,0.0
2009-01-07,BBCA,715.0,715.0,630.0,675.0,471.5084533691406,65045000,0.0,0.0
2009-01-08,BBCA,625.0,640.0,620.0,625.0,436.58197021484375,53797500,0.0,0.0
2009-01-09,BBCA,600.0,630.0,595.0,600.0,419.1186828613281,59930000,0.0,0.0
2009-01-12,BBCA,585.0,610.0,580.0,585.0,408.640625,101640000,0.0,0.0
2009-01-13,BBCA,590.0,605.0,570.0,590.0,412.1333312988281,136737500,0.0,0.0
2009-01-14,BBCA,585.0,600.0,580.0,585.0,408.640625,74107500,0.0,0.0
2009-01-15,BBCA,555.0,570.0,545.0,555.0,387.6847839355469,85305000,0.0,0.0
2009-01-16,BBCA,560.0,595.0,555.0,595.0,420.9350891113281,62925000,7.0,0.0
2009-01-19,BBCA,585.0,605.0,565.0,585.0,413.86053466796875,76727500,0.0,0.0
2009-01-20,BBCA,590.0,590.0,555.0,590.0,417.3977966308594,52827500,0.0,0.0
2009-01-21,BBCA,550.0,580.0,545.0,550.0,389.0996398925781,192397500,0.0,0.0
2009-01-22,BBCA,550.0,565.0,540.0,550.0,389.0996398925781,79192500,0.0,0.0
2009-01-23,BBCA,555.0,555.0,540.0,555.0,392.6369323730469,26167500,0.0,0.0
2009-01-27,BBCA,565.0,565.0,550.0,565.0,399.7114562988281,18065000,0.0,0.0
2009-01-28,BBCA,550.0,570.0,550.0,550.0,389.0996398925781,33757500,0.0,0.0
2009-01-29,BBCA,550.0,560.0,540.0,550.0,389.0996398925781,80987500,0.0,0.0
2009-01-30,BBCA,550.0,555.0,540.0,550.0,389.0996398925781,27947500,0.0,0.0
2009-02-02,BBCA,550.0,555.0,540.0,550.0,389.0996398925781,44225000,0.0,0.0
2009-02-03,BBCA,555.0,555.0,545.0,555.0,392.6369323730469,28272500,0.0,0.0
2009-02-04,BBCA,565.0,565.0,550.0,565.0,399.7114562988281,38587500,0.0,0.0
2009-02-05,BBCA,555.0,560.0,550.0,555.0,392.6369323730469,32047500,0.0,0.0
2009-02-06,BBCA,555.0,570.0,545.0,555.0,392.6369323730469,71415000,0.0,0.0
2009-02-09,BBCA,550.0,560.0,540.0,550.0,389.0996398925781,29632500,0.0,0.0
2009-02-10,BBCA,530.0,545.0,525.0,530.0,374.9505615234375,54927500,0.0,0.0
2009-02-11,BBCA,515.0,525.0,495.0,515.0,364.3387451171875,89625000,0.0,0.0
2009-02-12,BBCA,525.0,535.0,510.0,525.0,371.41326904296875,67057500,0.0,0.0
2009-02-13,BBCA,530.0,540.0,520.0,530.0,374.9505615234375,58085000,0.0,0.0
2009-02-16,BBCA,535.0,535.0,525.0,535.0,378.48785400390625,23660000,0.0,0.0
2009-02-17,BBCA,505.0,530.0,500.0,505.0,357.2642517089844,81940000,0.0,0.0
2009-02-18,BBCA,510.0,515.0,490.0,510.0,360.801513671875,92457500,0.0,0.0
2009-02-19,BBCA,515.0,525.0,510.0,515.0,364.3387451171875,61772500,0.0,0.0
2009-02-20,BBCA,490.0,515.0,490.0,490.0,346.6524353027344,86685000,0.0,0.0
2009-02-23,BBCA,500.0,505.0,495.0,500.0,353.7269287109375,46760000,0.0,0.0
2009-02-24,BBCA,490.0,505.0,485.0,490.0,346.6524353027344,34192500,0.0,0.0
2009-02-25,BBCA,500.0,505.0,470.0,470.0,332.5033874511719,134747500,0.0,0.0
2009-02-26,BBCA,480.0,480.0,460.0,480.0,339.577880859375,203025000,0.0,0.0
2009-02-27,BBCA,470.0,480.0,465.0,470.0,332.5033874511719,109212500,0.0,0.0
2009-03-02,BBCA,460.0,475.0,460.0,460.0,325.4288024902344,55142500,0.0,0.0
2009-03-03,BBCA,455.0,485.0,455.0,480.0,339.577880859375,70262500,0.0,0.0
2009-03-04,BBCA,480.0,520.0,475.0,515.0,364.3387451171875,159980000,0.0,0.0
2009-03-05,BBCA,520.0,530.0,515.0,520.0,367.8760986328125,148077500,0.0,0.0
2009-03-06,BBCA,515.0,525.0,505.0,515.0,364.3387451171875,34262500,0.0,0.0
2009-03-10,BBCA,540.0,540.0,515.0,540.0,382.02508544921875,116147500,0.0,0.0
2009-03-11,BBCA,560.0,560.0,545.0,560.0,396.1742248535156,133940000,0.0,0.0
2009-03-12,BBCA,550.0,560.0,540.0,550.0,389.0996398925781,47527500,0.0,0.0
2009-03-13,BBCA,565.0,570.0,555.0,565.0,399.7114562988281,105687500,0.0,0.0
2009-03-16,BBCA,565.0,575.0,560.0,565.0,399.7114562988281,36767500,0.0,0.0
2009-03-17,BBCA,570.0,570.0,550.0,570.0,403.2488098144531,123345000,0.0,0.0
2009-03-18,BBCA,560.0,575.0,550.0,560.0,396.1742248535156,63062500,0.0,0.0
2009-03-19,BBCA,565.0,590.0,560.0,585.0,413.86053466796875,130515000,0.0,0.0
2009-03-20,BBCA,590.0,595.0,580.0,590.0,417.3977966308594,48397500,0.0,0.0
2009-03-23,BBCA,610.0,615.0,590.0,610.0,431.5467224121094,68005000,0.0,0.0
2009-03-24,BBCA,625.0,630.0,615.0,625.0,442.1589050292969,147035000,0.0,0.0
2009-03-25,BBCA,630.0,640.0,620.0,630.0,445.696044921875,60182500,0.0,0.0
2009-03-27,BBCA,635.0,650.0,630.0,635.0,449.2332458496094,37627500,0.0,0.0
2009-03-30,BBCA,615.0,640.0,600.0,615.0,435.0841064453125,56115000,0.0,0.0
2009-03-31,BBCA,620.0,640.0,615.0,620.0,438.6214599609375,109097500,0.0,0.0
2009-04-01,BBCA,635.0,645.0,620.0,635.0,449.2332458496094,46275000,0.0,0.0
2009-04-02,BBCA,655.0,655.0,635.0,655.0,463.3822326660156,157330000,0.0,0.0
2009-04-03,BBCA,635.0,670.0,635.0,635.0,449.2332458496094,109970000,0.0,0.0
2009-04-06,BBCA,645.0,660.0,630.0,645.0,456.3078308105469,75302500,0.0,0.0
2009-04-07,BBCA,640.0,650.0,630.0,640.0,452.77056884765625,82950000,0.0,0.0
2009-04-08,BBCA,610.0,645.0,605.0,610.0,431.5467224121094,84190000,0.0,0.0
2009-04-09,BBCA,610.0,610.0,610.0,610.0,431.5467224121094,0,0.0,0.0
2009-04-13,BBCA,645.0,645.0,625.0,645.0,456.3078308105469,47767500,0.0,0.0
2009-04-14,BBCA,670.0,680.0,640.0,670.0,473.9940490722656,253475000,0.0,0.0
2009-04-15,BBCA,675.0,685.0,655.0,675.0,477.53155517578125,84102500,0.0,0.0
2009-04-16,BBCA,695.0,700.0,680.0,695.0,491.68035888671875,137757500,0.0,0.0
2009-04-17,BBCA,695.0,725.0,695.0,715.0,505.8296813964844,132667500,0.0,0.0
2009-04-20,BBCA,705.0,715.0,690.0,705.0,498.7550354003906,55837500,0.0,0.0
2009-04-22,BBCA,685.0,705.0,685.0,685.0,484.6058654785156,56322500,0.0,0.0
2009-04-23,BBCA,670.0,680.0,665.0,670.0,473.9940490722656,28497500,0.0,0.0
2009-04-24,BBCA,680.0,695.0,670.0,680.0,481.0686950683594,30782500,0.0,0.0
2009-04-27,BBCA,645.0,670.0,640.0,645.0,456.3078308105469,22857500,0.0,0.0
2009-04-28,BBCA,665.0,695.0,645.0,665.0,470.456787109375,41195000,0.0,0.0
2009-04-29,BBCA,665.0,680.0,665.0,665.0,470.456787109375,40405000,0.0,0.0
2009-04-30,BBCA,670.0,700.0,670.0,670.0,473.9940490722656,72955000,0.0,0.0
2009-05-01,BBCA,695.0,700.0,680.0,695.0,491.68035888671875,40085000,0.0,0.0
2009-05-04,BBCA,710.0,715.0,685.0,710.0,502.2922058105469,96350000,0.0,0.0
2009-05-05,BBCA,700.0,720.0,675.0,700.0,495.2176513671875,94617500,0.0,0.0
2009-05-06,BBCA,680.0,700.0,680.0,680.0,481.0686950683594,79777500,0.0,0.0
2009-05-07,BBCA,670.0,705.0,670.0,670.0,473.9940490722656,75292500,0.0,0.0
2009-05-08,BBCA,670.0,680.0,665.0,670.0,473.9940490722656,50752500,0.0,0.0
2009-05-11,BBCA,675.0,685.0,640.0,640.0,452.77056884765625,110172500,0.0,0.0
2009-05-12,BBCA,645.0,650.0,625.0,645.0,456.3078308105469,134105000,0.0,0.0
2009-05-13,BBCA,650.0,665.0,635.0,650.0,459.8449401855469,91475000,0.0,0.0
2009-05-14,BBCA,650.0,650.0,630.0,650.0,459.8449401855469,30230000,0.0,0.0
2009-05-15,BBCA,650.0,660.0,640.0,650.0,459.8449401855469,43685000,0.0,0.0
2009-05-18,BBCA,670.0,685.0,635.0,670.0,473.9940490722656,62312500,0.0,0.0
2009-05-19,BBCA,700.0,700.0,680.0,700.0,495.2176513671875,66137500,0.0,0.0
2009-05-20,BBCA,705.0,710.0,690.0,705.0,498.7550354003906,91387500,0.0,0.0
2009-05-21,BBCA,705.0,705.0,705.0,705.0,498.7550354003906,0,0.0,0.0
2009-05-22,BBCA,695.0,700.0,680.0,695.0,491.68035888671875,33907500,0.0,0.0
2009-05-25,BBCA,695.0,705.0,690.0,695.0,491.68035888671875,13902500,0.0,0.0
2009-05-26,BBCA,675.0,705.0,670.0,675.0,477.53155517578125,32370000,0.0,0.0
2009-05-27,BBCA,690.0,695.0,680.0,690.0,488.14312744140625,35222500,0.0,0.0
2009-05-28,BBCA,690.0,690.0,680.0,690.0,488.14312744140625,21730000,0.0,0.0
2009-05-29,BBCA,675.0,700.0,660.0,675.0,477.53155517578125,124640000,0.0,0.0
2009-06-01,BBCA,685.0,690.0,675.0,685.0,484.6058654785156,84995000,0.0,0.0
2009-06-02,BBCA,710.0,725.0,690.0,710.0,502.2922058105469,177885000,0.0,0.0
2009-06-03,BBCA,705.0,720.0,695.0,705.0,498.7550354003906,81915000,0.0,0.0
2009-06-04,BBCA,715.0,720.0,700.0,715.0,505.8296813964844,99930000,0.0,0.0
2009-06-05,BBCA,745.0,755.0,710.0,745.0,527.0531005859375,243815000,0.0,0.0
2009-06-08,BBCA,765.0,775.0,750.0,765.0,541.2022094726562,164275000,0.0,0.0
2009-06-09,BBCA,795.0,795.0,765.0,795.0,562.42578125,174617500,0.0,0.0
2009-06-10,BBCA,780.0,805.0,750.0,780.0,560.9874877929688,144150000,13.0,0.0
2009-06-11,BBCA,775.0,780.0,765.0,775.0,557.391357421875,58922500,0.0,0.0
2009-06-12,BBCA,770.0,775.0,755.0,770.0,553.7952880859375,112405000,0.0,0.0
2009-06-15,BBCA,770.0,775.0,765.0,770.0,553.7952880859375,105737500,0.0,0.0
2009-06-16,BBCA,760.0,760.0,745.0,760.0,546.6030883789062,44185000,0.0,0.0
2009-06-17,BBCA,755.0,755.0,715.0,715.0,514.2384033203125,119712500,0.0,0.0
2009-06-18,BBCA,705.0,720.0,690.0,705.0,507.04632568359375,93282500,0.0,0.0
2009-06-19,BBCA,705.0,715.0,695.0,705.0,507.04632568359375,39070000,0.0,0.0
2009-06-22,BBCA,730.0,730.0,705.0,730.0,525.0266723632812,34227500,0.0,0.0
2009-06-23,BBCA,715.0,720.0,695.0,715.0,514.2384033203125,55547500,0.0,0.0
2009-06-24,BBCA,730.0,730.0,720.0,730.0,525.0266723632812,68552500,0.0,0.0
2009-06-25,BBCA,765.0,765.0,730.0,765.0,550.1992797851562,137437500,0.0,0.0
2009-06-26,BBCA,710.0,740.0,695.0,710.0,510.64239501953125,304050000,0.0,0.0
2009-06-29,BBCA,705.0,725.0,700.0,705.0,507.04632568359375,99202500,0.0,0.0
2009-06-30,BBCA,705.0,715.0,695.0,705.0,507.04632568359375,71202500,0.0,0.0
2009-07-01,BBCA,720.0,725.0,700.0,720.0,517.8344116210938,114495000,0.0,0.0
2009-07-02,BBCA,725.0,755.0,725.0,745.0,535.8148193359375,330582500,0.0,0.0
2009-07-03,BBCA,725.0,745.0,725.0,725.0,521.4307250976562,90715000,0.0,0.0
2009-07-06,BBCA,710.0,730.0,705.0,710.0,510.64239501953125,43245000,0.0,0.0
2009-07-07,BBCA,720.0,725.0,710.0,720.0,517.8344116210938,102945000,0.0,0.0
2009-07-08,BBCA,720.0,720.0,720.0,720.0,517.8344116210938,0,0.0,0.0
2009-07-09,BBCA,720.0,740.0,715.0,720.0,517.8344116210938,130030000,0.0,0.0
2009-07-10,BBCA,720.0,725.0,705.0,705.0,507.04632568359375,50347500,0.0,0.0
2009-07-13,BBCA,705.0,720.0,685.0,705.0,507.04632568359375,77227500,0.0,0.0
2009-07-14,BBCA,705.0,720.0,700.0,705.0,507.04632568359375,50065000,0.0,0.0
2009-07-15,BBCA,745.0,745.0,705.0,745.0,535.8148193359375,136127500,0.0,0.0
2009-07-16,BBCA,760.0,770.0,750.0,760.0,546.6030883789062,149990000,0.0,0.0
2009-07-17,BBCA,740.0,760.0,735.0,740.0,532.2189331054688,136840000,0.0,0.0
2009-07-20,BBCA,740.0,740.0,740.0,740.0,532.2189331054688,0,0.0,0.0
2009-07-21,BBCA,740.0,755.0,725.0,740.0,532.2189331054688,168640000,0.0,0.0
2009-07-22,BBCA,720.0,740.0,715.0,720.0,517.8344116210938,101367500,0.0,0.0
2009-07-23,BBCA,740.0,740.0,720.0,740.0,532.2189331054688,73280000,0.0,0.0
2009-07-24,BBCA,740.0,750.0,735.0,740.0,532.2189331054688,125932500,0.0,0.0
2009-07-27,BBCA,740.0,750.0,730.0,740.0,532.2189331054688,69055000,0.0,0.0
2009-07-28,BBCA,740.0,745.0,735.0,740.0,532.2189331054688,171927500,0.0,0.0
2009-07-29,BBCA,730.0,745.0,725.0,730.0,525.0266723632812,45522500,0.0,0.0
2009-07-30,BBCA,745.0,750.0,735.0,745.0,535.8148193359375,154247500,0.0,0.0
2009-07-31,BBCA,755.0,760.0,745.0,755.0,543.0069580078125,190452500,0.0,0.0
2009-08-03,BBCA,770.0,775.0,755.0,770.0,553.7952880859375,78417500,0.0,0.0
2009-08-04,BBCA,785.0,790.0,770.0,785.0,564.5834350585938,117150000,0.0,0.0
2009-08-05,BBCA,805.0,805.0,785.0,805.0,578.9677124023438,156017500,0.0,0.0
2009-08-06,BBCA,835.0,835.0,805.0,835.0,600.5442504882812,126982500,0.0,0.0
2009-08-07,BBCA,825.0,835.0,825.0,825.0,593.3522338867188,33302500,0.0,0.0
2009-08-10,BBCA,845.0,845.0,825.0,845.0,607.736328125,48535000,0.0,0.0
2009-08-11,BBCA,880.0,885.0,845.0,880.0,632.9088745117188,89407500,0.0,0.0
2009-08-12,BBCA,870.0,870.0,845.0,865.0,622.1205444335938,83232500,0.0,0.0
2009-08-13,BBCA,865.0,885.0,860.0,865.0,622.1205444335938,21430000,0.0,0.0
2009-08-14,BBCA,870.0,870.0,855.0,870.0,625.7166137695312,42775000,0.0,0.0
2009-08-18,BBCA,835.0,840.0,825.0,835.0,600.5442504882812,70377500,0.0,0.0
2009-08-19,BBCA,840.0,855.0,830.0,840.0,604.140380859375,82472500,0.0,0.0
2009-08-20,BBCA,845.0,850.0,840.0,845.0,607.736328125,31722500,0.0,0.0
2009-08-21,BBCA,865.0,865.0,850.0,865.0,622.1205444335938,26595000,0.0,0.0
2009-08-24,BBCA,860.0,885.0,850.0,860.0,618.5244750976562,25527500,0.0,0.0
2009-08-25,BBCA,855.0,870.0,850.0,855.0,614.9283447265625,37687500,0.0,0.0
2009-08-26,BBCA,870.0,870.0,850.0,870.0,625.7166137695312,44412500,0.0,0.0
2009-08-27,BBCA,865.0,870.0,850.0,865.0,622.1205444335938,47247500,0.0,0.0
2009-08-28,BBCA,870.0,870.0,855.0,870.0,625.7166137695312,23142500,0.0,0.0
2009-08-31,BBCA,850.0,870.0,850.0,850.0,611.332275390625,33407500,0.0,0.0
2009-09-01,BBCA,875.0,885.0,855.0,875.0,629.312744140625,63022500,0.0,0.0
2009-09-02,BBCA,855.0,870.0,840.0,855.0,614.9283447265625,51055000,0.0,0.0
2009-09-03,BBCA,855.0,865.0,840.0,855.0,614.9283447265625,47240000,0.0,0.0
2009-09-04,BBCA,855.0,860.0,850.0,855.0,614.9283447265625,9780000,0.0,0.0
2009-09-07,BBCA,880.0,885.0,860.0,880.0,632.9088745117188,23210000,0.0,0.0
2009-09-08,BBCA,880.0,885.0,870.0,880.0,632.9088745117188,27137500,0.0,0.0
2009-09-09,BBCA,895.0,895.0,880.0,895.0,643.6972045898438,58807500,0.0,0.0
2009-09-10,BBCA,900.0,905.0,895.0,900.0,647.2930297851562,26837500,0.0,0.0
2009-09-11,BBCA,885.0,900.0,875.0,885.0,636.5048828125,28032500,0.0,0.0
2009-09-14,BBCA,860.0,875.0,855.0,860.0,618.5244750976562,46397500,0.0,0.0
2009-09-15,BBCA,870.0,885.0,855.0,870.0,625.7166137695312,52265000,0.0,0.0
2009-09-16,BBCA,875.0,885.0,865.0,875.0,629.312744140625,33842500,0.0,0.0
2009-09-17,BBCA,880.0,930.0,880.0,925.0,665.2734375,96955000,0.0,0.0
2009-09-24,BBCA,960.0,970.0,940.0,960.0,690.4459228515625,96397500,0.0,0.0
2009-09-25,BBCA,915.0,940.0,910.0,915.0,658.0813598632812,57715000,0.0,0.0
2009-09-28,BBCA,890.0,930.0,890.0,890.0,640.1009521484375,33472500,0.0,0.0
2009-09-29,BBCA,910.0,915.0,895.0,910.0,654.4852294921875,35802500,0.0,0.0
2009-09-30,BBCA,925.0,930.0,905.0,925.0,665.2734375,55632500,0.0,0.0
2009-10-01,BBCA,965.0,970.0,930.0,965.0,694.0421752929688,93842500,0.0,0.0
2009-10-02,BBCA,955.0,1100.0,945.0,1010.0,726.40673828125,53040000,0.0,0.0
2009-10-05,BBCA,1000.0,1000.0,970.0,1000.0,719.2145385742188,71345000,0.0,0.0
2009-10-06,BBCA,1040.0,1070.0,1000.0,1040.0,747.983154296875,85385000,0.0,0.0
2009-10-07,BBCA,1050.0,1070.0,970.0,985.0,708.4264526367188,123442500,0.0,0.0
2009-10-08,BBCA,940.0,980.0,935.0,940.0,676.0619506835938,195182500,0.0,0.0
2009-10-09,BBCA,950.0,955.0,935.0,950.0,683.2539672851562,213927500,0.0,0.0
2009-10-12,BBCA,945.0,950.0,930.0,945.0,679.6578979492188,44470000,0.0,0.0
2009-10-13,BBCA,950.0,965.0,940.0,950.0,683.2539672851562,106370000,0.0,0.0
2009-10-14,BBCA,960.0,970.0,955.0,960.0,690.4459228515625,146687500,0.0,0.0
2009-10-15,BBCA,955.0,975.0,945.0,955.0,686.8499755859375,119725000,0.0,0.0
2009-10-16,BBCA,940.0,950.0,935.0,940.0,676.0619506835938,93432500,0.0,0.0
2009-10-19,BBCA,960.0,960.0,935.0,960.0,690.4459228515625,61132500,0.0,0.0
2009-10-20,BBCA,955.0,965.0,945.0,955.0,686.8499755859375,59992500,0.0,0.0
2009-10-21,BBCA,955.0,960.0,940.0,955.0,686.8499755859375,36295000,0.0,0.0
2009-10-22,BBCA,955.0,960.0,940.0,955.0,686.8499755859375,73320000,0.0,0.0
2009-10-23,BBCA,955.0,960.0,945.0,955.0,686.8499755859375,91627500,0.0,0.0
2009-10-26,BBCA,955.0,955.0,945.0,955.0,686.8499755859375,30062500,0.0,0.0
2009-10-27,BBCA,940.0,950.0,930.0,940.0,676.0619506835938,50915000,0.0,0.0
2009-10-28,BBCA,920.0,940.0,915.0,920.0,661.677490234375,59547500,0.0,0.0
2009-10-29,BBCA,915.0,915.0,840.0,915.0,658.0813598632812,223947500,0.0,0.0
2009-10-30,BBCA,915.0,930.0,910.0,915.0,658.0813598632812,113667500,0.0,0.0
2009-11-02,BBCA,920.0,925.0,895.0,920.0,661.677490234375,45822500,0.0,0.0
2009-11-03,BBCA,910.0,930.0,910.0,910.0,654.4852294921875,53547500,0.0,0.0
2009-11-04,BBCA,920.0,925.0,905.0,920.0,661.677490234375,30787500,0.0,0.0
2009-11-05,BBCA,920.0,925.0,905.0,920.0,661.677490234375,16727500,0.0,0.0
2009-11-06,BBCA,945.0,945.0,925.0,945.0,679.6578979492188,37420000,0.0,0.0
2009-11-09,BBCA,945.0,955.0,940.0,945.0,679.6578979492188,24652500,0.0,0.0
2009-11-10,BBCA,950.0,960.0,945.0,950.0,683.2539672851562,50455000,0.0,0.0
2009-11-11,BBCA,940.0,955.0,940.0,940.0,676.0619506835938,41377500,0.0,0.0
2009-11-12,BBCA,960.0,960.0,945.0,960.0,690.4459228515625,24725000,0.0,0.0
2009-11-13,BBCA,950.0,960.0,945.0,950.0,688.9954223632812,15125000,8.0,0.0
2009-11-16,BBCA,945.0,955.0,945.0,945.0,685.3692016601562,38250000,0.0,0.0
2009-11-17,BBCA,955.0,960.0,945.0,955.0,692.6218872070312,52965000,0.0,0.0
2009-11-18,BBCA,945.0,955.0,945.0,945.0,685.3692016601562,20322500,0.0,0.0
2009-11-19,BBCA,940.0,950.0,935.0,940.0,681.7431030273438,21455000,0.0,0.0
2009-11-20,BBCA,940.0,950.0,935.0,940.0,681.7431030273438,12230000,0.0,0.0
2009-11-23,BBCA,930.0,945.0,925.0,930.0,674.4903564453125,36412500,0.0,0.0
2009-11-24,BBCA,930.0,945.0,930.0,930.0,674.4903564453125,32052500,0.0,0.0
2009-11-25,BBCA,940.0,940.0,930.0,940.0,681.7431030273438,26697500,0.0,0.0
2009-11-26,BBCA,935.0,940.0,925.0,935.0,678.1165771484375,32130000,0.0,0.0
2009-11-30,BBCA,960.0,965.0,910.0,960.0,696.2479858398438,107092500,0.0,0.0
2009-12-01,BBCA,985.0,985.0,955.0,985.0,714.3794555664062,134247500,0.0,0.0
2009-12-02,BBCA,995.0,995.0,985.0,985.0,714.3794555664062,57652500,0.0,0.0
2009-12-03,BBCA,985.0,995.0,980.0,980.0,710.7532958984375,24360000,0.0,0.0
2009-12-04,BBCA,980.0,1000.0,975.0,995.0,721.6321411132812,31647500,0.0,0.0
2009-12-07,BBCA,995.0,995.0,970.0,970.0,703.5006713867188,20192500,0.0,0.0
2009-12-08,BBCA,970.0,970.0,945.0,945.0,685.3692016601562,37017500,0.0,0.0
2009-12-09,BBCA,940.0,955.0,930.0,940.0,681.7431030273438,44022500,0.0,0.0
2009-12-10,BBCA,950.0,965.0,940.0,950.0,688.9954223632812,56725000,0.0,0.0
2009-12-11,BBCA,965.0,970.0,960.0,965.0,699.8743286132812,42972500,0.0,0.0
2009-12-14,BBCA,970.0,980.0,955.0,970.0,703.5006713867188,28480000,0.0,0.0
2009-12-15,BBCA,960.0,980.0,960.0,960.0,696.2479858398438,35655000,0.0,0.0
2009-12-16,BBCA,965.0,980.0,960.0,965.0,699.8743286132812,20815000,0.0,0.0
2009-12-17,BBCA,970.0,975.0,965.0,970.0,703.5006713867188,22095000,0.0,0.0
2009-12-21,BBCA,925.0,955.0,925.0,925.0,670.864013671875,41380000,0.0,0.0
2009-12-22,BBCA,935.0,935.0,925.0,935.0,678.1165771484375,30935000,0.0,0.0
2009-12-23,BBCA,945.0,945.0,930.0,945.0,685.3692016601562,9772500,0.0,0.0
2009-12-28,BBCA,950.0,950.0,940.0,945.0,685.3692016601562,16760000,0.0,0.0
2009-12-29,BBCA,945.0,950.0,940.0,945.0,685.3692016601562,13180000,0.0,0.0
2009-12-30,BBCA,970.0,970.0,945.0,970.0,703.5006713867188,37152500,0.0,0.0
2010-01-04,BBCA,1010.0,1010.0,965.0,1010.0,732.5110473632812,77812500,0.0,0.0
2010-01-05,BBCA,1020.0,1020.0,990.0,1020.0,739.7633666992188,44442500,0.0,0.0
2010-01-06,BBCA,990.0,1020.0,990.0,990.0,718.005859375,27782500,0.0,0.0
2010-01-07,BBCA,995.0,995.0,965.0,995.0,721.6321411132812,38632500,0.0,0.0
2010-01-08,BBCA,970.0,995.0,970.0,970.0,703.5006713867188,27427500,0.0,0.0
2010-01-11,BBCA,980.0,995.0,980.0,980.0,710.7532958984375,38505000,0.0,0.0
2010-01-12,BBCA,1030.0,1030.0,980.0,1030.0,747.0162963867188,53395000,0.0,0.0
2010-01-13,BBCA,1000.0,1020.0,995.0,1000.0,725.2584228515625,48905000,0.0,0.0
2010-01-14,BBCA,990.0,1030.0,990.0,990.0,718.005859375,28395000,0.0,0.0
2010-01-15,BBCA,990.0,1010.0,990.0,990.0,718.005859375,25790000,0.0,0.0
2010-01-18,BBCA,1000.0,1020.0,990.0,1010.0,732.5110473632812,12627500,0.0,0.0
2010-01-19,BBCA,995.0,1030.0,995.0,995.0,721.6321411132812,30875000,0.0,0.0
2010-01-20,BBCA,1010.0,1020.0,1000.0,1010.0,732.5110473632812,49412500,0.0,0.0
2010-01-21,BBCA,975.0,1000.0,970.0,975.0,707.126953125,62377500,0.0,0.0
2010-01-22,BBCA,965.0,970.0,950.0,965.0,699.8743286132812,63022500,0.0,0.0
2010-01-25,BBCA,960.0,960.0,945.0,960.0,696.2479858398438,19035000,0.0,0.0
2010-01-26,BBCA,965.0,970.0,955.0,960.0,696.2479858398438,87990000,0.0,0.0
2010-01-27,BBCA,945.0,965.0,945.0,945.0,685.3692016601562,38155000,0.0,0.0
2010-01-28,BBCA,975.0,975.0,945.0,975.0,707.126953125,33752500,0.0,0.0
2010-01-29,BBCA,1000.0,1000.0,955.0,1000.0,725.2584228515625,59592500,0.0,0.0
2010-02-01,BBCA,970.0,985.0,965.0,970.0,703.5006713867188,38507500,0.0,0.0
2010-02-02,BBCA,955.0,975.0,950.0,955.0,692.6218872070312,52677500,0.0,0.0
2010-02-03,BBCA,955.0,965.0,950.0,955.0,692.6218872070312,31232500,0.0,0.0
2010-02-04,BBCA,950.0,965.0,945.0,950.0,688.9954223632812,35072500,0.0,0.0
2010-02-05,BBCA,910.0,930.0,910.0,910.0,659.9850463867188,144220000,0.0,0.0
2010-02-08,BBCA,905.0,910.0,885.0,905.0,656.3589477539062,82680000,0.0,0.0
2010-02-09,BBCA,920.0,920.0,890.0,920.0,667.23779296875,87217500,0.0,0.0
2010-02-10,BBCA,910.0,930.0,900.0,910.0,659.9850463867188,111352500,0.0,0.0
2010-02-11,BBCA,925.0,925.0,905.0,925.0,670.864013671875,42910000,0.0,0.0
2010-02-12,BBCA,925.0,930.0,920.0,925.0,670.864013671875,32655000,0.0,0.0
2010-02-15,BBCA,910.0,925.0,910.0,910.0,659.9850463867188,8075000,0.0,0.0
2010-02-16,BBCA,935.0,940.0,915.0,935.0,678.1165771484375,25492500,0.0,0.0
2010-02-17,BBCA,960.0,965.0,940.0,960.0,696.2479858398438,102187500,0.0,0.0
2010-02-18,BBCA,965.0,970.0,950.0,965.0,699.8743286132812,44107500,0.0,0.0
2010-02-19,BBCA,970.0,975.0,955.0,970.0,703.5006713867188,59805000,0.0,0.0
2010-02-22,BBCA,1000.0,1020.0,970.0,1000.0,725.2584228515625,126982500,0.0,0.0
2010-02-23,BBCA,990.0,1000.0,985.0,990.0,718.005859375,29417500,0.0,0.0
2010-02-24,BBCA,1010.0,1010.0,980.0,1010.0,732.5110473632812,46500000,0.0,0.0
2010-02-25,BBCA,975.0,1000.0,970.0,975.0,707.126953125,43217500,0.0,0.0
2010-03-01,BBCA,960.0,985.0,960.0,960.0,696.2479858398438,54977500,0.0,0.0
2010-03-02,BBCA,980.0,985.0,970.0,980.0,710.7532958984375,59565000,0.0,0.0
2010-03-03,BBCA,965.0,985.0,965.0,965.0,699.8743286132812,22262500,0.0,0.0
2010-03-04,BBCA,990.0,1000.0,965.0,990.0,718.005859375,80647500,0.0,0.0
2010-03-05,BBCA,1000.0,1010.0,985.0,1000.0,725.2584228515625,27190000,0.0,0.0
2010-03-08,BBCA,1010.0,1020.0,1000.0,1010.0,732.5110473632812,101510000,0.0,0.0
2010-03-09,BBCA,1040.0,1040.0,1000.0,1040.0,754.2686767578125,68597500,0.0,0.0
2010-03-10,BBCA,1030.0,1040.0,1020.0,1030.0,747.0162963867188,25587500,0.0,0.0
2010-03-11,BBCA,1040.0,1060.0,1030.0,1040.0,754.2686767578125,97727500,0.0,0.0
2010-03-12,BBCA,1020.0,1060.0,1020.0,1020.0,739.7633666992188,24825000,0.0,0.0
2010-03-15,BBCA,1040.0,1070.0,1020.0,1040.0,754.2686767578125,83520000,0.0,0.0
2010-03-17,BBCA,1060.0,1160.0,1060.0,1160.0,841.2996215820312,162297500,0.0,0.0
2010-03-18,BBCA,1150.0,1160.0,1090.0,1090.0,790.5318603515625,86902500,0.0,0.0
2010-03-19,BBCA,1090.0,1130.0,1060.0,1090.0,790.5318603515625,88387500,0.0,0.0
2010-03-22,BBCA,1090.0,1120.0,1080.0,1090.0,790.5318603515625,25450000,0.0,0.0
2010-03-23,BBCA,1120.0,1130.0,1090.0,1120.0,812.289306640625,25870000,0.0,0.0
2010-03-24,BBCA,1140.0,1140.0,1120.0,1140.0,826.7947387695312,49425000,0.0,0.0
2010-03-25,BBCA,1150.0,1150.0,1120.0,1150.0,834.04736328125,49617500,0.0,0.0
2010-03-26,BBCA,1150.0,1170.0,1140.0,1150.0,834.04736328125,49207500,0.0,0.0
2010-03-29,BBCA,1120.0,1150.0,1110.0,1120.0,812.289306640625,73050000,0.0,0.0
2010-03-30,BBCA,1110.0,1150.0,1100.0,1110.0,805.036865234375,22600000,0.0,0.0
2010-03-31,BBCA,1100.0,1140.0,1080.0,1100.0,797.7843017578125,56682500,0.0,0.0
2010-04-01,BBCA,1090.0,1130.0,1090.0,1090.0,790.5318603515625,30090000,0.0,0.0
2010-04-05,BBCA,1120.0,1160.0,1120.0,1150.0,834.04736328125,63510000,0.0,0.0
2010-04-06,BBCA,1140.0,1240.0,1140.0,1140.0,826.7947387695312,70010000,0.0,0.0
2010-04-07,BBCA,1170.0,1210.0,1140.0,1170.0,848.5521850585938,63040000,0.0,0.0
2010-04-08,BBCA,1190.0,1190.0,1120.0,1130.0,819.5418090820312,52942500,0.0,0.0
2010-04-09,BBCA,1110.0,1140.0,1110.0,1110.0,805.036865234375,24150000,0.0,0.0
2010-04-12,BBCA,1110.0,1170.0,1110.0,1170.0,848.5521850585938,34100000,0.0,0.0
2010-04-13,BBCA,1170.0,1180.0,1140.0,1140.0,826.7947387695312,15842500,0.0,0.0
2010-04-14,BBCA,1160.0,1170.0,1150.0,1160.0,841.2996215820312,21332500,0.0,0.0
2010-04-15,BBCA,1160.0,1170.0,1140.0,1160.0,841.2996215820312,31015000,0.0,0.0
2010-04-16,BBCA,1150.0,1160.0,1110.0,1150.0,834.04736328125,23242500,0.0,0.0
2010-04-19,BBCA,1130.0,1140.0,1110.0,1130.0,819.5418090820312,23337500,0.0,0.0
2010-04-20,BBCA,1170.0,1170.0,1130.0,1170.0,848.5521850585938,84177500,0.0,0.0
2010-04-21,BBCA,1150.0,1180.0,1150.0,1150.0,834.04736328125,34060000,0.0,0.0
2010-04-22,BBCA,1140.0,1150.0,1120.0,1140.0,826.7947387695312,82577500,0.0,0.0
2010-04-23,BBCA,1140.0,1140.0,1120.0,1140.0,826.7947387695312,21560000,0.0,0.0
2010-04-26,BBCA,1140.0,1150.0,1140.0,1140.0,826.7947387695312,15572500,0.0,0.0
2010-04-27,BBCA,1140.0,1150.0,1120.0,1140.0,826.7947387695312,43650000,0.0,0.0
2010-04-28,BBCA,1090.0,1120.0,1080.0,1090.0,790.5318603515625,189310000,0.0,0.0
2010-04-29,BBCA,1090.0,1120.0,1080.0,1090.0,790.5318603515625,105970000,0.0,0.0
2010-04-30,BBCA,1090.0,1120.0,1090.0,1090.0,790.5318603515625,222497500,0.0,0.0
2010-05-03,BBCA,1100.0,1100.0,1080.0,1100.0,797.7843017578125,73280000,0.0,0.0
2010-05-04,BBCA,1100.0,1110.0,1080.0,1100.0,797.7843017578125,68060000,0.0,0.0
2010-05-05,BBCA,1040.0,1080.0,1030.0,1040.0,754.2686767578125,165802500,0.0,0.0
2010-05-06,BBCA,1020.0,1050.0,990.0,1020.0,739.7633666992188,168800000,0.0,0.0
2010-05-07,BBCA,985.0,1000.0,965.0,985.0,714.3794555664062,166700000,0.0,0.0
2010-05-10,BBCA,1000.0,1050.0,1000.0,1040.0,754.2686767578125,170602500,0.0,0.0
2010-05-11,BBCA,1050.0,1060.0,1020.0,1030.0,747.0162963867188,149087500,0.0,0.0
2010-05-12,BBCA,1030.0,1040.0,1020.0,1030.0,747.0162963867188,48815000,0.0,0.0
2010-05-14,BBCA,1050.0,1060.0,1030.0,1050.0,761.5213623046875,90022500,0.0,0.0
2010-05-17,BBCA,1070.0,1070.0,1010.0,1070.0,776.0265502929688,57930000,0.0,0.0
2010-05-18,BBCA,1090.0,1110.0,1060.0,1090.0,790.5318603515625,155627500,0.0,0.0
2010-05-19,BBCA,1050.0,1090.0,1040.0,1050.0,761.5213623046875,83387500,0.0,0.0
2010-05-20,BBCA,1040.0,1060.0,1010.0,1040.0,754.2686767578125,100820000,0.0,0.0
2010-05-21,BBCA,1020.0,1030.0,995.0,1020.0,739.7633666992188,97032500,0.0,0.0
2010-05-24,BBCA,1030.0,1070.0,1020.0,1030.0,747.0162963867188,81047500,0.0,0.0
2010-05-25,BBCA,1000.0,1010.0,990.0,1000.0,725.2584228515625,97905000,0.0,0.0
2010-05-26,BBCA,1050.0,1050.0,1000.0,1050.0,761.5213623046875,79927500,0.0,0.0
2010-05-27,BBCA,1060.0,1060.0,1010.0,1060.0,768.7738647460938,91890000,0.0,0.0
2010-05-31,BBCA,1110.0,1120.0,1060.0,1110.0,805.036865234375,176372500,0.0,0.0
2010-06-01,BBCA,1060.0,1100.0,1060.0,1060.0,778.593994140625,63780000,14.0,0.0
2010-06-02,BBCA,1090.0,1100.0,1060.0,1090.0,800.6299438476562,38995000,0.0,0.0
2010-06-03,BBCA,1110.0,1120.0,1100.0,1110.0,815.3202514648438,66697500,0.0,0.0
2010-06-04,BBCA,1130.0,1130.0,1110.0,1130.0,830.010498046875,97427500,0.0,0.0
2010-06-07,BBCA,1100.0,1110.0,1050.0,1100.0,807.9749755859375,53332500,0.0,0.0
2010-06-08,BBCA,1120.0,1120.0,1100.0,1120.0,822.665283203125,18865000,0.0,0.0
2010-06-09,BBCA,1120.0,1120.0,1090.0,1120.0,822.665283203125,14632500,0.0,0.0
2010-06-10,BBCA,1090.0,1130.0,1070.0,1090.0,800.6299438476562,25792500,0.0,0.0
2010-06-11,BBCA,1090.0,1120.0,1090.0,1090.0,800.6299438476562,23995000,0.0,0.0
2010-06-14,BBCA,1090.0,1100.0,1090.0,1090.0,800.6299438476562,7280000,0.0,0.0
2010-06-15,BBCA,1100.0,1130.0,1090.0,1100.0,807.9749755859375,48675000,0.0,0.0
2010-06-16,BBCA,1130.0,1140.0,1120.0,1130.0,830.010498046875,36692500,0.0,0.0
2010-06-17,BBCA,1120.0,1150.0,1110.0,1120.0,822.665283203125,140135000,0.0,0.0
2010-06-18,BBCA,1140.0,1160.0,1110.0,1140.0,837.3560180664062,138940000,0.0,0.0
2010-06-21,BBCA,1160.0,1180.0,1140.0,1160.0,852.0462646484375,99095000,0.0,0.0
2010-06-22,BBCA,1170.0,1190.0,1160.0,1170.0,859.391357421875,74737500,0.0,0.0
2010-06-23,BBCA,1160.0,1170.0,1140.0,1160.0,852.0462646484375,22247500,0.0,0.0
2010-06-24,BBCA,1130.0,1170.0,1130.0,1130.0,830.010498046875,22237500,0.0,0.0
2010-06-25,BBCA,1150.0,1160.0,1140.0,1150.0,844.7012939453125,17182500,0.0,0.0
2010-06-28,BBCA,1160.0,1180.0,1160.0,1160.0,852.0462646484375,23612500,0.0,0.0
2010-06-29,BBCA,1160.0,1180.0,1140.0,1160.0,852.0462646484375,29610000,0.0,0.0
2010-06-30,BBCA,1130.0,1200.0,1130.0,1190.0,874.0819091796875,47522500,0.0,0.0
2010-07-01,BBCA,1140.0,1190.0,1130.0,1140.0,837.3560180664062,45510000,0.0,0.0
2010-07-02,BBCA,1120.0,1150.0,1110.0,1120.0,822.665283203125,32860000,0.0,0.0
2010-07-05,BBCA,1120.0,1130.0,1110.0,1120.0,822.665283203125,13822500,0.0,0.0
2010-07-06,BBCA,1140.0,1160.0,1100.0,1140.0,837.3560180664062,30530000,0.0,0.0
2010-07-07,BBCA,1160.0,1160.0,1140.0,1160.0,852.0462646484375,25077500,0.0,0.0
2010-07-08,BBCA,1150.0,1180.0,1150.0,1150.0,844.7012939453125,50300000,0.0,0.0
2010-07-09,BBCA,1170.0,1190.0,1160.0,1170.0,859.391357421875,37857500,0.0,0.0
2010-07-12,BBCA,1180.0,1200.0,1160.0,1180.0,866.7368774414062,31345000,0.0,0.0
2010-07-13,BBCA,1180.0,1200.0,1180.0,1180.0,866.7368774414062,20750000,0.0,0.0
2010-07-14,BBCA,1190.0,1200.0,1180.0,1190.0,874.0819091796875,37702500,0.0,0.0
2010-07-15,BBCA,1180.0,1190.0,1180.0,1180.0,866.7368774414062,10990000,0.0,0.0
2010-07-16,BBCA,1210.0,1210.0,1180.0,1210.0,888.7722778320312,53175000,0.0,0.0
2010-07-19,BBCA,1190.0,1200.0,1180.0,1190.0,874.0819091796875,24957500,0.0,0.0
2010-07-20,BBCA,1190.0,1190.0,1160.0,1190.0,874.0819091796875,38907500,0.0,0.0
2010-07-21,BBCA,1190.0,1200.0,1180.0,1190.0,874.0819091796875,44420000,0.0,0.0
2010-07-22,BBCA,1190.0,1200.0,1180.0,1190.0,874.0819091796875,28990000,0.0,0.0
2010-07-23,BBCA,1200.0,1210.0,1200.0,1200.0,881.42724609375,30435000,0.0,0.0
2010-07-26,BBCA,1190.0,1220.0,1190.0,1190.0,874.0819091796875,18632500,0.0,0.0
2010-07-27,BBCA,1200.0,1220.0,1200.0,1200.0,881.42724609375,51112500,0.0,0.0
2010-07-28,BBCA,1200.0,1230.0,1200.0,1200.0,881.42724609375,34165000,0.0,0.0
2010-07-29,BBCA,1240.0,1240.0,1210.0,1240.0,910.8082275390625,52437500,0.0,0.0
2010-07-30,BBCA,1190.0,1260.0,1190.0,1190.0,874.0819091796875,51642500,0.0,0.0
2010-08-02,BBCA,1190.0,1210.0,1180.0,1190.0,874.0819091796875,51620000,0.0,0.0
2010-08-03,BBCA,1150.0,1200.0,1130.0,1150.0,844.7012939453125,110575000,0.0,0.0
2010-08-04,BBCA,1150.0,1180.0,1130.0,1150.0,844.7012939453125,47535000,0.0,0.0
2010-08-05,BBCA,1190.0,1210.0,1170.0,1190.0,874.0819091796875,45402500,0.0,0.0
2010-08-06,BBCA,1200.0,1210.0,1180.0,1200.0,881.42724609375,23047500,0.0,0.0
2010-08-09,BBCA,1230.0,1230.0,1180.0,1230.0,903.4630126953125,29055000,0.0,0.0
2010-08-10,BBCA,1200.0,1220.0,1190.0,1200.0,881.42724609375,31437500,0.0,0.0
2010-08-11,BBCA,1190.0,1210.0,1170.0,1190.0,874.0819091796875,27060000,0.0,0.0
2010-08-12,BBCA,1180.0,1190.0,1160.0,1180.0,866.7368774414062,14530000,0.0,0.0
2010-08-13,BBCA,1200.0,1210.0,1180.0,1200.0,881.42724609375,24037500,0.0,0.0
2010-08-16,BBCA,1180.0,1220.0,1180.0,1180.0,866.7368774414062,33652500,0.0,0.0
2010-08-18,BBCA,1200.0,1200.0,1180.0,1200.0,881.42724609375,54657500,0.0,0.0
2010-08-19,BBCA,1190.0,1220.0,1190.0,1190.0,874.0819091796875,55960000,0.0,0.0
2010-08-20,BBCA,1200.0,1220.0,1190.0,1200.0,881.42724609375,30572500,0.0,0.0
2010-08-23,BBCA,1210.0,1220.0,1200.0,1210.0,888.7722778320312,13170000,0.0,0.0
2010-08-24,BBCA,1210.0,1230.0,1210.0,1210.0,888.7722778320312,36465000,0.0,0.0
2010-08-25,BBCA,1210.0,1220.0,1190.0,1210.0,888.7722778320312,20832500,0.0,0.0
2010-08-26,BBCA,1190.0,1210.0,1190.0,1190.0,874.0819091796875,21760000,0.0,0.0
2010-08-27,BBCA,1180.0,1200.0,1160.0,1180.0,866.7368774414062,66232500,0.0,0.0
2010-08-30,BBCA,1160.0,1190.0,1150.0,1160.0,852.0462646484375,34660000,0.0,0.0
2010-08-31,BBCA,1160.0,1180.0,1150.0,1160.0,852.0462646484375,37080000,0.0,0.0
2010-09-01,BBCA,1210.0,1220.0,1170.0,1210.0,888.7722778320312,43047500,0.0,0.0
2010-09-02,BBCA,1180.0,1220.0,1170.0,1180.0,866.7368774414062,66080000,0.0,0.0
2010-09-03,BBCA,1200.0,1200.0,1180.0,1200.0,881.42724609375,40217500,0.0,0.0
2010-09-06,BBCA,1210.0,1210.0,1190.0,1210.0,888.7722778320312,52815000,0.0,0.0
2010-09-07,BBCA,1210.0,1210.0,1190.0,1210.0,888.7722778320312,28272500,0.0,0.0
2010-09-15,BBCA,1220.0,1340.0,1220.0,1300.0,954.879638671875,140677500,0.0,0.0
2010-09-16,BBCA,1270.0,1300.0,1260.0,1270.0,932.8439331054688,52155000,0.0,0.0
2010-09-17,BBCA,1300.0,1300.0,1280.0,1300.0,954.879638671875,42170000,0.0,0.0
2010-09-20,BBCA,1290.0,1320.0,1250.0,1290.0,947.534423828125,40667500,0.0,0.0
2010-09-21,BBCA,1280.0,1310.0,1240.0,1280.0,940.1890258789062,58230000,0.0,0.0
2010-09-22,BBCA,1250.0,1300.0,1250.0,1250.0,918.153564453125,49210000,0.0,0.0
2010-09-23,BBCA,1280.0,1290.0,1250.0,1280.0,940.1890258789062,23255000,0.0,0.0
2010-09-24,BBCA,1300.0,1330.0,1290.0,1300.0,954.879638671875,78577500,0.0,0.0
2010-09-27,BBCA,1340.0,1360.0,1320.0,1340.0,984.2606811523438,61030000,0.0,0.0
2010-09-28,BBCA,1350.0,1370.0,1330.0,1350.0,991.605712890625,51845000,0.0,0.0
2010-09-29,BBCA,1360.0,1360.0,1340.0,1360.0,998.9509887695312,54582500,0.0,0.0
2010-09-30,BBCA,1340.0,1380.0,1340.0,1340.0,984.2606811523438,51877500,0.0,0.0
2010-10-01,BBCA,1400.0,1400.0,1360.0,1400.0,1028.33154296875,69325000,0.0,0.0
2010-10-04,BBCA,1370.0,1400.0,1360.0,1370.0,1006.2958984375,67662500,0.0,0.0
2010-10-05,BBCA,1360.0,1380.0,1340.0,1360.0,998.9509887695312,80902500,0.0,0.0
2010-10-06,BBCA,1380.0,1380.0,1360.0,1380.0,1013.6414184570312,53687500,0.0,0.0
2010-10-07,BBCA,1390.0,1390.0,1360.0,1390.0,1020.9866333007812,42997500,0.0,0.0
2010-10-08,BBCA,1370.0,1380.0,1350.0,1370.0,1006.2958984375,29765000,0.0,0.0
2010-10-11,BBCA,1350.0,1380.0,1350.0,1350.0,991.605712890625,20362500,0.0,0.0
2010-10-12,BBCA,1350.0,1370.0,1350.0,1350.0,991.605712890625,26775000,0.0,0.0
2010-10-13,BBCA,1360.0,1360.0,1330.0,1360.0,998.9509887695312,79412500,0.0,0.0
2010-10-14,BBCA,1360.0,1380.0,1350.0,1360.0,998.9509887695312,62847500,0.0,0.0
2010-10-15,BBCA,1330.0,1360.0,1320.0,1330.0,976.915283203125,57540000,0.0,0.0
2010-10-18,BBCA,1320.0,1340.0,1310.0,1320.0,969.5698852539062,23737500,0.0,0.0
2010-10-19,BBCA,1350.0,1350.0,1320.0,1350.0,991.605712890625,26372500,0.0,0.0
2010-10-20,BBCA,1360.0,1360.0,1320.0,1360.0,998.9509887695312,29332500,0.0,0.0
2010-10-21,BBCA,1360.0,1380.0,1360.0,1360.0,998.9509887695312,34870000,0.0,0.0
2010-10-22,BBCA,1370.0,1380.0,1360.0,1370.0,1006.2958984375,74575000,0.0,0.0
2010-10-25,BBCA,1380.0,1390.0,1370.0,1380.0,1013.6414184570312,60352500,0.0,0.0
2010-10-26,BBCA,1410.0,1420.0,1380.0,1410.0,1035.6771240234375,156982500,0.0,0.0
2010-10-27,BBCA,1400.0,1420.0,1380.0,1400.0,1028.33154296875,50765000,0.0,0.0
2010-10-28,BBCA,1370.0,1390.0,1370.0,1370.0,1006.2958984375,25535000,0.0,0.0
2010-10-29,BBCA,1400.0,1400.0,1370.0,1400.0,1028.33154296875,31145000,0.0,0.0
2010-11-01,BBCA,1410.0,1410.0,1380.0,1410.0,1035.6771240234375,38750000,0.0,0.0
2010-11-02,BBCA,1410.0,1420.0,1380.0,1410.0,1035.6771240234375,63380000,0.0,0.0
2010-11-03,BBCA,1430.0,1430.0,1400.0,1430.0,1050.3675537109375,53247500,0.0,0.0
2010-11-04,BBCA,1430.0,1430.0,1390.0,1430.0,1050.3675537109375,62787500,0.0,0.0
2010-11-05,BBCA,1420.0,1430.0,1410.0,1420.0,1043.022216796875,18817500,0.0,0.0
2010-11-08,BBCA,1430.0,1430.0,1380.0,1430.0,1050.3675537109375,40787500,0.0,0.0
2010-11-09,BBCA,1400.0,1440.0,1390.0,1400.0,1028.33154296875,89047500,0.0,0.0
2010-11-10,BBCA,1410.0,1410.0,1380.0,1410.0,1035.6771240234375,45297500,0.0,0.0
2010-11-11,BBCA,1390.0,1420.0,1370.0,1390.0,1020.9866333007812,61105000,0.0,0.0
2010-11-12,BBCA,1380.0,1390.0,1370.0,1380.0,1013.6414184570312,32450000,0.0,0.0
2010-11-15,BBCA,1360.0,1390.0,1350.0,1360.0,998.9509887695312,30840000,0.0,0.0
2010-11-16,BBCA,1410.0,1410.0,1360.0,1410.0,1035.6771240234375,43115000,0.0,0.0
2010-11-18,BBCA,1370.0,1410.0,1350.0,1370.0,1006.2958984375,107235000,0.0,0.0
2010-11-19,BBCA,1390.0,1390.0,1360.0,1390.0,1020.9866333007812,70927500,0.0,0.0
2010-11-22,BBCA,1360.0,1380.0,1350.0,1360.0,1005.0972900390625,70885000,8.5,0.0
2010-11-23,BBCA,1320.0,1360.0,1310.0,1320.0,975.535400390625,97042500,0.0,0.0
2010-11-24,BBCA,1320.0,1340.0,1300.0,1320.0,975.535400390625,73470000,0.0,0.0
2010-11-25,BBCA,1320.0,1340.0,1310.0,1320.0,975.535400390625,36077500,0.0,0.0
2010-11-26,BBCA,1290.0,1330.0,1280.0,1290.0,953.3641357421875,56182500,0.0,0.0
2010-11-29,BBCA,1290.0,1290.0,1250.0,1290.0,953.3641357421875,37220000,0.0,0.0
2010-11-30,BBCA,1210.0,1290.0,1210.0,1210.0,894.2406005859375,120562500,0.0,0.0
2010-12-01,BBCA,1280.0,1290.0,1230.0,1280.0,945.9739379882812,104555000,0.0,0.0
2010-12-02,BBCA,1300.0,1330.0,1300.0,1300.0,960.754638671875,81537500,0.0,0.0
2010-12-03,BBCA,1290.0,1320.0,1280.0,1290.0,953.3641357421875,28212500,0.0,0.0
2010-12-06,BBCA,1310.0,1320.0,1280.0,1310.0,968.1447143554688,45037500,0.0,0.0
2010-12-08,BBCA,1340.0,1340.0,1320.0,1340.0,990.31640625,97242500,0.0,0.0
2010-12-09,BBCA,1320.0,1350.0,1310.0,1320.0,975.535400390625,55515000,0.0,0.0
2010-12-10,BBCA,1310.0,1340.0,1280.0,1310.0,968.1447143554688,61057500,0.0,0.0
2010-12-13,BBCA,1280.0,1320.0,1260.0,1280.0,945.9739379882812,69262500,0.0,0.0
2010-12-14,BBCA,1300.0,1310.0,1280.0,1300.0,960.754638671875,53307500,0.0,0.0
2010-12-15,BBCA,1300.0,1310.0,1260.0,1300.0,960.754638671875,68772500,0.0,0.0
2010-12-16,BBCA,1280.0,1300.0,1250.0,1280.0,945.9739379882812,65460000,0.0,0.0
2010-12-17,BBCA,1340.0,1340.0,1270.0,1340.0,990.31640625,108775000,0.0,0.0
2010-12-20,BBCA,1320.0,1340.0,1290.0,1320.0,975.535400390625,37627500,0.0,0.0
2010-12-21,BBCA,1330.0,1340.0,1310.0,1330.0,982.9258422851562,40780000,0.0,0.0
2010-12-22,BBCA,1290.0,1340.0,1280.0,1290.0,953.3641357421875,42852500,0.0,0.0
2010-12-23,BBCA,1270.0,1310.0,1250.0,1270.0,938.5833129882812,47290000,0.0,0.0
2010-12-27,BBCA,1290.0,1310.0,1280.0,1290.0,953.3641357421875,37525000,0.0,0.0
2010-12-28,BBCA,1290.0,1320.0,1290.0,1290.0,953.3641357421875,24520000,0.0,0.0
2010-12-29,BBCA,1300.0,1320.0,1290.0,1300.0,960.754638671875,36677500,0.0,0.0
2010-12-30,BBCA,1280.0,1340.0,1280.0,1280.0,945.9739379882812,59500000,0.0,0.0
2011-01-03,BBCA,1290.0,1330.0,1290.0,1290.0,953.3641357421875,30687500,0.0,0.0
2011-01-04,BBCA,1300.0,1330.0,1300.0,1300.0,960.754638671875,60622500,0.0,0.0
2011-01-05,BBCA,1320.0,1330.0,1290.0,1320.0,975.535400390625,93312500,0.0,0.0
2011-01-06,BBCA,1310.0,1330.0,1290.0,1310.0,968.1447143554688,56425000,0.0,0.0
2011-01-07,BBCA,1280.0,1300.0,1260.0,1280.0,945.9739379882812,108225000,0.0,0.0
2011-01-10,BBCA,1180.0,1270.0,1180.0,1180.0,872.0694580078125,206805000,0.0,0.0
2011-01-11,BBCA,1140.0,1220.0,1130.0,1140.0,842.5078735351562,174027500,0.0,0.0
2011-01-12,BBCA,1160.0,1180.0,1150.0,1160.0,857.2886352539062,108485000,0.0,0.0
2011-01-13,BBCA,1180.0,1220.0,1160.0,1180.0,872.0694580078125,130262500,0.0,0.0
2011-01-14,BBCA,1210.0,1210.0,1150.0,1210.0,894.2406005859375,75755000,0.0,0.0
2011-01-17,BBCA,1190.0,1200.0,1160.0,1190.0,879.4598999023438,69715000,0.0,0.0
2011-01-18,BBCA,1160.0,1190.0,1150.0,1160.0,857.2886352539062,96855000,0.0,0.0
2011-01-19,BBCA,1150.0,1170.0,1130.0,1150.0,849.8983154296875,78937500,0.0,0.0
2011-01-20,BBCA,1140.0,1150.0,1120.0,1140.0,842.5078735351562,48695000,0.0,0.0
2011-01-21,BBCA,1090.0,1110.0,1070.0,1090.0,805.555908203125,202035000,0.0,0.0
2011-01-24,BBCA,1080.0,1100.0,1060.0,1080.0,798.165283203125,139710000,0.0,0.0
2011-01-25,BBCA,1120.0,1140.0,1080.0,1120.0,827.72705078125,159697500,0.0,0.0
2011-01-26,BBCA,1170.0,1170.0,1090.0,1170.0,864.6790771484375,127820000,0.0,0.0
2011-01-27,BBCA,1180.0,1200.0,1150.0,1180.0,872.0694580078125,107552500,0.0,0.0
2011-01-28,BBCA,1160.0,1170.0,1130.0,1160.0,857.2886352539062,88790000,0.0,0.0
2011-01-31,BBCA,1130.0,1140.0,1110.0,1130.0,835.1175537109375,111635000,0.0,0.0
2011-02-01,BBCA,1130.0,1150.0,1120.0,1130.0,835.1175537109375,124292500,0.0,0.0
2011-02-02,BBCA,1170.0,1170.0,1150.0,1170.0,864.6790771484375,57712500,0.0,0.0
2011-02-04,BBCA,1200.0,1200.0,1150.0,1200.0,886.8505249023438,52730000,0.0,0.0
2011-02-07,BBCA,1210.0,1210.0,1180.0,1210.0,894.2406005859375,72517500,0.0,0.0
2011-02-08,BBCA,1200.0,1210.0,1180.0,1200.0,886.8505249023438,47717500,0.0,0.0
2011-02-09,BBCA,1180.0,1200.0,1160.0,1180.0,872.0694580078125,51515000,0.0,0.0
2011-02-10,BBCA,1140.0,1160.0,1110.0,1140.0,842.5078735351562,156037500,0.0,0.0
2011-02-11,BBCA,1190.0,1200.0,1130.0,1190.0,879.4598999023438,82470000,0.0,0.0
2011-02-14,BBCA,1220.0,1220.0,1190.0,1220.0,901.6311645507812,51780000,0.0,0.0
2011-02-16,BBCA,1210.0,1220.0,1190.0,1210.0,894.2406005859375,74892500,0.0,0.0
2011-02-17,BBCA,1200.0,1220.0,1190.0,1200.0,886.8505249023438,60722500,0.0,0.0
2011-02-18,BBCA,1230.0,1240.0,1210.0,1230.0,909.0216064453125,114060000,0.0,0.0
2011-02-21,BBCA,1250.0,1250.0,1230.0,1250.0,923.802490234375,39370000,0.0,0.0
2011-02-22,BBCA,1250.0,1270.0,1230.0,1250.0,923.802490234375,97897500,0.0,0.0
2011-02-23,BBCA,1280.0,1290.0,1240.0,1280.0,945.9739379882812,84700000,0.0,0.0
2011-02-24,BBCA,1250.0,1270.0,1230.0,1250.0,923.802490234375,79745000,0.0,0.0
2011-02-25,BBCA,1220.0,1250.0,1210.0,1220.0,901.6311645507812,36402500,0.0,0.0
2011-02-28,BBCA,1260.0,1260.0,1220.0,1260.0,931.1929931640625,93285000,0.0,0.0
2011-03-01,BBCA,1290.0,1300.0,1260.0,1290.0,953.3641357421875,72402500,0.0,0.0
2011-03-02,BBCA,1300.0,1310.0,1270.0,1300.0,960.754638671875,75597500,0.0,0.0
2011-03-03,BBCA,1330.0,1350.0,1300.0,1330.0,982.9258422851562,127657500,0.0,0.0
2011-03-04,BBCA,1360.0,1370.0,1340.0,1360.0,1005.0972900390625,81507500,0.0,0.0
2011-03-07,BBCA,1380.0,1390.0,1360.0,1380.0,1019.8781127929688,63065000,0.0,0.0
2011-03-08,BBCA,1370.0,1400.0,1360.0,1370.0,1012.4873657226562,53710000,0.0,0.0
2011-03-09,BBCA,1370.0,1400.0,1370.0,1370.0,1012.4873657226562,89597500,0.0,0.0
2011-03-10,BBCA,1380.0,1380.0,1360.0,1380.0,1019.8781127929688,21752500,0.0,0.0
2011-03-11,BBCA,1360.0,1360.0,1320.0,1360.0,1005.0972900390625,82232500,0.0,0.0
2011-03-14,BBCA,1360.0,1360.0,1330.0,1360.0,1005.0972900390625,34250000,0.0,0.0
2011-03-15,BBCA,1330.0,1340.0,1310.0,1330.0,982.9258422851562,79232500,0.0,0.0
2011-03-16,BBCA,1340.0,1340.0,1310.0,1340.0,990.31640625,71250000,0.0,0.0
2011-03-17,BBCA,1310.0,1330.0,1300.0,1310.0,968.1447143554688,45040000,0.0,0.0
2011-03-18,BBCA,1310.0,1330.0,1310.0,1310.0,968.1447143554688,47140000,0.0,0.0
2011-03-21,BBCA,1340.0,1340.0,1310.0,1340.0,990.31640625,18092500,0.0,0.0
2011-03-22,BBCA,1350.0,1350.0,1330.0,1350.0,997.7069091796875,36987500,0.0,0.0
2011-03-23,BBCA,1350.0,1380.0,1340.0,1360.0,1005.0972900390625,132667500,0.0,0.0
2011-03-24,BBCA,1370.0,1380.0,1330.0,1370.0,1012.4873657226562,76077500,0.0,0.0
2011-03-25,BBCA,1380.0,1390.0,1370.0,1380.0,1019.8781127929688,84322500,0.0,0.0
2011-03-28,BBCA,1390.0,1390.0,1360.0,1390.0,1027.2684326171875,12435000,0.0,0.0
2011-03-29,BBCA,1390.0,1400.0,1370.0,1390.0,1027.2684326171875,35272500,0.0,0.0
2011-03-30,BBCA,1370.0,1390.0,1360.0,1370.0,1012.4873657226562,33162500,0.0,0.0
2011-03-31,BBCA,1390.0,1400.0,1370.0,1390.0,1027.2684326171875,67942500,0.0,0.0
2011-04-01,BBCA,1420.0,1420.0,1390.0,1420.0,1049.439697265625,113392500,0.0,0.0
2011-04-04,BBCA,1400.0,1430.0,1380.0,1400.0,1034.658935546875,32142500,0.0,0.0
2011-04-05,BBCA,1400.0,1400.0,1380.0,1400.0,1034.658935546875,25945000,0.0,0.0
2011-04-06,BBCA,1390.0,1400.0,1360.0,1390.0,1027.2684326171875,60717500,0.0,0.0
2011-04-07,BBCA,1410.0,1410.0,1390.0,1410.0,1042.0494384765625,64167500,0.0,0.0
2011-04-08,BBCA,1400.0,1430.0,1400.0,1400.0,1034.658935546875,69687500,0.0,0.0
2011-04-11,BBCA,1420.0,1440.0,1400.0,1420.0,1049.439697265625,76545000,0.0,0.0
2011-04-12,BBCA,1410.0,1420.0,1390.0,1410.0,1042.0494384765625,24292500,0.0,0.0
2011-04-13,BBCA,1430.0,1430.0,1400.0,1430.0,1056.8299560546875,36337500,0.0,0.0
2011-04-14,BBCA,1430.0,1440.0,1410.0,1430.0,1056.8299560546875,36335000,0.0,0.0
2011-04-15,BBCA,1460.0,1460.0,1420.0,1460.0,1079.0013427734375,53817500,0.0,0.0
2011-04-18,BBCA,1480.0,1490.0,1450.0,1480.0,1093.781982421875,56122500,0.0,0.0
2011-04-19,BBCA,1490.0,1490.0,1450.0,1490.0,1101.1722412109375,34050000,0.0,0.0
2011-04-20,BBCA,1510.0,1510.0,1470.0,1510.0,1115.9534912109375,53392500,0.0,0.0
2011-04-21,BBCA,1500.0,1540.0,1490.0,1500.0,1108.5631103515625,31302500,0.0,0.0
2011-04-25,BBCA,1500.0,1530.0,1500.0,1500.0,1108.5631103515625,3702500,0.0,0.0
2011-04-26,BBCA,1510.0,1520.0,1470.0,1510.0,1115.9534912109375,26105000,0.0,0.0
2011-04-27,BBCA,1500.0,1520.0,1490.0,1500.0,1108.5631103515625,15235000,0.0,0.0
2011-04-28,BBCA,1520.0,1520.0,1500.0,1520.0,1123.3441162109375,25942500,0.0,0.0
2011-04-29,BBCA,1480.0,1520.0,1470.0,1480.0,1093.781982421875,40062500,0.0,0.0
2011-05-02,BBCA,1500.0,1500.0,1480.0,1500.0,1108.5631103515625,11520000,0.0,0.0
2011-05-03,BBCA,1450.0,1500.0,1450.0,1450.0,1071.6109619140625,29397500,0.0,0.0
2011-05-04,BBCA,1470.0,1470.0,1420.0,1470.0,1086.391845703125,66220000,0.0,0.0
2011-05-05,BBCA,1430.0,1450.0,1430.0,1430.0,1056.8299560546875,48987500,0.0,0.0
2011-05-06,BBCA,1460.0,1460.0,1410.0,1460.0,1079.0013427734375,39665000,0.0,0.0
2011-05-09,BBCA,1440.0,1460.0,1440.0,1440.0,1064.2200927734375,17860000,0.0,0.0
2011-05-10,BBCA,1460.0,1470.0,1440.0,1460.0,1079.0013427734375,8327500,0.0,0.0
2011-05-11,BBCA,1470.0,1470.0,1440.0,1470.0,1086.391845703125,32395000,0.0,0.0
2011-05-12,BBCA,1440.0,1460.0,1440.0,1440.0,1064.2200927734375,21392500,0.0,0.0
2011-05-13,BBCA,1460.0,1470.0,1430.0,1460.0,1079.0013427734375,56490000,0.0,0.0
2011-05-16,BBCA,1420.0,1440.0,1410.0,1420.0,1049.439697265625,61670000,0.0,0.0
2011-05-18,BBCA,1430.0,1460.0,1420.0,1430.0,1056.8299560546875,93630000,0.0,0.0
2011-05-19,BBCA,1450.0,1480.0,1440.0,1450.0,1071.6109619140625,45402500,0.0,0.0
2011-05-20,BBCA,1460.0,1480.0,1440.0,1460.0,1079.0013427734375,50617500,0.0,0.0
2011-05-23,BBCA,1430.0,1450.0,1410.0,1430.0,1056.8299560546875,57972500,0.0,0.0
2011-05-24,BBCA,1410.0,1430.0,1400.0,1410.0,1042.0494384765625,65605000,0.0,0.0
2011-05-25,BBCA,1420.0,1420.0,1400.0,1420.0,1049.439697265625,38462500,0.0,0.0
2011-05-26,BBCA,1450.0,1450.0,1410.0,1450.0,1071.6109619140625,45005000,0.0,0.0
2011-05-27,BBCA,1430.0,1440.0,1420.0,1430.0,1056.8299560546875,34222500,0.0,0.0
2011-05-30,BBCA,1420.0,1440.0,1410.0,1420.0,1049.439697265625,35297500,0.0,0.0
2011-05-31,BBCA,1420.0,1440.0,1410.0,1420.0,1049.439697265625,58780000,0.0,0.0
2011-06-01,BBCA,1420.0,1450.0,1420.0,1420.0,1049.439697265625,57902500,0.0,0.0
2011-06-03,BBCA,1430.0,1440.0,1410.0,1430.0,1056.8299560546875,44422500,0.0,0.0
2011-06-06,BBCA,1430.0,1440.0,1420.0,1430.0,1056.8299560546875,8880000,0.0,0.0
2011-06-07,BBCA,1420.0,1420.0,1400.0,1420.0,1059.8154296875,22255000,14.0,0.0
2011-06-08,BBCA,1400.0,1420.0,1400.0,1400.0,1044.888427734375,42807500,0.0,0.0
2011-06-09,BBCA,1400.0,1420.0,1400.0,1400.0,1044.888427734375,24090000,0.0,0.0
2011-06-10,BBCA,1400.0,1420.0,1400.0,1400.0,1044.888427734375,28940000,0.0,0.0
2011-06-13,BBCA,1400.0,1420.0,1400.0,1400.0,1044.888427734375,19725000,0.0,0.0
2011-06-14,BBCA,1400.0,1420.0,1400.0,1400.0,1044.888427734375,20355000,0.0,0.0
2011-06-15,BBCA,1430.0,1440.0,1400.0,1430.0,1067.2789306640625,56987500,0.0,0.0
2011-06-16,BBCA,1420.0,1440.0,1410.0,1420.0,1059.8154296875,79695000,0.0,0.0
2011-06-17,BBCA,1440.0,1450.0,1430.0,1440.0,1074.7420654296875,93155000,0.0,0.0
2011-06-20,BBCA,1450.0,1460.0,1440.0,1450.0,1082.2059326171875,46735000,0.0,0.0
2011-06-21,BBCA,1440.0,1470.0,1440.0,1440.0,1074.7420654296875,51507500,0.0,0.0
2011-06-22,BBCA,1460.0,1460.0,1430.0,1460.0,1089.6693115234375,79382500,0.0,0.0
2011-06-23,BBCA,1480.0,1480.0,1450.0,1480.0,1104.5960693359375,51712500,0.0,0.0
2011-06-24,BBCA,1490.0,1500.0,1470.0,1490.0,1112.0595703125,72752500,0.0,0.0
2011-06-27,BBCA,1490.0,1500.0,1470.0,1490.0,1112.0595703125,35657500,0.0,0.0
2011-06-28,BBCA,1490.0,1510.0,1470.0,1490.0,1112.0595703125,28940000,0.0,0.0
2011-06-30,BBCA,1530.0,1540.0,1490.0,1530.0,1141.913818359375,132837500,0.0,0.0
2011-07-01,BBCA,1560.0,1580.0,1530.0,1560.0,1164.3045654296875,67542500,0.0,0.0
2011-07-04,BBCA,1560.0,1560.0,1560.0,1560.0,1164.3045654296875,0,0.0,0.0
2011-07-05,BBCA,1570.0,1580.0,1550.0,1570.0,1171.7679443359375,61467500,0.0,0.0
2011-07-06,BBCA,1560.0,1560.0,1510.0,1560.0,1164.3045654296875,48725000,0.0,0.0
2011-07-07,BBCA,1560.0,1590.0,1540.0,1560.0,1164.3045654296875,49885000,0.0,0.0
2011-07-08,BBCA,1610.0,1640.0,1570.0,1610.0,1201.6219482421875,116662500,0.0,0.0
2011-07-11,BBCA,1610.0,1610.0,1580.0,1610.0,1201.6219482421875,33392500,0.0,0.0
2011-07-12,BBCA,1590.0,1620.0,1590.0,1590.0,1186.6949462890625,50810000,0.0,0.0
2011-07-13,BBCA,1590.0,1610.0,1580.0,1590.0,1186.6949462890625,37732500,0.0,0.0
2011-07-14,BBCA,1600.0,1610.0,1570.0,1600.0,1194.1583251953125,44520000,0.0,0.0
2011-07-15,BBCA,1660.0,1660.0,1600.0,1660.0,1238.9390869140625,62700000,0.0,0.0
2011-07-18,BBCA,1630.0,1670.0,1630.0,1630.0,1216.54833984375,20880000,0.0,0.0
2011-07-19,BBCA,1600.0,1630.0,1570.0,1600.0,1194.1583251953125,56675000,0.0,0.0
2011-07-20,BBCA,1600.0,1620.0,1580.0,1600.0,1194.1583251953125,33077500,0.0,0.0
2011-07-21,BBCA,1620.0,1630.0,1580.0,1620.0,1209.0850830078125,31912500,0.0,0.0
2011-07-22,BBCA,1650.0,1650.0,1630.0,1650.0,1231.4759521484375,46740000,0.0,0.0
2011-07-25,BBCA,1630.0,1640.0,1610.0,1630.0,1216.54833984375,44627500,0.0,0.0
2011-07-26,BBCA,1660.0,1660.0,1620.0,1660.0,1238.9390869140625,43510000,0.0,0.0
2011-07-27,BBCA,1670.0,1700.0,1640.0,1670.0,1246.4029541015625,65255000,0.0,0.0
2011-07-28,BBCA,1640.0,1650.0,1620.0,1640.0,1224.0120849609375,34940000,0.0,0.0
2011-07-29,BBCA,1660.0,1660.0,1610.0,1660.0,1238.9390869140625,50025000,0.0,0.0
2011-08-01,BBCA,1710.0,1710.0,1650.0,1710.0,1276.2567138671875,61725000,0.0,0.0
2011-08-02,BBCA,1750.0,1750.0,1700.0,1750.0,1306.1107177734375,39217500,0.0,0.0
2011-08-03,BBCA,1740.0,1770.0,1730.0,1740.0,1298.64697265625,43412500,0.0,0.0
2011-08-04,BBCA,1720.0,1750.0,1680.0,1720.0,1283.7198486328125,36387500,0.0,0.0
2011-08-05,BBCA,1660.0,1690.0,1600.0,1660.0,1238.9390869140625,213177500,0.0,0.0
2011-08-08,BBCA,1610.0,1620.0,1510.0,1610.0,1201.6219482421875,255862500,0.0,0.0
2011-08-09,BBCA,1570.0,1600.0,1450.0,1570.0,1171.7679443359375,393682500,0.0,0.0
2011-08-10,BBCA,1600.0,1620.0,1570.0,1600.0,1194.1583251953125,150000000,0.0,0.0
2011-08-11,BBCA,1570.0,1590.0,1550.0,1570.0,1171.7679443359375,96177500,0.0,0.0
2011-08-12,BBCA,1590.0,1600.0,1570.0,1590.0,1186.6949462890625,80202500,0.0,0.0
2011-08-15,BBCA,1630.0,1630.0,1590.0,1630.0,1216.54833984375,51152500,0.0,0.0
2011-08-16,BBCA,1630.0,1650.0,1610.0,1630.0,1216.54833984375,74242500,0.0,0.0
2011-08-18,BBCA,1640.0,1650.0,1590.0,1640.0,1224.0120849609375,89110000,0.0,0.0
2011-08-19,BBCA,1600.0,1600.0,1550.0,1600.0,1194.1583251953125,150657500,0.0,0.0
2011-08-22,BBCA,1550.0,1600.0,1540.0,1550.0,1156.8409423828125,79432500,0.0,0.0
2011-08-23,BBCA,1590.0,1590.0,1550.0,1590.0,1186.6949462890625,61300000,0.0,0.0
2011-08-24,BBCA,1580.0,1600.0,1560.0,1580.0,1179.2314453125,72725000,0.0,0.0
2011-08-25,BBCA,1600.0,1610.0,1580.0,1600.0,1194.1583251953125,53972500,0.0,0.0
2011-08-26,BBCA,1600.0,1610.0,1560.0,1600.0,1194.1583251953125,84487500,0.0,0.0
2011-09-05,BBCA,1630.0,1660.0,1610.0,1630.0,1216.54833984375,135552500,0.0,0.0
2011-09-06,BBCA,1640.0,1660.0,1610.0,1640.0,1224.0120849609375,67305000,0.0,0.0
2011-09-07,BBCA,1670.0,1670.0,1640.0,1670.0,1246.4029541015625,46445000,0.0,0.0
2011-09-08,BBCA,1680.0,1690.0,1640.0,1680.0,1253.8662109375,55657500,0.0,0.0
2011-09-09,BBCA,1670.0,1700.0,1660.0,1670.0,1246.4029541015625,49180000,0.0,0.0
2011-09-12,BBCA,1610.0,1660.0,1610.0,1610.0,1201.6219482421875,35762500,0.0,0.0
2011-09-13,BBCA,1620.0,1640.0,1590.0,1620.0,1209.0850830078125,26415000,0.0,0.0
2011-09-14,BBCA,1550.0,1630.0,1550.0,1550.0,1156.8409423828125,113207500,0.0,0.0
2011-09-15,BBCA,1580.0,1580.0,1500.0,1580.0,1179.2314453125,131155000,0.0,0.0
2011-09-16,BBCA,1580.0,1610.0,1550.0,1580.0,1179.2314453125,72417500,0.0,0.0
2011-09-19,BBCA,1570.0,1590.0,1550.0,1570.0,1171.7679443359375,15482500,0.0,0.0
2011-09-20,BBCA,1590.0,1590.0,1530.0,1590.0,1186.6949462890625,75652500,0.0,0.0
2011-09-21,BBCA,1550.0,1600.0,1550.0,1550.0,1156.8409423828125,56505000,0.0,0.0
2011-09-22,BBCA,1420.0,1510.0,1410.0,1420.0,1059.8154296875,106810000,0.0,0.0
2011-09-23,BBCA,1500.0,1500.0,1390.0,1500.0,1119.5234375,77040000,0.0,0.0
2011-09-26,BBCA,1470.0,1500.0,1420.0,1470.0,1097.1329345703125,88715000,0.0,0.0
2011-09-27,BBCA,1500.0,1530.0,1490.0,1500.0,1119.5234375,136180000,0.0,0.0
2011-09-28,BBCA,1510.0,1520.0,1490.0,1510.0,1126.98681640625,60455000,0.0,0.0
2011-09-29,BBCA,1530.0,1530.0,1500.0,1530.0,1141.913818359375,68760000,0.0,0.0
2011-09-30,BBCA,1540.0,1560.0,1490.0,1540.0,1149.3770751953125,93900000,0.0,0.0
2011-10-03,BBCA,1470.0,1500.0,1440.0,1470.0,1097.1329345703125,48765000,0.0,0.0
2011-10-04,BBCA,1440.0,1460.0,1410.0,1440.0,1074.7420654296875,69762500,0.0,0.0
2011-10-05,BBCA,1460.0,1470.0,1440.0,1460.0,1089.6693115234375,34615000,0.0,0.0
2011-10-06,BBCA,1500.0,1510.0,1480.0,1500.0,1119.5234375,97712500,0.0,0.0
2011-10-07,BBCA,1490.0,1550.0,1490.0,1490.0,1112.0595703125,61852500,0.0,0.0
2011-10-10,BBCA,1500.0,1510.0,1460.0,1500.0,1119.5234375,38945000,0.0,0.0
2011-10-11,BBCA,1550.0,1580.0,1520.0,1550.0,1156.8409423828125,82820000,0.0,0.0
2011-10-12,BBCA,1590.0,1610.0,1550.0,1590.0,1186.6949462890625,55447500,0.0,0.0
2011-10-13,BBCA,1600.0,1630.0,1590.0,1600.0,1194.1583251953125,48185000,0.0,0.0
2011-10-14,BBCA,1590.0,1610.0,1590.0,1590.0,1186.6949462890625,38470000,0.0,0.0
2011-10-17,BBCA,1610.0,1620.0,1590.0,1610.0,1201.6219482421875,20700000,0.0,0.0
2011-10-18,BBCA,1550.0,1590.0,1530.0,1550.0,1156.8409423828125,62032500,0.0,0.0
2011-10-19,BBCA,1570.0,1580.0,1560.0,1570.0,1171.7679443359375,43955000,0.0,0.0
2011-10-20,BBCA,1530.0,1560.0,1500.0,1530.0,1141.913818359375,123015000,0.0,0.0
2011-10-21,BBCA,1530.0,1560.0,1510.0,1530.0,1141.913818359375,88665000,0.0,0.0
2011-10-24,BBCA,1590.0,1600.0,1560.0,1590.0,1186.6949462890625,39880000,0.0,0.0
2011-10-25,BBCA,1600.0,1620.0,1570.0,1600.0,1194.1583251953125,60845000,0.0,0.0
2011-10-26,BBCA,1600.0,1600.0,1590.0,1600.0,1194.1583251953125,17485000,0.0,0.0
2011-10-27,BBCA,1590.0,1620.0,1580.0,1590.0,1186.6949462890625,94132500,0.0,0.0
2011-10-28,BBCA,1600.0,1610.0,1580.0,1600.0,1194.1583251953125,81692500,0.0,0.0
2011-10-31,BBCA,1620.0,1620.0,1570.0,1620.0,1209.0850830078125,46517500,0.0,0.0
2011-11-01,BBCA,1580.0,1610.0,1570.0,1580.0,1179.2314453125,40640000,0.0,0.0
2011-11-02,BBCA,1590.0,1600.0,1540.0,1590.0,1186.6949462890625,72637500,0.0,0.0
2011-11-03,BBCA,1560.0,1580.0,1540.0,1560.0,1164.3045654296875,46015000,0.0,0.0
2011-11-04,BBCA,1600.0,1610.0,1580.0,1600.0,1194.1583251953125,81922500,0.0,0.0
2011-11-07,BBCA,1590.0,1600.0,1590.0,1590.0,1186.6949462890625,19212500,0.0,0.0
2011-11-08,BBCA,1640.0,1640.0,1590.0,1640.0,1224.0120849609375,62685000,0.0,0.0
2011-11-09,BBCA,1660.0,1680.0,1640.0,1660.0,1238.9390869140625,101030000,0.0,0.0
2011-11-10,BBCA,1630.0,1640.0,1590.0,1630.0,1216.54833984375,106470000,0.0,0.0
2011-11-11,BBCA,1630.0,1650.0,1600.0,1630.0,1216.54833984375,59430000,0.0,0.0
2011-11-14,BBCA,1650.0,1650.0,1630.0,1650.0,1231.4759521484375,35945000,0.0,0.0
2011-11-15,BBCA,1630.0,1640.0,1610.0,1630.0,1216.54833984375,59007500,0.0,0.0
2011-11-16,BBCA,1610.0,1640.0,1600.0,1610.0,1201.6219482421875,57665000,0.0,0.0
2011-11-17,BBCA,1610.0,1630.0,1590.0,1610.0,1201.6219482421875,71010000,0.0,0.0
2011-11-18,BBCA,1570.0,1590.0,1560.0,1570.0,1171.7679443359375,135915000,0.0,0.0
2011-11-21,BBCA,1550.0,1570.0,1540.0,1550.0,1156.8409423828125,86947500,0.0,0.0
2011-11-22,BBCA,1560.0,1570.0,1550.0,1560.0,1164.3045654296875,89785000,0.0,0.0
2011-11-23,BBCA,1540.0,1550.0,1530.0,1540.0,1149.3770751953125,46025000,0.0,0.0
2011-11-24,BBCA,1530.0,1550.0,1530.0,1530.0,1141.913818359375,44170000,0.0,0.0
2011-11-25,BBCA,1490.0,1530.0,1490.0,1490.0,1112.0595703125,58897500,0.0,0.0
2011-11-28,BBCA,1510.0,1520.0,1490.0,1510.0,1126.98681640625,71170000,0.0,0.0
2011-11-29,BBCA,1540.0,1570.0,1510.0,1540.0,1149.3770751953125,91865000,0.0,0.0
2011-11-30,BBCA,1580.0,1590.0,1540.0,1580.0,1179.2314453125,100960000,0.0,0.0
2011-12-01,BBCA,1580.0,1580.0,1580.0,1580.0,1179.2314453125,0,0.0,0.0
2011-12-02,BBCA,1600.0,1600.0,1580.0,1600.0,1194.1583251953125,25070000,0.0,0.0
2011-12-05,BBCA,1610.0,1610.0,1590.0,1610.0,1201.6219482421875,32640000,0.0,0.0
2011-12-06,BBCA,1580.0,1600.0,1580.0,1580.0,1179.2314453125,22985000,0.0,0.0
2011-12-07,BBCA,1610.0,1610.0,1580.0,1610.0,1208.27490234375,25502500,8.7,0.0
2011-12-08,BBCA,1590.0,1610.0,1580.0,1590.0,1193.26513671875,46430000,0.0,0.0
2011-12-09,BBCA,1580.0,1600.0,1560.0,1580.0,1185.7606201171875,33962500,0.0,0.0
2011-12-12,BBCA,1600.0,1610.0,1590.0,1600.0,1200.7701416015625,26842500,0.0,0.0
2011-12-13,BBCA,1570.0,1590.0,1560.0,1570.0,1178.2554931640625,54307500,0.0,0.0
2011-12-14,BBCA,1580.0,1600.0,1570.0,1580.0,1185.7606201171875,33220000,0.0,0.0
2011-12-15,BBCA,1560.0,1570.0,1540.0,1560.0,1170.7510986328125,57962500,0.0,0.0
2011-12-16,BBCA,1600.0,1650.0,1570.0,1600.0,1200.7701416015625,119220000,0.0,0.0
2011-12-19,BBCA,1600.0,1600.0,1600.0,1600.0,1200.7701416015625,0,0.0,0.0
2011-12-20,BBCA,1580.0,1610.0,1580.0,1580.0,1185.7606201171875,21510000,0.0,0.0
2011-12-21,BBCA,1590.0,1610.0,1580.0,1590.0,1193.26513671875,68717500,0.0,0.0
2011-12-22,BBCA,1590.0,1610.0,1590.0,1590.0,1193.26513671875,16920000,0.0,0.0
2011-12-23,BBCA,1610.0,1610.0,1590.0,1610.0,1208.27490234375,20207500,0.0,0.0
2011-12-27,BBCA,1600.0,1610.0,1580.0,1600.0,1200.7701416015625,21387500,0.0,0.0
2011-12-28,BBCA,1590.0,1610.0,1570.0,1590.0,1193.26513671875,28450000,0.0,0.0
2011-12-29,BBCA,1610.0,1610.0,1570.0,1610.0,1208.27490234375,18447500,0.0,0.0
2011-12-30,BBCA,1600.0,1610.0,1590.0,1600.0,1200.7701416015625,24237500,0.0,0.0
2012-01-02,BBCA,1600.0,1600.0,1590.0,1600.0,1200.7701416015625,7870000,0.0,0.0
2012-01-03,BBCA,1620.0,1620.0,1590.0,1620.0,1215.7796630859375,27775000,0.0,0.0
2012-01-04,BBCA,1620.0,1630.0,1600.0,1620.0,1215.7796630859375,87245000,0.0,0.0
2012-01-05,BBCA,1610.0,1630.0,1610.0,1610.0,1208.27490234375,57197500,0.0,0.0
2012-01-06,BBCA,1600.0,1610.0,1590.0,1600.0,1200.7701416015625,27190000,0.0,0.0
2012-01-09,BBCA,1630.0,1630.0,1580.0,1630.0,1223.2843017578125,46510000,0.0,0.0
2012-01-10,BBCA,1630.0,1640.0,1620.0,1630.0,1223.2843017578125,49875000,0.0,0.0
2012-01-11,BBCA,1620.0,1650.0,1610.0,1620.0,1215.7796630859375,73070000,0.0,0.0
2012-01-12,BBCA,1630.0,1640.0,1610.0,1630.0,1223.2843017578125,63142500,0.0,0.0
2012-01-13,BBCA,1600.0,1630.0,1600.0,1600.0,1200.7701416015625,15,0.0,0.0
2012-01-16,BBCA,1590.0,1620.0,1580.0,1590.0,1193.26513671875,16345000,0.0,0.0
2012-01-17,BBCA,1590.0,1600.0,1580.0,1590.0,1193.26513671875,83357500,0.0,0.0
2012-01-18,BBCA,1590.0,1600.0,1580.0,1590.0,1193.26513671875,53990000,0.0,0.0
2012-01-19,BBCA,1600.0,1620.0,1590.0,1600.0,1200.7701416015625,85020000,0.0,0.0
2012-01-20,BBCA,1600.0,1610.0,1590.0,1600.0,1200.7701416015625,46197500,0.0,0.0
2012-01-24,BBCA,1620.0,1620.0,1590.0,1620.0,1215.7796630859375,38160000,0.0,0.0
2012-01-25,BBCA,1610.0,1620.0,1600.0,1610.0,1208.27490234375,26652500,0.0,0.0
2012-01-26,BBCA,1630.0,1630.0,1600.0,1630.0,1223.2843017578125,43782500,0.0,0.0
2012-01-27,BBCA,1620.0,1630.0,1610.0,1620.0,1215.7796630859375,33117500,0.0,0.0
2012-01-30,BBCA,1590.0,1620.0,1570.0,1590.0,1193.26513671875,32272500,0.0,0.0
2012-01-31,BBCA,1600.0,1600.0,1570.0,1600.0,1200.7701416015625,78315000,0.0,0.0
2012-02-01,BBCA,1600.0,1610.0,1590.0,1600.0,1200.7701416015625,27752500,0.0,0.0
2012-02-02,BBCA,1620.0,1650.0,1590.0,1620.0,1215.7796630859375,125027500,0.0,0.0
2012-02-03,BBCA,1610.0,1630.0,1610.0,1610.0,1208.27490234375,50905000,0.0,0.0
2012-02-06,BBCA,1610.0,1620.0,1600.0,1610.0,1208.27490234375,50542500,0.0,0.0
2012-02-07,BBCA,1580.0,1610.0,1570.0,1580.0,1185.7606201171875,58400000,0.0,0.0
2012-02-08,BBCA,1580.0,1580.0,1560.0,1580.0,1185.7606201171875,91372500,0.0,0.0
2012-02-09,BBCA,1580.0,1590.0,1570.0,1580.0,1185.7606201171875,58690000,0.0,0.0
2012-02-10,BBCA,1510.0,1580.0,1490.0,1510.0,1133.2265625,175732500,0.0,0.0
2012-02-13,BBCA,1520.0,1520.0,1500.0,1520.0,1140.7314453125,119025000,0.0,0.0
2012-02-14,BBCA,1480.0,1520.0,1470.0,1480.0,1110.7122802734375,135105000,0.0,0.0
2012-02-15,BBCA,1460.0,1500.0,1440.0,1460.0,1095.70263671875,259055000,0.0,0.0
2012-02-16,BBCA,1470.0,1470.0,1440.0,1470.0,1103.2076416015625,192460000,0.0,0.0
2012-02-17,BBCA,1490.0,1490.0,1460.0,1490.0,1118.2169189453125,125565000,0.0,0.0
2012-02-20,BBCA,1490.0,1500.0,1470.0,1490.0,1118.2169189453125,164060000,0.0,0.0
2012-02-21,BBCA,1510.0,1510.0,1480.0,1510.0,1133.2265625,194715000,0.0,0.0
2012-02-22,BBCA,1510.0,1510.0,1490.0,1510.0,1133.2265625,70177500,0.0,0.0
2012-02-23,BBCA,1500.0,1510.0,1480.0,1500.0,1125.7218017578125,66537500,0.0,0.0
2012-02-24,BBCA,1490.0,1490.0,1460.0,1490.0,1118.2169189453125,85332500,0.0,0.0
2012-02-27,BBCA,1480.0,1500.0,1450.0,1480.0,1110.7122802734375,59277500,0.0,0.0
2012-02-28,BBCA,1490.0,1500.0,1470.0,1490.0,1118.2169189453125,44117500,0.0,0.0
2012-02-29,BBCA,1520.0,1530.0,1500.0,1520.0,1140.7314453125,97972500,0.0,0.0
2012-03-01,BBCA,1530.0,1540.0,1500.0,1530.0,1148.2364501953125,28105000,0.0,0.0
2012-03-02,BBCA,1550.0,1550.0,1520.0,1550.0,1163.2459716796875,59080000,0.0,0.0
2012-03-05,BBCA,1540.0,1540.0,1520.0,1540.0,1155.741455078125,23535000,0.0,0.0
2012-03-06,BBCA,1540.0,1540.0,1510.0,1540.0,1155.741455078125,45050000,0.0,0.0
2012-03-07,BBCA,1500.0,1540.0,1500.0,1500.0,1125.7218017578125,57577500,0.0,0.0
2012-03-08,BBCA,1510.0,1520.0,1490.0,1510.0,1133.2265625,34130000,0.0,0.0
2012-03-09,BBCA,1500.0,1540.0,1500.0,1500.0,1125.7218017578125,10,0.0,0.0
2012-03-12,BBCA,1540.0,1540.0,1520.0,1540.0,1155.741455078125,55520000,0.0,0.0
2012-03-13,BBCA,1530.0,1550.0,1530.0,1530.0,1148.2364501953125,29742500,0.0,0.0
2012-03-14,BBCA,1570.0,1570.0,1540.0,1570.0,1178.2554931640625,71655000,0.0,0.0
2012-03-15,BBCA,1560.0,1580.0,1550.0,1560.0,1170.7510986328125,49402500,0.0,0.0
2012-03-16,BBCA,1580.0,1590.0,1560.0,1580.0,1185.7606201171875,66615000,0.0,0.0
2012-03-19,BBCA,1590.0,1600.0,1580.0,1590.0,1193.26513671875,35462500,0.0,0.0
2012-03-20,BBCA,1600.0,1600.0,1580.0,1600.0,1200.7701416015625,41565000,0.0,0.0
2012-03-21,BBCA,1580.0,1590.0,1570.0,1580.0,1185.7606201171875,35377500,0.0,0.0
2012-03-22,BBCA,1590.0,1590.0,1570.0,1590.0,1193.26513671875,18127500,0.0,0.0
2012-03-26,BBCA,1600.0,1620.0,1590.0,1600.0,1200.7701416015625,57982500,0.0,0.0
2012-03-27,BBCA,1620.0,1620.0,1600.0,1620.0,1215.7796630859375,60522500,0.0,0.0
2012-03-28,BBCA,1620.0,1630.0,1610.0,1620.0,1215.7796630859375,37185000,0.0,0.0
2012-03-29,BBCA,1610.0,1610.0,1600.0,1610.0,1208.27490234375,38730000,0.0,0.0
2012-03-30,BBCA,1600.0,1620.0,1600.0,1600.0,1200.7701416015625,80725000,0.0,0.0
2012-04-02,BBCA,1610.0,1620.0,1600.0,1610.0,1208.27490234375,47550000,0.0,0.0
2012-04-03,BBCA,1610.0,1610.0,1610.0,1610.0,1208.27490234375,0,0.0,0.0
2012-04-04,BBCA,1550.0,1620.0,1550.0,1550.0,1163.2459716796875,56172500,0.0,0.0
2012-04-05,BBCA,1590.0,1610.0,1550.0,1590.0,1193.26513671875,52040000,0.0,0.0
2012-04-09,BBCA,1590.0,1600.0,1580.0,1590.0,1193.26513671875,14337500,0.0,0.0
2012-04-10,BBCA,1580.0,1590.0,1570.0,1580.0,1185.7606201171875,19992500,0.0,0.0
2012-04-11,BBCA,1580.0,1590.0,1570.0,1580.0,1185.7606201171875,41255000,0.0,0.0
2012-04-12,BBCA,1600.0,1600.0,1570.0,1600.0,1200.7701416015625,61607500,0.0,0.0
2012-04-13,BBCA,1590.0,1610.0,1590.0,1590.0,1193.26513671875,21652500,0.0,0.0
2012-04-16,BBCA,1570.0,1600.0,1570.0,1570.0,1178.2554931640625,22787500,0.0,0.0
2012-04-17,BBCA,1580.0,1600.0,1570.0,1580.0,1185.7606201171875,56015000,0.0,0.0
2012-04-18,BBCA,1580.0,1590.0,1580.0,1580.0,1185.7606201171875,15495000,0.0,0.0
2012-04-19,BBCA,1590.0,1590.0,1570.0,1590.0,1193.26513671875,13320000,0.0,0.0
2012-04-20,BBCA,1600.0,1600.0,1580.0,1600.0,1200.7701416015625,33567500,0.0,0.0
2012-04-23,BBCA,1600.0,1600.0,1590.0,1600.0,1200.7701416015625,24640000,0.0,0.0
2012-04-24,BBCA,1600.0,1600.0,1580.0,1600.0,1200.7701416015625,32217500,0.0,0.0
2012-04-25,BBCA,1590.0,1600.0,1570.0,1590.0,1193.26513671875,79782500,0.0,0.0
2012-04-26,BBCA,1600.0,1650.0,1590.0,1600.0,1200.7701416015625,129467500,0.0,0.0
2012-04-27,BBCA,1570.0,1610.0,1570.0,1570.0,1178.2554931640625,41677500,0.0,0.0
2012-04-30,BBCA,1600.0,1600.0,1570.0,1600.0,1200.7701416015625,28325000,0.0,0.0
2012-05-01,BBCA,1600.0,1600.0,1590.0,1600.0,1200.7701416015625,11152500,0.0,0.0
2012-05-02,BBCA,1600.0,1600.0,1590.0,1600.0,1200.7701416015625,79442500,0.0,0.0
2012-05-03,BBCA,1610.0,1620.0,1600.0,1610.0,1208.27490234375,48850000,0.0,0.0
2012-05-04,BBCA,1610.0,1610.0,1590.0,1610.0,1208.27490234375,26457500,0.0,0.0
2012-05-07,BBCA,1600.0,1610.0,1580.0,1600.0,1200.7701416015625,49982500,0.0,0.0
2012-05-08,BBCA,1600.0,1610.0,1590.0,1600.0,1200.7701416015625,32460000,0.0,0.0
2012-05-09,BBCA,1600.0,1610.0,1590.0,1600.0,1200.7701416015625,29172500,0.0,0.0
2012-05-10,BBCA,1600.0,1610.0,1590.0,1600.0,1200.7701416015625,53300000,0.0,0.0
2012-05-11,BBCA,1600.0,1610.0,1590.0,1600.0,1200.7701416015625,26522500,0.0,0.0
2012-05-14,BBCA,1550.0,1600.0,1550.0,1550.0,1163.2459716796875,23975000,0.0,0.0
2012-05-15,BBCA,1560.0,1570.0,1540.0,1560.0,1170.7510986328125,63640000,0.0,0.0
2012-05-16,BBCA,1510.0,1550.0,1480.0,1510.0,1133.2265625,108870000,0.0,0.0
2012-05-21,BBCA,1460.0,1500.0,1450.0,1460.0,1095.70263671875,233590000,0.0,0.0
2012-05-22,BBCA,1490.0,1500.0,1460.0,1490.0,1118.2169189453125,153852500,0.0,0.0
2012-05-23,BBCA,1490.0,1500.0,1460.0,1490.0,1118.2169189453125,102672500,0.0,0.0
2012-05-24,BBCA,1490.0,1500.0,1470.0,1490.0,1118.2169189453125,57627500,0.0,0.0
2012-05-25,BBCA,1450.0,1480.0,1440.0,1450.0,1088.1981201171875,159350000,0.0,0.0
2012-05-28,BBCA,1450.0,1460.0,1410.0,1450.0,1088.1981201171875,57350000,0.0,0.0
2012-05-29,BBCA,1450.0,1460.0,1440.0,1450.0,1088.1981201171875,38047500,0.0,0.0
2012-05-30,BBCA,1460.0,1480.0,1440.0,1460.0,1095.70263671875,58610000,0.0,0.0
2012-05-31,BBCA,1400.0,1460.0,1400.0,1400.0,1050.6737060546875,139705000,0.0,0.0
2012-06-01,BBCA,1420.0,1430.0,1400.0,1420.0,1065.683349609375,40160000,0.0,0.0
2012-06-04,BBCA,1380.0,1390.0,1350.0,1380.0,1035.6641845703125,76612500,0.0,0.0
2012-06-05,BBCA,1410.0,1430.0,1390.0,1410.0,1058.1787109375,63450000,0.0,0.0
2012-06-06,BBCA,1440.0,1450.0,1410.0,1440.0,1080.6929931640625,127570000,0.0,0.0
2012-06-07,BBCA,1440.0,1480.0,1430.0,1440.0,1080.6929931640625,88797500,0.0,0.0
2012-06-08,BBCA,1410.0,1440.0,1390.0,1410.0,1058.1787109375,49850000,0.0,0.0
2012-06-11,BBCA,1440.0,1440.0,1410.0,1440.0,1091.5308837890625,62040000,14.0,0.0
2012-06-12,BBCA,1430.0,1440.0,1410.0,1430.0,1083.950927734375,67950000,0.0,0.0
2012-06-13,BBCA,1430.0,1450.0,1430.0,1430.0,1083.950927734375,55727500,0.0,0.0
2012-06-14,BBCA,1430.0,1450.0,1420.0,1430.0,1083.950927734375,47427500,0.0,0.0
2012-06-15,BBCA,1420.0,1450.0,1420.0,1420.0,1076.37060546875,56565000,0.0,0.0
2012-06-18,BBCA,1460.0,1480.0,1450.0,1460.0,1106.69091796875,65207500,0.0,0.0
2012-06-19,BBCA,1490.0,1490.0,1440.0,1490.0,1129.43115234375,41772500,0.0,0.0
2012-06-20,BBCA,1500.0,1500.0,1470.0,1500.0,1137.01123046875,33107500,0.0,0.0
2012-06-21,BBCA,1470.0,1500.0,1450.0,1470.0,1114.2713623046875,53065000,0.0,0.0
2012-06-22,BBCA,1450.0,1460.0,1430.0,1450.0,1099.1112060546875,39137500,0.0,0.0
2012-06-25,BBCA,1450.0,1460.0,1440.0,1450.0,1099.1112060546875,28382500,0.0,0.0
2012-06-26,BBCA,1450.0,1480.0,1440.0,1470.0,1114.2713623046875,47840000,0.0,0.0
2012-06-27,BBCA,1470.0,1500.0,1460.0,1490.0,1129.43115234375,84212500,0.0,0.0
2012-06-28,BBCA,1490.0,1500.0,1460.0,1460.0,1106.69091796875,48790000,0.0,0.0
2012-06-29,BBCA,1460.0,1500.0,1460.0,1460.0,1106.69091796875,66730000,0.0,0.0
2012-07-02,BBCA,1470.0,1470.0,1450.0,1470.0,1114.2713623046875,58465000,0.0,0.0
2012-07-03,BBCA,1500.0,1500.0,1470.0,1500.0,1137.01123046875,53447500,0.0,0.0
2012-07-04,BBCA,1490.0,1500.0,1470.0,1490.0,1129.43115234375,75215000,0.0,0.0
2012-07-05,BBCA,1480.0,1500.0,1470.0,1480.0,1121.851318359375,37292500,0.0,0.0
2012-07-06,BBCA,1480.0,1490.0,1470.0,1480.0,1121.851318359375,24270000,0.0,0.0
2012-07-09,BBCA,1460.0,1480.0,1450.0,1460.0,1106.69091796875,41192500,0.0,0.0
2012-07-10,BBCA,1470.0,1480.0,1460.0,1470.0,1114.2713623046875,27405000,0.0,0.0
2012-07-11,BBCA,1470.0,1480.0,1460.0,1470.0,1114.2713623046875,51890000,0.0,0.0
2012-07-12,BBCA,1490.0,1490.0,1460.0,1490.0,1129.43115234375,137945000,0.0,0.0
2012-07-13,BBCA,1490.0,1500.0,1480.0,1490.0,1129.43115234375,57005000,0.0,0.0
2012-07-16,BBCA,1520.0,1530.0,1490.0,1520.0,1152.1712646484375,130710000,0.0,0.0
2012-07-17,BBCA,1550.0,1550.0,1520.0,1550.0,1174.9117431640625,71452500,0.0,0.0
2012-07-18,BBCA,1550.0,1580.0,1540.0,1550.0,1174.9117431640625,76970000,0.0,0.0
2012-07-19,BBCA,1560.0,1570.0,1540.0,1560.0,1182.4920654296875,64327500,0.0,0.0
2012-07-20,BBCA,1570.0,1570.0,1540.0,1570.0,1190.0718994140625,56250000,0.0,0.0
2012-07-23,BBCA,1550.0,1560.0,1540.0,1550.0,1174.9117431640625,49825000,0.0,0.0
2012-07-24,BBCA,1530.0,1550.0,1520.0,1530.0,1159.7518310546875,40815000,0.0,0.0
2012-07-25,BBCA,1510.0,1530.0,1510.0,1510.0,1144.59130859375,13607500,0.0,0.0
2012-07-26,BBCA,1540.0,1540.0,1500.0,1540.0,1167.331787109375,38755000,0.0,0.0
2012-07-27,BBCA,1600.0,1600.0,1550.0,1600.0,1212.8121337890625,124662500,0.0,0.0
2012-07-30,BBCA,1590.0,1600.0,1570.0,1590.0,1205.23193359375,88275000,0.0,0.0
2012-07-31,BBCA,1600.0,1610.0,1580.0,1600.0,1212.8121337890625,149710000,0.0,0.0
2012-08-01,BBCA,1590.0,1600.0,1580.0,1590.0,1205.23193359375,63445000,0.0,0.0
2012-08-02,BBCA,1570.0,1600.0,1570.0,1570.0,1190.0718994140625,72640000,0.0,0.0
2012-08-03,BBCA,1540.0,1580.0,1540.0,1540.0,1167.331787109375,75950000,0.0,0.0
2012-08-06,BBCA,1540.0,1580.0,1530.0,1540.0,1167.331787109375,114585000,0.0,0.0
2012-08-07,BBCA,1560.0,1570.0,1530.0,1560.0,1182.4920654296875,58060000,0.0,0.0
2012-08-08,BBCA,1570.0,1580.0,1560.0,1570.0,1190.0718994140625,64907500,0.0,0.0
2012-08-09,BBCA,1600.0,1610.0,1570.0,1600.0,1212.8121337890625,72555000,0.0,0.0
2012-08-10,BBCA,1590.0,1610.0,1590.0,1590.0,1205.23193359375,44675000,0.0,0.0
2012-08-13,BBCA,1580.0,1610.0,1580.0,1580.0,1197.6519775390625,53760000,0.0,0.0
2012-08-14,BBCA,1580.0,1590.0,1570.0,1580.0,1197.6519775390625,29730000,0.0,0.0
2012-08-15,BBCA,1590.0,1590.0,1580.0,1590.0,1205.23193359375,43050000,0.0,0.0
2012-08-16,BBCA,1610.0,1610.0,1580.0,1610.0,1220.39208984375,56532500,0.0,0.0
2012-08-23,BBCA,1580.0,1610.0,1580.0,1580.0,1197.6519775390625,74685000,0.0,0.0
2012-08-24,BBCA,1560.0,1590.0,1550.0,1560.0,1182.4920654296875,68592500,0.0,0.0
2012-08-27,BBCA,1580.0,1580.0,1550.0,1580.0,1197.6519775390625,3227500,0.0,0.0
2012-08-28,BBCA,1580.0,1590.0,1570.0,1580.0,1197.6519775390625,19660000,0.0,0.0
2012-08-29,BBCA,1550.0,1580.0,1550.0,1550.0,1174.9117431640625,76017500,0.0,0.0
2012-08-30,BBCA,1560.0,1570.0,1540.0,1560.0,1182.4920654296875,35282500,0.0,0.0
2012-08-31,BBCA,1550.0,1570.0,1540.0,1550.0,1174.9117431640625,94292500,0.0,0.0
2012-09-03,BBCA,1590.0,1600.0,1550.0,1590.0,1205.23193359375,79117500,0.0,0.0
2012-09-04,BBCA,1580.0,1610.0,1580.0,1580.0,1197.6519775390625,84045000,0.0,0.0
2012-09-05,BBCA,1570.0,1600.0,1570.0,1570.0,1190.0718994140625,65945000,0.0,0.0
2012-09-06,BBCA,1590.0,1600.0,1580.0,1590.0,1205.23193359375,33817500,0.0,0.0
2012-09-07,BBCA,1610.0,1610.0,1600.0,1610.0,1220.39208984375,83832500,0.0,0.0
2012-09-10,BBCA,1590.0,1620.0,1590.0,1590.0,1205.23193359375,33725000,0.0,0.0
2012-09-11,BBCA,1610.0,1610.0,1580.0,1610.0,1220.39208984375,40245000,0.0,0.0
2012-09-12,BBCA,1600.0,1610.0,1590.0,1600.0,1212.8121337890625,47265000,0.0,0.0
2012-09-13,BBCA,1580.0,1610.0,1580.0,1580.0,1197.6519775390625,52632500,0.0,0.0
2012-09-14,BBCA,1610.0,1630.0,1600.0,1610.0,1220.39208984375,98762500,0.0,0.0
2012-09-17,BBCA,1600.0,1620.0,1590.0,1600.0,1212.8121337890625,52685000,0.0,0.0
2012-09-18,BBCA,1580.0,1600.0,1560.0,1580.0,1197.6519775390625,54887500,0.0,0.0
2012-09-19,BBCA,1570.0,1600.0,1570.0,1570.0,1190.0718994140625,37347500,0.0,0.0
2012-09-20,BBCA,1600.0,1600.0,1570.0,1600.0,1212.8121337890625,38820000,0.0,0.0
2012-09-21,BBCA,1590.0,1600.0,1570.0,1590.0,1205.23193359375,64372500,0.0,0.0
2012-09-24,BBCA,1580.0,1590.0,1570.0,1580.0,1197.6519775390625,44267500,0.0,0.0
2012-09-25,BBCA,1570.0,1590.0,1570.0,1570.0,1190.0718994140625,17130000,0.0,0.0
2012-09-26,BBCA,1560.0,1580.0,1560.0,1560.0,1182.4920654296875,29932500,0.0,0.0
2012-09-27,BBCA,1580.0,1590.0,1560.0,1580.0,1197.6519775390625,41885000,0.0,0.0
2012-09-28,BBCA,1580.0,1590.0,1570.0,1580.0,1197.6519775390625,61477500,0.0,0.0
2012-10-01,BBCA,1570.0,1590.0,1560.0,1570.0,1190.0718994140625,52115000,0.0,0.0
2012-10-02,BBCA,1580.0,1590.0,1570.0,1580.0,1197.6519775390625,14870000,0.0,0.0
2012-10-03,BBCA,1570.0,1590.0,1570.0,1570.0,1190.0718994140625,29290000,0.0,0.0
2012-10-04,BBCA,1580.0,1590.0,1570.0,1580.0,1197.6519775390625,46405000,0.0,0.0
2012-10-05,BBCA,1570.0,1590.0,1570.0,1570.0,1190.0718994140625,74300000,0.0,0.0
2012-10-08,BBCA,1580.0,1590.0,1570.0,1580.0,1197.6519775390625,33475000,0.0,0.0
2012-10-09,BBCA,1590.0,1590.0,1570.0,1590.0,1205.23193359375,65707500,0.0,0.0
2012-10-10,BBCA,1590.0,1600.0,1580.0,1590.0,1205.23193359375,50050000,0.0,0.0
2012-10-11,BBCA,1600.0,1600.0,1580.0,1600.0,1212.8121337890625,28885000,0.0,0.0
2012-10-12,BBCA,1630.0,1630.0,1600.0,1630.0,1235.55224609375,129407500,0.0,0.0
2012-10-15,BBCA,1610.0,1620.0,1610.0,1610.0,1220.39208984375,37295000,0.0,0.0
2012-10-16,BBCA,1630.0,1630.0,1600.0,1630.0,1235.55224609375,64515000,0.0,0.0
2012-10-17,BBCA,1630.0,1640.0,1620.0,1630.0,1235.55224609375,72267500,0.0,0.0
2012-10-18,BBCA,1640.0,1640.0,1620.0,1640.0,1243.1324462890625,34140000,0.0,0.0
2012-10-19,BBCA,1630.0,1640.0,1630.0,1630.0,1235.55224609375,37127500,0.0,0.0
2012-10-22,BBCA,1620.0,1640.0,1600.0,1620.0,1227.972412109375,22047500,0.0,0.0
2012-10-23,BBCA,1640.0,1650.0,1620.0,1640.0,1243.1324462890625,49570000,0.0,0.0
2012-10-24,BBCA,1640.0,1640.0,1620.0,1640.0,1243.1324462890625,32770000,0.0,0.0
2012-10-25,BBCA,1630.0,1640.0,1620.0,1630.0,1235.55224609375,57990000,0.0,0.0
2012-10-29,BBCA,1620.0,1630.0,1610.0,1620.0,1227.972412109375,39347500,0.0,0.0
2012-10-30,BBCA,1640.0,1650.0,1610.0,1640.0,1243.1324462890625,99347500,0.0,0.0
2012-10-31,BBCA,1640.0,1650.0,1620.0,1640.0,1243.1324462890625,40565000,0.0,0.0
2012-11-01,BBCA,1660.0,1660.0,1630.0,1660.0,1258.292724609375,59242500,0.0,0.0
2012-11-02,BBCA,1670.0,1670.0,1640.0,1670.0,1265.87255859375,43790000,0.0,0.0
2012-11-05,BBCA,1650.0,1670.0,1650.0,1650.0,1250.7125244140625,40745000,0.0,0.0
2012-11-06,BBCA,1700.0,1700.0,1660.0,1700.0,1288.61279296875,65490000,0.0,0.0
2012-11-07,BBCA,1700.0,1710.0,1680.0,1700.0,1288.61279296875,47120000,0.0,0.0
2012-11-08,BBCA,1690.0,1700.0,1680.0,1690.0,1281.0328369140625,45147500,0.0,0.0
2012-11-09,BBCA,1710.0,1710.0,1680.0,1710.0,1296.192626953125,64312500,0.0,0.0
2012-11-12,BBCA,1740.0,1750.0,1700.0,1740.0,1318.9329833984375,57865000,0.0,0.0
2012-11-13,BBCA,1800.0,1800.0,1750.0,1800.0,1364.41357421875,36342500,0.0,0.0
2012-11-14,BBCA,1810.0,1870.0,1790.0,1810.0,1371.993896484375,79057500,0.0,0.0
2012-11-19,BBCA,1720.0,1810.0,1720.0,1720.0,1303.772705078125,56560000,0.0,0.0
2012-11-20,BBCA,1770.0,1770.0,1730.0,1770.0,1341.6734619140625,30310000,0.0,0.0
2012-11-21,BBCA,1770.0,1780.0,1750.0,1770.0,1341.6734619140625,22267500,0.0,0.0
2012-11-22,BBCA,1780.0,1790.0,1760.0,1780.0,1349.25341796875,27582500,0.0,0.0
2012-11-23,BBCA,1810.0,1810.0,1780.0,1810.0,1371.993896484375,23250000,0.0,0.0
2012-11-26,BBCA,1820.0,1840.0,1800.0,1820.0,1379.5738525390625,17165000,0.0,0.0
2012-11-27,BBCA,1790.0,1880.0,1790.0,1790.0,1356.833740234375,67267500,0.0,0.0
2012-11-28,BBCA,1790.0,1800.0,1760.0,1790.0,1356.833740234375,38332500,0.0,0.0
2012-11-29,BBCA,1800.0,1820.0,1770.0,1800.0,1364.41357421875,47047500,0.0,0.0
2012-11-30,BBCA,1760.0,1820.0,1760.0,1760.0,1334.09326171875,64790000,0.0,0.0
2012-12-03,BBCA,1900.0,1900.0,1750.0,1900.0,1440.2144775390625,44270000,0.0,0.0
2012-12-04,BBCA,1750.0,1830.0,1750.0,1750.0,1332.6153564453125,81522500,8.7,0.0
2012-12-05,BBCA,1760.0,1810.0,1750.0,1760.0,1340.22998046875,61945000,0.0,0.0
2012-12-06,BBCA,1760.0,1800.0,1760.0,1760.0,1340.22998046875,59472500,0.0,0.0
2012-12-07,BBCA,1760.0,1800.0,1760.0,1760.0,1340.22998046875,60002500,0.0,0.0
2012-12-10,BBCA,1830.0,1860.0,1780.0,1830.0,1393.5347900390625,79410000,0.0,0.0
2012-12-11,BBCA,1850.0,1870.0,1830.0,1850.0,1408.7646484375,58915000,0.0,0.0
2012-12-12,BBCA,1890.0,1890.0,1840.0,1890.0,1439.224609375,51297500,0.0,0.0
2012-12-13,BBCA,1890.0,1900.0,1870.0,1890.0,1439.224609375,47857500,0.0,0.0
2012-12-14,BBCA,1850.0,1900.0,1830.0,1850.0,1408.7646484375,31957500,0.0,0.0
2012-12-17,BBCA,1840.0,1860.0,1810.0,1840.0,1401.1497802734375,47492500,0.0,0.0
2012-12-18,BBCA,1830.0,1870.0,1810.0,1830.0,1393.5347900390625,49697500,0.0,0.0
2012-12-19,BBCA,1810.0,1850.0,1800.0,1810.0,1378.3048095703125,55587500,0.0,0.0
2012-12-20,BBCA,1840.0,1840.0,1780.0,1840.0,1401.1497802734375,64220000,0.0,0.0
2012-12-21,BBCA,1780.0,1880.0,1760.0,1780.0,1355.4600830078125,75872500,0.0,0.0
2012-12-26,BBCA,1840.0,1840.0,1780.0,1840.0,1401.1497802734375,15,0.0,0.0
2012-12-27,BBCA,1840.0,1860.0,1820.0,1840.0,1401.1497802734375,25415000,0.0,0.0
2012-12-28,BBCA,1820.0,1890.0,1820.0,1820.0,1385.9200439453125,15,0.0,0.0
2013-01-02,BBCA,1820.0,1850.0,1800.0,1820.0,1385.9200439453125,17272500,0.0,0.0
2013-01-03,BBCA,1830.0,1850.0,1810.0,1830.0,1393.5347900390625,42030000,0.0,0.0
2013-01-04,BBCA,1810.0,1840.0,1800.0,1810.0,1378.3048095703125,15,0.0,0.0
2013-01-07,BBCA,1840.0,1850.0,1810.0,1840.0,1401.1497802734375,77035000,0.0,0.0
2013-01-08,BBCA,1830.0,1850.0,1820.0,1830.0,1393.5347900390625,57940000,0.0,0.0
2013-01-09,BBCA,1820.0,1840.0,1800.0,1820.0,1385.9200439453125,53327500,0.0,0.0
2013-01-10,BBCA,1780.0,1820.0,1780.0,1780.0,1355.4600830078125,72327500,0.0,0.0
2013-01-11,BBCA,1770.0,1800.0,1770.0,1770.0,1347.8450927734375,61210000,0.0,0.0
2013-01-14,BBCA,1820.0,1820.0,1780.0,1820.0,1385.9200439453125,57025000,0.0,0.0
2013-01-15,BBCA,1830.0,1830.0,1810.0,1830.0,1393.5347900390625,58432500,0.0,0.0
2013-01-16,BBCA,1830.0,1830.0,1810.0,1830.0,1393.5347900390625,61665000,0.0,0.0
2013-01-17,BBCA,1830.0,1840.0,1810.0,1830.0,1393.5347900390625,57637500,0.0,0.0
2013-01-18,BBCA,1900.0,1900.0,1820.0,1900.0,1446.83935546875,68715000,0.0,0.0
2013-01-21,BBCA,1860.0,1900.0,1860.0,1860.0,1416.3797607421875,42340000,0.0,0.0
2013-01-22,BBCA,1860.0,1860.0,1820.0,1860.0,1416.3797607421875,58305000,0.0,0.0
2013-01-23,BBCA,1860.0,1860.0,1830.0,1860.0,1416.3797607421875,42685000,0.0,0.0
2013-01-25,BBCA,1870.0,1880.0,1850.0,1870.0,1423.9945068359375,55445000,0.0,0.0
2013-01-28,BBCA,1860.0,1870.0,1840.0,1860.0,1416.3797607421875,51417500,0.0,0.0
2013-01-29,BBCA,1890.0,1900.0,1860.0,1890.0,1439.224609375,43950000,0.0,0.0
2013-01-30,BBCA,1890.0,1910.0,1870.0,1890.0,1439.224609375,66112500,0.0,0.0
2013-01-31,BBCA,1930.0,1950.0,1900.0,1930.0,1469.684326171875,117667500,0.0,0.0
2013-02-01,BBCA,1970.0,2010.0,1930.0,1970.0,1500.1441650390625,86365000,0.0,0.0
2013-02-04,BBCA,2010.0,2020.0,1990.0,2010.0,1530.603515625,94540000,0.0,0.0
2013-02-05,BBCA,1980.0,2040.0,1980.0,1980.0,1507.759033203125,92840000,0.0,0.0
2013-02-06,BBCA,1980.0,2000.0,1960.0,1980.0,1507.759033203125,63205000,0.0,0.0
2013-02-07,BBCA,2010.0,2010.0,1980.0,2010.0,1530.603515625,63375000,0.0,0.0
2013-02-08,BBCA,1990.0,2020.0,1980.0,1990.0,1515.3739013671875,39770000,0.0,0.0
2013-02-11,BBCA,2030.0,2030.0,1990.0,2030.0,1545.8336181640625,11472500,0.0,0.0
2013-02-12,BBCA,2010.0,2030.0,1990.0,2010.0,1530.603515625,25785000,0.0,0.0
2013-02-13,BBCA,1970.0,2010.0,1960.0,1970.0,1500.1441650390625,55012500,0.0,0.0
2013-02-14,BBCA,2000.0,2000.0,1990.0,2000.0,1522.9886474609375,74697500,0.0,0.0
2013-02-15,BBCA,2010.0,2020.0,1990.0,2010.0,1530.603515625,39815000,0.0,0.0
2013-02-18,BBCA,2040.0,2050.0,2010.0,2040.0,1553.448486328125,58192500,0.0,0.0
2013-02-19,BBCA,2050.0,2050.0,2020.0,2050.0,1561.0635986328125,33442500,0.0,0.0
2013-02-20,BBCA,2060.0,2070.0,2040.0,2060.0,1568.6787109375,60172500,0.0,0.0
2013-02-21,BBCA,2070.0,2080.0,2030.0,2070.0,1576.2935791015625,41210000,0.0,0.0
2013-02-22,BBCA,2110.0,2110.0,2070.0,2110.0,1606.753173828125,15,0.0,0.0
2013-02-25,BBCA,2260.0,2260.0,2120.0,2260.0,1720.977294921875,51457500,0.0,0.0
2013-02-26,BBCA,2160.0,2200.0,2090.0,2160.0,1644.8280029296875,52450000,0.0,0.0
2013-02-27,BBCA,2130.0,2170.0,2110.0,2130.0,1621.9830322265625,69830000,0.0,0.0
2013-02-28,BBCA,2200.0,2200.0,2140.0,2200.0,1675.287841796875,64185000,0.0,0.0
2013-03-01,BBCA,2140.0,2180.0,2130.0,2140.0,1629.597900390625,50347500,0.0,0.0
2013-03-04,BBCA,2140.0,2140.0,2140.0,2140.0,1629.597900390625,0,0.0,0.0
2013-03-05,BBCA,2100.0,2170.0,2100.0,2100.0,1599.138427734375,53132500,0.0,0.0
2013-03-06,BBCA,2140.0,2160.0,2110.0,2140.0,1629.597900390625,46110000,0.0,0.0
2013-03-07,BBCA,2150.0,2180.0,2120.0,2150.0,1637.213134765625,41627500,0.0,0.0
2013-03-08,BBCA,2160.0,2180.0,2140.0,2160.0,1644.8280029296875,50730000,0.0,0.0
2013-03-11,BBCA,2150.0,2180.0,2140.0,2150.0,1637.213134765625,37485000,0.0,0.0
2013-03-13,BBCA,2140.0,2160.0,2120.0,2140.0,1629.597900390625,81725000,0.0,0.0
2013-03-14,BBCA,2140.0,2150.0,2120.0,2130.0,1621.9830322265625,76367500,0.0,0.0
2013-03-15,BBCA,2140.0,2160.0,2130.0,2150.0,1637.213134765625,69972500,0.0,0.0
2013-03-18,BBCA,2130.0,2140.0,2120.0,2130.0,1621.9830322265625,78970000,0.0,0.0
2013-03-19,BBCA,2140.0,2170.0,2140.0,2140.0,1629.597900390625,64912500,0.0,0.0
2013-03-20,BBCA,2160.0,2180.0,2130.0,2180.0,1660.057861328125,71960000,0.0,0.0
2013-03-21,BBCA,2180.0,2180.0,2140.0,2150.0,1637.213134765625,54885000,0.0,0.0
2013-03-22,BBCA,2140.0,2170.0,2120.0,2120.0,1614.367919921875,79960000,0.0,0.0
2013-03-25,BBCA,2100.0,2180.0,2100.0,2180.0,1660.057861328125,26472500,0.0,0.0
2013-03-26,BBCA,2170.0,2180.0,2130.0,2130.0,1621.9830322265625,47417500,0.0,0.0
2013-03-27,BBCA,2140.0,2230.0,2140.0,2200.0,1675.287841796875,90137500,0.0,0.0
2013-03-28,BBCA,2220.0,2280.0,2170.0,2280.0,1736.207763671875,36450000,0.0,0.0
2013-04-01,BBCA,2200.0,2240.0,2190.0,2200.0,1675.287841796875,13892500,0.0,0.0
2013-04-02,BBCA,2240.0,2240.0,2210.0,2210.0,1682.902587890625,19645000,0.0,0.0
2013-04-03,BBCA,2240.0,2250.0,2200.0,2240.0,1705.7476806640625,15,0.0,0.0
2013-04-04,BBCA,2240.0,2240.0,2170.0,2170.0,1652.44287109375,47235000,0.0,0.0
2013-04-05,BBCA,2190.0,2210.0,2170.0,2210.0,1682.902587890625,32585000,0.0,0.0
2013-04-08,BBCA,2200.0,2210.0,2130.0,2140.0,1629.597900390625,98920000,0.0,0.0
2013-04-09,BBCA,2160.0,2170.0,2110.0,2120.0,1614.367919921875,68320000,0.0,0.0
2013-04-10,BBCA,2140.0,2150.0,2090.0,2110.0,1606.753173828125,76150000,0.0,0.0
2013-04-11,BBCA,2130.0,2160.0,2120.0,2160.0,1644.8280029296875,89122500,0.0,0.0
2013-04-12,BBCA,2170.0,2190.0,2150.0,2180.0,1660.057861328125,57235000,0.0,0.0
2013-04-15,BBCA,2160.0,2160.0,2120.0,2120.0,1614.367919921875,68192500,0.0,0.0
2013-04-16,BBCA,2130.0,2170.0,2120.0,2160.0,1644.8280029296875,59685000,0.0,0.0
2013-04-17,BBCA,2170.0,2200.0,2160.0,2200.0,1675.287841796875,84745000,0.0,0.0
2013-04-18,BBCA,2180.0,2200.0,2180.0,2200.0,1675.287841796875,48295000,0.0,0.0
2013-04-19,BBCA,2210.0,2210.0,2180.0,2200.0,1675.287841796875,30870000,0.0,0.0
2013-04-22,BBCA,2200.0,2210.0,2150.0,2180.0,1660.057861328125,43217500,0.0,0.0
2013-04-23,BBCA,2180.0,2180.0,2180.0,2180.0,1660.057861328125,0,0.0,0.0
2013-04-24,BBCA,2160.0,2210.0,2150.0,2210.0,1682.902587890625,67985000,0.0,0.0
2013-04-25,BBCA,2190.0,2220.0,2180.0,2220.0,1690.5177001953125,43275000,0.0,0.0
2013-04-26,BBCA,2220.0,2220.0,2150.0,2150.0,1637.213134765625,40227500,0.0,0.0
2013-04-29,BBCA,2180.0,2200.0,2170.0,2200.0,1675.287841796875,52362500,0.0,0.0
2013-04-30,BBCA,2190.0,2190.0,2140.0,2150.0,1637.213134765625,219367500,0.0,0.0
2013-05-01,BBCA,2140.0,2150.0,2130.0,2150.0,1637.213134765625,63260000,0.0,0.0
2013-05-02,BBCA,2140.0,2170.0,2130.0,2130.0,1621.9830322265625,101727500,0.0,0.0
2013-05-03,BBCA,2150.0,2160.0,2130.0,2150.0,1637.213134765625,29542500,0.0,0.0
2013-05-06,BBCA,2160.0,2200.0,2160.0,2190.0,1667.6728515625,42975000,0.0,0.0
2013-05-07,BBCA,2200.0,2200.0,2170.0,2190.0,1667.6728515625,40920000,0.0,0.0
2013-05-08,BBCA,2200.0,2210.0,2180.0,2200.0,1675.287841796875,24297500,0.0,0.0
2013-05-10,BBCA,2200.0,2210.0,2180.0,2210.0,1682.902587890625,40982500,0.0,0.0
2013-05-13,BBCA,2200.0,2210.0,2170.0,2210.0,1682.902587890625,41902500,0.0,0.0
2013-05-14,BBCA,2220.0,2220.0,2180.0,2200.0,1675.287841796875,39110000,0.0,0.0
2013-05-15,BBCA,2210.0,2210.0,2180.0,2200.0,1675.287841796875,26505000,0.0,0.0
2013-05-16,BBCA,2190.0,2200.0,2170.0,2180.0,1660.057861328125,53305000,0.0,0.0
2013-05-17,BBCA,2160.0,2200.0,2160.0,2200.0,1675.287841796875,33765000,0.0,0.0
2013-05-20,BBCA,2210.0,2230.0,2180.0,2180.0,1660.057861328125,70080000,0.0,0.0
2013-05-21,BBCA,2200.0,2210.0,2180.0,2200.0,1675.287841796875,53060000,0.0,0.0
2013-05-22,BBCA,2200.0,2210.0,2190.0,2190.0,1667.6728515625,28505000,0.0,0.0
2013-05-23,BBCA,2200.0,2210.0,2160.0,2180.0,1660.057861328125,67457500,0.0,0.0
2013-05-24,BBCA,2190.0,2210.0,2190.0,2190.0,1667.6728515625,40755000,0.0,0.0
2013-05-27,BBCA,2200.0,2210.0,2140.0,2140.0,1629.597900390625,68725000,0.0,0.0
2013-05-28,BBCA,2130.0,2200.0,2130.0,2180.0,1660.057861328125,32057500,0.0,0.0
2013-05-29,BBCA,2170.0,2210.0,2160.0,2200.0,1686.2718505859375,78410000,14.2,0.0
2013-05-30,BBCA,2170.0,2180.0,2150.0,2160.0,1655.6121826171875,46785000,0.0,0.0
2013-05-31,BBCA,2160.0,2160.0,2070.0,2070.0,1586.62841796875,135412500,0.0,0.0
2013-06-03,BBCA,2070.0,2070.0,1990.0,1990.0,1525.3094482421875,199652500,0.0,0.0
2013-06-04,BBCA,1980.0,2040.0,1970.0,2020.0,1548.3038330078125,97930000,0.0,0.0
2013-06-05,BBCA,2020.0,2020.0,2000.0,2010.0,1540.6392822265625,81832500,0.0,0.0
2013-06-07,BBCA,2000.0,2010.0,1920.0,1920.0,1471.6551513671875,128835000,0.0,0.0
2013-06-10,BBCA,1940.0,1940.0,1880.0,1890.0,1448.660888671875,105015000,0.0,0.0
2013-06-11,BBCA,1870.0,1900.0,1830.0,1850.0,1418.0010986328125,136012500,0.0,0.0
2013-06-12,BBCA,1830.0,1900.0,1780.0,1880.0,1440.99609375,295162500,0.0,0.0
2013-06-13,BBCA,1840.0,1950.0,1810.0,1860.0,1425.666015625,195845000,0.0,0.0
2013-06-14,BBCA,1910.0,1980.0,1910.0,1960.0,1502.3148193359375,159700000,0.0,0.0
2013-06-17,BBCA,1960.0,1990.0,1960.0,1990.0,1525.3094482421875,51422500,0.0,0.0
2013-06-18,BBCA,2020.0,2050.0,1990.0,2010.0,1540.6392822265625,79180000,0.0,0.0
2013-06-19,BBCA,2010.0,2020.0,1970.0,1990.0,1525.3094482421875,61667500,0.0,0.0
2013-06-20,BBCA,1930.0,1940.0,1890.0,1890.0,1448.660888671875,101530000,0.0,0.0
2013-06-21,BBCA,1850.0,1880.0,1830.0,1840.0,1410.33642578125,160320000,0.0,0.0
2013-06-24,BBCA,1850.0,1890.0,1820.0,1820.0,1395.0067138671875,65597500,0.0,0.0
2013-06-25,BBCA,1850.0,1860.0,1790.0,1790.0,1372.0123291015625,95547500,0.0,0.0
2013-06-26,BBCA,1830.0,1890.0,1820.0,1870.0,1433.3309326171875,87612500,0.0,0.0
2013-06-27,BBCA,1890.0,1950.0,1890.0,1890.0,1448.660888671875,106682500,0.0,0.0
2013-06-28,BBCA,1920.0,2000.0,1910.0,2000.0,1532.9742431640625,107192500,0.0,0.0
2013-07-01,BBCA,1990.0,2000.0,1940.0,1980.0,1517.64453125,29862500,0.0,0.0
2013-07-02,BBCA,2000.0,2010.0,1970.0,1990.0,1525.3094482421875,41852500,0.0,0.0
2013-07-03,BBCA,1980.0,1990.0,1890.0,1890.0,1448.660888671875,82480000,0.0,0.0
2013-07-04,BBCA,1900.0,1950.0,1890.0,1910.0,1463.990478515625,48242500,0.0,0.0
2013-07-05,BBCA,1940.0,1940.0,1870.0,1900.0,1456.3255615234375,55322500,0.0,0.0
2013-07-08,BBCA,1900.0,1900.0,1820.0,1820.0,1395.0067138671875,51312500,0.0,0.0
2013-07-09,BBCA,1860.0,1880.0,1820.0,1850.0,1418.0010986328125,53335000,0.0,0.0
2013-07-10,BBCA,1840.0,1920.0,1820.0,1890.0,1448.660888671875,41935000,0.0,0.0
2013-07-11,BBCA,1920.0,1970.0,1910.0,1960.0,1502.3148193359375,78802500,0.0,0.0
2013-07-12,BBCA,1980.0,2020.0,1960.0,2020.0,1548.3038330078125,79200000,0.0,0.0
2013-07-15,BBCA,2040.0,2040.0,1990.0,2040.0,1563.6336669921875,34235000,0.0,0.0
2013-07-16,BBCA,2040.0,2040.0,1980.0,2020.0,1548.3038330078125,26815000,0.0,0.0
2013-07-17,BBCA,2030.0,2050.0,2010.0,2040.0,1563.6336669921875,37555000,0.0,0.0
2013-07-18,BBCA,2040.0,2040.0,2000.0,2040.0,1563.6336669921875,56212500,0.0,0.0
2013-07-19,BBCA,2030.0,2040.0,2010.0,2040.0,1563.6336669921875,24767500,0.0,0.0
2013-07-22,BBCA,2050.0,2050.0,2000.0,2000.0,1532.9742431640625,17430000,0.0,0.0
2013-07-23,BBCA,2030.0,2060.0,2020.0,2060.0,1578.963623046875,70500000,0.0,0.0
2013-07-24,BBCA,2070.0,2080.0,2040.0,2080.0,1594.29345703125,37715000,0.0,0.0
2013-07-25,BBCA,2070.0,2080.0,2040.0,2040.0,1563.6336669921875,19677500,0.0,0.0
2013-07-26,BBCA,2040.0,2080.0,2040.0,2070.0,1586.62841796875,25532500,0.0,0.0
2013-07-29,BBCA,2040.0,2060.0,2020.0,2020.0,1548.3038330078125,19867500,0.0,0.0
2013-07-30,BBCA,2060.0,2070.0,2040.0,2060.0,1578.963623046875,30145000,0.0,0.0
2013-07-31,BBCA,2080.0,2090.0,2070.0,2080.0,1594.29345703125,56340000,0.0,0.0
2013-08-01,BBCA,2080.0,2110.0,2060.0,2090.0,1601.9583740234375,51290000,0.0,0.0
2013-08-02,BBCA,2100.0,2150.0,2080.0,2140.0,1640.282470703125,37957500,0.0,0.0
2013-08-12,BBCA,2100.0,2120.0,2000.0,2060.0,1578.963623046875,55177500,0.0,0.0
2013-08-13,BBCA,2040.0,2140.0,2040.0,2140.0,1640.282470703125,24667500,0.0,0.0
2013-08-14,BBCA,2110.0,2180.0,2100.0,2180.0,1670.942138671875,31005000,0.0,0.0
2013-08-15,BBCA,2180.0,2190.0,2150.0,2150.0,1647.947509765625,33870000,0.0,0.0
2013-08-16,BBCA,2120.0,2150.0,2060.0,2060.0,1578.963623046875,51192500,0.0,0.0
2013-08-19,BBCA,2070.0,2070.0,1900.0,1900.0,1456.3255615234375,116827500,0.0,0.0
2013-08-20,BBCA,1900.0,1940.0,1830.0,1890.0,1448.660888671875,166267500,0.0,0.0
2013-08-21,BBCA,1900.0,1940.0,1870.0,1920.0,1471.6551513671875,71172500,0.0,0.0
2013-08-22,BBCA,1860.0,1920.0,1850.0,1870.0,1433.3309326171875,74967500,0.0,0.0
2013-08-23,BBCA,1900.0,1910.0,1870.0,1870.0,1433.3309326171875,51027500,0.0,0.0
2013-08-26,BBCA,1840.0,1860.0,1820.0,1820.0,1395.0067138671875,98412500,0.0,0.0
2013-08-27,BBCA,1800.0,1810.0,1770.0,1790.0,1372.0123291015625,69030000,0.0,0.0
2013-08-28,BBCA,1740.0,1860.0,1700.0,1830.0,1402.6717529296875,140495000,0.0,0.0
2013-08-29,BBCA,1800.0,1840.0,1770.0,1800.0,1379.6766357421875,86805000,0.0,0.0
2013-08-30,BBCA,1780.0,1820.0,1770.0,1810.0,1387.3414306640625,81837500,0.0,0.0
2013-09-02,BBCA,1820.0,1830.0,1700.0,1780.0,1364.3470458984375,77840000,0.0,0.0
2013-09-03,BBCA,1810.0,1810.0,1760.0,1770.0,1356.6820068359375,74055000,0.0,0.0
2013-09-04,BBCA,1770.0,1770.0,1700.0,1710.0,1310.69287109375,89020000,0.0,0.0
2013-09-05,BBCA,1740.0,1750.0,1690.0,1720.0,1318.3580322265625,80572500,0.0,0.0
2013-09-06,BBCA,1740.0,1760.0,1710.0,1760.0,1349.017578125,47942500,0.0,0.0
2013-09-09,BBCA,1770.0,1870.0,1740.0,1870.0,1433.3309326171875,65470000,0.0,0.0
2013-09-10,BBCA,1890.0,1960.0,1880.0,1960.0,1502.3148193359375,152682500,0.0,0.0
2013-09-11,BBCA,1960.0,1980.0,1900.0,1980.0,1517.64453125,73045000,0.0,0.0
2013-09-12,BBCA,1930.0,1990.0,1930.0,1990.0,1525.3094482421875,82987500,0.0,0.0
2013-09-13,BBCA,1970.0,2000.0,1960.0,1990.0,1525.3094482421875,84125000,0.0,0.0
2013-09-16,BBCA,2010.0,2020.0,1990.0,2010.0,1540.6392822265625,66107500,0.0,0.0
2013-09-17,BBCA,2010.0,2020.0,1990.0,2020.0,1548.3038330078125,59975000,0.0,0.0
2013-09-18,BBCA,2000.0,2020.0,1970.0,2020.0,1548.3038330078125,43920000,0.0,0.0
2013-09-19,BBCA,2120.0,2500.0,2120.0,2160.0,1655.6121826171875,144540000,0.0,0.0
2013-09-20,BBCA,2150.0,2180.0,2090.0,2100.0,1609.622802734375,60110000,0.0,0.0
2013-09-23,BBCA,2010.0,2130.0,2010.0,2130.0,1632.61767578125,60310000,0.0,0.0
2013-09-24,BBCA,2130.0,2150.0,2060.0,2090.0,1601.9583740234375,75472500,0.0,0.0
2013-09-25,BBCA,2060.0,2090.0,2060.0,2090.0,1601.9583740234375,72055000,0.0,0.0
2013-09-26,BBCA,2090.0,2110.0,2070.0,2070.0,1586.62841796875,40112500,0.0,0.0
2013-09-27,BBCA,2090.0,2110.0,2060.0,2060.0,1578.963623046875,26217500,0.0,0.0
2013-09-30,BBCA,2070.0,2080.0,2000.0,2000.0,1532.9742431640625,76705000,0.0,0.0
2013-10-01,BBCA,1950.0,2040.0,1950.0,2000.0,1532.9742431640625,35170000,0.0,0.0
2013-10-02,BBCA,2000.0,2060.0,2000.0,2060.0,1578.963623046875,23207500,0.0,0.0
2013-10-03,BBCA,2060.0,2090.0,2040.0,2090.0,1601.9583740234375,49987500,0.0,0.0
2013-10-04,BBCA,2060.0,2090.0,2040.0,2080.0,1594.29345703125,38085000,0.0,0.0
2013-10-07,BBCA,2090.0,2090.0,2060.0,2070.0,1586.62841796875,13995000,0.0,0.0
2013-10-08,BBCA,2050.0,2110.0,2050.0,2090.0,1601.9583740234375,94080000,0.0,0.0
2013-10-09,BBCA,2060.0,2110.0,2060.0,2080.0,1594.29345703125,38232500,0.0,0.0
2013-10-10,BBCA,2070.0,2140.0,2070.0,2120.0,1624.952392578125,88567500,0.0,0.0
2013-10-11,BBCA,2140.0,2150.0,2110.0,2140.0,1640.282470703125,31747500,0.0,0.0
2013-10-16,BBCA,2140.0,2160.0,2090.0,2110.0,1617.2877197265625,55770000,0.0,0.0
2013-10-17,BBCA,2110.0,2130.0,2100.0,2110.0,1617.2877197265625,63902500,0.0,0.0
2013-10-18,BBCA,2110.0,2120.0,2090.0,2120.0,1624.952392578125,43780000,0.0,0.0
2013-10-21,BBCA,2100.0,2160.0,2100.0,2140.0,1640.282470703125,67070000,0.0,0.0
2013-10-22,BBCA,2110.0,2120.0,2090.0,2110.0,1617.2877197265625,27285000,0.0,0.0
2013-10-23,BBCA,2110.0,2140.0,2100.0,2100.0,1609.622802734375,66357500,0.0,0.0
2013-10-24,BBCA,2100.0,2140.0,2100.0,2140.0,1640.282470703125,66387500,0.0,0.0
2013-10-25,BBCA,2110.0,2160.0,2110.0,2150.0,1647.947509765625,44082500,0.0,0.0
2013-10-28,BBCA,2150.0,2160.0,2140.0,2150.0,1647.947509765625,24035000,0.0,0.0
2013-10-29,BBCA,2110.0,2140.0,2110.0,2120.0,1624.952392578125,54500000,0.0,0.0
2013-10-30,BBCA,2080.0,2140.0,2080.0,2140.0,1640.282470703125,43352500,0.0,0.0
2013-10-31,BBCA,2090.0,2140.0,2090.0,2090.0,1601.9583740234375,57892500,0.0,0.0
2013-11-01,BBCA,2050.0,2100.0,2050.0,2080.0,1594.29345703125,48997500,0.0,0.0
2013-11-04,BBCA,2060.0,2090.0,2060.0,2070.0,1586.62841796875,36960000,0.0,0.0
2013-11-06,BBCA,2070.0,2120.0,2070.0,2090.0,1601.9583740234375,73615000,0.0,0.0
2013-11-07,BBCA,2090.0,2130.0,2090.0,2120.0,1624.952392578125,67800000,0.0,0.0
2013-11-08,BBCA,2090.0,2110.0,2070.0,2070.0,1586.62841796875,53672500,0.0,0.0
2013-11-11,BBCA,2080.0,2080.0,2040.0,2050.0,1571.2987060546875,52492500,0.0,0.0
2013-11-12,BBCA,2050.0,2060.0,2000.0,2010.0,1540.6392822265625,76340000,0.0,0.0
2013-11-13,BBCA,2000.0,2050.0,1960.0,1990.0,1525.3094482421875,87837500,0.0,0.0
2013-11-14,BBCA,1990.0,2040.0,1990.0,2010.0,1540.6392822265625,50885000,0.0,0.0
2013-11-15,BBCA,2020.0,2050.0,2010.0,2040.0,1563.6336669921875,36625000,0.0,0.0
2013-11-18,BBCA,2050.0,2070.0,2050.0,2060.0,1578.963623046875,48500000,0.0,0.0
2013-11-19,BBCA,2060.0,2070.0,2020.0,2040.0,1563.6336669921875,48530000,0.0,0.0
2013-11-20,BBCA,2040.0,2050.0,1920.0,2010.0,1540.6392822265625,105277500,0.0,0.0
2013-11-21,BBCA,1980.0,2000.0,1950.0,1970.0,1509.9796142578125,51580000,0.0,0.0
2013-11-22,BBCA,2000.0,2010.0,1970.0,2000.0,1532.9742431640625,29545000,0.0,0.0
2013-11-25,BBCA,2040.0,2050.0,2020.0,2030.0,1555.96875,33342500,0.0,0.0
2013-11-26,BBCA,2000.0,2010.0,1930.0,1930.0,1479.320068359375,115220000,0.0,0.0
2013-11-27,BBCA,1940.0,1960.0,1930.0,1940.0,1486.9849853515625,51270000,0.0,0.0
2013-11-28,BBCA,1950.0,1970.0,1910.0,1950.0,1494.6497802734375,34975000,0.0,0.0
2013-11-29,BBCA,1940.0,1960.0,1910.0,1930.0,1486.1796875,30025000,9.0,0.0
2013-12-02,BBCA,1930.0,1960.0,1930.0,1960.0,1509.28076171875,48172500,0.0,0.0
2013-12-03,BBCA,1960.0,1970.0,1930.0,1960.0,1509.28076171875,38585000,0.0,0.0
2013-12-04,BBCA,1960.0,1960.0,1930.0,1930.0,1486.1796875,44122500,0.0,0.0
2013-12-05,BBCA,1930.0,1930.0,1890.0,1910.0,1470.7781982421875,49362500,0.0,0.0
2013-12-06,BBCA,1900.0,1910.0,1850.0,1900.0,1463.0782470703125,93720000,0.0,0.0
2013-12-09,BBCA,1920.0,1930.0,1880.0,1880.0,1447.6776123046875,65925000,0.0,0.0
2013-12-10,BBCA,1860.0,1960.0,1860.0,1960.0,1509.28076171875,52402500,0.0,0.0
2013-12-11,BBCA,1930.0,1970.0,1930.0,1970.0,1516.9813232421875,24415000,0.0,0.0
2013-12-12,BBCA,1960.0,1960.0,1920.0,1930.0,1486.1796875,44672500,0.0,0.0
2013-12-13,BBCA,1910.0,1920.0,1890.0,1900.0,1463.0782470703125,62717500,0.0,0.0
2013-12-16,BBCA,1910.0,1910.0,1860.0,1870.0,1439.9769287109375,37930000,0.0,0.0
2013-12-17,BBCA,1870.0,1930.0,1870.0,1900.0,1463.0782470703125,44157500,0.0,0.0
2013-12-18,BBCA,1900.0,1930.0,1890.0,1890.0,1455.3782958984375,56400000,0.0,0.0
2013-12-19,BBCA,1920.0,1930.0,1900.0,1910.0,1470.7781982421875,34795000,0.0,0.0
2013-12-20,BBCA,1910.0,1910.0,1850.0,1850.0,1424.5762939453125,57612500,0.0,0.0
2013-12-23,BBCA,1870.0,1900.0,1860.0,1900.0,1463.0782470703125,45522500,0.0,0.0
2013-12-24,BBCA,1900.0,1910.0,1880.0,1890.0,1455.3782958984375,15830000,0.0,0.0
2013-12-27,BBCA,1910.0,1920.0,1880.0,1880.0,1447.6776123046875,24310000,0.0,0.0
2013-12-30,BBCA,1910.0,1930.0,1900.0,1920.0,1478.4793701171875,29707500,0.0,0.0
2014-01-02,BBCA,1940.0,1970.0,1930.0,1960.0,1509.28076171875,33065000,0.0,0.0
2014-01-03,BBCA,1940.0,1950.0,1870.0,1900.0,1463.0782470703125,71912500,0.0,0.0
2014-01-06,BBCA,1880.0,1900.0,1860.0,1870.0,1439.9769287109375,58190000,0.0,0.0
2014-01-07,BBCA,1870.0,1890.0,1865.0,1875.0,1443.827392578125,36152000,0.0,0.0
2014-01-08,BBCA,1880.0,1890.0,1850.0,1865.0,1436.1268310546875,55877500,0.0,0.0
2014-01-09,BBCA,1860.0,1885.0,1855.0,1880.0,1447.6776123046875,97317500,0.0,0.0
2014-01-10,BBCA,1880.0,1890.0,1865.0,1880.0,1447.6776123046875,120076000,0.0,0.0
2014-01-13,BBCA,1890.0,1970.0,1890.0,1960.0,1509.28076171875,196030500,0.0,0.0
2014-01-15,BBCA,1970.0,2040.0,1965.0,1990.0,1532.3819580078125,132835000,0.0,0.0
2014-01-16,BBCA,2010.0,2015.0,1980.0,2000.0,1540.0821533203125,45956000,0.0,0.0
2014-01-17,BBCA,2000.0,2005.0,1980.0,1980.0,1524.681640625,31507500,0.0,0.0
2014-01-20,BBCA,2000.0,2000.0,1950.0,1965.0,1513.131103515625,39292500,0.0,0.0
2014-01-21,BBCA,1955.0,1985.0,1955.0,1970.0,1516.9813232421875,28476000,0.0,0.0
2014-01-22,BBCA,1965.0,1980.0,1945.0,1980.0,1524.681640625,100006500,0.0,0.0
2014-01-23,BBCA,2000.0,2050.0,1980.0,2040.0,1570.8843994140625,160911500,0.0,0.0
2014-01-24,BBCA,2035.0,2050.0,1995.0,2035.0,1567.033935546875,90143000,0.0,0.0
2014-01-27,BBCA,1990.0,1990.0,1930.0,1960.0,1509.28076171875,106837500,0.0,0.0
2014-01-28,BBCA,1960.0,2010.0,1950.0,2000.0,1540.0821533203125,77513500,0.0,0.0
2014-01-29,BBCA,2010.0,2070.0,2000.0,2000.0,1540.0821533203125,144919000,0.0,0.0
2014-01-30,BBCA,1970.0,1990.0,1965.0,1985.0,1528.53173828125,81985500,0.0,0.0
2014-02-03,BBCA,1980.0,2000.0,1965.0,1965.0,1513.131103515625,55407000,0.0,0.0
2014-02-04,BBCA,1970.0,1980.0,1940.0,1970.0,1516.9813232421875,83683500,0.0,0.0
2014-02-05,BBCA,1980.0,1990.0,1965.0,1990.0,1532.3819580078125,42715000,0.0,0.0
2014-02-06,BBCA,1975.0,2030.0,1970.0,2030.0,1563.183837890625,63581000,0.0,0.0
2014-02-07,BBCA,2050.0,2060.0,2035.0,2050.0,1578.58447265625,104825500,0.0,0.0
2014-02-10,BBCA,2060.0,2075.0,1995.0,2010.0,1547.7828369140625,61835500,0.0,0.0
2014-02-11,BBCA,2020.0,2060.0,2015.0,2030.0,1563.183837890625,71441500,0.0,0.0
2014-02-12,BBCA,2050.0,2070.0,2035.0,2060.0,1586.2850341796875,112510500,0.0,0.0
2014-02-13,BBCA,2070.0,2080.0,2040.0,2050.0,1578.58447265625,58160500,0.0,0.0
2014-02-14,BBCA,2080.0,2080.0,2065.0,2075.0,1597.835205078125,77919000,0.0,0.0
2014-02-17,BBCA,2095.0,2110.0,2085.0,2095.0,1613.2362060546875,97666500,0.0,0.0
2014-02-18,BBCA,2095.0,2095.0,2080.0,2080.0,1601.6856689453125,47891500,0.0,0.0
2014-02-19,BBCA,2080.0,2090.0,2030.0,2050.0,1578.58447265625,78352000,0.0,0.0
2014-02-20,BBCA,2045.0,2080.0,2040.0,2080.0,1601.6856689453125,82013000,0.0,0.0
2014-02-21,BBCA,2100.0,2105.0,2085.0,2090.0,1609.3858642578125,64951500,0.0,0.0
2014-02-24,BBCA,2095.0,2100.0,2065.0,2080.0,1601.6856689453125,37548000,0.0,0.0
2014-02-25,BBCA,2080.0,2090.0,2065.0,2075.0,1597.835205078125,58889000,0.0,0.0
2014-02-26,BBCA,2080.0,2080.0,2035.0,2055.0,1582.434814453125,76855000,0.0,0.0
2014-02-27,BBCA,2055.0,2065.0,2035.0,2060.0,1586.2850341796875,66554500,0.0,0.0
2014-02-28,BBCA,2060.0,2065.0,2030.0,2045.0,1574.7342529296875,120073000,0.0,0.0
2014-03-03,BBCA,2040.0,2065.0,2030.0,2055.0,1582.434814453125,86498000,0.0,0.0
2014-03-04,BBCA,2050.0,2105.0,2050.0,2095.0,1613.2362060546875,96861000,0.0,0.0
2014-03-05,BBCA,2105.0,2115.0,2095.0,2110.0,1624.786865234375,76239000,0.0,0.0
2014-03-06,BBCA,2120.0,2130.0,2110.0,2115.0,1628.6370849609375,96116500,0.0,0.0
2014-03-07,BBCA,2120.0,2135.0,2110.0,2120.0,1632.487060546875,90006500,0.0,0.0
2014-03-10,BBCA,2120.0,2120.0,2085.0,2100.0,1617.08642578125,67316500,0.0,0.0
2014-03-11,BBCA,2095.0,2110.0,2070.0,2080.0,1601.6856689453125,80642000,0.0,0.0
2014-03-12,BBCA,2075.0,2080.0,2065.0,2070.0,1593.9853515625,71547000,0.0,0.0
2014-03-13,BBCA,2090.0,2090.0,2065.0,2075.0,1597.835205078125,41286500,0.0,0.0
2014-03-14,BBCA,2065.0,2225.0,2050.0,2215.0,1705.641357421875,198642500,0.0,0.0
2014-03-17,BBCA,2215.0,2215.0,2150.0,2190.0,1686.39013671875,137724000,0.0,0.0
2014-03-18,BBCA,2200.0,2200.0,2140.0,2160.0,1663.2890625,112634000,0.0,0.0
2014-03-19,BBCA,2160.0,2180.0,2115.0,2140.0,1647.8883056640625,66348000,0.0,0.0
2014-03-20,BBCA,2120.0,2120.0,2070.0,2085.0,1605.5360107421875,120952000,0.0,0.0
2014-03-21,BBCA,2085.0,2100.0,2040.0,2065.0,1590.1351318359375,127408500,0.0,0.0
2014-03-24,BBCA,2065.0,2070.0,2050.0,2055.0,1582.434814453125,70342000,0.0,0.0
2014-03-25,BBCA,2065.0,2065.0,2050.0,2060.0,1586.2850341796875,32775000,0.0,0.0
2014-03-26,BBCA,2075.0,2085.0,2070.0,2075.0,1597.835205078125,73571500,0.0,0.0
2014-03-27,BBCA,2090.0,2120.0,2070.0,2070.0,1593.9853515625,104411000,0.0,0.0
2014-03-28,BBCA,2100.0,2130.0,2090.0,2120.0,1632.487060546875,126387500,0.0,0.0
2014-04-01,BBCA,2140.0,2220.0,2140.0,2190.0,1686.39013671875,207948500,0.0,0.0
2014-04-02,BBCA,2190.0,2195.0,2170.0,2180.0,1678.6898193359375,110242500,0.0,0.0
2014-04-03,BBCA,2190.0,2190.0,2180.0,2190.0,1686.39013671875,51530500,0.0,0.0
2014-04-04,BBCA,2205.0,2205.0,2155.0,2170.0,1670.9891357421875,63947000,0.0,0.0
2014-04-07,BBCA,2180.0,2220.0,2170.0,2180.0,1678.6898193359375,130536000,0.0,0.0
2014-04-08,BBCA,2175.0,2195.0,2170.0,2190.0,1686.39013671875,121323000,0.0,0.0
2014-04-09,BBCA,2190.0,2190.0,2190.0,2190.0,1686.39013671875,0,0.0,0.0
2014-04-10,BBCA,2085.0,2180.0,2085.0,2180.0,1678.6898193359375,208691000,0.0,0.0
2014-04-11,BBCA,2160.0,2225.0,2145.0,2220.0,1709.4912109375,150497500,0.0,0.0
2014-04-14,BBCA,2210.0,2250.0,2200.0,2250.0,1732.5927734375,75612000,0.0,0.0
2014-04-15,BBCA,2205.0,2245.0,2200.0,2220.0,1709.4912109375,44675500,0.0,0.0
2014-04-16,BBCA,2210.0,2235.0,2205.0,2210.0,1701.7911376953125,91011500,0.0,0.0
2014-04-17,BBCA,2220.0,2240.0,2220.0,2240.0,1724.8924560546875,64706500,0.0,0.0
2014-04-21,BBCA,2240.0,2245.0,2230.0,2235.0,1721.0416259765625,25826500,0.0,0.0
2014-04-22,BBCA,2190.0,2215.0,2180.0,2210.0,1701.7911376953125,113037000,0.0,0.0
2014-04-23,BBCA,2180.0,2215.0,2180.0,2210.0,1701.7911376953125,65790500,0.0,0.0
2014-04-24,BBCA,2210.0,2210.0,2190.0,2200.0,1694.0906982421875,41550000,0.0,0.0
2014-04-25,BBCA,2200.0,2210.0,2200.0,2200.0,1694.0906982421875,43241000,0.0,0.0
2014-04-28,BBCA,2205.0,2245.0,2120.0,2120.0,1632.487060546875,56595500,0.0,0.0
2014-04-29,BBCA,2180.0,2210.0,2180.0,2200.0,1694.0906982421875,85302500,0.0,0.0
2014-04-30,BBCA,2200.0,2205.0,2190.0,2200.0,1705.720458984375,91065500,15.0,0.0
2014-05-02,BBCA,2220.0,2275.0,2195.0,2195.0,1701.843994140625,56020500,0.0,0.0
2014-05-05,BBCA,2195.0,2200.0,2195.0,2195.0,1701.843994140625,15491000,0.0,0.0
2014-05-06,BBCA,2200.0,2225.0,2195.0,2200.0,1705.720458984375,16333000,0.0,0.0
2014-05-07,BBCA,2200.0,2220.0,2190.0,2200.0,1705.720458984375,35320000,0.0,0.0
2014-05-08,BBCA,2235.0,2240.0,2190.0,2210.0,1713.473876953125,30284000,0.0,0.0
2014-05-09,BBCA,2190.0,2240.0,2190.0,2240.0,1736.73388671875,33977000,0.0,0.0
2014-05-12,BBCA,2240.0,2240.0,2210.0,2240.0,1736.73388671875,59734500,0.0,0.0
2014-05-13,BBCA,2240.0,2255.0,2220.0,2240.0,1736.73388671875,40691000,0.0,0.0
2014-05-14,BBCA,2260.0,2300.0,2240.0,2270.0,1759.99365234375,104184500,0.0,0.0
2014-05-16,BBCA,2225.0,2295.0,2225.0,2270.0,1759.99365234375,109104000,0.0,0.0
2014-05-19,BBCA,2270.0,2305.0,2250.0,2270.0,1759.99365234375,119587500,0.0,0.0
2014-05-20,BBCA,2230.0,2275.0,2205.0,2230.0,1728.9803466796875,101861000,0.0,0.0
2014-05-21,BBCA,2235.0,2255.0,2210.0,2235.0,1732.8565673828125,64016000,0.0,0.0
2014-05-22,BBCA,2285.0,2285.0,2220.0,2285.0,1771.6231689453125,79345000,0.0,0.0
2014-05-23,BBCA,2275.0,2285.0,2250.0,2275.0,1763.8699951171875,45565000,0.0,0.0
2014-05-26,BBCA,2260.0,2280.0,2250.0,2260.0,1752.240234375,23381500,0.0,0.0
2014-05-28,BBCA,2255.0,2280.0,2250.0,2255.0,1748.3636474609375,40749000,0.0,0.0
2014-05-30,BBCA,2155.0,2265.0,2155.0,2155.0,1670.83056640625,167224000,0.0,0.0
2014-06-02,BBCA,2230.0,2230.0,2195.0,2230.0,1728.9803466796875,64835500,0.0,0.0
2014-06-03,BBCA,2250.0,2280.0,2205.0,2250.0,1744.4869384765625,81122000,0.0,0.0
2014-06-04,BBCA,2210.0,2240.0,2205.0,2210.0,1713.473876953125,35102000,0.0,0.0
2014-06-05,BBCA,2215.0,2215.0,2200.0,2210.0,1713.473876953125,25373000,0.0,0.0
2014-06-06,BBCA,2210.0,2220.0,2200.0,2210.0,1713.473876953125,32177500,0.0,0.0
2014-06-09,BBCA,2215.0,2220.0,2195.0,2215.0,1717.350830078125,99228000,0.0,0.0
2014-06-10,BBCA,2250.0,2250.0,2205.0,2250.0,1744.4869384765625,45216000,0.0,0.0
2014-06-11,BBCA,2250.0,2250.0,2215.0,2250.0,1744.4869384765625,41013000,0.0,0.0
2014-06-12,BBCA,2240.0,2250.0,2205.0,2240.0,1736.73388671875,34239500,0.0,0.0
2014-06-13,BBCA,2215.0,2245.0,2210.0,2215.0,1717.350830078125,40222500,0.0,0.0
2014-06-16,BBCA,2205.0,2225.0,2190.0,2205.0,1709.5972900390625,51139500,0.0,0.0
2014-06-17,BBCA,2215.0,2215.0,2180.0,2215.0,1717.350830078125,73381000,0.0,0.0
2014-06-18,BBCA,2205.0,2210.0,2200.0,2205.0,1709.5972900390625,75782500,0.0,0.0
2014-06-19,BBCA,2210.0,2215.0,2195.0,2210.0,1713.473876953125,41139000,0.0,0.0
2014-06-20,BBCA,2180.0,2230.0,2165.0,2180.0,1690.2138671875,66914500,0.0,0.0
2014-06-23,BBCA,2200.0,2210.0,2190.0,2200.0,1705.720458984375,33760000,0.0,0.0
2014-06-24,BBCA,2190.0,2210.0,2190.0,2190.0,1697.96728515625,28983500,0.0,0.0
2014-06-25,BBCA,2140.0,2200.0,2140.0,2140.0,1659.200927734375,21102000,0.0,0.0
2014-06-26,BBCA,2200.0,2200.0,2175.0,2200.0,1705.720458984375,62898500,0.0,0.0
2014-06-27,BBCA,2165.0,2190.0,2165.0,2165.0,1678.5836181640625,93469500,0.0,0.0
2014-06-30,BBCA,2200.0,2200.0,2150.0,2200.0,1705.720458984375,50699500,0.0,0.0
2014-07-01,BBCA,2200.0,2200.0,2175.0,2200.0,1705.720458984375,53438500,0.0,0.0
2014-07-02,BBCA,2215.0,2215.0,2190.0,2215.0,1717.350830078125,31442000,0.0,0.0
2014-07-03,BBCA,2195.0,2215.0,2195.0,2195.0,1701.843994140625,25151000,0.0,0.0
2014-07-04,BBCA,2220.0,2240.0,2195.0,2220.0,1721.2269287109375,55804000,0.0,0.0
2014-07-07,BBCA,2255.0,2260.0,2235.0,2255.0,1748.3636474609375,71875000,0.0,0.0
2014-07-08,BBCA,2260.0,2290.0,2245.0,2260.0,1752.240234375,68302000,0.0,0.0
2014-07-09,BBCA,2260.0,2260.0,2260.0,2260.0,1752.240234375,0,0.0,0.0
2014-07-10,BBCA,2295.0,2335.0,2285.0,2295.0,1779.37646484375,307891500,0.0,0.0
2014-07-11,BBCA,2260.0,2300.0,2225.0,2260.0,1752.240234375,81939000,0.0,0.0
2014-07-14,BBCA,2260.0,2285.0,2245.0,2260.0,1752.240234375,53238500,0.0,0.0
2014-07-15,BBCA,2280.0,2295.0,2260.0,2280.0,1767.7467041015625,71305500,0.0,0.0
2014-07-16,BBCA,2330.0,2360.0,2300.0,2330.0,1806.5128173828125,169153000,0.0,0.0
2014-07-17,BBCA,2330.0,2360.0,2285.0,2330.0,1806.5128173828125,73349500,0.0,0.0
2014-07-18,BBCA,2330.0,2350.0,2300.0,2330.0,1806.5128173828125,106019500,0.0,0.0
2014-07-21,BBCA,2330.0,2345.0,2325.0,2330.0,1806.5128173828125,61900500,0.0,0.0
2014-07-22,BBCA,2335.0,2350.0,2315.0,2335.0,1810.389892578125,94294000,0.0,0.0
2014-07-23,BBCA,2325.0,2345.0,2310.0,2325.0,1802.6363525390625,36247000,0.0,0.0
2014-07-24,BBCA,2330.0,2345.0,2315.0,2330.0,1806.5128173828125,71035000,0.0,0.0
2014-07-25,BBCA,2320.0,2330.0,2300.0,2320.0,1798.7598876953125,70788500,0.0,0.0
2014-08-04,BBCA,2345.0,2345.0,2190.0,2345.0,1818.142578125,120248500,0.0,0.0
2014-08-05,BBCA,2350.0,2350.0,2340.0,2350.0,1822.0194091796875,39322000,0.0,0.0
2014-08-06,BBCA,2350.0,2350.0,2315.0,2350.0,1822.0194091796875,38810000,0.0,0.0
2014-08-07,BBCA,2320.0,2345.0,2310.0,2320.0,1798.7598876953125,40512500,0.0,0.0
2014-08-08,BBCA,2325.0,2335.0,2320.0,2325.0,1802.6363525390625,27918500,0.0,0.0
2014-08-11,BBCA,2340.0,2365.0,2330.0,2340.0,1814.266357421875,27767500,0.0,0.0
2014-08-12,BBCA,2340.0,2360.0,2335.0,2340.0,1814.266357421875,26468500,0.0,0.0
2014-08-13,BBCA,2350.0,2355.0,2325.0,2350.0,1822.0194091796875,51492000,0.0,0.0
2014-08-14,BBCA,2350.0,2360.0,2340.0,2350.0,1822.0194091796875,35854500,0.0,0.0
2014-08-15,BBCA,2360.0,2360.0,2345.0,2360.0,1829.772705078125,29399500,0.0,0.0
2014-08-18,BBCA,2355.0,2360.0,2345.0,2355.0,1825.8963623046875,31281500,0.0,0.0
2014-08-19,BBCA,2335.0,2370.0,2335.0,2335.0,1810.389892578125,39867000,0.0,0.0
2014-08-20,BBCA,2355.0,2355.0,2335.0,2355.0,1825.8963623046875,34300500,0.0,0.0
2014-08-21,BBCA,2360.0,2360.0,2340.0,2360.0,1829.772705078125,30454000,0.0,0.0
2014-08-22,BBCA,2360.0,2370.0,2340.0,2360.0,1829.772705078125,34615000,0.0,0.0
2014-08-25,BBCA,2355.0,2365.0,2350.0,2355.0,1825.8963623046875,33482500,0.0,0.0
2014-08-26,BBCA,2360.0,2365.0,2340.0,2360.0,1829.772705078125,58021500,0.0,0.0
2014-08-27,BBCA,2370.0,2370.0,2335.0,2370.0,1837.5263671875,56590500,0.0,0.0
2014-08-28,BBCA,2370.0,2370.0,2345.0,2370.0,1837.5263671875,64730500,0.0,0.0
2014-08-29,BBCA,2240.0,2370.0,2240.0,2240.0,1736.73388671875,84465500,0.0,0.0
2014-09-01,BBCA,2340.0,2345.0,2325.0,2340.0,1814.266357421875,53283000,0.0,0.0
2014-09-02,BBCA,2340.0,2360.0,2340.0,2340.0,1814.266357421875,44688000,0.0,0.0
2014-09-03,BBCA,2340.0,2360.0,2340.0,2340.0,1814.266357421875,29420500,0.0,0.0
2014-09-04,BBCA,2360.0,2360.0,2345.0,2360.0,1829.772705078125,37696000,0.0,0.0
2014-09-05,BBCA,2420.0,2420.0,2350.0,2420.0,1876.2923583984375,66048000,0.0,0.0
2014-09-08,BBCA,2455.0,2475.0,2410.0,2455.0,1903.428955078125,108762500,0.0,0.0
2014-09-09,BBCA,2505.0,2515.0,2460.0,2505.0,1942.1951904296875,97355000,0.0,0.0
2014-09-10,BBCA,2470.0,2510.0,2430.0,2470.0,1915.0592041015625,75900500,0.0,0.0
2014-09-11,BBCA,2440.0,2485.0,2440.0,2440.0,1891.7994384765625,47693500,0.0,0.0
2014-09-12,BBCA,2410.0,2445.0,2405.0,2410.0,1868.53955078125,108570500,0.0,0.0
2014-09-15,BBCA,2405.0,2420.0,2380.0,2405.0,1864.662841796875,42618500,0.0,0.0
2014-09-16,BBCA,2390.0,2415.0,2390.0,2390.0,1853.0328369140625,58327500,0.0,0.0
2014-09-17,BBCA,2450.0,2460.0,2405.0,2450.0,1899.552001953125,60281000,0.0,0.0
2014-09-18,BBCA,2510.0,2515.0,2450.0,2510.0,1946.07177734375,67597000,0.0,0.0
2014-09-19,BBCA,2520.0,2545.0,2500.0,2520.0,1953.8250732421875,117897500,0.0,0.0
2014-09-22,BBCA,2560.0,2560.0,2510.0,2560.0,1984.8387451171875,55171500,0.0,0.0
2014-09-23,BBCA,2530.0,2555.0,2525.0,2530.0,1961.579345703125,37956500,0.0,0.0
2014-09-24,BBCA,2495.0,2540.0,2495.0,2495.0,1934.4423828125,40181500,0.0,0.0
2014-09-25,BBCA,2575.0,2585.0,2500.0,2575.0,1996.46875,91340000,0.0,0.0
2014-09-26,BBCA,2560.0,2570.0,2525.0,2560.0,1984.8387451171875,78450000,0.0,0.0
2014-09-29,BBCA,2615.0,2615.0,2560.0,2615.0,2027.481201171875,56664500,0.0,0.0
2014-09-30,BBCA,2615.0,2625.0,2545.0,2615.0,2027.481201171875,120284000,0.0,0.0
2014-10-01,BBCA,2605.0,2715.0,2605.0,2605.0,2019.7283935546875,55827500,0.0,0.0
2014-10-02,BBCA,2480.0,2580.0,2470.0,2480.0,1922.8118896484375,151528500,0.0,0.0
2014-10-03,BBCA,2425.0,2510.0,2415.0,2425.0,1880.1693115234375,69873000,0.0,0.0
2014-10-06,BBCA,2460.0,2475.0,2410.0,2460.0,1907.3057861328125,36362500,0.0,0.0
2014-10-07,BBCA,2495.0,2510.0,2445.0,2495.0,1934.4423828125,64333500,0.0,0.0
2014-10-08,BBCA,2500.0,2520.0,2445.0,2500.0,1938.3189697265625,69397500,0.0,0.0
2014-10-09,BBCA,2550.0,2575.0,2510.0,2550.0,1977.08544921875,80639000,0.0,0.0
2014-10-10,BBCA,2560.0,2590.0,2520.0,2560.0,1984.8387451171875,76848000,0.0,0.0
2014-10-13,BBCA,2520.0,2560.0,2520.0,2520.0,1953.8250732421875,54695000,0.0,0.0
2014-10-14,BBCA,2525.0,2550.0,2500.0,2525.0,1957.7021484375,43902500,0.0,0.0
2014-10-15,BBCA,2535.0,2570.0,2525.0,2535.0,1965.4552001953125,42555500,0.0,0.0
2014-10-16,BBCA,2520.0,2550.0,2520.0,2520.0,1953.8250732421875,46722000,0.0,0.0
2014-10-17,BBCA,2515.0,2570.0,2500.0,2515.0,1949.9482421875,77883000,0.0,0.0
2014-10-20,BBCA,2525.0,2565.0,2525.0,2525.0,1957.7021484375,47758000,0.0,0.0
2014-10-21,BBCA,2550.0,2565.0,2525.0,2550.0,1977.08544921875,51469500,0.0,0.0
2014-10-22,BBCA,2605.0,2615.0,2555.0,2605.0,2019.7283935546875,70014000,0.0,0.0
2014-10-23,BBCA,2655.0,2660.0,2610.0,2655.0,2058.494384765625,89350000,0.0,0.0
2014-10-24,BBCA,2665.0,2715.0,2620.0,2665.0,2066.248291015625,56123500,0.0,0.0
2014-10-27,BBCA,2635.0,2690.0,2635.0,2635.0,2042.9886474609375,40672000,0.0,0.0
2014-10-28,BBCA,2665.0,2680.0,2645.0,2665.0,2066.248291015625,25416000,0.0,0.0
2014-10-29,BBCA,2675.0,2680.0,2650.0,2675.0,2074.0009765625,48666500,0.0,0.0
2014-10-30,BBCA,2600.0,2640.0,2595.0,2600.0,2015.8516845703125,65087000,0.0,0.0
2014-10-31,BBCA,2610.0,2645.0,2565.0,2610.0,2023.6051025390625,86931000,0.0,0.0
2014-11-03,BBCA,2615.0,2630.0,2590.0,2615.0,2027.481201171875,45283500,0.0,0.0
2014-11-04,BBCA,2605.0,2610.0,2585.0,2605.0,2019.7283935546875,47220500,0.0,0.0
2014-11-05,BBCA,2620.0,2625.0,2605.0,2620.0,2031.3580322265625,35484000,0.0,0.0
2014-11-06,BBCA,2595.0,2620.0,2590.0,2595.0,2011.9744873046875,51025500,0.0,0.0
2014-11-07,BBCA,2540.0,2600.0,2520.0,2540.0,1969.3319091796875,72696000,0.0,0.0
2014-11-10,BBCA,2510.0,2540.0,2500.0,2510.0,1946.07177734375,49966500,0.0,0.0
2014-11-11,BBCA,2565.0,2585.0,2520.0,2565.0,1988.7152099609375,63908500,0.0,0.0
2014-11-12,BBCA,2575.0,2590.0,2535.0,2575.0,1996.46875,45788000,0.0,0.0
2014-11-13,BBCA,2575.0,2590.0,2545.0,2575.0,1996.46875,35376500,0.0,0.0
2014-11-14,BBCA,2585.0,2600.0,2565.0,2585.0,2004.2215576171875,58056000,0.0,0.0
2014-11-17,BBCA,2585.0,2610.0,2580.0,2580.0,2000.344970703125,39718000,0.0,0.0
2014-11-18,BBCA,2620.0,2630.0,2595.0,2620.0,2031.3580322265625,68719500,0.0,0.0
2014-11-19,BBCA,2670.0,2680.0,2635.0,2670.0,2070.12451171875,146475500,0.0,0.0
2014-11-20,BBCA,2650.0,2670.0,2645.0,2650.0,2054.617431640625,71286000,0.0,0.0
2014-11-21,BBCA,2665.0,2680.0,2630.0,2665.0,2066.248291015625,52218500,0.0,0.0
2014-11-24,BBCA,2655.0,2705.0,2645.0,2655.0,2058.494384765625,77269000,0.0,0.0
2014-11-25,BBCA,2650.0,2665.0,2650.0,2650.0,2054.617431640625,83678500,0.0,0.0
2014-11-26,BBCA,2645.0,2665.0,2645.0,2645.0,2050.74169921875,30011000,0.0,0.0
2014-11-27,BBCA,2620.0,2665.0,2610.0,2620.0,2031.3580322265625,76328500,0.0,0.0
2014-11-28,BBCA,2620.0,2635.0,2605.0,2620.0,2031.3580322265625,40601500,0.0,0.0
2014-12-01,BBCA,2640.0,2640.0,2610.0,2615.0,2027.481201171875,66768000,0.0,0.0
2014-12-02,BBCA,2615.0,2660.0,2615.0,2640.0,2046.86474609375,87585500,0.0,0.0
2014-12-03,BBCA,2645.0,2670.0,2620.0,2650.0,2054.617431640625,56958500,0.0,0.0
2014-12-04,BBCA,2670.0,2680.0,2650.0,2650.0,2054.617431640625,52848000,0.0,0.0
2014-12-05,BBCA,2660.0,2685.0,2655.0,2670.0,2077.9658203125,66586500,10.0,0.0
2014-12-08,BBCA,2655.0,2680.0,2645.0,2655.0,2066.292236328125,37435500,0.0,0.0
2014-12-09,BBCA,2660.0,2680.0,2630.0,2650.0,2062.400634765625,38254000,0.0,0.0
2014-12-10,BBCA,2630.0,2675.0,2630.0,2660.0,2070.1826171875,32998000,0.0,0.0
2014-12-11,BBCA,2660.0,2675.0,2645.0,2655.0,2066.292236328125,54459500,0.0,0.0
2014-12-12,BBCA,2640.0,2665.0,2640.0,2650.0,2062.400634765625,50302000,0.0,0.0
2014-12-15,BBCA,2600.0,2620.0,2575.0,2610.0,2031.27001953125,94633000,0.0,0.0
2014-12-16,BBCA,2590.0,2640.0,2565.0,2570.0,2000.1395263671875,70763000,0.0,0.0
2014-12-17,BBCA,2600.0,2610.0,2570.0,2570.0,2000.1395263671875,51464000,0.0,0.0
2014-12-18,BBCA,2600.0,2610.0,2585.0,2595.0,2019.595703125,52271000,0.0,0.0
2014-12-19,BBCA,2630.0,2650.0,2620.0,2635.0,2050.726806640625,83389500,0.0,0.0
2014-12-22,BBCA,2650.0,2650.0,2615.0,2615.0,2035.1611328125,33301000,0.0,0.0
2014-12-23,BBCA,2640.0,2640.0,2625.0,2630.0,2046.83544921875,21132000,0.0,0.0
2014-12-24,BBCA,2650.0,2655.0,2635.0,2640.0,2054.61767578125,19135500,0.0,0.0
2014-12-29,BBCA,2630.0,2650.0,2625.0,2630.0,2046.83544921875,24315000,0.0,0.0
2014-12-30,BBCA,2615.0,2640.0,2615.0,2625.0,2042.9439697265625,32338500,0.0,0.0
2015-01-02,BBCA,2655.0,2655.0,2630.0,2645.0,2058.509521484375,29302500,0.0,0.0
2015-01-05,BBCA,2630.0,2640.0,2625.0,2640.0,2054.61767578125,25434500,0.0,0.0
2015-01-06,BBCA,2600.0,2640.0,2600.0,2620.0,2039.0526123046875,48681500,0.0,0.0
2015-01-07,BBCA,2610.0,2640.0,2610.0,2625.0,2042.9439697265625,40334000,0.0,0.0
2015-01-08,BBCA,2625.0,2630.0,2595.0,2595.0,2019.595703125,54457000,0.0,0.0
2015-01-09,BBCA,2605.0,2615.0,2585.0,2585.0,2011.8135986328125,108957500,0.0,0.0
2015-01-12,BBCA,2585.0,2600.0,2560.0,2600.0,2023.4874267578125,81651000,0.0,0.0
2015-01-13,BBCA,2610.0,2610.0,2595.0,2600.0,2023.4874267578125,36024000,0.0,0.0
2015-01-14,BBCA,2605.0,2605.0,2585.0,2585.0,2011.8135986328125,29728000,0.0,0.0
2015-01-15,BBCA,2590.0,2610.0,2590.0,2590.0,2015.7044677734375,27580500,0.0,0.0
2015-01-16,BBCA,2605.0,2605.0,2590.0,2590.0,2015.7044677734375,46354500,0.0,0.0
2015-01-19,BBCA,2595.0,2605.0,2595.0,2600.0,2023.4874267578125,26134500,0.0,0.0
2015-01-20,BBCA,2595.0,2610.0,2585.0,2605.0,2027.3782958984375,36285500,0.0,0.0
2015-01-21,BBCA,2610.0,2640.0,2605.0,2615.0,2035.1611328125,73258000,0.0,0.0
2015-01-22,BBCA,2610.0,2645.0,2610.0,2640.0,2054.61767578125,58654000,0.0,0.0
2015-01-23,BBCA,2645.0,2680.0,2645.0,2665.0,2074.07421875,121011000,0.0,0.0
2015-01-26,BBCA,2665.0,2680.0,2605.0,2630.0,2046.83544921875,103089000,0.0,0.0
2015-01-27,BBCA,2630.0,2645.0,2625.0,2640.0,2054.61767578125,49988500,0.0,0.0
2015-01-28,BBCA,2635.0,2665.0,2630.0,2655.0,2066.292236328125,48230000,0.0,0.0
2015-01-29,BBCA,2650.0,2665.0,2640.0,2665.0,2074.07421875,41599500,0.0,0.0
2015-01-30,BBCA,2680.0,2685.0,2665.0,2675.0,2081.85693359375,94142500,0.0,0.0
2015-02-02,BBCA,2670.0,2675.0,2650.0,2670.0,2077.9658203125,38816500,0.0,0.0
2015-02-03,BBCA,2675.0,2700.0,2670.0,2700.0,2101.31298828125,67046500,0.0,0.0
2015-02-04,BBCA,2705.0,2800.0,2695.0,2780.0,2163.574951171875,136306000,0.0,0.0
2015-02-05,BBCA,2780.0,2785.0,2675.0,2740.0,2132.444580078125,83923500,0.0,0.0
2015-02-06,BBCA,2755.0,2760.0,2730.0,2740.0,2132.444580078125,54060500,0.0,0.0
2015-02-09,BBCA,2700.0,2780.0,2700.0,2760.0,2148.009765625,68609000,0.0,0.0
2015-02-10,BBCA,2775.0,2780.0,2730.0,2750.0,2140.2265625,50540500,0.0,0.0
2015-02-11,BBCA,2755.0,2785.0,2740.0,2785.0,2167.466064453125,46471500,0.0,0.0
2015-02-12,BBCA,2785.0,2790.0,2770.0,2780.0,2163.574951171875,58455500,0.0,0.0
2015-02-13,BBCA,2800.0,2850.0,2795.0,2805.0,2183.03125,90653500,0.0,0.0
2015-02-16,BBCA,2810.0,2835.0,2800.0,2800.0,2179.14013671875,30501000,0.0,0.0
2015-02-17,BBCA,2800.0,2825.0,2800.0,2815.0,2190.81396484375,47945000,0.0,0.0
2015-02-18,BBCA,2840.0,2910.0,2800.0,2815.0,2190.81396484375,57782000,0.0,0.0
2015-02-20,BBCA,2860.0,2865.0,2810.0,2810.0,2186.922607421875,25162000,0.0,0.0
2015-02-23,BBCA,2815.0,2845.0,2795.0,2805.0,2183.03125,55871500,0.0,0.0
2015-02-24,BBCA,2810.0,2815.0,2785.0,2810.0,2186.922607421875,46482000,0.0,0.0
2015-02-25,BBCA,2800.0,2835.0,2800.0,2820.0,2194.706298828125,39573000,0.0,0.0
2015-02-26,BBCA,2795.0,2835.0,2795.0,2815.0,2190.81396484375,63400500,0.0,0.0
2015-02-27,BBCA,2800.0,2830.0,2800.0,2820.0,2194.706298828125,91257500,0.0,0.0
2015-03-02,BBCA,2830.0,2860.0,2820.0,2845.0,2214.161865234375,105783500,0.0,0.0
2015-03-03,BBCA,2870.0,2915.0,2865.0,2880.0,2241.401123046875,100166000,0.0,0.0
2015-03-04,BBCA,2900.0,2915.0,2875.0,2885.0,2245.292236328125,61321500,0.0,0.0
2015-03-05,BBCA,2900.0,2930.0,2895.0,2900.0,2256.966552734375,63347500,0.0,0.0
2015-03-06,BBCA,2900.0,2935.0,2900.0,2920.0,2272.531494140625,84722000,0.0,0.0
2015-03-09,BBCA,2880.0,2895.0,2820.0,2875.0,2237.510009765625,75837500,0.0,0.0
2015-03-10,BBCA,2880.0,2905.0,2850.0,2885.0,2245.292236328125,56405500,0.0,0.0
2015-03-11,BBCA,2850.0,2875.0,2845.0,2855.0,2221.94482421875,86270500,0.0,0.0
2015-03-12,BBCA,2845.0,2855.0,2830.0,2840.0,2210.27099609375,57496500,0.0,0.0
2015-03-13,BBCA,2840.0,2855.0,2810.0,2820.0,2194.706298828125,79901500,0.0,0.0
2015-03-16,BBCA,2805.0,2865.0,2805.0,2830.0,2202.488525390625,60353500,0.0,0.0
2015-03-17,BBCA,2855.0,2860.0,2820.0,2820.0,2194.706298828125,50729500,0.0,0.0
2015-03-18,BBCA,2820.0,2850.0,2820.0,2845.0,2214.161865234375,52346500,0.0,0.0
2015-03-19,BBCA,2860.0,2870.0,2835.0,2850.0,2218.052734375,58573500,0.0,0.0
2015-03-20,BBCA,2835.0,2895.0,2835.0,2865.0,2229.726806640625,104343000,0.0,0.0
2015-03-23,BBCA,2880.0,2910.0,2880.0,2890.0,2249.184326171875,44297500,0.0,0.0
2015-03-24,BBCA,2910.0,2935.0,2900.0,2910.0,2264.749755859375,64996000,0.0,0.0
2015-03-25,BBCA,2910.0,2950.0,2900.0,2925.0,2276.42333984375,36811000,0.0,0.0
2015-03-26,BBCA,2900.0,2945.0,2895.0,2905.0,2260.857421875,71972500,0.0,0.0
2015-03-27,BBCA,2895.0,2905.0,2875.0,2890.0,2249.184326171875,69993000,0.0,0.0
2015-03-30,BBCA,2890.0,2930.0,2890.0,2900.0,2256.966552734375,50985500,0.0,0.0
2015-03-31,BBCA,2960.0,2965.0,2935.0,2965.0,2307.553955078125,85598000,0.0,0.0
2015-04-01,BBCA,2975.0,2985.0,2955.0,2965.0,2307.553955078125,42093500,0.0,0.0
2015-04-02,BBCA,2985.0,2985.0,2945.0,2960.0,2303.662109375,42424000,0.0,0.0
2015-04-06,BBCA,2960.0,3090.0,2955.0,3035.0,2362.0322265625,71232500,0.0,0.0
2015-04-07,BBCA,3095.0,3120.0,3055.0,3060.0,2381.489501953125,58844000,0.0,0.0
2015-04-08,BBCA,3015.0,3030.0,2980.0,3005.0,2338.6845703125,86916000,0.0,0.0
2015-04-09,BBCA,3015.0,3040.0,2990.0,3015.0,2346.467041015625,68708000,0.0,0.0
2015-04-10,BBCA,3040.0,3045.0,2990.0,3010.0,2342.57568359375,56706000,0.0,0.0
2015-04-13,BBCA,3005.0,3015.0,2995.0,3005.0,2338.6845703125,41635500,0.0,0.0
2015-04-14,BBCA,3000.0,3025.0,2985.0,2990.0,2327.010498046875,80112500,0.0,0.0
2015-04-15,BBCA,2980.0,2990.0,2930.0,2950.0,2295.879638671875,108377000,0.0,0.0
2015-04-16,BBCA,2960.0,2985.0,2935.0,2980.0,2319.227783203125,93601500,0.0,0.0
2015-04-17,BBCA,2980.0,2980.0,2950.0,2950.0,2311.07958984375,129331500,19.6,0.0
2015-04-20,BBCA,2940.0,2980.0,2925.0,2940.0,2303.245849609375,57051500,0.0,0.0
2015-04-21,BBCA,2945.0,3000.0,2940.0,2980.0,2334.582763671875,101934500,0.0,0.0
2015-04-22,BBCA,2990.0,2990.0,2965.0,2975.0,2330.666015625,80424500,0.0,0.0
2015-04-23,BBCA,2990.0,3000.0,2975.0,2980.0,2334.582763671875,45916500,0.0,0.0
2015-04-24,BBCA,2980.0,3000.0,2970.0,2980.0,2334.582763671875,51549000,0.0,0.0
2015-04-27,BBCA,2960.0,2970.0,2805.0,2840.0,2224.904541015625,214693500,0.0,0.0
2015-04-28,BBCA,2820.0,2840.0,2780.0,2810.0,2201.40185546875,145994000,0.0,0.0
2015-04-29,BBCA,2800.0,2800.0,2640.0,2700.0,2115.225341796875,289103500,0.0,0.0
2015-04-30,BBCA,2660.0,2740.0,2580.0,2695.0,2111.308837890625,201869500,0.0,0.0
2015-05-04,BBCA,2695.0,2770.0,2690.0,2745.0,2150.480224609375,87705000,0.0,0.0
2015-05-05,BBCA,2750.0,2785.0,2735.0,2770.0,2170.065185546875,90141500,0.0,0.0
2015-05-06,BBCA,2750.0,2755.0,2715.0,2740.0,2146.562744140625,150119000,0.0,0.0
2015-05-07,BBCA,2720.0,2755.0,2715.0,2740.0,2146.562744140625,55087000,0.0,0.0
2015-05-08,BBCA,2750.0,2775.0,2735.0,2755.0,2158.313720703125,56698000,0.0,0.0
2015-05-11,BBCA,2760.0,2765.0,2725.0,2740.0,2146.562744140625,67537000,0.0,0.0
2015-05-12,BBCA,2725.0,2765.0,2720.0,2745.0,2150.480224609375,54424500,0.0,0.0
2015-05-13,BBCA,2730.0,2760.0,2730.0,2745.0,2150.480224609375,68930000,0.0,0.0
2015-05-15,BBCA,2745.0,2755.0,2680.0,2705.0,2119.14306640625,102469000,0.0,0.0
2015-05-18,BBCA,2720.0,2725.0,2705.0,2720.0,2130.894287109375,43827000,0.0,0.0
2015-05-19,BBCA,2725.0,2770.0,2710.0,2730.0,2138.728759765625,52107000,0.0,0.0
2015-05-20,BBCA,2755.0,2805.0,2740.0,2775.0,2173.982421875,58482500,0.0,0.0
2015-05-21,BBCA,2790.0,2875.0,2780.0,2825.0,2213.15380859375,63650000,0.0,0.0
2015-05-22,BBCA,2850.0,2900.0,2820.0,2870.0,2248.40673828125,63902500,0.0,0.0
2015-05-25,BBCA,2870.0,2875.0,2850.0,2860.0,2240.572265625,39425000,0.0,0.0
2015-05-26,BBCA,2840.0,2900.0,2830.0,2870.0,2248.40673828125,117738500,0.0,0.0
2015-05-27,BBCA,2870.0,2880.0,2850.0,2850.0,2232.73779296875,79384000,0.0,0.0
2015-05-28,BBCA,2820.0,2850.0,2810.0,2830.0,2217.070556640625,36940000,0.0,0.0
2015-05-29,BBCA,2845.0,2860.0,2815.0,2825.0,2213.15380859375,111287500,0.0,0.0
2015-06-01,BBCA,2800.0,2825.0,2790.0,2825.0,2213.15380859375,24317000,0.0,0.0
2015-06-03,BBCA,2800.0,2805.0,2695.0,2720.0,2130.894287109375,159175000,0.0,0.0
2015-06-04,BBCA,2700.0,2750.0,2700.0,2725.0,2134.8115234375,58319500,0.0,0.0
2015-06-05,BBCA,2690.0,2740.0,2690.0,2730.0,2138.728759765625,48272000,0.0,0.0
2015-06-08,BBCA,2700.0,2720.0,2680.0,2715.0,2126.97705078125,86888000,0.0,0.0
2015-06-09,BBCA,2680.0,2705.0,2610.0,2660.0,2083.888916015625,131941500,0.0,0.0
2015-06-10,BBCA,2660.0,2720.0,2610.0,2665.0,2087.80615234375,82218000,0.0,0.0
2015-06-11,BBCA,2680.0,2695.0,2630.0,2670.0,2091.7236328125,64210500,0.0,0.0
2015-06-12,BBCA,2635.0,2660.0,2625.0,2650.0,2076.05517578125,77427500,0.0,0.0
2015-06-15,BBCA,2660.0,2665.0,2645.0,2660.0,2083.888916015625,44849000,0.0,0.0
2015-06-16,BBCA,2655.0,2695.0,2630.0,2670.0,2091.7236328125,67394000,0.0,0.0
2015-06-17,BBCA,2700.0,2765.0,2690.0,2745.0,2150.480224609375,69230000,0.0,0.0
2015-06-18,BBCA,2740.0,2740.0,2700.0,2725.0,2134.8115234375,29546500,0.0,0.0
2015-06-19,BBCA,2725.0,2765.0,2725.0,2740.0,2146.562744140625,70895500,0.0,0.0
2015-06-22,BBCA,2740.0,2760.0,2730.0,2745.0,2150.480224609375,36878000,0.0,0.0
2015-06-23,BBCA,2745.0,2750.0,2735.0,2735.0,2142.645751953125,41165500,0.0,0.0
2015-06-24,BBCA,2730.0,2755.0,2725.0,2725.0,2134.8115234375,58809500,0.0,0.0
2015-06-25,BBCA,2725.0,2740.0,2670.0,2695.0,2111.308837890625,82101000,0.0,0.0
2015-06-26,BBCA,2690.0,2750.0,2660.0,2710.0,2123.0595703125,65003500,0.0,0.0
2015-06-29,BBCA,2680.0,2710.0,2665.0,2700.0,2115.225341796875,50187000,0.0,0.0
2015-06-30,BBCA,2725.0,2750.0,2700.0,2700.0,2115.225341796875,69145000,0.0,0.0
2015-07-01,BBCA,2720.0,2730.0,2700.0,2700.0,2115.225341796875,35987500,0.0,0.0
2015-07-02,BBCA,2695.0,2745.0,2670.0,2720.0,2130.894287109375,54548500,0.0,0.0
2015-07-03,BBCA,2700.0,2730.0,2700.0,2725.0,2134.8115234375,22845500,0.0,0.0
2015-07-06,BBCA,2715.0,2730.0,2700.0,2720.0,2130.894287109375,45003000,0.0,0.0
2015-07-07,BBCA,2705.0,2725.0,2640.0,2640.0,2068.220703125,64968500,0.0,0.0
2015-07-08,BBCA,2680.0,2690.0,2620.0,2665.0,2087.80615234375,74970000,0.0,0.0
2015-07-09,BBCA,2630.0,2650.0,2610.0,2650.0,2076.05517578125,58611000,0.0,0.0
2015-07-10,BBCA,2650.0,2680.0,2650.0,2660.0,2083.888916015625,42836500,0.0,0.0
2015-07-13,BBCA,2660.0,2710.0,2660.0,2700.0,2115.225341796875,53040500,0.0,0.0
2015-07-14,BBCA,2710.0,2730.0,2700.0,2720.0,2130.894287109375,41833500,0.0,0.0
2015-07-15,BBCA,2695.0,2700.0,2680.0,2700.0,2115.225341796875,61445000,0.0,0.0
2015-07-22,BBCA,2715.0,2715.0,2655.0,2710.0,2123.0595703125,89975500,0.0,0.0
2015-07-23,BBCA,2720.0,2780.0,2705.0,2750.0,2154.396728515625,37129500,0.0,0.0
2015-07-24,BBCA,2755.0,2755.0,2720.0,2745.0,2150.480224609375,19026000,0.0,0.0
2015-07-27,BBCA,2700.0,2705.0,2640.0,2690.0,2107.3916015625,64015500,0.0,0.0
2015-07-28,BBCA,2640.0,2645.0,2580.0,2600.0,2036.8841552734375,112963500,0.0,0.0
2015-07-29,BBCA,2600.0,2630.0,2530.0,2570.0,2013.3818359375,81937500,0.0,0.0
2015-07-30,BBCA,2575.0,2625.0,2560.0,2560.0,2005.548095703125,46801000,0.0,0.0
2015-07-31,BBCA,2590.0,2630.0,2570.0,2620.0,2052.552490234375,115876500,0.0,0.0
2015-08-03,BBCA,2585.0,2650.0,2585.0,2650.0,2076.05517578125,61213000,0.0,0.0
2015-08-04,BBCA,2660.0,2680.0,2625.0,2660.0,2083.888916015625,44712500,0.0,0.0
2015-08-05,BBCA,2660.0,2770.0,2645.0,2740.0,2146.562744140625,73984500,0.0,0.0
2015-08-06,BBCA,2740.0,2780.0,2740.0,2760.0,2162.23095703125,66426000,0.0,0.0
2015-08-07,BBCA,2740.0,2760.0,2715.0,2750.0,2154.396728515625,27262000,0.0,0.0
2015-08-10,BBCA,2730.0,2770.0,2715.0,2770.0,2170.065185546875,25633500,0.0,0.0
2015-08-11,BBCA,2770.0,2780.0,2670.0,2710.0,2123.0595703125,52619000,0.0,0.0
2015-08-12,BBCA,2640.0,2650.0,2595.0,2630.0,2060.386962890625,148795000,0.0,0.0
2015-08-13,BBCA,2570.0,2645.0,2570.0,2640.0,2068.220703125,102339000,0.0,0.0
2015-08-14,BBCA,2650.0,2655.0,2635.0,2650.0,2076.05517578125,31860000,0.0,0.0
2015-08-18,BBCA,2650.0,2665.0,2585.0,2595.0,2032.9669189453125,102204500,0.0,0.0
2015-08-19,BBCA,2570.0,2590.0,2530.0,2540.0,1989.8798828125,82035000,0.0,0.0
2015-08-20,BBCA,2540.0,2540.0,2450.0,2455.0,1923.2889404296875,127105500,0.0,0.0
2015-08-21,BBCA,2420.0,2440.0,2370.0,2375.0,1860.6156005859375,109838000,0.0,0.0
2015-08-24,BBCA,2280.0,2370.0,2200.0,2260.0,1770.5224609375,173094000,0.0,0.0
2015-08-25,BBCA,2300.0,2395.0,2280.0,2325.0,1821.444580078125,184156000,0.0,0.0
2015-08-26,BBCA,2370.0,2380.0,2305.0,2370.0,1856.6986083984375,104006500,0.0,0.0
2015-08-27,BBCA,2430.0,2550.0,2430.0,2520.0,1974.2110595703125,113488500,0.0,0.0
2015-08-28,BBCA,2570.0,2580.0,2550.0,2570.0,2013.3818359375,108531000,0.0,0.0
2015-08-31,BBCA,2570.0,2580.0,2545.0,2580.0,2021.2166748046875,98327000,0.0,0.0
2015-09-01,BBCA,2570.0,2570.0,2500.0,2515.0,1970.2935791015625,51436500,0.0,0.0
2015-09-02,BBCA,2440.0,2490.0,2440.0,2455.0,1923.2889404296875,106837000,0.0,0.0
2015-09-03,BBCA,2485.0,2490.0,2450.0,2460.0,1927.20556640625,44130500,0.0,0.0
2015-09-04,BBCA,2455.0,2455.0,2435.0,2450.0,1919.3717041015625,50424000,0.0,0.0
2015-09-07,BBCA,2440.0,2440.0,2385.0,2385.0,1868.4500732421875,35620000,0.0,0.0
2015-09-08,BBCA,2365.0,2400.0,2350.0,2360.0,1848.8641357421875,66183500,0.0,0.0
2015-09-09,BBCA,2380.0,2405.0,2380.0,2385.0,1868.4500732421875,53327500,0.0,0.0
2015-09-10,BBCA,2370.0,2405.0,2355.0,2385.0,1868.4500732421875,63130500,0.0,0.0
2015-09-11,BBCA,2400.0,2400.0,2380.0,2385.0,1868.4500732421875,45032500,0.0,0.0
2015-09-14,BBCA,2400.0,2425.0,2385.0,2420.0,1895.869140625,35836000,0.0,0.0
2015-09-15,BBCA,2400.0,2420.0,2365.0,2390.0,1872.36669921875,38335000,0.0,0.0
2015-09-16,BBCA,2380.0,2385.0,2360.0,2370.0,1856.6986083984375,66782000,0.0,0.0
2015-09-17,BBCA,2390.0,2445.0,2385.0,2445.0,1915.4549560546875,57698000,0.0,0.0
2015-09-18,BBCA,2420.0,2455.0,2410.0,2455.0,1923.2889404296875,99438000,0.0,0.0
2015-09-21,BBCA,2420.0,2445.0,2405.0,2435.0,1907.6207275390625,47211000,0.0,0.0
2015-09-22,BBCA,2410.0,2440.0,2410.0,2430.0,1903.7030029296875,58871000,0.0,0.0
2015-09-23,BBCA,2385.0,2400.0,2370.0,2375.0,1860.6156005859375,90731500,0.0,0.0
2015-09-25,BBCA,2385.0,2395.0,2345.0,2360.0,1848.8641357421875,71245500,0.0,0.0
2015-09-28,BBCA,2350.0,2350.0,2290.0,2295.0,1797.9420166015625,49442500,0.0,0.0
2015-09-29,BBCA,2275.0,2395.0,2260.0,2380.0,1864.5325927734375,68056000,0.0,0.0
2015-09-30,BBCA,2400.0,2490.0,2380.0,2455.0,1923.2889404296875,91292000,0.0,0.0
2015-10-01,BBCA,2460.0,2500.0,2400.0,2400.0,1880.2005615234375,49868500,0.0,0.0
2015-10-02,BBCA,2400.0,2470.0,2375.0,2375.0,1860.6156005859375,43348000,0.0,0.0
2015-10-05,BBCA,2460.0,2560.0,2435.0,2510.0,1966.3763427734375,110755500,0.0,0.0
2015-10-06,BBCA,2520.0,2615.0,2520.0,2590.0,2029.0499267578125,141434500,0.0,0.0
2015-10-07,BBCA,2600.0,2640.0,2590.0,2600.0,2036.8841552734375,121875500,0.0,0.0
2015-10-08,BBCA,2620.0,2670.0,2605.0,2620.0,2052.552490234375,80631000,0.0,0.0
2015-10-09,BBCA,2665.0,2685.0,2640.0,2640.0,2068.220703125,148204000,0.0,0.0
2015-10-12,BBCA,2650.0,2720.0,2650.0,2675.0,2095.64013671875,154913500,0.0,0.0
2015-10-13,BBCA,2680.0,2680.0,2585.0,2590.0,2029.0499267578125,86162000,0.0,0.0
2015-10-15,BBCA,2600.0,2630.0,2585.0,2595.0,2032.9669189453125,112243500,0.0,0.0
2015-10-16,BBCA,2600.0,2600.0,2550.0,2560.0,2005.548095703125,80741500,0.0,0.0
2015-10-19,BBCA,2560.0,2655.0,2560.0,2625.0,2056.469482421875,75688000,0.0,0.0
2015-10-20,BBCA,2655.0,2660.0,2630.0,2640.0,2068.220703125,76519500,0.0,0.0
2015-10-21,BBCA,2660.0,2700.0,2660.0,2665.0,2087.80615234375,48500500,0.0,0.0
2015-10-22,BBCA,2690.0,2700.0,2670.0,2680.0,2099.557373046875,41297500,0.0,0.0
2015-10-23,BBCA,2755.0,2755.0,2685.0,2695.0,2111.308837890625,54593500,0.0,0.0
2015-10-26,BBCA,2730.0,2745.0,2715.0,2730.0,2138.728759765625,72511000,0.0,0.0
2015-10-27,BBCA,2710.0,2740.0,2690.0,2730.0,2138.728759765625,41899000,0.0,0.0
2015-10-28,BBCA,2685.0,2745.0,2685.0,2715.0,2126.97705078125,51959500,0.0,0.0
2015-10-29,BBCA,2725.0,2745.0,2600.0,2630.0,2060.386962890625,73029000,0.0,0.0
2015-10-30,BBCA,2650.0,2650.0,2580.0,2580.0,2021.2166748046875,66730000,0.0,0.0
2015-11-02,BBCA,2560.0,2580.0,2535.0,2555.0,2001.6307373046875,85304000,0.0,0.0
2015-11-03,BBCA,2580.0,2645.0,2580.0,2630.0,2060.386962890625,61280000,0.0,0.0
2015-11-04,BBCA,2650.0,2725.0,2650.0,2685.0,2103.474609375,81950500,0.0,0.0
2015-11-05,BBCA,2700.0,2745.0,2665.0,2710.0,2123.0595703125,58454500,0.0,0.0
2015-11-06,BBCA,2750.0,2750.0,2690.0,2710.0,2123.0595703125,28853500,0.0,0.0
2015-11-09,BBCA,2700.0,2700.0,2605.0,2625.0,2056.469482421875,37358000,0.0,0.0
2015-11-10,BBCA,2600.0,2650.0,2585.0,2585.0,2025.1331787109375,68137000,0.0,0.0
2015-11-11,BBCA,2590.0,2625.0,2585.0,2595.0,2032.9669189453125,43298000,0.0,0.0
2015-11-12,BBCA,2595.0,2660.0,2595.0,2595.0,2032.9669189453125,26996500,0.0,0.0
2015-11-13,BBCA,2580.0,2605.0,2580.0,2585.0,2033.754150390625,39106500,11.0,0.0
2015-11-16,BBCA,2570.0,2580.0,2530.0,2580.0,2029.820068359375,36399000,0.0,0.0
2015-11-17,BBCA,2620.0,2660.0,2620.0,2625.0,2065.223876953125,77918000,0.0,0.0
2015-11-18,BBCA,2625.0,2665.0,2610.0,2615.0,2057.356689453125,34843500,0.0,0.0
2015-11-19,BBCA,2620.0,2645.0,2590.0,2590.0,2037.6878662109375,85414000,0.0,0.0
2015-11-20,BBCA,2590.0,2640.0,2580.0,2630.0,2069.158447265625,51167500,0.0,0.0
2015-11-23,BBCA,2650.0,2665.0,2635.0,2660.0,2092.76025390625,52341000,0.0,0.0
2015-11-24,BBCA,2650.0,2715.0,2650.0,2695.0,2120.296630859375,94665500,0.0,0.0
2015-11-25,BBCA,2695.0,2725.0,2690.0,2700.0,2124.230712890625,51458500,0.0,0.0
2015-11-26,BBCA,2720.0,2745.0,2700.0,2705.0,2128.16455078125,84898500,0.0,0.0
2015-11-27,BBCA,2720.0,2720.0,2620.0,2630.0,2069.158447265625,23257500,0.0,0.0
2015-11-30,BBCA,2620.0,2625.0,2475.0,2475.0,1947.2113037109375,356188000,0.0,0.0
2015-12-01,BBCA,2540.0,2665.0,2540.0,2650.0,2084.892822265625,144760000,0.0,0.0
2015-12-02,BBCA,2655.0,2690.0,2620.0,2660.0,2092.76025390625,69710500,0.0,0.0
2015-12-03,BBCA,2640.0,2670.0,2625.0,2660.0,2092.76025390625,38554500,0.0,0.0
2015-12-04,BBCA,2660.0,2660.0,2620.0,2625.0,2065.223876953125,45929500,0.0,0.0
2015-12-07,BBCA,2640.0,2670.0,2635.0,2645.0,2080.958984375,49197000,0.0,0.0
2015-12-08,BBCA,2615.0,2670.0,2600.0,2605.0,2049.48876953125,52757500,0.0,0.0
2015-12-09,BBCA,2605.0,2605.0,2605.0,2605.0,2049.48876953125,0,0.0,0.0
2015-12-10,BBCA,2580.0,2700.0,2580.0,2700.0,2124.230712890625,76059500,0.0,0.0
2015-12-11,BBCA,2690.0,2690.0,2605.0,2640.0,2077.025390625,59727500,0.0,0.0
2015-12-14,BBCA,2600.0,2640.0,2590.0,2640.0,2077.025390625,47580500,0.0,0.0
2015-12-15,BBCA,2610.0,2640.0,2610.0,2620.0,2061.2900390625,47291500,0.0,0.0
2015-12-16,BBCA,2675.0,2710.0,2655.0,2695.0,2120.296630859375,70100000,0.0,0.0
2015-12-17,BBCA,2760.0,2760.0,2715.0,2720.0,2139.96533203125,114667500,0.0,0.0
2015-12-18,BBCA,2690.0,2700.0,2645.0,2645.0,2080.958984375,90887000,0.0,0.0
2015-12-21,BBCA,2630.0,2675.0,2630.0,2635.0,2073.091552734375,34568000,0.0,0.0
2015-12-22,BBCA,2640.0,2660.0,2635.0,2640.0,2077.025390625,61600500,0.0,0.0
2015-12-23,BBCA,2630.0,2660.0,2625.0,2635.0,2073.091552734375,45442000,0.0,0.0
2015-12-28,BBCA,2620.0,2680.0,2620.0,2665.0,2096.694091796875,65440500,0.0,0.0
2015-12-29,BBCA,2640.0,2680.0,2640.0,2650.0,2084.892822265625,57153500,0.0,0.0
2015-12-30,BBCA,2650.0,2740.0,2650.0,2660.0,2092.76025390625,72863000,0.0,0.0
2016-01-04,BBCA,2635.0,2685.0,2630.0,2645.0,2080.958984375,77479500,0.0,0.0
2016-01-05,BBCA,2640.0,2710.0,2640.0,2675.0,2104.561279296875,96609000,0.0,0.0
2016-01-06,BBCA,2665.0,2700.0,2640.0,2640.0,2077.025390625,105370000,0.0,0.0
2016-01-07,BBCA,2620.0,2630.0,2600.0,2600.0,2045.5555419921875,146746500,0.0,0.0
2016-01-08,BBCA,2590.0,2620.0,2590.0,2600.0,2045.5555419921875,125820000,0.0,0.0
2016-01-11,BBCA,2590.0,2595.0,2550.0,2550.0,2006.21728515625,75952000,0.0,0.0
2016-01-12,BBCA,2580.0,2645.0,2580.0,2620.0,2061.2900390625,86093500,0.0,0.0
2016-01-13,BBCA,2645.0,2660.0,2630.0,2635.0,2073.091552734375,76587000,0.0,0.0
2016-01-14,BBCA,2600.0,2630.0,2595.0,2605.0,2049.48876953125,119213500,0.0,0.0
2016-01-15,BBCA,2620.0,2630.0,2600.0,2600.0,2045.5555419921875,68326000,0.0,0.0
2016-01-18,BBCA,2570.0,2620.0,2565.0,2595.0,2041.6212158203125,81317000,0.0,0.0
2016-01-19,BBCA,2610.0,2620.0,2590.0,2615.0,2057.356689453125,54711000,0.0,0.0
2016-01-20,BBCA,2600.0,2615.0,2595.0,2605.0,2049.48876953125,75676000,0.0,0.0
2016-01-21,BBCA,2610.0,2610.0,2590.0,2590.0,2037.6878662109375,76938000,0.0,0.0
2016-01-22,BBCA,2610.0,2620.0,2590.0,2600.0,2045.5555419921875,71511000,0.0,0.0
2016-01-25,BBCA,2640.0,2645.0,2605.0,2625.0,2065.223876953125,56835500,0.0,0.0
2016-01-26,BBCA,2610.0,2630.0,2595.0,2600.0,2045.5555419921875,57143000,0.0,0.0
2016-01-27,BBCA,2620.0,2640.0,2615.0,2620.0,2061.2900390625,122278500,0.0,0.0
2016-01-28,BBCA,2620.0,2655.0,2620.0,2630.0,2069.158447265625,126774000,0.0,0.0
2016-01-29,BBCA,2640.0,2645.0,2595.0,2620.0,2061.2900390625,175698000,0.0,0.0
2016-02-01,BBCA,2620.0,2645.0,2595.0,2645.0,2080.958984375,89371000,0.0,0.0
2016-02-02,BBCA,2645.0,2645.0,2615.0,2620.0,2061.2900390625,96631000,0.0,0.0
2016-02-03,BBCA,2600.0,2620.0,2595.0,2610.0,2053.42333984375,65229000,0.0,0.0
2016-02-04,BBCA,2600.0,2650.0,2600.0,2630.0,2069.158447265625,82874000,0.0,0.0
2016-02-05,BBCA,2620.0,2715.0,2620.0,2685.0,2112.428955078125,265133500,0.0,0.0
2016-02-09,BBCA,2680.0,2685.0,2640.0,2660.0,2092.76025390625,54516500,0.0,0.0
2016-02-10,BBCA,2650.0,2680.0,2650.0,2655.0,2088.82568359375,69001500,0.0,0.0
2016-02-11,BBCA,2640.0,2710.0,2640.0,2670.0,2100.6279296875,159586000,0.0,0.0
2016-02-12,BBCA,2675.0,2710.0,2650.0,2655.0,2088.82568359375,121062500,0.0,0.0
2016-02-15,BBCA,2680.0,2690.0,2665.0,2670.0,2100.6279296875,64452500,0.0,0.0
2016-02-16,BBCA,2665.0,2705.0,2665.0,2680.0,2108.495361328125,100538500,0.0,0.0
2016-02-17,BBCA,2680.0,2695.0,2670.0,2680.0,2108.495361328125,76406500,0.0,0.0
2016-02-18,BBCA,2700.0,2715.0,2680.0,2680.0,2108.495361328125,146528500,0.0,0.0
2016-02-19,BBCA,2660.0,2660.0,2585.0,2610.0,2053.42333984375,147712000,0.0,0.0
2016-02-22,BBCA,2605.0,2650.0,2600.0,2635.0,2073.091552734375,55658000,0.0,0.0
2016-02-23,BBCA,2640.0,2655.0,2605.0,2620.0,2061.2900390625,92492000,0.0,0.0
2016-02-24,BBCA,2605.0,2630.0,2575.0,2605.0,2049.48876953125,84799500,0.0,0.0
2016-02-25,BBCA,2620.0,2640.0,2605.0,2615.0,2057.356689453125,74008000,0.0,0.0
2016-02-26,BBCA,2630.0,2700.0,2630.0,2670.0,2100.6279296875,141175000,0.0,0.0
2016-02-29,BBCA,2700.0,2705.0,2675.0,2695.0,2120.296630859375,138837000,0.0,0.0
2016-03-01,BBCA,2695.0,2710.0,2670.0,2680.0,2108.495361328125,79590500,0.0,0.0
2016-03-02,BBCA,2705.0,2710.0,2665.0,2690.0,2116.363037109375,126069500,0.0,0.0
2016-03-03,BBCA,2685.0,2710.0,2685.0,2705.0,2128.16455078125,115057500,0.0,0.0
2016-03-04,BBCA,2720.0,2740.0,2705.0,2715.0,2136.0322265625,102347000,0.0,0.0
2016-03-07,BBCA,2720.0,2730.0,2700.0,2715.0,2136.0322265625,105623000,0.0,0.0
2016-03-08,BBCA,2700.0,2715.0,2640.0,2680.0,2108.495361328125,110122000,0.0,0.0
2016-03-10,BBCA,2665.0,2690.0,2630.0,2680.0,2108.495361328125,109073500,0.0,0.0
2016-03-11,BBCA,2680.0,2680.0,2680.0,2680.0,2108.495361328125,0,0.0,0.0
2016-03-14,BBCA,2680.0,2680.0,2680.0,2680.0,2108.495361328125,0,0.0,0.0
2016-03-15,BBCA,2715.0,2720.0,2700.0,2715.0,2136.0322265625,70072000,0.0,0.0
2016-03-16,BBCA,2720.0,2725.0,2705.0,2720.0,2139.96533203125,72058000,0.0,0.0
2016-03-17,BBCA,2735.0,2770.0,2725.0,2745.0,2159.63427734375,125371000,0.0,0.0
2016-03-18,BBCA,2730.0,2785.0,2710.0,2740.0,2155.700927734375,120955000,0.0,0.0
2016-03-21,BBCA,2740.0,2780.0,2730.0,2755.0,2167.50146484375,46224000,0.0,0.0
2016-03-22,BBCA,2750.0,2750.0,2715.0,2730.0,2147.83349609375,47434000,0.0,0.0
2016-03-23,BBCA,2730.0,2730.0,2685.0,2700.0,2124.230712890625,52128000,0.0,0.0
2016-03-24,BBCA,2680.0,2690.0,2650.0,2665.0,2096.694091796875,73214500,0.0,0.0
2016-03-28,BBCA,2665.0,2665.0,2610.0,2635.0,2073.091552734375,59829500,0.0,0.0
2016-03-29,BBCA,2635.0,2645.0,2615.0,2615.0,2057.356689453125,88822500,0.0,0.0
2016-03-30,BBCA,2625.0,2690.0,2625.0,2625.0,2065.223876953125,137086000,0.0,0.0
2016-03-31,BBCA,2655.0,2665.0,2635.0,2660.0,2092.76025390625,107951000,0.0,0.0
2016-04-01,BBCA,2660.0,2665.0,2640.0,2660.0,2092.76025390625,73802500,0.0,0.0
2016-04-04,BBCA,2685.0,2685.0,2660.0,2665.0,2096.694091796875,49630500,0.0,0.0
2016-04-05,BBCA,2665.0,2690.0,2660.0,2665.0,2096.694091796875,83700500,0.0,0.0
2016-04-06,BBCA,2660.0,2685.0,2610.0,2610.0,2053.42333984375,89264000,0.0,0.0
2016-04-07,BBCA,2640.0,2650.0,2620.0,2620.0,2061.2900390625,101318500,0.0,0.0
2016-04-08,BBCA,2620.0,2640.0,2615.0,2615.0,2057.356689453125,70473500,0.0,0.0
2016-04-11,BBCA,2615.0,2615.0,2615.0,2615.0,2057.356689453125,0,0.0,0.0
2016-04-12,BBCA,2600.0,2625.0,2595.0,2610.0,2053.42333984375,56727000,0.0,0.0
2016-04-13,BBCA,2610.0,2610.0,2610.0,2610.0,2053.42333984375,0,0.0,0.0
2016-04-14,BBCA,2610.0,2610.0,2610.0,2610.0,2053.42333984375,0,0.0,0.0
2016-04-15,BBCA,2610.0,2610.0,2610.0,2610.0,2070.0791015625,0,21.0,0.0
2016-04-18,BBCA,2610.0,2610.0,2610.0,2610.0,2070.0791015625,0,0.0,0.0
2016-04-19,BBCA,2610.0,2610.0,2610.0,2610.0,2070.0791015625,0,0.0,0.0
2016-04-20,BBCA,2605.0,2630.0,2600.0,2620.0,2078.009521484375,69313000,0.0,0.0
2016-04-21,BBCA,2620.0,2625.0,2600.0,2620.0,2078.009521484375,62586000,0.0,0.0
2016-04-22,BBCA,2620.0,2630.0,2610.0,2625.0,2081.975341796875,39264000,0.0,0.0
2016-04-25,BBCA,2620.0,2625.0,2585.0,2620.0,2078.009521484375,62079000,0.0,0.0
2016-04-26,BBCA,2610.0,2610.0,2555.0,2590.0,2054.216064453125,129737500,0.0,0.0
2016-04-27,BBCA,2590.0,2610.0,2585.0,2610.0,2070.0791015625,64185500,0.0,0.0
2016-04-28,BBCA,2625.0,2635.0,2600.0,2605.0,2066.112548828125,68854000,0.0,0.0
2016-04-29,BBCA,2605.0,2625.0,2600.0,2610.0,2070.0791015625,61001500,0.0,0.0
2016-05-02,BBCA,2620.0,2625.0,2595.0,2620.0,2078.009521484375,26048000,0.0,0.0
2016-05-03,BBCA,2625.0,2635.0,2605.0,2610.0,2070.0791015625,82224500,0.0,0.0
2016-05-04,BBCA,2610.0,2620.0,2605.0,2620.0,2078.009521484375,75545000,0.0,0.0
2016-05-09,BBCA,2620.0,2640.0,2610.0,2625.0,2081.975341796875,91446000,0.0,0.0
2016-05-10,BBCA,2610.0,2660.0,2610.0,2635.0,2089.90673828125,158328000,0.0,0.0
2016-05-11,BBCA,2630.0,2660.0,2620.0,2630.0,2085.941650390625,91480000,0.0,0.0
2016-05-12,BBCA,2620.0,2640.0,2620.0,2630.0,2085.941650390625,43259500,0.0,0.0
2016-05-13,BBCA,2600.0,2640.0,2600.0,2630.0,2085.941650390625,75686000,0.0,0.0
2016-05-16,BBCA,2620.0,2620.0,2590.0,2605.0,2066.112548828125,84077000,0.0,0.0
2016-05-17,BBCA,2605.0,2610.0,2580.0,2600.0,2062.1474609375,64829000,0.0,0.0
2016-05-18,BBCA,2580.0,2610.0,2580.0,2605.0,2066.112548828125,66771000,0.0,0.0
2016-05-19,BBCA,2600.0,2605.0,2590.0,2595.0,2058.181396484375,105881500,0.0,0.0
2016-05-20,BBCA,2590.0,2605.0,2590.0,2605.0,2066.112548828125,68004000,0.0,0.0
2016-05-23,BBCA,2600.0,2620.0,2585.0,2620.0,2078.009521484375,31748500,0.0,0.0
2016-05-24,BBCA,2610.0,2615.0,2595.0,2595.0,2058.181396484375,69157000,0.0,0.0
2016-05-25,BBCA,2600.0,2605.0,2575.0,2600.0,2062.1474609375,84150500,0.0,0.0
2016-05-26,BBCA,2615.0,2615.0,2580.0,2605.0,2066.112548828125,42055000,0.0,0.0
2016-05-27,BBCA,2600.0,2605.0,2580.0,2600.0,2062.1474609375,80811500,0.0,0.0
2016-05-30,BBCA,2605.0,2660.0,2595.0,2640.0,2093.87255859375,99330000,0.0,0.0
2016-05-31,BBCA,2660.0,2660.0,2600.0,2600.0,2062.1474609375,160724000,0.0,0.0
2016-06-01,BBCA,2620.0,2635.0,2610.0,2635.0,2089.90673828125,82418000,0.0,0.0
2016-06-02,BBCA,2620.0,2640.0,2615.0,2630.0,2085.941650390625,88747000,0.0,0.0
2016-06-03,BBCA,2610.0,2630.0,2605.0,2625.0,2081.975341796875,53839500,0.0,0.0
2016-06-06,BBCA,2625.0,2640.0,2615.0,2625.0,2081.975341796875,105900000,0.0,0.0
2016-06-07,BBCA,2630.0,2630.0,2615.0,2620.0,2078.009521484375,87665500,0.0,0.0
2016-06-08,BBCA,2615.0,2625.0,2600.0,2620.0,2078.009521484375,89579500,0.0,0.0
2016-06-09,BBCA,2605.0,2610.0,2590.0,2600.0,2062.1474609375,67474500,0.0,0.0
2016-06-10,BBCA,2595.0,2600.0,2580.0,2585.0,2050.25048828125,77928000,0.0,0.0
2016-06-13,BBCA,2570.0,2590.0,2550.0,2555.0,2026.4559326171875,75798500,0.0,0.0
2016-06-14,BBCA,2540.0,2570.0,2535.0,2570.0,2038.3526611328125,78620500,0.0,0.0
2016-06-15,BBCA,2570.0,2590.0,2560.0,2585.0,2050.25048828125,35512500,0.0,0.0
2016-06-16,BBCA,2590.0,2605.0,2585.0,2600.0,2062.1474609375,49661000,0.0,0.0
2016-06-17,BBCA,2600.0,2605.0,2570.0,2580.0,2046.2843017578125,60702000,0.0,0.0
2016-06-20,BBCA,2580.0,2590.0,2545.0,2565.0,2034.3878173828125,46267000,0.0,0.0
2016-06-21,BBCA,2565.0,2580.0,2545.0,2565.0,2034.3878173828125,89712000,0.0,0.0
2016-06-22,BBCA,2565.0,2615.0,2565.0,2580.0,2046.2843017578125,60166000,0.0,0.0
2016-06-23,BBCA,2580.0,2605.0,2570.0,2590.0,2054.216064453125,30252000,0.0,0.0
2016-06-24,BBCA,2575.0,2590.0,2525.0,2555.0,2026.4559326171875,86883500,0.0,0.0
2016-06-27,BBCA,2530.0,2565.0,2530.0,2560.0,2030.4219970703125,44316000,0.0,0.0
2016-06-28,BBCA,2565.0,2625.0,2565.0,2605.0,2066.112548828125,121856000,0.0,0.0
2016-06-29,BBCA,2630.0,2660.0,2630.0,2660.0,2109.7353515625,200147000,0.0,0.0
2016-06-30,BBCA,2680.0,2690.0,2655.0,2665.0,2113.700927734375,186770500,0.0,0.0
2016-07-01,BBCA,2675.0,2695.0,2640.0,2645.0,2097.837890625,126695500,0.0,0.0
2016-07-11,BBCA,2670.0,2720.0,2650.0,2700.0,2141.460693359375,197073000,0.0,0.0
2016-07-12,BBCA,2720.0,2775.0,2710.0,2750.0,2181.117431640625,190642000,0.0,0.0
2016-07-13,BBCA,2760.0,2765.0,2750.0,2760.0,2189.04833984375,138530500,0.0,0.0
2016-07-14,BBCA,2780.0,2790.0,2765.0,2770.0,2196.97998046875,148394000,0.0,0.0
2016-07-15,BBCA,2765.0,2805.0,2765.0,2800.0,2220.7734375,195893000,0.0,0.0
2016-07-18,BBCA,2780.0,2800.0,2765.0,2790.0,2212.8427734375,116023000,0.0,0.0
2016-07-19,BBCA,2800.0,2865.0,2800.0,2860.0,2268.36181640625,195665500,0.0,0.0
2016-07-20,BBCA,2870.0,2895.0,2865.0,2890.0,2292.15625,142149000,0.0,0.0
2016-07-21,BBCA,2905.0,2935.0,2900.0,2910.0,2308.0185546875,202871500,0.0,0.0
2016-07-22,BBCA,2900.0,2920.0,2850.0,2905.0,2304.052978515625,111507000,0.0,0.0
2016-07-25,BBCA,2905.0,2915.0,2875.0,2900.0,2300.087158203125,111434500,0.0,0.0
2016-07-26,BBCA,2905.0,2905.0,2840.0,2870.0,2276.29296875,138118000,0.0,0.0
2016-07-27,BBCA,2885.0,2930.0,2880.0,2910.0,2308.0185546875,208198500,0.0,0.0
2016-07-28,BBCA,2900.0,2900.0,2860.0,2885.0,2288.18994140625,94670000,0.0,0.0
2016-07-29,BBCA,2900.0,2925.0,2890.0,2890.0,2292.15625,115674000,0.0,0.0
2016-08-01,BBCA,2875.0,2995.0,2875.0,2975.0,2359.57275390625,221091000,0.0,0.0
2016-08-02,BBCA,2975.0,3000.0,2965.0,3000.0,2379.400634765625,158875000,0.0,0.0
2016-08-03,BBCA,3000.0,3010.0,2985.0,2995.0,2375.435302734375,115363500,0.0,0.0
2016-08-04,BBCA,3000.0,3015.0,2995.0,3000.0,2379.400634765625,131859500,0.0,0.0
2016-08-05,BBCA,3010.0,3050.0,3000.0,3020.0,2395.26318359375,175943500,0.0,0.0
2016-08-08,BBCA,3030.0,3060.0,2995.0,3020.0,2395.26318359375,79174000,0.0,0.0
2016-08-09,BBCA,3020.0,3020.0,2990.0,3000.0,2379.400634765625,96702000,0.0,0.0
2016-08-10,BBCA,3000.0,3000.0,2970.0,2990.0,2371.46923828125,64883500,0.0,0.0
2016-08-11,BBCA,3020.0,3020.0,2980.0,2990.0,2371.46923828125,107876500,0.0,0.0
2016-08-12,BBCA,3005.0,3045.0,2990.0,3000.0,2379.400634765625,131484500,0.0,0.0
2016-08-15,BBCA,3030.0,3045.0,3000.0,3010.0,2387.33203125,104034500,0.0,0.0
2016-08-16,BBCA,3040.0,3040.0,3020.0,3025.0,2399.22900390625,60200500,0.0,0.0
2016-08-18,BBCA,3025.0,3060.0,3025.0,3040.0,2411.125732421875,186254500,0.0,0.0
2016-08-19,BBCA,3080.0,3090.0,3050.0,3060.0,2426.989013671875,169403500,0.0,0.0
2016-08-22,BBCA,3080.0,3080.0,3055.0,3060.0,2426.989013671875,110468500,0.0,0.0
2016-08-23,BBCA,3100.0,3100.0,3020.0,3055.0,2423.0224609375,76704500,0.0,0.0
2016-08-24,BBCA,3060.0,3070.0,3055.0,3060.0,2426.989013671875,111416000,0.0,0.0
2016-08-25,BBCA,3070.0,3070.0,2995.0,3050.0,2419.05712890625,71705000,0.0,0.0
2016-08-26,BBCA,3050.0,3050.0,3030.0,3040.0,2411.125732421875,48785500,0.0,0.0
2016-08-29,BBCA,3045.0,3045.0,2990.0,3005.0,2383.365966796875,40904000,0.0,0.0
2016-08-30,BBCA,3005.0,3005.0,2990.0,3000.0,2379.400634765625,70749500,0.0,0.0
2016-08-31,BBCA,2970.0,3035.0,2970.0,3010.0,2387.33203125,169155000,0.0,0.0
2016-09-01,BBCA,2970.0,3015.0,2970.0,3000.0,2379.400634765625,56229500,0.0,0.0
2016-09-02,BBCA,3010.0,3060.0,2995.0,3000.0,2379.400634765625,63478000,0.0,0.0
2016-09-05,BBCA,3055.0,3055.0,2995.0,3000.0,2379.400634765625,74444000,0.0,0.0
2016-09-06,BBCA,3010.0,3020.0,2990.0,3005.0,2383.365966796875,70876500,0.0,0.0
2016-09-07,BBCA,3060.0,3060.0,3020.0,3040.0,2411.125732421875,137103000,0.0,0.0
2016-09-08,BBCA,3060.0,3060.0,3030.0,3035.0,2407.160400390625,88467500,0.0,0.0
2016-09-09,BBCA,3035.0,3035.0,2995.0,3010.0,2387.33203125,86764000,0.0,0.0
2016-09-13,BBCA,3010.0,3020.0,2970.0,3005.0,2383.365966796875,108835000,0.0,0.0
2016-09-14,BBCA,2990.0,3000.0,2960.0,2995.0,2375.435302734375,92904000,0.0,0.0
2016-09-15,BBCA,3040.0,3060.0,2995.0,3020.0,2395.26318359375,159713000,0.0,0.0
2016-09-16,BBCA,3020.0,3045.0,3000.0,3020.0,2395.26318359375,151477000,0.0,0.0
2016-09-19,BBCA,3050.0,3055.0,3020.0,3050.0,2419.05712890625,70684000,0.0,0.0
2016-09-20,BBCA,3040.0,3055.0,3020.0,3020.0,2395.26318359375,74726500,0.0,0.0
2016-09-21,BBCA,3020.0,3045.0,3015.0,3035.0,2407.160400390625,93367000,0.0,0.0
2016-09-22,BBCA,3070.0,3120.0,3065.0,3070.0,2434.919921875,112772500,0.0,0.0
2016-09-23,BBCA,3095.0,3120.0,3075.0,3095.0,2454.748046875,111259000,0.0,0.0
2016-09-26,BBCA,3095.0,3095.0,3050.0,3070.0,2434.919921875,56087500,0.0,0.0
2016-09-27,BBCA,3020.0,3200.0,3000.0,3200.0,2538.027099609375,121486000,0.0,0.0
2016-09-28,BBCA,3115.0,3135.0,3080.0,3085.0,2446.8173828125,104262000,0.0,0.0
2016-09-29,BBCA,3100.0,3180.0,3100.0,3145.0,2494.405029296875,131983000,0.0,0.0
2016-09-30,BBCA,3195.0,3200.0,3100.0,3140.0,2490.439208984375,146694500,0.0,0.0
2016-10-03,BBCA,3190.0,3240.0,3190.0,3195.0,2534.061279296875,78715000,0.0,0.0
2016-10-04,BBCA,3240.0,3240.0,3180.0,3190.0,2530.095947265625,81285000,0.0,0.0
2016-10-05,BBCA,3150.0,3200.0,3150.0,3160.0,2506.302001953125,63367500,0.0,0.0
2016-10-06,BBCA,3200.0,3210.0,3150.0,3155.0,2502.336669921875,58324500,0.0,0.0
2016-10-07,BBCA,3200.0,3200.0,3150.0,3160.0,2506.302001953125,46006500,0.0,0.0
2016-10-10,BBCA,3140.0,3185.0,3130.0,3140.0,2490.439208984375,24959000,0.0,0.0
2016-10-11,BBCA,3185.0,3185.0,3145.0,3160.0,2506.302001953125,72176500,0.0,0.0
2016-10-12,BBCA,3160.0,3170.0,3075.0,3120.0,2474.576416015625,78936000,0.0,0.0
2016-10-13,BBCA,3120.0,3135.0,3070.0,3090.0,2450.782470703125,57745000,0.0,0.0
2016-10-14,BBCA,3095.0,3210.0,3075.0,3160.0,2506.302001953125,107271500,0.0,0.0
2016-10-17,BBCA,3160.0,3185.0,3160.0,3180.0,2522.164306640625,114630500,0.0,0.0
2016-10-18,BBCA,3200.0,3215.0,3190.0,3210.0,2545.958740234375,160526000,0.0,0.0
2016-10-19,BBCA,3195.0,3230.0,3165.0,3195.0,2534.061279296875,43748000,0.0,0.0
2016-10-20,BBCA,3170.0,3190.0,3150.0,3150.0,2498.37060546875,38996000,0.0,0.0
2016-10-21,BBCA,3170.0,3170.0,3155.0,3160.0,2506.302001953125,52681000,0.0,0.0
2016-10-24,BBCA,3175.0,3175.0,3110.0,3135.0,2486.473876953125,64539500,0.0,0.0
2016-10-25,BBCA,3125.0,3140.0,3095.0,3100.0,2458.713623046875,105666000,0.0,0.0
2016-10-26,BBCA,3120.0,3120.0,3095.0,3100.0,2458.713623046875,61653500,0.0,0.0
2016-10-27,BBCA,3100.0,3115.0,3095.0,3105.0,2462.679931640625,79667000,0.0,0.0
2016-10-28,BBCA,3105.0,3120.0,3085.0,3120.0,2474.576416015625,72105000,0.0,0.0
2016-10-31,BBCA,3100.0,3120.0,3085.0,3105.0,2462.679931640625,65543500,0.0,0.0
2016-11-01,BBCA,3100.0,3130.0,3090.0,3090.0,2450.782470703125,77657500,0.0,0.0
2016-11-02,BBCA,3090.0,3105.0,3065.0,3095.0,2454.748046875,101446000,0.0,0.0
2016-11-03,BBCA,3100.0,3100.0,3060.0,3085.0,2446.8173828125,68455000,0.0,0.0
2016-11-04,BBCA,3070.0,3100.0,3060.0,3100.0,2458.713623046875,62182500,0.0,0.0
2016-11-07,BBCA,3050.0,3105.0,3020.0,3080.0,2442.851318359375,110497000,0.0,0.0
2016-11-08,BBCA,3080.0,3120.0,3080.0,3100.0,2458.713623046875,106514500,0.0,0.0
2016-11-09,BBCA,3100.0,3115.0,3050.0,3060.0,2426.989013671875,126875000,0.0,0.0
2016-11-10,BBCA,3060.0,3085.0,3045.0,3045.0,2415.091796875,69882500,0.0,0.0
2016-11-11,BBCA,3000.0,3000.0,2900.0,2935.0,2327.8466796875,222566500,0.0,0.0
2016-11-14,BBCA,2880.0,2880.0,2790.0,2875.0,2280.259033203125,156689000,0.0,0.0
2016-11-15,BBCA,2860.0,2975.0,2820.0,2910.0,2308.0185546875,135474500,0.0,0.0
2016-11-16,BBCA,2915.0,2985.0,2915.0,2945.0,2335.7783203125,129035500,0.0,0.0
2016-11-17,BBCA,2950.0,2970.0,2940.0,2950.0,2339.74365234375,120499000,0.0,0.0
2016-11-18,BBCA,2940.0,2950.0,2925.0,2945.0,2335.7783203125,80701500,0.0,0.0
2016-11-21,BBCA,2940.0,2955.0,2925.0,2945.0,2335.7783203125,87375000,0.0,0.0
2016-11-22,BBCA,2900.0,2945.0,2900.0,2930.0,2323.88134765625,129317000,0.0,0.0
2016-11-23,BBCA,2930.0,2950.0,2925.0,2940.0,2331.812255859375,51143500,0.0,0.0
2016-11-24,BBCA,2900.0,2940.0,2880.0,2910.0,2308.0185546875,83313000,0.0,0.0
2016-11-25,BBCA,2900.0,2910.0,2890.0,2905.0,2304.052978515625,71262500,0.0,0.0
2016-11-28,BBCA,2890.0,2905.0,2865.0,2875.0,2280.259033203125,75786000,0.0,0.0
2016-11-29,BBCA,2865.0,2885.0,2825.0,2870.0,2276.29296875,101969000,0.0,0.0
2016-11-30,BBCA,2870.0,2880.0,2855.0,2860.0,2268.36181640625,163078500,0.0,0.0
2016-12-01,BBCA,2860.0,2915.0,2855.0,2900.0,2311.40185546875,107127500,14.0,0.0
2016-12-02,BBCA,2930.0,3025.0,2915.0,2935.0,2339.2978515625,137411500,0.0,0.0
2016-12-05,BBCA,2935.0,2965.0,2900.0,2930.0,2335.3125,64879000,0.0,0.0
2016-12-06,BBCA,2940.0,2950.0,2920.0,2935.0,2339.2978515625,59009500,0.0,0.0
2016-12-07,BBCA,2940.0,2945.0,2920.0,2930.0,2335.3125,69524500,0.0,0.0
2016-12-08,BBCA,2900.0,2975.0,2900.0,2940.0,2343.283447265625,121795500,0.0,0.0
2016-12-09,BBCA,2960.0,2960.0,2930.0,2940.0,2343.283447265625,86596000,0.0,0.0
2016-12-13,BBCA,2935.0,2955.0,2900.0,2940.0,2343.283447265625,121360000,0.0,0.0
2016-12-14,BBCA,2940.0,3000.0,2940.0,2950.0,2351.25390625,128356000,0.0,0.0
2016-12-15,BBCA,2945.0,2965.0,2940.0,2955.0,2355.238037109375,125417000,0.0,0.0
2016-12-16,BBCA,2940.0,3000.0,2930.0,2960.0,2359.223388671875,105628500,0.0,0.0
2016-12-19,BBCA,2900.0,2965.0,2900.0,2945.0,2347.268310546875,53658000,0.0,0.0
2016-12-20,BBCA,2910.0,2960.0,2910.0,2955.0,2355.238037109375,37145000,0.0,0.0
2016-12-21,BBCA,2960.0,2960.0,2925.0,2935.0,2339.2978515625,97165000,0.0,0.0
2016-12-22,BBCA,2900.0,2915.0,2880.0,2910.0,2319.371826171875,75773000,0.0,0.0
2016-12-23,BBCA,2880.0,2920.0,2855.0,2890.0,2303.431396484375,73656500,0.0,0.0
2016-12-27,BBCA,2860.0,2970.0,2825.0,2960.0,2359.223388671875,41749000,0.0,0.0
2016-12-28,BBCA,2980.0,3005.0,2945.0,2945.0,2347.268310546875,70098000,0.0,0.0
2016-12-29,BBCA,2960.0,3085.0,2945.0,3070.0,2446.8974609375,122316500,0.0,0.0
2016-12-30,BBCA,3070.0,3110.0,3065.0,3100.0,2470.808837890625,235500500,0.0,0.0
2017-01-02,BBCA,3100.0,3100.0,3100.0,3100.0,2470.808837890625,0,0.0,0.0
2017-01-03,BBCA,3100.0,3155.0,3045.0,3155.0,2514.645751953125,46748000,0.0,0.0
2017-01-04,BBCA,3170.0,3175.0,3130.0,3140.0,2502.68994140625,85216500,0.0,0.0
2017-01-05,BBCA,3140.0,3155.0,3125.0,3135.0,2498.705322265625,97909000,0.0,0.0
2017-01-06,BBCA,3090.0,3140.0,3090.0,3120.0,2486.749267578125,36603000,0.0,0.0
2017-01-09,BBCA,3110.0,3120.0,3030.0,3070.0,2446.8974609375,88087500,0.0,0.0
2017-01-10,BBCA,3090.0,3100.0,3065.0,3080.0,2454.8681640625,52004500,0.0,0.0
2017-01-11,BBCA,3110.0,3115.0,3060.0,3060.0,2438.927734375,43772500,0.0,0.0
2017-01-12,BBCA,3060.0,3090.0,3055.0,3065.0,2442.912353515625,30781000,0.0,0.0
2017-01-13,BBCA,3040.0,3115.0,3040.0,3055.0,2434.942626953125,69512500,0.0,0.0
2017-01-16,BBCA,3040.0,3050.0,3000.0,3035.0,2419.00146484375,62039500,0.0,0.0
2017-01-17,BBCA,3035.0,3050.0,3030.0,3035.0,2419.00146484375,22368500,0.0,0.0
2017-01-18,BBCA,3055.0,3060.0,3030.0,3060.0,2438.927734375,93410500,0.0,0.0
2017-01-19,BBCA,3070.0,3080.0,3050.0,3075.0,2450.882568359375,34360500,0.0,0.0
2017-01-20,BBCA,3050.0,3055.0,3010.0,3050.0,2430.957275390625,44242500,0.0,0.0
2017-01-23,BBCA,3040.0,3060.0,3010.0,3010.0,2399.075927734375,21962000,0.0,0.0
2017-01-24,BBCA,3040.0,3050.0,3010.0,3010.0,2399.075927734375,36251000,0.0,0.0
2017-01-25,BBCA,3055.0,3055.0,2990.0,2990.0,2383.13525390625,33161500,0.0,0.0
2017-01-26,BBCA,3000.0,3085.0,3000.0,3060.0,2438.927734375,53606000,0.0,0.0
2017-01-27,BBCA,3030.0,3110.0,3030.0,3080.0,2454.8681640625,37555500,0.0,0.0
2017-01-30,BBCA,3115.0,3115.0,3065.0,3090.0,2462.838134765625,33673000,0.0,0.0
2017-01-31,BBCA,3060.0,3110.0,3050.0,3060.0,2438.927734375,36946500,0.0,0.0
2017-02-01,BBCA,3100.0,3100.0,3085.0,3085.0,2458.853515625,43359000,0.0,0.0
2017-02-02,BBCA,3065.0,3095.0,3055.0,3090.0,2462.838134765625,61584000,0.0,0.0
2017-02-03,BBCA,3090.0,3100.0,3085.0,3095.0,2466.823486328125,44754000,0.0,0.0
2017-02-06,BBCA,3115.0,3135.0,3100.0,3120.0,2486.749267578125,63275000,0.0,0.0
2017-02-07,BBCA,3085.0,3125.0,3085.0,3125.0,2490.73486328125,47873500,0.0,0.0
2017-02-08,BBCA,3125.0,3130.0,3105.0,3120.0,2486.749267578125,73968000,0.0,0.0
2017-02-09,BBCA,3120.0,3130.0,3120.0,3125.0,2490.73486328125,134806500,0.0,0.0
2017-02-10,BBCA,3125.0,3140.0,3000.0,3000.0,2391.105224609375,82921000,0.0,0.0
2017-02-13,BBCA,3100.0,3130.0,3070.0,3105.0,2474.793701171875,98775500,0.0,0.0
2017-02-14,BBCA,3090.0,3110.0,3075.0,3100.0,2470.808837890625,68492000,0.0,0.0
2017-02-15,BBCA,3100.0,3100.0,3100.0,3100.0,2470.808837890625,0,0.0,0.0
2017-02-16,BBCA,3120.0,3120.0,3075.0,3100.0,2470.808837890625,109934500,0.0,0.0
2017-02-17,BBCA,3090.0,3115.0,3070.0,3095.0,2466.823486328125,54111500,0.0,0.0
2017-02-20,BBCA,3120.0,3120.0,3080.0,3090.0,2462.838134765625,49225000,0.0,0.0
2017-02-21,BBCA,3080.0,3105.0,3080.0,3100.0,2470.808837890625,47016500,0.0,0.0
2017-02-22,BBCA,3080.0,3115.0,3080.0,3100.0,2470.808837890625,47767500,0.0,0.0
2017-02-23,BBCA,3080.0,3115.0,3080.0,3100.0,2470.808837890625,81655500,0.0,0.0
2017-02-24,BBCA,3105.0,3120.0,3100.0,3100.0,2470.808837890625,33280500,0.0,0.0
2017-02-27,BBCA,3100.0,3105.0,3080.0,3100.0,2470.808837890625,28618000,0.0,0.0
2017-02-28,BBCA,3100.0,3110.0,3080.0,3090.0,2462.838134765625,110184500,0.0,0.0
2017-03-01,BBCA,3080.0,3105.0,3080.0,3100.0,2470.808837890625,102209000,0.0,0.0
2017-03-02,BBCA,3130.0,3135.0,3095.0,3100.0,2470.808837890625,78309500,0.0,0.0
2017-03-03,BBCA,3090.0,3110.0,3085.0,3095.0,2466.823486328125,88454000,0.0,0.0
2017-03-06,BBCA,3080.0,3095.0,3070.0,3095.0,2466.823486328125,44661500,0.0,0.0
2017-03-07,BBCA,3080.0,3100.0,3080.0,3090.0,2462.838134765625,52582000,0.0,0.0
2017-03-08,BBCA,3100.0,3105.0,3090.0,3100.0,2470.808837890625,87391500,0.0,0.0
2017-03-09,BBCA,3125.0,3140.0,3100.0,3125.0,2490.73486328125,47322000,0.0,0.0
2017-03-10,BBCA,3140.0,3140.0,3095.0,3125.0,2490.73486328125,34386000,0.0,0.0
2017-03-13,BBCA,3120.0,3130.0,3095.0,3110.0,2478.779052734375,24933000,0.0,0.0
2017-03-14,BBCA,3140.0,3180.0,3130.0,3135.0,2498.705322265625,62225000,0.0,0.0
2017-03-15,BBCA,3155.0,3155.0,3105.0,3130.0,2494.72021484375,70286000,0.0,0.0
2017-03-16,BBCA,3180.0,3200.0,3160.0,3175.0,2530.58642578125,186021500,0.0,0.0
2017-03-17,BBCA,3200.0,3240.0,3175.0,3190.0,2542.541748046875,223808500,0.0,0.0
2017-03-20,BBCA,3220.0,3245.0,3190.0,3215.0,2562.46826171875,191276500,0.0,0.0
2017-03-21,BBCA,3245.0,3255.0,3230.0,3250.0,2590.364013671875,133231500,0.0,0.0
2017-03-22,BBCA,3210.0,3270.0,3210.0,3265.0,2602.319580078125,178821000,0.0,0.0
2017-03-23,BBCA,3280.0,3350.0,3275.0,3320.0,2646.15673828125,195774000,0.0,0.0
2017-03-24,BBCA,3360.0,3360.0,3290.0,3310.0,2638.1865234375,86403000,0.0,0.0
2017-03-27,BBCA,3310.0,3325.0,3300.0,3310.0,2638.1865234375,74524000,0.0,0.0
2017-03-29,BBCA,3335.0,3365.0,3325.0,3340.0,2662.097412109375,112645500,0.0,0.0
2017-03-30,BBCA,3365.0,3375.0,3340.0,3365.0,2682.023193359375,96488000,0.0,0.0
2017-03-31,BBCA,3365.0,3400.0,3310.0,3310.0,2638.1865234375,81642500,0.0,0.0
2017-04-03,BBCA,3315.0,3390.0,3315.0,3315.0,2642.17138671875,186889000,0.0,0.0
2017-04-04,BBCA,3350.0,3380.0,3330.0,3350.0,2670.067138671875,74096500,0.0,0.0
2017-04-05,BBCA,3350.0,3350.0,3350.0,3350.0,2670.067138671875,0,0.0,0.0
2017-04-06,BBCA,3440.0,3475.0,3440.0,3465.0,2761.7265625,117034500,0.0,0.0
2017-04-07,BBCA,3495.0,3495.0,3440.0,3470.0,2765.7119140625,133337000,0.0,0.0
2017-04-10,BBCA,3525.0,3550.0,3450.0,3470.0,2765.7119140625,79805500,0.0,0.0
2017-04-11,BBCA,3500.0,3520.0,3450.0,3490.0,2781.652099609375,88702000,0.0,0.0
2017-04-12,BBCA,3490.0,3540.0,3485.0,3530.0,2813.53369140625,56825500,0.0,0.0
2017-04-13,BBCA,3540.0,3540.0,3440.0,3470.0,2765.7119140625,52786000,0.0,0.0
2017-04-17,BBCA,3470.0,3470.0,3340.0,3385.0,2718.332275390625,93984000,26.0,0.0
2017-04-18,BBCA,3395.0,3410.0,3370.0,3385.0,2718.332275390625,102219500,0.0,0.0
2017-04-19,BBCA,3385.0,3385.0,3385.0,3385.0,2718.332275390625,0,0.0,0.0
2017-04-20,BBCA,3440.0,3530.0,3425.0,3465.0,2782.57568359375,146846500,0.0,0.0
2017-04-21,BBCA,3415.0,3500.0,3405.0,3495.0,2806.66748046875,86655500,0.0,0.0
2017-04-25,BBCA,3530.0,3530.0,3460.0,3480.0,2794.621826171875,111180500,0.0,0.0
2017-04-26,BBCA,3530.0,3600.0,3460.0,3600.0,2890.9873046875,82166000,0.0,0.0
2017-04-27,BBCA,3480.0,3525.0,3480.0,3505.0,2814.6982421875,68316500,0.0,0.0
2017-04-28,BBCA,3505.0,3555.0,3505.0,3550.0,2850.835205078125,68971000,0.0,0.0
2017-05-02,BBCA,3550.0,3590.0,3550.0,3580.0,2874.926513671875,138473000,0.0,0.0
2017-05-03,BBCA,3560.0,3570.0,3550.0,3550.0,2850.835205078125,43521500,0.0,0.0
2017-05-04,BBCA,3560.0,3600.0,3555.0,3565.0,2862.881103515625,123050500,0.0,0.0
2017-05-05,BBCA,3550.0,3565.0,3515.0,3555.0,2854.850830078125,33583500,0.0,0.0
2017-05-08,BBCA,3575.0,3630.0,3565.0,3590.0,2882.95703125,64042500,0.0,0.0
2017-05-09,BBCA,3660.0,3670.0,3570.0,3600.0,2890.9873046875,50148500,0.0,0.0
2017-05-10,BBCA,3550.0,3615.0,3550.0,3585.0,2878.94189453125,78922000,0.0,0.0
2017-05-12,BBCA,3705.0,3710.0,3570.0,3600.0,2890.9873046875,141996500,0.0,0.0
2017-05-15,BBCA,3600.0,3650.0,3600.0,3650.0,2931.140380859375,41290500,0.0,0.0
2017-05-16,BBCA,3580.0,3590.0,3445.0,3480.0,2794.621826171875,237774500,0.0,0.0
2017-05-17,BBCA,3480.0,3485.0,3385.0,3390.0,2722.34716796875,166786000,0.0,0.0
2017-05-18,BBCA,3360.0,3490.0,3360.0,3480.0,2794.621826171875,203136500,0.0,0.0
2017-05-19,BBCA,3480.0,3615.0,3420.0,3580.0,2874.926513671875,182948000,0.0,0.0
2017-05-22,BBCA,3630.0,3650.0,3485.0,3530.0,2834.774169921875,81751500,0.0,0.0
2017-05-23,BBCA,3530.0,3550.0,3465.0,3540.0,2842.80517578125,87609500,0.0,0.0
2017-05-24,BBCA,3490.0,3495.0,3475.0,3495.0,2806.66748046875,97663500,0.0,0.0
2017-05-26,BBCA,3500.0,3545.0,3490.0,3515.0,2822.72802734375,126066500,0.0,0.0
2017-05-29,BBCA,3535.0,3590.0,3505.0,3555.0,2854.850830078125,103340500,0.0,0.0
2017-05-30,BBCA,3540.0,3560.0,3520.0,3520.0,2826.743408203125,56862000,0.0,0.0
2017-05-31,BBCA,3520.0,3530.0,3430.0,3430.0,2754.468994140625,1062861500,0.0,0.0
2017-06-01,BBCA,3430.0,3430.0,3430.0,3430.0,2754.468994140625,0,0.0,0.0
2017-06-02,BBCA,3485.0,3530.0,3465.0,3510.0,2818.712890625,241656500,0.0,0.0
2017-06-05,BBCA,3560.0,3565.0,3495.0,3545.0,2846.820556640625,102575000,0.0,0.0
2017-06-06,BBCA,3500.0,3535.0,3500.0,3510.0,2818.712890625,87003500,0.0,0.0
2017-06-07,BBCA,3530.0,3570.0,3520.0,3560.0,2858.866455078125,74324000,0.0,0.0
2017-06-08,BBCA,3570.0,3610.0,3570.0,3585.0,2878.94189453125,92743000,0.0,0.0
2017-06-09,BBCA,3620.0,3620.0,3505.0,3540.0,2842.80517578125,101066500,0.0,0.0
2017-06-12,BBCA,3540.0,3580.0,3520.0,3550.0,2850.835205078125,38489500,0.0,0.0
2017-06-13,BBCA,3550.0,3590.0,3545.0,3575.0,2870.911376953125,49797000,0.0,0.0
2017-06-14,BBCA,3540.0,3595.0,3540.0,3595.0,2886.972412109375,79121500,0.0,0.0
2017-06-15,BBCA,3600.0,3620.0,3575.0,3610.0,2899.018798828125,116159000,0.0,0.0
2017-06-16,BBCA,3630.0,3630.0,3560.0,3560.0,2858.866455078125,607322000,0.0,0.0
2017-06-19,BBCA,3600.0,3610.0,3575.0,3585.0,2878.94189453125,56511500,0.0,0.0
2017-06-20,BBCA,3585.0,3635.0,3585.0,3620.0,2907.049072265625,87824500,0.0,0.0
2017-06-21,BBCA,3620.0,3645.0,3610.0,3640.0,2923.1103515625,68809000,0.0,0.0
2017-06-22,BBCA,3650.0,3665.0,3595.0,3630.0,2915.0791015625,82107500,0.0,0.0
2017-06-23,BBCA,3630.0,3630.0,3630.0,3630.0,2915.0791015625,0,0.0,0.0
2017-06-26,BBCA,3630.0,3630.0,3630.0,3630.0,2915.0791015625,0,0.0,0.0
2017-06-27,BBCA,3630.0,3630.0,3630.0,3630.0,2915.0791015625,0,0.0,0.0
2017-06-28,BBCA,3630.0,3630.0,3630.0,3630.0,2915.0791015625,0,0.0,0.0
2017-06-29,BBCA,3630.0,3630.0,3630.0,3630.0,2915.0791015625,0,0.0,0.0
2017-06-30,BBCA,3630.0,3630.0,3630.0,3630.0,2915.0791015625,0,0.0,0.0
2017-07-03,BBCA,3680.0,3700.0,3615.0,3700.0,2971.29296875,213038500,0.0,0.0
2017-07-04,BBCA,3700.0,3745.0,3685.0,3710.0,2979.322998046875,64599000,0.0,0.0
2017-07-05,BBCA,3710.0,3735.0,3660.0,3670.0,2947.20166015625,56981000,0.0,0.0
2017-07-06,BBCA,3640.0,3670.0,3620.0,3645.0,2927.125244140625,89306500,0.0,0.0
2017-07-07,BBCA,3670.0,3710.0,3665.0,3700.0,2971.29296875,82260000,0.0,0.0
2017-07-10,BBCA,3700.0,3730.0,3650.0,3660.0,2939.17138671875,40506000,0.0,0.0
2017-07-11,BBCA,3665.0,3690.0,3650.0,3665.0,2943.1865234375,61603500,0.0,0.0
2017-07-12,BBCA,3640.0,3695.0,3620.0,3685.0,2959.247314453125,89196500,0.0,0.0
2017-07-13,BBCA,3700.0,3705.0,3655.0,3700.0,2971.29296875,64456000,0.0,0.0
2017-07-14,BBCA,3710.0,3710.0,3660.0,3680.0,2955.231689453125,41700000,0.0,0.0
2017-07-17,BBCA,3650.0,3680.0,3650.0,3660.0,2939.17138671875,61702000,0.0,0.0
2017-07-18,BBCA,3640.0,3670.0,3635.0,3670.0,2947.20166015625,39056500,0.0,0.0
2017-07-19,BBCA,3670.0,3695.0,3660.0,3695.0,2967.277587890625,45057500,0.0,0.0
2017-07-20,BBCA,3695.0,3700.0,3670.0,3690.0,2963.262939453125,59790000,0.0,0.0
2017-07-21,BBCA,3690.0,3695.0,3645.0,3645.0,2927.125244140625,25438500,0.0,0.0
2017-07-24,BBCA,3670.0,3725.0,3640.0,3715.0,2983.339111328125,91781000,0.0,0.0
2017-07-25,BBCA,3730.0,3735.0,3680.0,3715.0,2983.339111328125,64479500,0.0,0.0
2017-07-26,BBCA,3730.0,3780.0,3710.0,3755.0,3015.460693359375,118081000,0.0,0.0
2017-07-27,BBCA,3755.0,3770.0,3740.0,3760.0,3019.476318359375,63409500,0.0,0.0
2017-07-28,BBCA,3800.0,3800.0,3740.0,3760.0,3019.476318359375,84735000,0.0,0.0
2017-07-31,BBCA,3720.0,3765.0,3715.0,3740.0,3003.4150390625,65311000,0.0,0.0
2017-08-01,BBCA,3775.0,3795.0,3745.0,3785.0,3039.552490234375,88810000,0.0,0.0
2017-08-02,BBCA,3785.0,3795.0,3765.0,3785.0,3039.552490234375,62681500,0.0,0.0
2017-08-03,BBCA,3810.0,3810.0,3710.0,3750.0,3011.445556640625,43917500,0.0,0.0
2017-08-04,BBCA,3750.0,3750.0,3710.0,3715.0,2983.339111328125,70007000,0.0,0.0
2017-08-07,BBCA,3750.0,3750.0,3715.0,3725.0,2991.369873046875,57609000,0.0,0.0
2017-08-08,BBCA,3740.0,3810.0,3740.0,3800.0,3051.5986328125,58013000,0.0,0.0
2017-08-09,BBCA,3805.0,3805.0,3750.0,3795.0,3047.5830078125,62335500,0.0,0.0
2017-08-10,BBCA,3810.0,3810.0,3745.0,3765.0,3023.4912109375,38466500,0.0,0.0
2017-08-11,BBCA,3745.0,3765.0,3715.0,3735.0,2999.399658203125,68837000,0.0,0.0
2017-08-14,BBCA,3735.0,3765.0,3730.0,3750.0,3011.445556640625,32254000,0.0,0.0
2017-08-15,BBCA,3740.0,3760.0,3700.0,3735.0,2999.399658203125,42814000,0.0,0.0
2017-08-16,BBCA,3745.0,3785.0,3730.0,3780.0,3035.537109375,54188500,0.0,0.0
2017-08-17,BBCA,3780.0,3780.0,3780.0,3780.0,3035.537109375,0,0.0,0.0
2017-08-18,BBCA,3750.0,3780.0,3725.0,3740.0,3003.4150390625,54443500,0.0,0.0
2017-08-21,BBCA,3760.0,3765.0,3740.0,3760.0,3019.476318359375,20734000,0.0,0.0
2017-08-22,BBCA,3760.0,3775.0,3760.0,3760.0,3019.476318359375,35817000,0.0,0.0
2017-08-23,BBCA,3780.0,3830.0,3770.0,3830.0,3075.690185546875,48576500,0.0,0.0
2017-08-24,BBCA,3830.0,3830.0,3775.0,3790.0,3043.568115234375,57641000,0.0,0.0
2017-08-25,BBCA,3820.0,3840.0,3795.0,3820.0,3067.658935546875,43855500,0.0,0.0
2017-08-28,BBCA,3780.0,3820.0,3775.0,3815.0,3063.643798828125,28840500,0.0,0.0
2017-08-29,BBCA,3810.0,3815.0,3780.0,3815.0,3063.643798828125,32155000,0.0,0.0
2017-08-30,BBCA,3840.0,3840.0,3785.0,3820.0,3067.658935546875,42254000,0.0,0.0
2017-08-31,BBCA,3790.0,3840.0,3790.0,3790.0,3043.568115234375,65610500,0.0,0.0
2017-09-01,BBCA,3790.0,3790.0,3790.0,3790.0,3043.568115234375,0,0.0,0.0
2017-09-04,BBCA,3795.0,3800.0,3740.0,3775.0,3031.52197265625,37213500,0.0,0.0
2017-09-05,BBCA,3800.0,3800.0,3735.0,3800.0,3051.5986328125,73701500,0.0,0.0
2017-09-06,BBCA,3800.0,3805.0,3760.0,3780.0,3035.537109375,59771000,0.0,0.0
2017-09-07,BBCA,3820.0,3820.0,3750.0,3790.0,3043.568115234375,44964000,0.0,0.0
2017-09-08,BBCA,3745.0,3805.0,3740.0,3770.0,3027.506591796875,51583000,0.0,0.0
2017-09-11,BBCA,3795.0,3805.0,3780.0,3780.0,3035.537109375,36496500,0.0,0.0
2017-09-12,BBCA,3790.0,3820.0,3785.0,3805.0,3055.61376953125,52225000,0.0,0.0
2017-09-13,BBCA,3770.0,3825.0,3770.0,3810.0,3059.62841796875,29835000,0.0,0.0
2017-09-14,BBCA,3825.0,3830.0,3810.0,3820.0,3067.658935546875,37754000,0.0,0.0
2017-09-15,BBCA,3800.0,3805.0,3765.0,3775.0,3031.52197265625,163473500,0.0,0.0
2017-09-18,BBCA,3800.0,3800.0,3765.0,3795.0,3047.5830078125,30903500,0.0,0.0
2017-09-19,BBCA,3770.0,3835.0,3765.0,3815.0,3063.643798828125,59579500,0.0,0.0
2017-09-20,BBCA,3820.0,3820.0,3795.0,3810.0,3059.62841796875,76382000,0.0,0.0
2017-09-21,BBCA,3810.0,3810.0,3810.0,3810.0,3059.62841796875,0,0.0,0.0
2017-09-22,BBCA,3820.0,3995.0,3805.0,3975.0,3192.13232421875,125871000,0.0,0.0
2017-09-25,BBCA,3950.0,3960.0,3925.0,3935.0,3160.01025390625,97549500,0.0,0.0
2017-09-26,BBCA,3935.0,3955.0,3920.0,3930.0,3155.994873046875,99934500,0.0,0.0
2017-09-27,BBCA,3960.0,3960.0,3930.0,3950.0,3172.055908203125,122173500,0.0,0.0
2017-09-28,BBCA,3965.0,3970.0,3930.0,3965.0,3184.101806640625,101703500,0.0,0.0
2017-09-29,BBCA,3995.0,4075.0,3965.0,4060.0,3260.391845703125,188602500,0.0,0.0
2017-10-02,BBCA,4110.0,4120.0,4045.0,4065.0,3264.4072265625,52865500,0.0,0.0
2017-10-03,BBCA,4065.0,4100.0,4040.0,4070.0,3268.422607421875,48209500,0.0,0.0
2017-10-04,BBCA,4110.0,4110.0,4055.0,4065.0,3264.4072265625,101610500,0.0,0.0
2017-10-05,BBCA,4065.0,4065.0,4015.0,4055.0,3256.376708984375,120569000,0.0,0.0
2017-10-06,BBCA,4050.0,4105.0,4020.0,4090.0,3284.483154296875,100290500,0.0,0.0
2017-10-09,BBCA,4060.0,4080.0,4050.0,4070.0,3268.422607421875,65156500,0.0,0.0
2017-10-10,BBCA,4040.0,4080.0,4040.0,4075.0,3272.4375,55606000,0.0,0.0
2017-10-11,BBCA,4040.0,4085.0,4040.0,4075.0,3272.4375,67298000,0.0,0.0
2017-10-12,BBCA,4075.0,4165.0,4075.0,4160.0,3340.69677734375,103676500,0.0,0.0
2017-10-13,BBCA,4160.0,4190.0,4110.0,4135.0,3320.620849609375,55690000,0.0,0.0
2017-10-16,BBCA,4160.0,4210.0,4135.0,4145.0,3328.6513671875,54328000,0.0,0.0
2017-10-17,BBCA,4150.0,4150.0,4010.0,4100.0,3292.51416015625,115934500,0.0,0.0
2017-10-18,BBCA,4140.0,4140.0,4015.0,4040.0,3244.33056640625,124576000,0.0,0.0
2017-10-19,BBCA,4040.0,4070.0,4030.0,4065.0,3264.4072265625,68639000,0.0,0.0
2017-10-20,BBCA,4100.0,4190.0,4070.0,4070.0,3268.422607421875,60758000,0.0,0.0
2017-10-23,BBCA,4130.0,4275.0,4130.0,4200.0,3372.8193359375,62843500,0.0,0.0
2017-10-24,BBCA,4200.0,4250.0,4120.0,4120.0,3308.575439453125,65380000,0.0,0.0
2017-10-25,BBCA,4120.0,4210.0,4080.0,4210.0,3380.849609375,69421500,0.0,0.0
2017-10-26,BBCA,4160.0,4200.0,4120.0,4155.0,3336.681640625,41336000,0.0,0.0
2017-10-27,BBCA,4150.0,4150.0,4040.0,4060.0,3260.391845703125,101701000,0.0,0.0
2017-10-30,BBCA,4065.0,4095.0,4060.0,4085.0,3280.46826171875,55210500,0.0,0.0
2017-10-31,BBCA,4165.0,4185.0,4105.0,4180.0,3356.75830078125,78009000,0.0,0.0
2017-11-01,BBCA,4200.0,4275.0,4200.0,4265.0,3425.01708984375,103776500,0.0,0.0
2017-11-02,BBCA,4300.0,4325.0,4280.0,4295.0,3449.109375,95839000,0.0,0.0
2017-11-03,BBCA,4300.0,4300.0,4140.0,4205.0,3376.834228515625,70070000,0.0,0.0
2017-11-06,BBCA,4240.0,4240.0,4200.0,4200.0,3372.8193359375,38234000,0.0,0.0
2017-11-07,BBCA,4170.0,4215.0,4150.0,4210.0,3380.849609375,49234500,0.0,0.0
2017-11-08,BBCA,4180.0,4225.0,4160.0,4160.0,3340.69677734375,61518000,0.0,0.0
2017-11-09,BBCA,4190.0,4210.0,4155.0,4160.0,3340.69677734375,51541000,0.0,0.0
2017-11-10,BBCA,4160.0,4180.0,4120.0,4130.0,3316.605712890625,79178500,0.0,0.0
2017-11-13,BBCA,4105.0,4140.0,4080.0,4095.0,3288.498779296875,56963000,0.0,0.0
2017-11-14,BBCA,4100.0,4110.0,4085.0,4095.0,3288.498779296875,54986000,0.0,0.0
2017-11-15,BBCA,4120.0,4230.0,4100.0,4205.0,3376.834228515625,94253500,0.0,0.0
2017-11-16,BBCA,4240.0,4240.0,4190.0,4205.0,3376.834228515625,61512500,0.0,0.0
2017-11-17,BBCA,4230.0,4240.0,4165.0,4235.0,3400.926025390625,126881500,0.0,0.0
2017-11-20,BBCA,4235.0,4255.0,4205.0,4205.0,3376.834228515625,90902500,0.0,0.0
2017-11-21,BBCA,4245.0,4245.0,4175.0,4225.0,3392.895751953125,63695000,0.0,0.0
2017-11-22,BBCA,4200.0,4245.0,4200.0,4235.0,3400.926025390625,86719000,0.0,0.0
2017-11-23,BBCA,4250.0,4250.0,4170.0,4200.0,3372.8193359375,66003500,0.0,0.0
2017-11-24,BBCA,4175.0,4210.0,4155.0,4200.0,3372.8193359375,60888000,0.0,0.0
2017-11-27,BBCA,4165.0,4260.0,4165.0,4260.0,3421.001708984375,78146500,0.0,0.0
2017-11-28,BBCA,4260.0,4260.0,4210.0,4260.0,3421.001708984375,77432000,0.0,0.0
2017-11-29,BBCA,4260.0,4265.0,4185.0,4235.0,3413.747802734375,103370500,16.0,0.0
2017-11-30,BBCA,4260.0,4260.0,4070.0,4070.0,3280.744384765625,205897500,0.0,0.0
2017-12-01,BBCA,4070.0,4070.0,4070.0,4070.0,3280.744384765625,0,0.0,0.0
2017-12-04,BBCA,4165.0,4230.0,4130.0,4160.0,3353.2919921875,128402500,0.0,0.0
2017-12-05,BBCA,4210.0,4225.0,4180.0,4200.0,3385.534912109375,62670500,0.0,0.0
2017-12-06,BBCA,4230.0,4275.0,4200.0,4260.0,3433.8994140625,106299500,0.0,0.0
2017-12-07,BBCA,4260.0,4260.0,4175.0,4195.0,3381.504638671875,69664000,0.0,0.0
2017-12-08,BBCA,4220.0,4245.0,4205.0,4225.0,3405.686767578125,40480000,0.0,0.0
2017-12-11,BBCA,4250.0,4250.0,4200.0,4215.0,3397.6259765625,32973500,0.0,0.0
2017-12-12,BBCA,4235.0,4250.0,4170.0,4250.0,3425.839111328125,67854000,0.0,0.0
2017-12-13,BBCA,4235.0,4235.0,4185.0,4185.0,3373.444091796875,61131000,0.0,0.0
2017-12-14,BBCA,4185.0,4230.0,4175.0,4220.0,3401.656494140625,75550000,0.0,0.0
2017-12-15,BBCA,4180.0,4220.0,4180.0,4220.0,3401.656494140625,64630500,0.0,0.0
2017-12-18,BBCA,4180.0,4220.0,4170.0,4220.0,3401.656494140625,76474000,0.0,0.0
2017-12-19,BBCA,4190.0,4250.0,4190.0,4220.0,3401.656494140625,76553500,0.0,0.0
2017-12-20,BBCA,4210.0,4210.0,4175.0,4185.0,3373.444091796875,102963500,0.0,0.0
2017-12-21,BBCA,4190.0,4230.0,4190.0,4220.0,3401.656494140625,61100000,0.0,0.0
2017-12-22,BBCA,4235.0,4335.0,4195.0,4300.0,3466.143310546875,94573000,0.0,0.0
2017-12-25,BBCA,4300.0,4300.0,4300.0,4300.0,3466.143310546875,0,0.0,0.0
2017-12-26,BBCA,4300.0,4300.0,4300.0,4300.0,3466.143310546875,0,0.0,0.0
2017-12-27,BBCA,4300.0,4340.0,4280.0,4305.0,3470.173095703125,86689000,0.0,0.0
2017-12-28,BBCA,4300.0,4400.0,4295.0,4385.0,3534.659912109375,106501000,0.0,0.0
2017-12-29,BBCA,4410.0,4550.0,4330.0,4380.0,3530.62890625,81347000,0.0,0.0
2018-01-01,BBCA,4380.0,4380.0,4380.0,4380.0,3530.62890625,0,0.0,0.0
2018-01-02,BBCA,4380.0,4505.0,4365.0,4380.0,3530.62890625,82303500,0.0,0.0
2018-01-03,BBCA,4385.0,4390.0,4265.0,4380.0,3530.62890625,68214000,0.0,0.0
2018-01-04,BBCA,4380.0,4445.0,4380.0,4445.0,3583.024658203125,76567000,0.0,0.0
2018-01-05,BBCA,4460.0,4480.0,4435.0,4450.0,3587.05419921875,65268000,0.0,0.0
2018-01-08,BBCA,4450.0,4515.0,4445.0,4470.0,3603.17626953125,57928000,0.0,0.0
2018-01-09,BBCA,4500.0,4510.0,4490.0,4505.0,3631.389404296875,61213000,0.0,0.0
2018-01-10,BBCA,4505.0,4545.0,4465.0,4490.0,3619.29833984375,47292000,0.0,0.0
2018-01-11,BBCA,4490.0,4540.0,4460.0,4540.0,3659.601806640625,57569000,0.0,0.0
2018-01-12,BBCA,4540.0,4545.0,4465.0,4485.0,3615.26806640625,66590500,0.0,0.0
2018-01-15,BBCA,4490.0,4500.0,4460.0,4495.0,3623.32861328125,41875000,0.0,0.0
2018-01-16,BBCA,4490.0,4535.0,4490.0,4520.0,3643.47998046875,50055000,0.0,0.0
2018-01-17,BBCA,4540.0,4540.0,4430.0,4430.0,3570.93359375,183003000,0.0,0.0
2018-01-18,BBCA,4450.0,4520.0,4450.0,4515.0,3639.449462890625,84980500,0.0,0.0
2018-01-19,BBCA,4525.0,4530.0,4480.0,4490.0,3619.29833984375,50450500,0.0,0.0
2018-01-22,BBCA,4510.0,4515.0,4485.0,4495.0,3623.32861328125,81367500,0.0,0.0
2018-01-23,BBCA,4530.0,4540.0,4505.0,4530.0,3651.54052734375,68752000,0.0,0.0
2018-01-24,BBCA,4525.0,4525.0,4500.0,4515.0,3639.449462890625,94254500,0.0,0.0
2018-01-25,BBCA,4510.0,4530.0,4490.0,4515.0,3639.449462890625,53653500,0.0,0.0
2018-01-26,BBCA,4525.0,4570.0,4505.0,4540.0,3659.601806640625,58121000,0.0,0.0
2018-01-29,BBCA,4560.0,4565.0,4510.0,4560.0,3675.722900390625,114814500,0.0,0.0
2018-01-30,BBCA,4540.0,4690.0,4530.0,4560.0,3675.722900390625,114055000,0.0,0.0
2018-01-31,BBCA,4560.0,4580.0,4540.0,4545.0,3663.6318359375,106803000,0.0,0.0
2018-02-01,BBCA,4570.0,4685.0,4570.0,4675.0,3768.422607421875,138208000,0.0,0.0
2018-02-02,BBCA,4725.0,4940.0,4720.0,4795.0,3865.152099609375,98474000,0.0,0.0
2018-02-05,BBCA,4750.0,4805.0,4700.0,4760.0,3836.939453125,49501500,0.0,0.0
2018-02-06,BBCA,4690.0,4735.0,4660.0,4705.0,3792.605224609375,117589500,0.0,0.0
2018-02-07,BBCA,4730.0,4795.0,4695.0,4700.0,3788.57421875,121947000,0.0,0.0
2018-02-08,BBCA,4710.0,4760.0,4700.0,4740.0,3820.818115234375,68461000,0.0,0.0
2018-02-09,BBCA,4680.0,4745.0,4670.0,4715.0,3800.665283203125,71076500,0.0,0.0
2018-02-12,BBCA,4760.0,4760.0,4700.0,4700.0,3788.57421875,38409500,0.0,0.0
2018-02-13,BBCA,4760.0,4785.0,4750.0,4760.0,3836.939453125,59406000,0.0,0.0
2018-02-14,BBCA,4745.0,4775.0,4710.0,4740.0,3820.818115234375,75553000,0.0,0.0
2018-02-15,BBCA,4780.0,4785.0,4690.0,4690.0,3780.51416015625,52958500,0.0,0.0
2018-02-16,BBCA,4690.0,4690.0,4690.0,4690.0,3780.51416015625,0,0.0,0.0
2018-02-19,BBCA,4735.0,4850.0,4730.0,4850.0,3909.485595703125,50185500,0.0,0.0
2018-02-20,BBCA,4820.0,4840.0,4775.0,4805.0,3873.212890625,34830000,0.0,0.0
2018-02-21,BBCA,4790.0,4835.0,4745.0,4805.0,3873.212890625,62499000,0.0,0.0
2018-02-22,BBCA,4820.0,4835.0,4750.0,4780.0,3853.060791015625,47217000,0.0,0.0
2018-02-23,BBCA,4805.0,4895.0,4790.0,4850.0,3909.485595703125,82233000,0.0,0.0
2018-02-26,BBCA,4830.0,4845.0,4700.0,4705.0,3792.605224609375,85227500,0.0,0.0
2018-02-27,BBCA,4745.0,4755.0,4660.0,4710.0,3796.6357421875,87429500,0.0,0.0
2018-02-28,BBCA,4680.0,4690.0,4615.0,4635.0,3736.179931640625,132869000,0.0,0.0
2018-03-01,BBCA,4620.0,4645.0,4620.0,4635.0,3736.179931640625,125474500,0.0,0.0
2018-03-02,BBCA,4615.0,4625.0,4550.0,4575.0,3687.813720703125,151511000,0.0,0.0
2018-03-05,BBCA,4630.0,4660.0,4575.0,4575.0,3687.813720703125,87744000,0.0,0.0
2018-03-06,BBCA,4635.0,4640.0,4545.0,4555.0,3671.6923828125,75907000,0.0,0.0
2018-03-07,BBCA,4620.0,4630.0,4505.0,4520.0,3643.47998046875,106152000,0.0,0.0
2018-03-08,BBCA,4600.0,4680.0,4550.0,4660.0,3756.3310546875,102994500,0.0,0.0
2018-03-09,BBCA,4660.0,4660.0,4595.0,4660.0,3756.3310546875,66797000,0.0,0.0
2018-03-12,BBCA,4680.0,4730.0,4670.0,4725.0,3808.726806640625,111180500,0.0,0.0
2018-03-13,BBCA,4720.0,4740.0,4655.0,4690.0,3780.51416015625,80643000,0.0,0.0
2018-03-14,BBCA,4695.0,4720.0,4645.0,4680.0,3772.45361328125,54505500,0.0,0.0
2018-03-15,BBCA,4680.0,4685.0,4650.0,4675.0,3768.422607421875,60774500,0.0,0.0
2018-03-16,BBCA,4730.0,4735.0,4600.0,4670.0,3764.392578125,193122000,0.0,0.0
2018-03-19,BBCA,4660.0,4675.0,4640.0,4670.0,3764.392578125,74200000,0.0,0.0
2018-03-20,BBCA,4655.0,4660.0,4600.0,4655.0,3752.30126953125,89683500,0.0,0.0
2018-03-21,BBCA,4670.0,4705.0,4655.0,4675.0,3768.422607421875,67617500,0.0,0.0
2018-03-22,BBCA,4695.0,4700.0,4670.0,4690.0,3780.51416015625,60791500,0.0,0.0
2018-03-23,BBCA,4600.0,4760.0,4600.0,4760.0,3836.939453125,62978000,0.0,0.0
2018-03-26,BBCA,4680.0,4690.0,4640.0,4655.0,3752.30126953125,100407000,0.0,0.0
2018-03-27,BBCA,4730.0,4755.0,4685.0,4690.0,3780.51416015625,66088000,0.0,0.0
2018-03-28,BBCA,4690.0,4690.0,4630.0,4665.0,3760.36181640625,36212500,0.0,0.0
2018-03-29,BBCA,4630.0,4665.0,4565.0,4660.0,3756.3310546875,77650500,0.0,0.0
2018-03-30,BBCA,4660.0,4660.0,4660.0,4660.0,3756.3310546875,0,0.0,0.0
2018-04-02,BBCA,4690.0,4695.0,4620.0,4680.0,3772.45361328125,37162500,0.0,0.0
2018-04-03,BBCA,4675.0,4700.0,4665.0,4680.0,3772.45361328125,56261000,0.0,0.0
2018-04-04,BBCA,4700.0,4700.0,4605.0,4660.0,3756.3310546875,49877000,0.0,0.0
2018-04-05,BBCA,4700.0,4700.0,4610.0,4610.0,3716.028076171875,22521500,0.0,0.0
2018-04-06,BBCA,4625.0,4625.0,4520.0,4545.0,3663.6318359375,47941500,0.0,0.0
2018-04-09,BBCA,4570.0,4580.0,4515.0,4555.0,3671.6923828125,51013000,0.0,0.0
2018-04-10,BBCA,4575.0,4690.0,4560.0,4660.0,3756.3310546875,79533500,0.0,0.0
2018-04-11,BBCA,4700.0,4730.0,4660.0,4665.0,3760.36181640625,41891500,0.0,0.0
2018-04-12,BBCA,4665.0,4665.0,4610.0,4630.0,3732.148681640625,45957000,0.0,0.0
2018-04-13,BBCA,4620.0,4630.0,4580.0,4580.0,3719.9658203125,70179500,35.0,0.0
2018-04-16,BBCA,4580.0,4580.0,4580.0,4580.0,3719.9658203125,0,0.0,0.0
2018-04-17,BBCA,4580.0,4580.0,4580.0,4580.0,3719.9658203125,0,0.0,0.0
2018-04-18,BBCA,4565.0,4595.0,4545.0,4595.0,3732.149658203125,43716000,0.0,0.0
2018-04-19,BBCA,4595.0,4595.0,4595.0,4595.0,3732.149658203125,0,0.0,0.0
2018-04-20,BBCA,4595.0,4595.0,4595.0,4595.0,3732.149658203125,0,0.0,0.0
2018-04-23,BBCA,4640.0,4640.0,4585.0,4600.0,3736.210205078125,46236000,0.0,0.0
2018-04-24,BBCA,4620.0,4625.0,4575.0,4585.0,3724.02685546875,72223500,0.0,0.0
2018-04-25,BBCA,4585.0,4585.0,4585.0,4585.0,3724.02685546875,0,0.0,0.0
2018-04-26,BBCA,4585.0,4585.0,4585.0,4585.0,3724.02685546875,0,0.0,0.0
2018-04-27,BBCA,4585.0,4585.0,4585.0,4585.0,3724.02685546875,0,0.0,0.0
2018-04-30,BBCA,4300.0,4480.0,4290.0,4420.0,3590.010498046875,90414000,0.0,0.0
2018-05-01,BBCA,4420.0,4420.0,4420.0,4420.0,3590.010498046875,0,0.0,0.0
2018-05-02,BBCA,4420.0,4580.0,4420.0,4580.0,3719.9658203125,82346000,0.0,0.0
2018-05-03,BBCA,4560.0,4575.0,4460.0,4460.0,3622.498779296875,138704500,0.0,0.0
2018-05-04,BBCA,4460.0,4465.0,4400.0,4405.0,3577.82763671875,74133500,0.0,0.0
2018-05-07,BBCA,4410.0,4460.0,4360.0,4460.0,3622.498779296875,49054500,0.0,0.0
2018-05-08,BBCA,4400.0,4405.0,4340.0,4405.0,3577.82763671875,70739000,0.0,0.0
2018-05-09,BBCA,4305.0,4580.0,4305.0,4580.0,3719.9658203125,72094000,0.0,0.0
2018-05-10,BBCA,4580.0,4580.0,4580.0,4580.0,3719.9658203125,0,0.0,0.0
2018-05-11,BBCA,4550.0,4610.0,4510.0,4550.0,3695.59912109375,80000500,0.0,0.0
2018-05-14,BBCA,4490.0,4595.0,4465.0,4595.0,3732.149658203125,57370500,0.0,0.0
2018-05-15,BBCA,4535.0,4540.0,4400.0,4440.0,3606.2548828125,130583000,0.0,0.0
2018-05-16,BBCA,4380.0,4480.0,4380.0,4475.0,3634.682373046875,87185000,0.0,0.0
2018-05-17,BBCA,4440.0,4455.0,4400.0,4400.0,3573.766357421875,84030500,0.0,0.0
2018-05-18,BBCA,4400.0,4405.0,4340.0,4340.0,3525.032958984375,88681000,0.0,0.0
2018-05-21,BBCA,4310.0,4345.0,4295.0,4330.0,3516.9111328125,82237000,0.0,0.0
2018-05-22,BBCA,4390.0,4420.0,4340.0,4400.0,3573.766357421875,62761000,0.0,0.0
2018-05-23,BBCA,4420.0,4470.0,4400.0,4400.0,3573.766357421875,79515500,0.0,0.0
2018-05-24,BBCA,4460.0,4525.0,4455.0,4490.0,3646.86669921875,77697000,0.0,0.0
2018-05-25,BBCA,4485.0,4535.0,4475.0,4510.0,3663.11083984375,63913500,0.0,0.0
2018-05-28,BBCA,4500.0,4600.0,4480.0,4570.0,3711.84326171875,64104500,0.0,0.0
2018-05-29,BBCA,4570.0,4570.0,4570.0,4570.0,3711.84326171875,0,0.0,0.0
2018-05-30,BBCA,4570.0,4595.0,4490.0,4540.0,3687.477294921875,109761500,0.0,0.0
2018-05-31,BBCA,4575.0,4590.0,4490.0,4540.0,3687.477294921875,178023000,0.0,0.0
2018-06-01,BBCA,4540.0,4540.0,4540.0,4540.0,3687.477294921875,0,0.0,0.0
2018-06-04,BBCA,4590.0,4595.0,4560.0,4585.0,3724.02685546875,89585000,0.0,0.0
2018-06-05,BBCA,4560.0,4585.0,4480.0,4545.0,3691.5380859375,77233000,0.0,0.0
2018-06-06,BBCA,4545.0,4630.0,4525.0,4605.0,3740.27099609375,57913500,0.0,0.0
2018-06-07,BBCA,4630.0,4630.0,4580.0,4595.0,3732.149658203125,40681500,0.0,0.0
2018-06-08,BBCA,4570.0,4600.0,4420.0,4450.0,3614.377197265625,170845000,0.0,0.0
2018-06-11,BBCA,4450.0,4450.0,4450.0,4450.0,3614.377197265625,0,0.0,0.0
2018-06-12,BBCA,4450.0,4450.0,4450.0,4450.0,3614.377197265625,0,0.0,0.0
2018-06-13,BBCA,4450.0,4450.0,4450.0,4450.0,3614.377197265625,0,0.0,0.0
2018-06-14,BBCA,4450.0,4450.0,4450.0,4450.0,3614.377197265625,0,0.0,0.0
2018-06-15,BBCA,4450.0,4450.0,4450.0,4450.0,3614.377197265625,0,0.0,0.0
2018-06-18,BBCA,4450.0,4450.0,4450.0,4450.0,3614.377197265625,0,0.0,0.0
2018-06-19,BBCA,4450.0,4450.0,4450.0,4450.0,3614.377197265625,0,0.0,0.0
2018-06-20,BBCA,4400.0,4405.0,4230.0,4300.0,3492.544677734375,253439000,0.0,0.0
2018-06-21,BBCA,4325.0,4390.0,4230.0,4230.0,3435.6884765625,90593500,0.0,0.0
2018-06-22,BBCA,4280.0,4385.0,4220.0,4385.0,3561.583251953125,96509500,0.0,0.0
2018-06-25,BBCA,4385.0,4495.0,4365.0,4440.0,3606.2548828125,62513000,0.0,0.0
2018-06-26,BBCA,4420.0,4460.0,4275.0,4275.0,3472.239013671875,54763500,0.0,0.0
2018-06-27,BBCA,4280.0,4340.0,4270.0,4270.0,3468.177978515625,67309500,0.0,0.0
2018-06-28,BBCA,4275.0,4275.0,4185.0,4190.0,3403.200439453125,118098500,0.0,0.0
2018-06-29,BBCA,4190.0,4295.0,4165.0,4295.0,3488.48388671875,119188000,0.0,0.0
2018-07-02,BBCA,4330.0,4330.0,4285.0,4290.0,3484.422607421875,59441500,0.0,0.0
2018-07-03,BBCA,4320.0,4325.0,4120.0,4120.0,3346.3447265625,73038000,0.0,0.0
2018-07-04,BBCA,4195.0,4280.0,4140.0,4245.0,3447.87255859375,61994500,0.0,0.0
2018-07-05,BBCA,4210.0,4260.0,4200.0,4245.0,3447.87255859375,34144000,0.0,0.0
2018-07-06,BBCA,4195.0,4210.0,4185.0,4185.0,3399.1396484375,37609000,0.0,0.0
2018-07-09,BBCA,4240.0,4400.0,4215.0,4380.0,3557.52197265625,80049500,0.0,0.0
2018-07-10,BBCA,4370.0,4400.0,4280.0,4380.0,3557.52197265625,116639500,0.0,0.0
2018-07-11,BBCA,4300.0,4490.0,4300.0,4465.0,3626.560302734375,95570000,0.0,0.0
2018-07-12,BBCA,4440.0,4580.0,4435.0,4565.0,3707.781494140625,79008000,0.0,0.0
2018-07-13,BBCA,4600.0,4615.0,4560.0,4605.0,3740.27099609375,73936000,0.0,0.0
2018-07-16,BBCA,4610.0,4625.0,4580.0,4625.0,3756.515869140625,71571000,0.0,0.0
2018-07-17,BBCA,4585.0,4600.0,4505.0,4545.0,3691.5380859375,30322000,0.0,0.0
2018-07-18,BBCA,4590.0,4640.0,4590.0,4640.0,3768.69873046875,80090500,0.0,0.0
2018-07-19,BBCA,4620.0,4640.0,4610.0,4640.0,3768.69873046875,76925500,0.0,0.0
2018-07-20,BBCA,4630.0,4630.0,4585.0,4620.0,3752.455078125,57104000,0.0,0.0
2018-07-23,BBCA,4640.0,4700.0,4620.0,4670.0,3793.066162109375,70157500,0.0,0.0
2018-07-24,BBCA,4700.0,4705.0,4660.0,4705.0,3821.49365234375,88291000,0.0,0.0
2018-07-25,BBCA,4705.0,4715.0,4685.0,4715.0,3829.615234375,50131500,0.0,0.0
2018-07-26,BBCA,4645.0,4725.0,4645.0,4665.0,3789.004638671875,54317500,0.0,0.0
2018-07-27,BBCA,4660.0,4670.0,4625.0,4645.0,3772.75927734375,46642500,0.0,0.0
2018-07-30,BBCA,4680.0,4680.0,4600.0,4655.0,3780.882568359375,40096500,0.0,0.0
2018-07-31,BBCA,4640.0,4660.0,4530.0,4655.0,3780.882568359375,66803000,0.0,0.0
2018-08-01,BBCA,4680.0,4695.0,4650.0,4695.0,3813.371337890625,56594000,0.0,0.0
2018-08-02,BBCA,4720.0,4780.0,4690.0,4690.0,3809.310302734375,79333000,0.0,0.0
2018-08-03,BBCA,4690.0,4730.0,4670.0,4690.0,3809.310302734375,41404000,0.0,0.0
2018-08-06,BBCA,4680.0,4760.0,4680.0,4760.0,3866.16552734375,63000500,0.0,0.0
2018-08-07,BBCA,4740.0,4775.0,4740.0,4760.0,3866.16552734375,114379000,0.0,0.0
2018-08-08,BBCA,4780.0,4790.0,4710.0,4785.0,3886.47119140625,64702500,0.0,0.0
2018-08-09,BBCA,4800.0,4820.0,4780.0,4820.0,3914.89794921875,65947500,0.0,0.0
2018-08-10,BBCA,4800.0,4815.0,4740.0,4775.0,3878.349609375,80348000,0.0,0.0
2018-08-13,BBCA,4705.0,4710.0,4610.0,4665.0,3789.004638671875,80184000,0.0,0.0
2018-08-14,BBCA,4690.0,4780.0,4605.0,4700.0,3817.431884765625,85527500,0.0,0.0
2018-08-15,BBCA,4720.0,4720.0,4660.0,4690.0,3809.310302734375,57330500,0.0,0.0
2018-08-16,BBCA,4690.0,4695.0,4640.0,4675.0,3797.12646484375,52903500,0.0,0.0
2018-08-17,BBCA,4675.0,4675.0,4675.0,4675.0,3797.12646484375,0,0.0,0.0
2018-08-20,BBCA,4700.0,4780.0,4685.0,4780.0,3882.40966796875,96832000,0.0,0.0
2018-08-21,BBCA,4770.0,4795.0,4770.0,4775.0,3878.349609375,67938000,0.0,0.0
2018-08-22,BBCA,4775.0,4775.0,4775.0,4775.0,3878.349609375,0,0.0,0.0
2018-08-23,BBCA,4760.0,4930.0,4755.0,4915.0,3992.058837890625,145868000,0.0,0.0
2018-08-24,BBCA,4920.0,5095.0,4915.0,5015.0,4073.28173828125,103975000,0.0,0.0
2018-08-27,BBCA,5020.0,5070.0,4935.0,4955.0,4024.548095703125,91285000,0.0,0.0
2018-08-28,BBCA,5020.0,5020.0,4910.0,4995.0,4057.03759765625,63353500,0.0,0.0
2018-08-29,BBCA,4900.0,4960.0,4895.0,4960.0,4028.609375,87695500,0.0,0.0
2018-08-30,BBCA,4995.0,5030.0,4985.0,5015.0,4073.28173828125,96273500,0.0,0.0
2018-08-31,BBCA,5000.0,5010.0,4960.0,4960.0,4028.609375,111563000,0.0,0.0
2018-09-03,BBCA,5010.0,5015.0,4920.0,4955.0,4024.548095703125,38489500,0.0,0.0
2018-09-04,BBCA,4965.0,4980.0,4900.0,4950.0,4020.486083984375,42271500,0.0,0.0
2018-09-05,BBCA,4900.0,4900.0,4730.0,4800.0,3898.65380859375,95608500,0.0,0.0
2018-09-06,BBCA,4805.0,5040.0,4720.0,4940.0,4012.365234375,95265000,0.0,0.0
2018-09-07,BBCA,4965.0,4970.0,4875.0,4970.0,4036.730224609375,72551500,0.0,0.0
2018-09-10,BBCA,4920.0,4950.0,4830.0,4950.0,4020.486083984375,66696500,0.0,0.0
2018-09-11,BBCA,4950.0,4950.0,4950.0,4950.0,4020.486083984375,0,0.0,0.0
2018-09-12,BBCA,4950.0,4965.0,4765.0,4780.0,3882.40966796875,87900500,0.0,0.0
2018-09-13,BBCA,4840.0,4875.0,4780.0,4800.0,3898.65380859375,94051000,0.0,0.0
2018-09-14,BBCA,4780.0,4840.0,4740.0,4795.0,3894.593017578125,72473500,0.0,0.0
2018-09-17,BBCA,4750.0,4795.0,4750.0,4785.0,3886.47119140625,39478000,0.0,0.0
2018-09-18,BBCA,4740.0,4850.0,4740.0,4800.0,3898.65380859375,75119500,0.0,0.0
2018-09-19,BBCA,4815.0,4845.0,4765.0,4800.0,3898.65380859375,111558500,0.0,0.0
2018-09-20,BBCA,4840.0,4845.0,4780.0,4790.0,3890.532470703125,60786000,0.0,0.0
2018-09-21,BBCA,4780.0,4830.0,4740.0,4740.0,3849.92138671875,152052000,0.0,0.0
2018-09-24,BBCA,4780.0,4815.0,4760.0,4785.0,3886.47119140625,59902000,0.0,0.0
2018-09-25,BBCA,4800.0,4800.0,4765.0,4785.0,3886.47119140625,42771000,0.0,0.0
2018-09-26,BBCA,4760.0,4860.0,4760.0,4840.0,3931.142578125,71715500,0.0,0.0
2018-09-27,BBCA,4780.0,4825.0,4770.0,4800.0,3898.65380859375,71001000,0.0,0.0
2018-09-28,BBCA,4780.0,4830.0,4780.0,4830.0,3923.020751953125,96975000,0.0,0.0
2018-10-01,BBCA,4800.0,4840.0,4790.0,4790.0,3890.532470703125,36388000,0.0,0.0
2018-10-02,BBCA,4815.0,4840.0,4750.0,4790.0,3890.532470703125,50639500,0.0,0.0
2018-10-03,BBCA,4750.0,4795.0,4745.0,4785.0,3886.47119140625,33524500,0.0,0.0
2018-10-04,BBCA,4785.0,4785.0,4700.0,4720.0,3833.6767578125,67869500,0.0,0.0
2018-10-05,BBCA,4710.0,4710.0,4595.0,4610.0,3744.332763671875,98249500,0.0,0.0
2018-10-08,BBCA,4615.0,4790.0,4615.0,4690.0,3809.310302734375,57250000,0.0,0.0
2018-10-09,BBCA,4700.0,4750.0,4680.0,4750.0,3858.043212890625,36940000,0.0,0.0
2018-10-10,BBCA,4780.0,4825.0,4650.0,4675.0,3797.12646484375,59394500,0.0,0.0
2018-10-11,BBCA,4600.0,4660.0,4495.0,4545.0,3691.5380859375,102336000,0.0,0.0
2018-10-12,BBCA,4600.0,4695.0,4600.0,4650.0,3776.821533203125,82574500,0.0,0.0
2018-10-15,BBCA,4700.0,4770.0,4695.0,4770.0,3874.288330078125,65950000,0.0,0.0
2018-10-16,BBCA,4770.0,4820.0,4700.0,4820.0,3914.89794921875,47449000,0.0,0.0
2018-10-17,BBCA,4830.0,4835.0,4755.0,4805.0,3902.71533203125,38359000,0.0,0.0
2018-10-18,BBCA,4760.0,4775.0,4720.0,4720.0,3833.6767578125,29360500,0.0,0.0
2018-10-19,BBCA,4660.0,4730.0,4645.0,4675.0,3797.12646484375,45219500,0.0,0.0
2018-10-22,BBCA,4675.0,4720.0,4630.0,4630.0,3760.57666015625,63484000,0.0,0.0
2018-10-23,BBCA,4680.0,4685.0,4575.0,4590.0,3728.087890625,62162500,0.0,0.0
2018-10-24,BBCA,4600.0,4630.0,4530.0,4530.0,3679.3544921875,59493500,0.0,0.0
2018-10-25,BBCA,4435.0,4635.0,4435.0,4580.0,3719.9658203125,87732500,0.0,0.0
2018-10-26,BBCA,4620.0,4720.0,4600.0,4720.0,3833.6767578125,83994000,0.0,0.0
2018-10-29,BBCA,4660.0,4710.0,4625.0,4625.0,3756.515869140625,34553000,0.0,0.0
2018-10-30,BBCA,4625.0,4730.0,4620.0,4700.0,3817.431884765625,68882500,0.0,0.0
2018-10-31,BBCA,4750.0,4775.0,4700.0,4730.0,3841.799560546875,128908500,0.0,0.0
2018-11-01,BBCA,4770.0,4810.0,4745.0,4760.0,3866.16552734375,117906500,0.0,0.0
2018-11-02,BBCA,4800.0,4835.0,4760.0,4800.0,3898.65380859375,114054500,0.0,0.0
2018-11-05,BBCA,4800.0,4850.0,4790.0,4835.0,3927.081298828125,76754500,0.0,0.0
2018-11-06,BBCA,4860.0,4945.0,4850.0,4880.0,3963.6318359375,94410500,0.0,0.0
2018-11-07,BBCA,4920.0,4920.0,4780.0,4820.0,3914.89794921875,83875500,0.0,0.0
2018-11-08,BBCA,4880.0,4900.0,4780.0,4800.0,3898.65380859375,99739000,0.0,0.0
2018-11-09,BBCA,4800.0,4810.0,4785.0,4800.0,3898.65380859375,62938500,0.0,0.0
2018-11-12,BBCA,4830.0,4835.0,4740.0,4740.0,3849.92138671875,65125000,0.0,0.0
2018-11-13,BBCA,4740.0,4820.0,4670.0,4815.0,3910.837890625,61231500,0.0,0.0
2018-11-14,BBCA,4815.0,4850.0,4780.0,4810.0,3906.77587890625,68511500,0.0,0.0
2018-11-15,BBCA,4855.0,4870.0,4790.0,4835.0,3927.081298828125,87085500,0.0,0.0
2018-11-16,BBCA,4870.0,4980.0,4860.0,4965.0,4032.670166015625,134145500,0.0,0.0
2018-11-19,BBCA,5000.0,5080.0,4980.0,5020.0,4077.343017578125,103822500,0.0,0.0
2018-11-20,BBCA,5020.0,5020.0,5020.0,5020.0,4077.343017578125,0,0.0,0.0
2018-11-21,BBCA,5000.0,5010.0,4955.0,4960.0,4028.609375,107889000,0.0,0.0
2018-11-22,BBCA,4940.0,5040.0,4940.0,5020.0,4077.343017578125,87270000,0.0,0.0
2018-11-23,BBCA,5060.0,5090.0,4975.0,5020.0,4077.343017578125,57460000,0.0,0.0
2018-11-26,BBCA,4960.0,5080.0,4960.0,5045.0,4097.6474609375,64336500,0.0,0.0
2018-11-27,BBCA,5040.0,5100.0,5000.0,5100.0,4142.31982421875,73989000,0.0,0.0
2018-11-28,BBCA,5125.0,5125.0,5080.0,5090.0,4134.197265625,90687500,0.0,0.0
2018-11-29,BBCA,5100.0,5240.0,5100.0,5240.0,4256.03125,113847500,0.0,0.0
2018-11-30,BBCA,5240.0,5240.0,5155.0,5210.0,4231.6640625,178034500,0.0,0.0
2018-12-03,BBCA,5215.0,5395.0,5100.0,5160.0,4204.77392578125,100923000,17.0,0.0
2018-12-04,BBCA,5160.0,5295.0,5155.0,5240.0,4269.96337890625,119232500,0.0,0.0
2018-12-05,BBCA,5120.0,5230.0,5115.0,5230.0,4261.81494140625,74994000,0.0,0.0
2018-12-06,BBCA,5170.0,5260.0,5120.0,5260.0,4286.26025390625,75450000,0.0,0.0
2018-12-07,BBCA,5190.0,5210.0,5160.0,5190.0,4229.21875,71070000,0.0,0.0
2018-12-10,BBCA,5120.0,5205.0,5120.0,5180.0,4221.0703125,81221000,0.0,0.0
2018-12-11,BBCA,5130.0,5200.0,5125.0,5160.0,4204.77392578125,93017000,0.0,0.0
2018-12-12,BBCA,5190.0,5190.0,5130.0,5165.0,4208.84814453125,121623000,0.0,0.0
2018-12-13,BBCA,5200.0,5205.0,5145.0,5165.0,4208.84814453125,84280500,0.0,0.0
2018-12-14,BBCA,5160.0,5180.0,5140.0,5165.0,4208.84814453125,184435000,0.0,0.0
2018-12-17,BBCA,5185.0,5200.0,5150.0,5165.0,4208.84814453125,101438500,0.0,0.0
2018-12-18,BBCA,5100.0,5115.0,4980.0,5065.0,4127.3603515625,132039000,0.0,0.0
2018-12-19,BBCA,5040.0,5230.0,5040.0,5230.0,4261.81494140625,102220500,0.0,0.0
2018-12-20,BBCA,5120.0,5170.0,5070.0,5115.0,4168.10400390625,94455000,0.0,0.0
2018-12-21,BBCA,5040.0,5175.0,5040.0,5170.0,4212.921875,89979500,0.0,0.0
2018-12-24,BBCA,5170.0,5170.0,5170.0,5170.0,4212.921875,0,0.0,0.0
2018-12-25,BBCA,5170.0,5170.0,5170.0,5170.0,4212.921875,0,0.0,0.0
2018-12-26,BBCA,5170.0,5225.0,5140.0,5225.0,4257.740234375,66511500,0.0,0.0
2018-12-27,BBCA,5240.0,5255.0,5180.0,5195.0,4233.2939453125,50265500,0.0,0.0
2018-12-28,BBCA,5195.0,5240.0,5180.0,5200.0,4237.3681640625,54467500,0.0,0.0
2018-12-31,BBCA,5200.0,5200.0,5200.0,5200.0,4237.3681640625,0,0.0,0.0
2019-01-01,BBCA,5200.0,5200.0,5200.0,5200.0,4237.3681640625,0,0.0,0.0
2019-01-02,BBCA,5200.0,5245.0,5200.0,5240.0,4269.96337890625,35956000,0.0,0.0
2019-01-03,BBCA,5200.0,5220.0,5115.0,5180.0,4221.0703125,72358000,0.0,0.0
2019-01-04,BBCA,5175.0,5205.0,5125.0,5205.0,4241.44287109375,51465000,0.0,0.0
2019-01-07,BBCA,5265.0,5325.0,5245.0,5245.0,4274.0380859375,73438000,0.0,0.0
2019-01-08,BBCA,5230.0,5320.0,5205.0,5240.0,4269.96337890625,66247500,0.0,0.0
2019-01-09,BBCA,5300.0,5320.0,5225.0,5255.0,4282.18701171875,84871000,0.0,0.0
2019-01-10,BBCA,5300.0,5300.0,5190.0,5255.0,4282.18701171875,114314500,0.0,0.0
2019-01-11,BBCA,5280.0,5300.0,5235.0,5250.0,4278.1123046875,84826500,0.0,0.0
2019-01-14,BBCA,5220.0,5235.0,5150.0,5200.0,4237.3681640625,87547500,0.0,0.0
2019-01-15,BBCA,5230.0,5260.0,5190.0,5260.0,4286.26025390625,87763000,0.0,0.0
2019-01-16,BBCA,5260.0,5285.0,5245.0,5285.0,4306.6337890625,94972500,0.0,0.0
2019-01-17,BBCA,5290.0,5330.0,5285.0,5330.0,4343.302734375,91654000,0.0,0.0
2019-01-18,BBCA,5340.0,5425.0,5315.0,5425.0,4420.716796875,100873500,0.0,0.0
2019-01-21,BBCA,5425.0,5600.0,5390.0,5545.0,4518.5009765625,87118000,0.0,0.0
2019-01-22,BBCA,5600.0,5620.0,5450.0,5600.0,4563.3203125,91907000,0.0,0.0
2019-01-23,BBCA,5600.0,5600.0,5475.0,5500.0,4481.83203125,98512500,0.0,0.0
2019-01-24,BBCA,5430.0,5485.0,5355.0,5460.0,4449.236328125,106781000,0.0,0.0
2019-01-25,BBCA,5400.0,5520.0,5400.0,5500.0,4481.83203125,68944000,0.0,0.0
2019-01-28,BBCA,5515.0,5515.0,5475.0,5495.0,4477.7578125,69704000,0.0,0.0
2019-01-29,BBCA,5445.0,5550.0,5440.0,5540.0,4514.4267578125,77679000,0.0,0.0
2019-01-30,BBCA,5560.0,5560.0,5495.0,5520.0,4498.12939453125,76285000,0.0,0.0
2019-01-31,BBCA,5520.0,5640.0,5520.0,5635.0,4591.84033203125,135904500,0.0,0.0
2019-02-01,BBCA,5680.0,5750.0,5560.0,5635.0,4591.84033203125,57719500,0.0,0.0
2019-02-04,BBCA,5635.0,5635.0,5500.0,5500.0,4481.83203125,113846500,0.0,0.0
2019-02-05,BBCA,5500.0,5500.0,5500.0,5500.0,4481.83203125,0,0.0,0.0
2019-02-06,BBCA,5500.0,5540.0,5495.0,5535.0,4510.3515625,121996500,0.0,0.0
2019-02-07,BBCA,5535.0,5535.0,5505.0,5530.0,4506.2783203125,63697500,0.0,0.0
2019-02-08,BBCA,5530.0,5535.0,5500.0,5520.0,4498.12939453125,65268500,0.0,0.0
2019-02-11,BBCA,5520.0,5530.0,5460.0,5495.0,4477.7578125,37639000,0.0,0.0
2019-02-12,BBCA,5530.0,5530.0,5450.0,5460.0,4449.236328125,95883500,0.0,0.0
2019-02-13,BBCA,5460.0,5490.0,5410.0,5420.0,4416.6416015625,103115500,0.0,0.0
2019-02-14,BBCA,5405.0,5405.0,5380.0,5380.0,4384.0458984375,108738500,0.0,0.0
2019-02-15,BBCA,5360.0,5410.0,5335.0,5360.0,4367.74853515625,81340000,0.0,0.0
2019-02-18,BBCA,5410.0,5500.0,5410.0,5480.0,4465.5341796875,62991000,0.0,0.0
2019-02-19,BBCA,5420.0,5480.0,5380.0,5380.0,4384.0458984375,64469000,0.0,0.0
2019-02-20,BBCA,5450.0,5595.0,5440.0,5500.0,4481.83203125,89583000,0.0,0.0
2019-02-21,BBCA,5540.0,5560.0,5470.0,5505.0,4485.90576171875,54561500,0.0,0.0
2019-02-22,BBCA,5475.0,5525.0,5460.0,5490.0,4473.68359375,48271500,0.0,0.0
2019-02-25,BBCA,5490.0,5500.0,5455.0,5490.0,4473.68359375,47887000,0.0,0.0
2019-02-26,BBCA,5500.0,5555.0,5495.0,5555.0,4526.650390625,98446000,0.0,0.0
2019-02-27,BBCA,5565.0,5570.0,5545.0,5565.0,4534.79931640625,78519500,0.0,0.0
2019-02-28,BBCA,5570.0,5580.0,5510.0,5515.0,4494.05517578125,99366000,0.0,0.0
2019-03-01,BBCA,5565.0,5600.0,5535.0,5540.0,4514.4267578125,72589500,0.0,0.0
2019-03-04,BBCA,5520.0,5540.0,5515.0,5535.0,4510.3515625,63910500,0.0,0.0
2019-03-05,BBCA,5500.0,5505.0,5440.0,5495.0,4477.7578125,46499500,0.0,0.0
2019-03-06,BBCA,5555.0,5555.0,5490.0,5490.0,4473.68359375,37777000,0.0,0.0
2019-03-07,BBCA,5490.0,5490.0,5490.0,5490.0,4473.68359375,0,0.0,0.0
2019-03-08,BBCA,5545.0,5570.0,5440.0,5440.0,4432.93896484375,61126000,0.0,0.0
2019-03-11,BBCA,5530.0,5530.0,5460.0,5505.0,4485.90576171875,32469000,0.0,0.0
2019-03-12,BBCA,5540.0,5540.0,5450.0,5500.0,4481.83203125,40178500,0.0,0.0
2019-03-13,BBCA,5450.0,5505.0,5450.0,5500.0,4481.83203125,17722000,0.0,0.0
2019-03-14,BBCA,5450.0,5495.0,5450.0,5480.0,4465.5341796875,41096000,0.0,0.0
2019-03-15,BBCA,5520.0,5545.0,5485.0,5540.0,4514.4267578125,41759500,0.0,0.0
2019-03-18,BBCA,5555.0,5560.0,5535.0,5550.0,4522.5751953125,42791000,0.0,0.0
2019-03-19,BBCA,5540.0,5545.0,5485.0,5490.0,4473.68359375,51527000,0.0,0.0
2019-03-20,BBCA,5540.0,5555.0,5465.0,5470.0,4457.38671875,42388500,0.0,0.0
2019-03-21,BBCA,5490.0,5520.0,5465.0,5475.0,4461.4599609375,39866000,0.0,0.0
2019-03-22,BBCA,5465.0,5500.0,5465.0,5485.0,4469.60888671875,29601000,0.0,0.0
2019-03-25,BBCA,5440.0,5500.0,5440.0,5455.0,4445.1630859375,23054500,0.0,0.0
2019-03-26,BBCA,5480.0,5510.0,5455.0,5470.0,4457.38671875,19895500,0.0,0.0
2019-03-27,BBCA,5510.0,5510.0,5460.0,5485.0,4469.60888671875,17804500,0.0,0.0
2019-03-28,BBCA,5460.0,5485.0,5425.0,5470.0,4457.38671875,32187500,0.0,0.0
2019-03-29,BBCA,5515.0,5530.0,5460.0,5510.0,4489.9814453125,36234000,0.0,0.0
2019-04-01,BBCA,5550.0,5550.0,5480.0,5500.0,4481.83203125,21786000,0.0,0.0
2019-04-02,BBCA,5530.0,5570.0,5480.0,5500.0,4481.83203125,36853000,0.0,0.0
2019-04-03,BBCA,5500.0,5500.0,5500.0,5500.0,4481.83203125,0,0.0,0.0
2019-04-04,BBCA,5540.0,5560.0,5490.0,5540.0,4514.4267578125,48112000,0.0,0.0
2019-04-05,BBCA,5560.0,5560.0,5525.0,5530.0,4506.2783203125,21913500,0.0,0.0
2019-04-08,BBCA,5505.0,5540.0,5450.0,5480.0,4465.5341796875,39910000,0.0,0.0
2019-04-09,BBCA,5535.0,5550.0,5515.0,5535.0,4510.3515625,29447000,0.0,0.0
2019-04-10,BBCA,5550.0,5555.0,5515.0,5525.0,4502.203125,19508500,0.0,0.0
2019-04-11,BBCA,5560.0,5560.0,5480.0,5480.0,4465.5341796875,25356000,0.0,0.0
2019-04-12,BBCA,5460.0,5510.0,5460.0,5500.0,4481.83203125,18577000,0.0,0.0
2019-04-15,BBCA,5560.0,5570.0,5490.0,5505.0,4485.90576171875,68152000,0.0,0.0
2019-04-16,BBCA,5495.0,5505.0,5475.0,5495.0,4477.7578125,71017000,0.0,0.0
2019-04-17,BBCA,5495.0,5495.0,5495.0,5495.0,4477.7578125,0,0.0,0.0
2019-04-18,BBCA,5600.0,5805.0,5580.0,5625.0,4583.69091796875,129332500,0.0,0.0
2019-04-19,BBCA,5625.0,5625.0,5625.0,5625.0,4583.69091796875,0,0.0,0.0
2019-04-22,BBCA,5625.0,5680.0,5585.0,5625.0,4583.69091796875,62837500,0.0,0.0
2019-04-23,BBCA,5680.0,5710.0,5595.0,5630.0,4587.76611328125,48654000,0.0,0.0
2019-04-24,BBCA,5640.0,5640.0,5600.0,5630.0,4629.70458984375,46975000,51.0,0.0
2019-04-25,BBCA,5535.0,5620.0,5525.0,5595.0,4600.92431640625,61482500,0.0,0.0
2019-04-26,BBCA,5585.0,5645.0,5570.0,5620.0,4621.48095703125,66204500,0.0,0.0
2019-04-29,BBCA,5610.0,5695.0,5595.0,5685.0,4674.93212890625,65480500,0.0,0.0
2019-04-30,BBCA,5670.0,5760.0,5670.0,5750.0,4728.3837890625,107607500,0.0,0.0
2019-05-01,BBCA,5750.0,5750.0,5750.0,5750.0,4728.3837890625,0,0.0,0.0
2019-05-02,BBCA,5800.0,5810.0,5675.0,5685.0,4674.93212890625,80879500,0.0,0.0
2019-05-03,BBCA,5680.0,5750.0,5615.0,5675.0,4666.70947265625,58244500,0.0,0.0
2019-05-06,BBCA,5600.0,5660.0,5595.0,5620.0,4621.48095703125,36649500,0.0,0.0
2019-05-07,BBCA,5675.0,5710.0,5650.0,5660.0,4654.3740234375,59177000,0.0,0.0
2019-05-08,BBCA,5600.0,5700.0,5595.0,5700.0,4687.267578125,59062000,0.0,0.0
2019-05-09,BBCA,5700.0,5700.0,5625.0,5630.0,4629.70458984375,126636500,0.0,0.0
2019-05-10,BBCA,5610.0,5680.0,5600.0,5610.0,4613.2578125,76130500,0.0,0.0
2019-05-13,BBCA,5680.0,5695.0,5600.0,5610.0,4613.2578125,63720500,0.0,0.0
2019-05-14,BBCA,5560.0,5630.0,5495.0,5495.0,4518.69140625,114800500,0.0,0.0
2019-05-15,BBCA,5555.0,5555.0,5445.0,5460.0,4489.9091796875,72065000,0.0,0.0
2019-05-16,BBCA,5460.0,5480.0,5280.0,5280.0,4341.8896484375,87939000,0.0,0.0
2019-05-17,BBCA,5280.0,5310.0,5180.0,5180.0,4259.6572265625,74207000,0.0,0.0
2019-05-20,BBCA,5180.0,5390.0,5140.0,5380.0,4424.12255859375,54764500,0.0,0.0
2019-05-21,BBCA,5470.0,5495.0,5400.0,5460.0,4489.9091796875,97371000,0.0,0.0
2019-05-22,BBCA,5530.0,5530.0,5400.0,5460.0,4489.9091796875,38519000,0.0,0.0
2019-05-23,BBCA,5440.0,5605.0,5340.0,5605.0,4609.1455078125,54926000,0.0,0.0
2019-05-24,BBCA,5610.0,5630.0,5605.0,5610.0,4613.2578125,37402000,0.0,0.0
2019-05-27,BBCA,5535.0,5700.0,5530.0,5685.0,4674.93212890625,68564000,0.0,0.0
2019-05-28,BBCA,5655.0,5770.0,5655.0,5735.0,4716.04931640625,209923000,0.0,0.0
2019-05-29,BBCA,5800.0,5895.0,5730.0,5740.0,4720.16015625,133044500,0.0,0.0
2019-05-30,BBCA,5740.0,5740.0,5740.0,5740.0,4720.16015625,0,0.0,0.0
2019-05-31,BBCA,5740.0,5870.0,5735.0,5820.0,4785.94677734375,96875000,0.0,0.0
2019-06-03,BBCA,5820.0,5820.0,5820.0,5820.0,4785.94677734375,0,0.0,0.0
2019-06-04,BBCA,5820.0,5820.0,5820.0,5820.0,4785.94677734375,0,0.0,0.0
2019-06-05,BBCA,5820.0,5820.0,5820.0,5820.0,4785.94677734375,0,0.0,0.0
2019-06-06,BBCA,5820.0,5820.0,5820.0,5820.0,4785.94677734375,0,0.0,0.0
2019-06-07,BBCA,5820.0,5820.0,5820.0,5820.0,4785.94677734375,0,0.0,0.0
2019-06-10,BBCA,6000.0,6190.0,5810.0,5880.0,4835.28662109375,179238000,0.0,0.0
2019-06-11,BBCA,5900.0,5960.0,5845.0,5910.0,4859.95703125,72901000,0.0,0.0
2019-06-12,BBCA,5840.0,5900.0,5820.0,5845.0,4806.505859375,69255500,0.0,0.0
2019-06-13,BBCA,5885.0,5885.0,5790.0,5805.0,4773.611328125,78802500,0.0,0.0
2019-06-14,BBCA,5845.0,5845.0,5790.0,5800.0,4769.5,57220500,0.0,0.0
2019-06-17,BBCA,5810.0,5840.0,5790.0,5795.0,4765.38916015625,83624000,0.0,0.0
2019-06-18,BBCA,5795.0,5900.0,5795.0,5900.0,4851.732421875,78788000,0.0,0.0
2019-06-19,BBCA,5900.0,5960.0,5890.0,5940.0,4884.62646484375,66944500,0.0,0.0
2019-06-20,BBCA,5900.0,5940.0,5805.0,5910.0,4859.95703125,59504500,0.0,0.0
2019-06-21,BBCA,5910.0,5935.0,5840.0,5880.0,4835.28662109375,144149000,0.0,0.0
2019-06-24,BBCA,5895.0,5900.0,5865.0,5875.0,4831.1748046875,30084000,0.0,0.0
2019-06-25,BBCA,5930.0,5960.0,5875.0,5910.0,4859.95703125,40561500,0.0,0.0
2019-06-26,BBCA,5940.0,5940.0,5860.0,5865.0,4822.9521484375,59334500,0.0,0.0
2019-06-27,BBCA,5850.0,5935.0,5805.0,5935.0,4880.5146484375,77525000,0.0,0.0
2019-06-28,BBCA,5980.0,5995.0,5960.0,5995.0,4929.8544921875,80919000,0.0,0.0
2019-07-01,BBCA,5995.0,6025.0,5965.0,5990.0,4925.7421875,56612500,0.0,0.0
2019-07-02,BBCA,5990.0,6000.0,5950.0,6000.0,4933.96533203125,48563500,0.0,0.0
2019-07-03,BBCA,5950.0,6000.0,5940.0,6000.0,4933.96533203125,43640000,0.0,0.0
2019-07-04,BBCA,6000.0,6010.0,5965.0,5990.0,4925.7421875,28224500,0.0,0.0
2019-07-05,BBCA,6020.0,6020.0,5970.0,5970.0,4909.29736328125,32722500,0.0,0.0
2019-07-08,BBCA,5935.0,5960.0,5865.0,5880.0,4835.28662109375,38361000,0.0,0.0
2019-07-09,BBCA,5870.0,6000.0,5870.0,6000.0,4933.96533203125,47740500,0.0,0.0
2019-07-10,BBCA,6000.0,6040.0,5995.0,6000.0,4933.96533203125,52183500,0.0,0.0
2019-07-11,BBCA,6020.0,6025.0,5980.0,6025.0,4954.5244140625,34279500,0.0,0.0
2019-07-12,BBCA,6000.0,6030.0,5995.0,6010.0,4942.18994140625,29838000,0.0,0.0
2019-07-15,BBCA,6060.0,6115.0,6035.0,6105.0,5020.31103515625,61453500,0.0,0.0
2019-07-16,BBCA,6080.0,6105.0,6070.0,6085.0,5003.86328125,38075000,0.0,0.0
2019-07-17,BBCA,6080.0,6150.0,6045.0,6150.0,5057.31591796875,45487000,0.0,0.0
2019-07-18,BBCA,6100.0,6170.0,6055.0,6145.0,5053.20361328125,43625500,0.0,0.0
2019-07-19,BBCA,6195.0,6210.0,6150.0,6200.0,5098.43212890625,43973500,0.0,0.0
2019-07-22,BBCA,6260.0,6290.0,6200.0,6290.0,5172.44091796875,37314500,0.0,0.0
2019-07-23,BBCA,6240.0,6290.0,6205.0,6235.0,5127.212890625,39129500,0.0,0.0
2019-07-24,BBCA,6260.0,6265.0,6165.0,6250.0,5139.54736328125,51343500,0.0,0.0
2019-07-25,BBCA,6270.0,6275.0,6200.0,6250.0,5139.54736328125,53477500,0.0,0.0
2019-07-26,BBCA,6250.0,6250.0,6190.0,6195.0,5094.3203125,51797500,0.0,0.0
2019-07-29,BBCA,6220.0,6230.0,6160.0,6190.0,5090.2080078125,68509500,0.0,0.0
2019-07-30,BBCA,6205.0,6250.0,6190.0,6220.0,5114.87744140625,38225500,0.0,0.0
2019-07-31,BBCA,6190.0,6240.0,6180.0,6190.0,5090.2080078125,64129000,0.0,0.0
2019-08-01,BBCA,6190.0,6270.0,6185.0,6210.0,5106.654296875,78228000,0.0,0.0
2019-08-02,BBCA,6160.0,6205.0,6160.0,6165.0,5069.6494140625,62989500,0.0,0.0
2019-08-05,BBCA,6215.0,6215.0,6000.0,6000.0,4933.96533203125,90924000,0.0,0.0
2019-08-06,BBCA,5880.0,5955.0,5765.0,5880.0,4835.28662109375,183296000,0.0,0.0
2019-08-07,BBCA,5975.0,6050.0,5905.0,6010.0,4942.18994140625,92102000,0.0,0.0
2019-08-08,BBCA,6010.0,6080.0,5980.0,6005.0,4938.07763671875,58295500,0.0,0.0
2019-08-09,BBCA,6055.0,6120.0,6055.0,6065.0,4987.41796875,48118500,0.0,0.0
2019-08-12,BBCA,6070.0,6080.0,6000.0,6040.0,4966.85888671875,52705000,0.0,0.0
2019-08-13,BBCA,6000.0,6040.0,6000.0,6015.0,4946.30078125,84406000,0.0,0.0
2019-08-14,BBCA,6040.0,6060.0,5980.0,6010.0,4942.18994140625,81942000,0.0,0.0
2019-08-15,BBCA,5920.0,6000.0,5860.0,6000.0,4933.96533203125,52561500,0.0,0.0
2019-08-16,BBCA,6040.0,6040.0,5960.0,5960.0,4901.07275390625,49821500,0.0,0.0
2019-08-19,BBCA,6030.0,6030.0,5965.0,6015.0,4946.30078125,30619000,0.0,0.0
2019-08-20,BBCA,6035.0,6035.0,5985.0,5985.0,4921.6298828125,58393500,0.0,0.0
2019-08-21,BBCA,6000.0,6005.0,5975.0,5975.0,4913.40771484375,55927500,0.0,0.0
2019-08-22,BBCA,5925.0,6000.0,5920.0,6000.0,4933.96533203125,65888000,0.0,0.0
2019-08-23,BBCA,5920.0,5995.0,5905.0,5995.0,4929.8544921875,33083500,0.0,0.0
2019-08-26,BBCA,5940.0,6000.0,5860.0,5990.0,4925.7421875,41388500,0.0,0.0
2019-08-27,BBCA,6040.0,6040.0,5950.0,6005.0,4938.07763671875,123780000,0.0,0.0
2019-08-28,BBCA,6000.0,6020.0,5985.0,5995.0,4929.8544921875,55688000,0.0,0.0
2019-08-29,BBCA,5990.0,6025.0,5985.0,6005.0,4938.07763671875,51525500,0.0,0.0
2019-08-30,BBCA,6080.0,6100.0,6005.0,6100.0,5016.19873046875,73650000,0.0,0.0
2019-09-02,BBCA,6100.0,6100.0,6000.0,6000.0,4933.96533203125,42429000,0.0,0.0
2019-09-03,BBCA,6000.0,6055.0,6000.0,6055.0,4979.1943359375,42743500,0.0,0.0
2019-09-04,BBCA,6060.0,6060.0,6005.0,6020.0,4950.4130859375,41979000,0.0,0.0
2019-09-05,BBCA,6085.0,6085.0,6015.0,6040.0,4966.85888671875,53650500,0.0,0.0
2019-09-06,BBCA,6060.0,6060.0,6025.0,6025.0,4954.5244140625,54349000,0.0,0.0
2019-09-09,BBCA,6050.0,6055.0,5980.0,6035.0,4962.748046875,25912000,0.0,0.0
2019-09-10,BBCA,6020.0,6055.0,5985.0,6055.0,4979.1943359375,40291000,0.0,0.0
2019-09-11,BBCA,6050.0,6100.0,6010.0,6100.0,5016.19873046875,45243500,0.0,0.0
2019-09-12,BBCA,6100.0,6105.0,6010.0,6020.0,4950.4130859375,40034000,0.0,0.0
2019-09-13,BBCA,6080.0,6090.0,6010.0,6030.0,4958.63525390625,28419500,0.0,0.0
2019-09-16,BBCA,6000.0,6015.0,5985.0,6005.0,4938.07763671875,77289000,0.0,0.0
2019-09-17,BBCA,5990.0,6035.0,5985.0,6030.0,4958.63525390625,92037500,0.0,0.0
2019-09-18,BBCA,5990.0,6040.0,5990.0,6040.0,4966.85888671875,28667000,0.0,0.0
2019-09-19,BBCA,6015.0,6045.0,6000.0,6030.0,4958.63525390625,61988500,0.0,0.0
2019-09-20,BBCA,6050.0,6050.0,5990.0,5990.0,4925.7421875,133433000,0.0,0.0
2019-09-23,BBCA,6030.0,6030.0,6000.0,6025.0,4954.5244140625,47231500,0.0,0.0
2019-09-24,BBCA,5980.0,6000.0,5940.0,5945.0,4888.7373046875,79718500,0.0,0.0
2019-09-25,BBCA,5900.0,5935.0,5780.0,5935.0,4880.5146484375,88620000,0.0,0.0
2019-09-26,BBCA,6000.0,6060.0,5970.0,6060.0,4983.30517578125,109859000,0.0,0.0
2019-09-27,BBCA,6005.0,6075.0,6000.0,6070.0,4991.52783203125,48010000,0.0,0.0
2019-09-30,BBCA,6070.0,6070.0,6005.0,6070.0,4991.52783203125,73391000,0.0,0.0
2019-10-01,BBCA,6010.0,6065.0,6010.0,6040.0,4966.85888671875,40057000,0.0,0.0
2019-10-02,BBCA,6010.0,6070.0,6010.0,6050.0,4975.0830078125,52376500,0.0,0.0
2019-10-03,BBCA,6010.0,6045.0,5950.0,6040.0,4966.85888671875,50269000,0.0,0.0
2019-10-04,BBCA,5980.0,6065.0,5980.0,6045.0,4970.96923828125,56890500,0.0,0.0
2019-10-07,BBCA,6070.0,6080.0,6050.0,6070.0,4991.52783203125,56705500,0.0,0.0
2019-10-08,BBCA,6080.0,6100.0,6015.0,6100.0,5016.19873046875,46997500,0.0,0.0
2019-10-09,BBCA,6100.0,6100.0,6050.0,6070.0,4991.52783203125,41496500,0.0,0.0
2019-10-10,BBCA,6020.0,6110.0,6020.0,6110.0,5024.421875,65806500,0.0,0.0
2019-10-11,BBCA,6080.0,6155.0,6080.0,6125.0,5036.755859375,40863500,0.0,0.0
2019-10-14,BBCA,6130.0,6200.0,6130.0,6200.0,5098.43212890625,37514500,0.0,0.0
2019-10-15,BBCA,6190.0,6190.0,6145.0,6175.0,5077.873046875,40935000,0.0,0.0
2019-10-16,BBCA,6200.0,6215.0,6175.0,6215.0,5110.7666015625,65776500,0.0,0.0
2019-10-17,BBCA,6185.0,6210.0,6105.0,6115.0,5028.53369140625,45666500,0.0,0.0
2019-10-18,BBCA,6160.0,6170.0,6140.0,6160.0,5065.53759765625,41008500,0.0,0.0
2019-10-21,BBCA,6200.0,6255.0,6185.0,6220.0,5114.87744140625,59971500,0.0,0.0
2019-10-22,BBCA,6270.0,6300.0,6225.0,6300.0,5180.6640625,67259500,0.0,0.0
2019-10-23,BBCA,6300.0,6305.0,6260.0,6275.0,5160.10595703125,62219000,0.0,0.0
2019-10-24,BBCA,6290.0,6320.0,6270.0,6300.0,5180.6640625,73101000,0.0,0.0
2019-10-25,BBCA,6320.0,6325.0,6175.0,6200.0,5098.43212890625,61929500,0.0,0.0
2019-10-28,BBCA,6200.0,6250.0,6200.0,6205.0,5102.54296875,43249500,0.0,0.0
2019-10-29,BBCA,6205.0,6240.0,6150.0,6220.0,5114.87744140625,79861500,0.0,0.0
2019-10-30,BBCA,6280.0,6285.0,6200.0,6265.0,5151.8828125,60738000,0.0,0.0
2019-10-31,BBCA,6270.0,6300.0,6250.0,6290.0,5172.44091796875,58420500,0.0,0.0
2019-11-01,BBCA,6300.0,6325.0,6275.0,6325.0,5201.22216796875,42080500,0.0,0.0
2019-11-04,BBCA,6350.0,6380.0,6260.0,6275.0,5160.10595703125,43794500,0.0,0.0
2019-11-05,BBCA,6350.0,6360.0,6270.0,6360.0,5230.00341796875,66161500,0.0,0.0
2019-11-06,BBCA,6380.0,6380.0,6295.0,6295.0,5176.55322265625,63393000,0.0,0.0
2019-11-07,BBCA,6335.0,6335.0,6250.0,6285.0,5168.3291015625,61972000,0.0,0.0
2019-11-08,BBCA,6315.0,6315.0,6250.0,6280.0,5164.2177734375,90040500,0.0,0.0
2019-11-11,BBCA,6335.0,6340.0,6265.0,6295.0,5176.55322265625,70207000,0.0,0.0
2019-11-12,BBCA,6220.0,6280.0,6220.0,6265.0,5151.8828125,47635500,0.0,0.0
2019-11-13,BBCA,6265.0,6285.0,6265.0,6280.0,5164.2177734375,40083500,0.0,0.0
2019-11-14,BBCA,6265.0,6280.0,6210.0,6270.0,5155.99462890625,37862000,0.0,0.0
2019-11-15,BBCA,6280.0,6290.0,6255.0,6275.0,5160.10595703125,47138000,0.0,0.0
2019-11-18,BBCA,6245.0,6285.0,6210.0,6280.0,5164.2177734375,65599000,0.0,0.0
2019-11-19,BBCA,6330.0,6350.0,6300.0,6315.0,5192.9990234375,60115000,0.0,0.0
2019-11-20,BBCA,6255.0,6350.0,6255.0,6350.0,5221.7802734375,43229500,0.0,0.0
2019-11-21,BBCA,6350.0,6350.0,6300.0,6300.0,5180.6640625,57523500,0.0,0.0
2019-11-22,BBCA,6280.0,6310.0,6270.0,6305.0,5184.77587890625,56035000,0.0,0.0
2019-11-25,BBCA,6330.0,6335.0,6275.0,6275.0,5160.10595703125,55133500,0.0,0.0
2019-11-26,BBCA,6330.0,6330.0,6270.0,6285.0,5168.3291015625,192783500,0.0,0.0
2019-11-27,BBCA,6270.0,6300.0,6240.0,6300.0,5180.6640625,58833500,0.0,0.0
2019-11-28,BBCA,6295.0,6295.0,6245.0,6250.0,5139.54736328125,44248000,0.0,0.0
2019-11-29,BBCA,6230.0,6295.0,6225.0,6280.0,5164.2177734375,52954500,0.0,0.0
2019-12-02,BBCA,6280.0,6425.0,6270.0,6425.0,5283.45556640625,49909000,0.0,0.0
2019-12-03,BBCA,6420.0,6420.0,6345.0,6375.0,5242.3388671875,42823000,0.0,0.0
2019-12-04,BBCA,6360.0,6400.0,6355.0,6365.0,5234.1162109375,37552000,0.0,0.0
2019-12-05,BBCA,6360.0,6385.0,6330.0,6340.0,5213.55712890625,54168000,0.0,0.0
2019-12-06,BBCA,6340.0,6395.0,6320.0,6395.0,5275.4267578125,69920500,20.0,0.0
2019-12-09,BBCA,6370.0,6395.0,6360.0,6395.0,5275.4267578125,51667500,0.0,0.0
2019-12-10,BBCA,6395.0,6400.0,6360.0,6365.0,5250.6796875,57654000,0.0,0.0
2019-12-11,BBCA,6365.0,6385.0,6350.0,6380.0,5263.052734375,48469000,0.0,0.0
2019-12-12,BBCA,6400.0,6405.0,6340.0,6340.0,5230.0556640625,79198500,0.0,0.0
2019-12-13,BBCA,6395.0,6420.0,6350.0,6360.0,5246.5537109375,70822500,0.0,0.0
2019-12-16,BBCA,6340.0,6395.0,6340.0,6360.0,5246.5537109375,78684000,0.0,0.0
2019-12-17,BBCA,6395.0,6500.0,6365.0,6500.0,5362.044921875,102914500,0.0,0.0
2019-12-18,BBCA,6500.0,6800.0,6440.0,6755.0,5572.40185546875,181804000,0.0,0.0
2019-12-19,BBCA,6700.0,6720.0,6590.0,6600.0,5444.53759765625,74171000,0.0,0.0
2019-12-20,BBCA,6680.0,6740.0,6610.0,6660.0,5494.033203125,99453000,0.0,0.0
2019-12-23,BBCA,6680.0,6730.0,6650.0,6660.0,5494.033203125,46558500,0.0,0.0
2019-12-26,BBCA,6660.0,6725.0,6660.0,6680.0,5510.53173828125,38188500,0.0,0.0
2019-12-27,BBCA,6670.0,6700.0,6670.0,6695.0,5522.90673828125,29945000,0.0,0.0
2019-12-30,BBCA,6680.0,6720.0,6670.0,6685.0,5514.65625,61168000,0.0,0.0
2020-01-02,BBCA,6695.0,6780.0,6680.0,6690.0,5518.78125,49445000,0.0,0.0
2020-01-03,BBCA,6750.0,6800.0,6725.0,6800.0,5609.5244140625,47755500,0.0,0.0
2020-01-06,BBCA,6720.0,6750.0,6690.0,6735.0,5555.90283203125,27300000,0.0,0.0
2020-01-07,BBCA,6735.0,6770.0,6730.0,6740.0,5560.0283203125,45022500,0.0,0.0
2020-01-08,BBCA,6670.0,6745.0,6670.0,6680.0,5510.53173828125,53692500,0.0,0.0
2020-01-09,BBCA,6740.0,6755.0,6730.0,6740.0,5560.0283203125,40363500,0.0,0.0
2020-01-10,BBCA,6765.0,6825.0,6710.0,6725.0,5547.65380859375,73362000,0.0,0.0
2020-01-13,BBCA,6740.0,6760.0,6735.0,6745.0,5564.15234375,67855000,0.0,0.0
2020-01-14,BBCA,6745.0,6885.0,6740.0,6870.0,5667.26904296875,93582000,0.0,0.0
2020-01-15,BBCA,6870.0,7060.0,6800.0,6835.0,5638.39697265625,75623500,0.0,0.0
2020-01-16,BBCA,6805.0,6890.0,6795.0,6850.0,5650.76953125,88931500,0.0,0.0
2020-01-17,BBCA,6840.0,6890.0,6800.0,6875.0,5671.39404296875,38249500,0.0,0.0
2020-01-20,BBCA,6950.0,6975.0,6830.0,6835.0,5638.39697265625,93554500,0.0,0.0
2020-01-21,BBCA,6885.0,6895.0,6825.0,6830.0,5634.271484375,103984500,0.0,0.0
2020-01-22,BBCA,6855.0,6895.0,6835.0,6840.0,5642.52099609375,94311500,0.0,0.0
2020-01-23,BBCA,6885.0,6895.0,6830.0,6840.0,5642.52099609375,87728000,0.0,0.0
2020-01-24,BBCA,6820.0,6880.0,6810.0,6810.0,5617.7724609375,69653500,0.0,0.0
2020-01-27,BBCA,6865.0,6940.0,6815.0,6840.0,5642.52099609375,39679000,0.0,0.0
2020-01-28,BBCA,6835.0,6845.0,6755.0,6790.0,5601.27490234375,82615000,0.0,0.0
2020-01-29,BBCA,6800.0,6845.0,6770.0,6785.0,5597.14990234375,43821000,0.0,0.0
2020-01-30,BBCA,6845.0,6845.0,6730.0,6740.0,5560.0283203125,71990000,0.0,0.0
2020-01-31,BBCA,6800.0,6805.0,6480.0,6480.0,5345.54541015625,163136500,0.0,0.0
2020-02-03,BBCA,6480.0,6585.0,6370.0,6440.0,5312.5478515625,149797000,0.0,0.0
2020-02-04,BBCA,6570.0,6620.0,6520.0,6600.0,5444.53759765625,113316500,0.0,0.0
2020-02-05,BBCA,6780.0,6780.0,6650.0,6730.0,5551.77783203125,123002500,0.0,0.0
2020-02-06,BBCA,6740.0,6780.0,6680.0,6740.0,5560.0283203125,154693500,0.0,0.0
2020-02-07,BBCA,6710.0,6780.0,6705.0,6760.0,5576.52685546875,82609000,0.0,0.0
2020-02-10,BBCA,6760.0,6785.0,6630.0,6785.0,5597.14990234375,66578500,0.0,0.0
2020-02-11,BBCA,6785.0,6785.0,6745.0,6780.0,5593.025390625,77526500,0.0,0.0
2020-02-12,BBCA,6800.0,6800.0,6760.0,6800.0,5609.5244140625,69971500,0.0,0.0
2020-02-13,BBCA,6820.0,6820.0,6740.0,6790.0,5601.27490234375,49737000,0.0,0.0
2020-02-14,BBCA,6780.0,6795.0,6675.0,6680.0,5510.53173828125,147028500,0.0,0.0
2020-02-17,BBCA,6680.0,6750.0,6680.0,6720.0,5543.529296875,115319000,0.0,0.0
2020-02-18,BBCA,6685.0,6720.0,6670.0,6695.0,5522.90673828125,98436500,0.0,0.0
2020-02-19,BBCA,6665.0,6760.0,6665.0,6695.0,5522.90673828125,74594000,0.0,0.0
2020-02-20,BBCA,6690.0,6695.0,6565.0,6595.0,5440.41259765625,136724500,0.0,0.0
2020-02-21,BBCA,6600.0,6660.0,6595.0,6615.0,5456.9111328125,98261000,0.0,0.0
2020-02-24,BBCA,6565.0,6600.0,6510.0,6525.0,5382.66748046875,84910000,0.0,0.0
2020-02-25,BBCA,6550.0,6560.0,6510.0,6530.0,5386.79248046875,86446500,0.0,0.0
2020-02-26,BBCA,6500.0,6535.0,6420.0,6420.0,5296.05029296875,92824500,0.0,0.0
2020-02-27,BBCA,6470.0,6475.0,6200.0,6290.0,5188.80908203125,129254500,0.0,0.0
2020-02-28,BBCA,6200.0,6290.0,6035.0,6290.0,5188.80908203125,169946500,0.0,0.0
2020-03-02,BBCA,6290.0,6290.0,6035.0,6080.0,5015.57373046875,144871500,0.0,0.0
2020-03-03,BBCA,6200.0,6350.0,6200.0,6320.0,5213.55712890625,114663500,0.0,0.0
2020-03-04,BBCA,6315.0,6500.0,6260.0,6440.0,5312.5478515625,83025000,0.0,0.0
2020-03-05,BBCA,6540.0,6540.0,6340.0,6435.0,5308.4248046875,77583000,0.0,0.0
2020-03-06,BBCA,6350.0,6350.0,6200.0,6200.0,5114.56591796875,77835500,0.0,0.0
2020-03-09,BBCA,6000.0,6040.0,5785.0,5785.0,4772.2197265625,140889500,0.0,0.0
2020-03-10,BBCA,5840.0,6010.0,5840.0,5925.0,4887.71044921875,133667000,0.0,0.0
2020-03-11,BBCA,5950.0,5980.0,5790.0,5850.0,4825.83984375,93204500,0.0,0.0
2020-03-12,BBCA,5600.0,5640.0,5460.0,5560.0,4586.6103515625,129845500,0.0,0.0
2020-03-13,BBCA,5560.0,5560.0,5560.0,5560.0,4586.6103515625,0,0.0,0.0
2020-03-16,BBCA,5560.0,5560.0,5560.0,5560.0,4586.6103515625,0,0.0,0.0
2020-03-17,BBCA,5495.0,5505.0,5120.0,5120.0,4223.64111328125,212200000,0.0,0.0
2020-03-18,BBCA,5120.0,5380.0,4765.0,5000.0,4124.6494140625,180053500,0.0,0.0
2020-03-19,BBCA,4995.0,4995.0,4650.0,4650.0,3835.923828125,264419000,0.0,0.0
2020-03-20,BBCA,4600.0,5385.0,4325.0,4735.0,3906.043212890625,335132000,0.0,0.0
2020-03-23,BBCA,4760.0,5000.0,4405.0,4430.0,3654.439697265625,217843500,0.0,0.0
2020-03-24,BBCA,4450.0,4995.0,4450.0,4500.0,3712.1845703125,253971000,0.0,0.0
2020-03-26,BBCA,4650.0,5395.0,4650.0,5280.0,4355.63134765625,331633000,0.0,0.0
2020-03-27,BBCA,5360.0,5895.0,5355.0,5510.0,4545.36474609375,269683000,0.0,0.0
2020-03-30,BBCA,5480.0,5555.0,5155.0,5495.0,4532.98974609375,159964500,0.0,0.0
2020-03-31,BBCA,5660.0,5710.0,5485.0,5525.0,4557.7373046875,182638500,0.0,0.0
2020-04-01,BBCA,5560.0,5750.0,5425.0,5480.0,4520.61669921875,152831500,0.0,0.0
2020-04-02,BBCA,5470.0,5470.0,5360.0,5410.0,4462.87109375,136623500,0.0,0.0
2020-04-03,BBCA,5460.0,5530.0,5365.0,5495.0,4532.98974609375,110506000,0.0,0.0
2020-04-06,BBCA,5520.0,5740.0,5495.0,5735.0,4730.97314453125,78184000,0.0,0.0
2020-04-07,BBCA,5735.0,6100.0,5580.0,5655.0,4664.97900390625,149153500,0.0,0.0
2020-04-08,BBCA,5655.0,5660.0,5480.0,5635.0,4648.4794921875,106111500,0.0,0.0
2020-04-09,BBCA,5600.0,5695.0,5500.0,5595.0,4615.484375,89997000,0.0,0.0
2020-04-13,BBCA,5540.0,5615.0,5480.0,5500.0,4537.11572265625,58043000,0.0,0.0
2020-04-14,BBCA,5505.0,5590.0,5445.0,5515.0,4549.48779296875,95796000,0.0,0.0
2020-04-15,BBCA,5515.0,5630.0,5445.0,5485.0,4524.74072265625,95342000,0.0,0.0
2020-04-16,BBCA,5485.0,5520.0,5185.0,5240.0,4322.63232421875,176990500,0.0,0.0
2020-04-17,BBCA,5300.0,5445.0,5280.0,5425.0,4475.244140625,160935500,0.0,0.0
2020-04-20,BBCA,5430.0,5500.0,5330.0,5355.0,4417.4990234375,90744000,0.0,0.0
2020-04-21,BBCA,5355.0,5355.0,5160.0,5160.0,4330.2236328125,73431000,91.0,0.0
2020-04-22,BBCA,5160.0,5235.0,5045.0,5145.0,4317.63671875,107263500,0.0,0.0
2020-04-23,BBCA,5180.0,5245.0,5120.0,5120.0,4296.65625,105419500,0.0,0.0
2020-04-24,BBCA,5120.0,5140.0,4920.0,4920.0,4128.81787109375,131149500,0.0,0.0
2020-04-27,BBCA,4940.0,5020.0,4855.0,4960.0,4162.38525390625,151103500,0.0,0.0
2020-04-28,BBCA,4960.0,4975.0,4805.0,4830.0,4053.291748046875,180488000,0.0,0.0
2020-04-29,BBCA,4825.0,4850.0,4800.0,4850.0,4070.075439453125,121161000,0.0,0.0
2020-04-30,BBCA,4880.0,5250.0,4880.0,5170.0,4338.61669921875,174081000,0.0,0.0
2020-05-04,BBCA,5150.0,5300.0,5000.0,5220.0,4380.57568359375,114497500,0.0,0.0
2020-05-05,BBCA,5220.0,5340.0,5200.0,5285.0,4435.12255859375,118643500,0.0,0.0
2020-05-06,BBCA,5315.0,5370.0,5300.0,5355.0,4493.865234375,86395500,0.0,0.0
2020-05-08,BBCA,5345.0,5400.0,5150.0,5245.0,4401.55517578125,123028000,0.0,0.0
2020-05-11,BBCA,5245.0,5325.0,5245.0,5295.0,4443.51513671875,40615500,0.0,0.0
2020-05-12,BBCA,5340.0,5340.0,5030.0,5220.0,4380.57568359375,118660000,0.0,0.0
2020-05-13,BBCA,5160.0,5170.0,5085.0,5110.0,4288.26416015625,94973000,0.0,0.0
2020-05-14,BBCA,5070.0,5110.0,4905.0,4920.0,4128.81787109375,131268000,0.0,0.0
2020-05-15,BBCA,4920.0,4995.0,4680.0,4785.0,4015.52734375,205790000,0.0,0.0
2020-05-18,BBCA,4800.0,4845.0,4750.0,4765.0,3998.744873046875,139997500,0.0,0.0
2020-05-19,BBCA,4840.0,4960.0,4680.0,4680.0,3927.41259765625,128504500,0.0,0.0
2020-05-20,BBCA,4720.0,4800.0,4690.0,4765.0,3998.744873046875,119158000,0.0,0.0
2020-05-26,BBCA,4775.0,5000.0,4775.0,4970.0,4170.77783203125,176076500,0.0,0.0
2020-05-27,BBCA,4970.0,5000.0,4855.0,4965.0,4166.58154296875,151753500,0.0,0.0
2020-05-28,BBCA,5000.0,5320.0,5000.0,5295.0,4443.51513671875,229233000,0.0,0.0
2020-05-29,BBCA,5295.0,5295.0,5190.0,5190.0,4355.39990234375,399414000,0.0,0.0
2020-06-02,BBCA,5260.0,5500.0,5240.0,5360.0,4498.0615234375,181369500,0.0,0.0
2020-06-03,BBCA,5410.0,5780.0,5400.0,5780.0,4850.52197265625,279673500,0.0,0.0
2020-06-04,BBCA,5780.0,5990.0,5600.0,5790.0,4858.9140625,236158500,0.0,0.0
2020-06-05,BBCA,5790.0,5855.0,5585.0,5725.0,4804.36669921875,88157500,0.0,0.0
2020-06-08,BBCA,5755.0,5925.0,5755.0,5900.0,4951.224609375,173557500,0.0,0.0
2020-06-09,BBCA,5940.0,5995.0,5795.0,5805.0,4871.501953125,100110000,0.0,0.0
2020-06-10,BBCA,5800.0,5865.0,5595.0,5800.0,4867.30615234375,115382500,0.0,0.0
2020-06-11,BBCA,5750.0,5810.0,5605.0,5680.0,4766.603515625,85187500,0.0,0.0
2020-06-12,BBCA,5680.0,5680.0,5480.0,5670.0,4758.21044921875,96044000,0.0,0.0
2020-06-15,BBCA,5680.0,5710.0,5500.0,5500.0,4615.55029296875,100844500,0.0,0.0
2020-06-16,BBCA,5580.0,5795.0,5580.0,5760.0,4833.73779296875,91518500,0.0,0.0
2020-06-17,BBCA,5800.0,5800.0,5680.0,5720.0,4800.17041015625,79800000,0.0,0.0
2020-06-18,BBCA,5720.0,5740.0,5585.0,5585.0,4686.87939453125,68032000,0.0,0.0
2020-06-19,BBCA,5600.0,5650.0,5545.0,5575.0,4678.48828125,110071000,0.0,0.0
2020-06-22,BBCA,5595.0,5660.0,5530.0,5540.0,4649.1162109375,51590500,0.0,0.0
2020-06-23,BBCA,5570.0,5660.0,5520.0,5620.0,4716.251953125,69954000,0.0,0.0
2020-06-24,BBCA,5650.0,5760.0,5640.0,5705.0,4787.58349609375,57333000,0.0,0.0
2020-06-25,BBCA,5700.0,5745.0,5640.0,5725.0,4804.36669921875,51415000,0.0,0.0
2020-06-26,BBCA,5720.0,5760.0,5640.0,5645.0,4737.23193359375,57467500,0.0,0.0
2020-06-29,BBCA,5640.0,5695.0,5585.0,5675.0,4762.4072265625,48796500,0.0,0.0
2020-06-30,BBCA,5700.0,5740.0,5660.0,5695.0,4779.19091796875,74474000,0.0,0.0
2020-07-01,BBCA,5700.0,5800.0,5675.0,5800.0,4867.30615234375,63959000,0.0,0.0
2020-07-02,BBCA,5775.0,5870.0,5760.0,5870.0,4926.04931640625,75585500,0.0,0.0
2020-07-03,BBCA,5870.0,5905.0,5840.0,5870.0,4926.04931640625,52219000,0.0,0.0
2020-07-06,BBCA,5860.0,5935.0,5850.0,5935.0,4980.5966796875,67800000,0.0,0.0
2020-07-07,BBCA,5940.0,5995.0,5900.0,5990.0,5026.75146484375,74168000,0.0,0.0
2020-07-08,BBCA,5990.0,6265.0,5980.0,6200.0,5202.982421875,106444500,0.0,0.0
2020-07-09,BBCA,6210.0,6240.0,6030.0,6100.0,5119.06298828125,93543500,0.0,0.0
2020-07-10,BBCA,6100.0,6240.0,6080.0,6200.0,5202.982421875,67224000,0.0,0.0
2020-07-13,BBCA,6230.0,6240.0,6140.0,6175.0,5182.00244140625,86006000,0.0,0.0
2020-07-14,BBCA,6175.0,6200.0,6110.0,6200.0,5202.982421875,45616500,0.0,0.0
2020-07-15,BBCA,6200.0,6240.0,6150.0,6150.0,5161.02294921875,61468000,0.0,0.0
2020-07-16,BBCA,6150.0,6200.0,6140.0,6180.0,5186.19873046875,66520500,0.0,0.0
2020-07-17,BBCA,6135.0,6180.0,6040.0,6120.0,5135.84765625,73348000,0.0,0.0
2020-07-20,BBCA,6120.0,6160.0,6060.0,6140.0,5152.63134765625,59794500,0.0,0.0
2020-07-21,BBCA,6100.0,6235.0,6100.0,6200.0,5202.982421875,84159500,0.0,0.0
2020-07-22,BBCA,6210.0,6250.0,6130.0,6180.0,5186.19873046875,44725500,0.0,0.0
2020-07-23,BBCA,6180.0,6215.0,6140.0,6200.0,5202.982421875,84026500,0.0,0.0
2020-07-24,BBCA,6200.0,6200.0,6100.0,6100.0,5119.06298828125,58366500,0.0,0.0
2020-07-27,BBCA,6100.0,6140.0,6000.0,6100.0,5119.06298828125,41972500,0.0,0.0
2020-07-28,BBCA,6120.0,6200.0,6060.0,6185.0,5190.39404296875,65279000,0.0,0.0
2020-07-29,BBCA,6185.0,6185.0,6100.0,6135.0,5148.43505859375,50262500,0.0,0.0
2020-07-30,BBCA,6135.0,6240.0,6055.0,6240.0,5236.55078125,80533500,0.0,0.0
2020-08-03,BBCA,6220.0,6235.0,5825.0,6130.0,5144.23974609375,137079000,0.0,0.0
2020-08-04,BBCA,6155.0,6220.0,6130.0,6210.0,5211.37451171875,79357000,0.0,0.0
2020-08-05,BBCA,6200.0,6220.0,6100.0,6205.0,5207.1787109375,49393000,0.0,0.0
2020-08-06,BBCA,6215.0,6295.0,6185.0,6260.0,5253.33349609375,55258500,0.0,0.0
2020-08-07,BBCA,6265.0,6285.0,6160.0,6180.0,5186.19873046875,43621000,0.0,0.0
2020-08-10,BBCA,6180.0,6200.0,6105.0,6120.0,5135.84765625,37774500,0.0,0.0
2020-08-11,BBCA,6140.0,6200.0,6130.0,6175.0,5182.00244140625,38795500,0.0,0.0
2020-08-12,BBCA,6175.0,6260.0,6160.0,6260.0,5253.33349609375,35612000,0.0,0.0
2020-08-13,BBCA,6260.0,6300.0,6180.0,6300.0,5286.9013671875,48581000,0.0,0.0
2020-08-14,BBCA,6300.0,6405.0,6240.0,6405.0,5375.0166015625,57316000,0.0,0.0
2020-08-18,BBCA,6405.0,6425.0,6300.0,6360.0,5337.2529296875,81563500,0.0,0.0
2020-08-19,BBCA,6360.0,6410.0,6310.0,6330.0,5312.0771484375,58793500,0.0,0.0
2020-08-24,BBCA,6340.0,6380.0,6280.0,6315.0,5299.48876953125,66882500,0.0,0.0
2020-08-25,BBCA,6320.0,6380.0,6305.0,6365.0,5341.44970703125,49211000,0.0,0.0
2020-08-26,BBCA,6385.0,6390.0,6305.0,6340.0,5320.46923828125,42983000,0.0,0.0
2020-08-27,BBCA,6365.0,6600.0,6340.0,6600.0,5538.6591796875,68326000,0.0,0.0
2020-08-28,BBCA,6560.0,6600.0,6425.0,6495.0,5450.5439453125,52292500,0.0,0.0
2020-08-31,BBCA,6500.0,6540.0,6275.0,6275.0,5265.921875,97032000,0.0,0.0
2020-09-01,BBCA,6280.0,6520.0,6240.0,6520.0,5471.52392578125,67446000,0.0,0.0
2020-09-02,BBCA,6520.0,6560.0,6365.0,6435.0,5400.19189453125,66065000,0.0,0.0
2020-09-03,BBCA,6465.0,6500.0,6300.0,6500.0,5454.740234375,68208500,0.0,0.0
2020-09-04,BBCA,6450.0,6450.0,6265.0,6380.0,5354.0361328125,80613500,0.0,0.0
2020-09-07,BBCA,6335.0,6360.0,6200.0,6285.0,5274.31298828125,64249500,0.0,0.0
2020-09-08,BBCA,6285.0,6360.0,6285.0,6335.0,5316.2734375,39649000,0.0,0.0
2020-09-09,BBCA,6300.0,6320.0,6210.0,6245.0,5240.7470703125,49285000,0.0,0.0
2020-09-10,BBCA,6220.0,6220.0,5810.0,5810.0,4875.6982421875,175735000,0.0,0.0
2020-09-11,BBCA,5800.0,5975.0,5620.0,5905.0,4955.4208984375,403032500,0.0,0.0
2020-09-14,BBCA,6000.0,6115.0,5985.0,6050.0,5077.10400390625,138115000,0.0,0.0
2020-09-15,BBCA,6040.0,6100.0,5860.0,5860.0,4917.6572265625,170087000,0.0,0.0
2020-09-16,BBCA,5860.0,5870.0,5745.0,5750.0,4825.3466796875,158565500,0.0,0.0
2020-09-17,BBCA,5750.0,5855.0,5665.0,5755.0,4829.54248046875,138796000,0.0,0.0
2020-09-18,BBCA,5700.0,5735.0,5570.0,5630.0,4724.64404296875,316912000,0.0,0.0
2020-09-21,BBCA,5640.0,5735.0,5595.0,5605.0,4703.66357421875,112443000,0.0,0.0
2020-09-22,BBCA,5520.0,5565.0,5430.0,5450.0,4573.5888671875,163442500,0.0,0.0
2020-09-23,BBCA,5450.0,5585.0,5425.0,5505.0,4619.74462890625,100517000,0.0,0.0
2020-09-24,BBCA,5430.0,5535.0,5390.0,5445.0,4569.3935546875,88618500,0.0,0.0
2020-09-25,BBCA,5480.0,5625.0,5460.0,5610.0,4707.85986328125,100705000,0.0,0.0
2020-09-28,BBCA,5650.0,5695.0,5500.0,5515.0,4628.13623046875,93522000,0.0,0.0
2020-09-29,BBCA,5575.0,5635.0,5460.0,5505.0,4619.74462890625,117778500,0.0,0.0
2020-09-30,BBCA,5565.0,5565.0,5420.0,5420.0,4548.41357421875,107377000,0.0,0.0
2020-10-01,BBCA,5485.0,5570.0,5480.0,5570.0,4674.2919921875,56893000,0.0,0.0
2020-10-02,BBCA,5560.0,5565.0,5440.0,5505.0,4619.74462890625,66848000,0.0,0.0
2020-10-05,BBCA,5515.0,5560.0,5460.0,5520.0,4632.33251953125,58291000,0.0,0.0
2020-10-06,BBCA,5630.0,5715.0,5600.0,5700.0,4783.38623046875,141955500,0.0,0.0
2020-10-07,BBCA,5600.0,5755.0,5580.0,5755.0,4829.54248046875,89937500,0.0,0.0
2020-10-08,BBCA,5790.0,5800.0,5710.0,5780.0,4850.52197265625,77384500,0.0,0.0
2020-10-09,BBCA,5750.0,5775.0,5720.0,5775.0,4846.32666015625,54250500,0.0,0.0
2020-10-12,BBCA,5840.0,5875.0,5830.0,5855.0,4913.4619140625,82918500,0.0,0.0
2020-10-13,BBCA,5840.0,5860.0,5770.0,5855.0,4913.4619140625,48250500,0.0,0.0
2020-10-14,BBCA,5840.0,5900.0,5810.0,5900.0,4951.224609375,83117500,0.0,0.0
2020-10-15,BBCA,5875.0,5880.0,5760.0,5785.0,4854.71826171875,82067000,0.0,0.0
2020-10-16,BBCA,5785.0,5790.0,5730.0,5760.0,4833.73779296875,89051500,0.0,0.0
2020-10-19,BBCA,5750.0,5900.0,5710.0,5900.0,4951.224609375,56871500,0.0,0.0
2020-10-20,BBCA,5880.0,5880.0,5785.0,5805.0,4871.501953125,74995500,0.0,0.0
2020-10-21,BBCA,5860.0,5865.0,5730.0,5780.0,4850.52197265625,77944000,0.0,0.0
2020-10-22,BBCA,5740.0,5800.0,5705.0,5800.0,4867.30615234375,96872500,0.0,0.0
2020-10-23,BBCA,5840.0,5840.0,5750.0,5770.0,4842.1298828125,66328000,0.0,0.0
2020-10-26,BBCA,5725.0,5835.0,5725.0,5815.0,4879.89404296875,70452500,0.0,0.0
2020-10-27,BBCA,5815.0,5830.0,5755.0,5790.0,4858.9140625,89482000,0.0,0.0
2020-11-02,BBCA,5760.0,5825.0,5720.0,5820.0,4884.08935546875,151006500,0.0,0.0
2020-11-03,BBCA,5840.0,5895.0,5835.0,5890.0,4942.8330078125,78152000,0.0,0.0
2020-11-04,BBCA,5900.0,5940.0,5785.0,5820.0,4884.08935546875,78626000,0.0,0.0
2020-11-05,BBCA,5900.0,6180.0,5900.0,6150.0,5161.02294921875,161090000,0.0,0.0
2020-11-06,BBCA,6160.0,6300.0,6060.0,6300.0,5286.9013671875,137303500,0.0,0.0
2020-11-09,BBCA,6300.0,6400.0,6215.0,6285.0,5274.31298828125,82739500,0.0,0.0
2020-11-10,BBCA,6395.0,6600.0,6380.0,6480.0,5437.95556640625,191073500,0.0,0.0
2020-11-11,BBCA,6540.0,6565.0,6480.0,6540.0,5488.30712890625,131383500,0.0,0.0
2020-11-12,BBCA,6410.0,6495.0,6405.0,6420.0,5387.6044921875,83082500,0.0,0.0
2020-11-13,BBCA,6420.0,6450.0,6320.0,6390.0,5362.4287109375,82374500,0.0,0.0
2020-11-16,BBCA,6485.0,6485.0,6385.0,6480.0,5437.95556640625,54905000,0.0,0.0
2020-11-17,BBCA,6500.0,6565.0,6490.0,6550.0,5496.6982421875,119784000,0.0,0.0
2020-11-18,BBCA,6550.0,6575.0,6540.0,6570.0,5513.482421875,99789000,0.0,0.0
2020-11-19,BBCA,6520.0,6640.0,6515.0,6615.0,5551.24560546875,147346500,0.0,0.0
2020-11-20,BBCA,6640.0,6650.0,6550.0,6600.0,5538.6591796875,68468500,0.0,0.0
2020-11-23,BBCA,6600.0,6610.0,6550.0,6600.0,5538.6591796875,75265500,0.0,0.0
2020-11-24,BBCA,6600.0,6600.0,6545.0,6565.0,5509.28759765625,72349500,0.0,0.0
2020-11-25,BBCA,6580.0,6585.0,6380.0,6410.0,5379.212890625,170140500,0.0,0.0
2020-11-26,BBCA,6350.0,6490.0,6300.0,6480.0,5437.95556640625,64339000,0.0,0.0
2020-11-27,BBCA,6480.0,6490.0,6380.0,6385.0,5358.23291015625,87361500,0.0,0.0
2020-11-30,BBCA,6385.0,6400.0,6135.0,6205.0,5207.1787109375,393091500,0.0,0.0
2020-12-01,BBCA,6220.0,6435.0,6220.0,6395.0,5366.62451171875,114563500,0.0,0.0
2020-12-02,BBCA,6460.0,6485.0,6340.0,6450.0,5412.77978515625,93897500,0.0,0.0
2020-12-03,BBCA,6500.0,6525.0,6425.0,6460.0,5421.17138671875,98210000,0.0,0.0
2020-12-04,BBCA,6460.0,6465.0,6360.0,6390.0,5362.4287109375,64995500,0.0,0.0
2020-12-07,BBCA,6500.0,6580.0,6480.0,6520.0,5471.52392578125,96636000,0.0,0.0
2020-12-08,BBCA,6520.0,6520.0,6425.0,6490.0,5462.84619140625,70561500,19.6,0.0
2020-12-10,BBCA,6590.0,6600.0,6540.0,6575.0,5534.3935546875,151420500,0.0,0.0
2020-12-11,BBCA,6600.0,6780.0,6595.0,6735.0,5669.06982421875,214160000,0.0,0.0
2020-12-14,BBCA,6800.0,6830.0,6795.0,6820.0,5740.6171875,179785500,0.0,0.0
2020-12-15,BBCA,6830.0,6900.0,6605.0,6790.0,5715.36572265625,164024500,0.0,0.0
2020-12-16,BBCA,6860.0,6950.0,6840.0,6950.0,5850.04296875,138674000,0.0,0.0
2020-12-17,BBCA,6965.0,7000.0,6820.0,6935.0,5837.416015625,91920000,0.0,0.0
2020-12-18,BBCA,6935.0,6935.0,6755.0,6800.0,5723.783203125,147238500,0.0,0.0
2020-12-21,BBCA,6890.0,6890.0,6800.0,6830.0,5749.03466796875,93692500,0.0,0.0
2020-12-22,BBCA,6740.0,6820.0,6710.0,6715.0,5652.2353515625,61790500,0.0,0.0
2020-12-23,BBCA,6905.0,6905.0,6620.0,6725.0,5660.65234375,76948000,0.0,0.0
2020-12-28,BBCA,6790.0,6820.0,6660.0,6780.0,5706.94775390625,60234000,0.0,0.0
2020-12-29,BBCA,6775.0,6810.0,6740.0,6765.0,5694.32177734375,34212500,0.0,0.0
2020-12-30,BBCA,6800.0,6800.0,6700.0,6770.0,5698.53076171875,52675500,0.0,0.0
2021-01-04,BBCA,6800.0,6855.0,6720.0,6835.0,5753.244140625,47937000,0.0,0.0
2021-01-05,BBCA,6860.0,7090.0,6850.0,7090.0,5967.884765625,104831000,0.0,0.0
2021-01-06,BBCA,7050.0,7075.0,6880.0,6945.0,5845.833984375,89753500,0.0,0.0
2021-01-07,BBCA,7000.0,7050.0,6910.0,6965.0,5862.6689453125,71360000,0.0,0.0
2021-01-08,BBCA,7035.0,7080.0,6975.0,7050.0,5934.2158203125,75033500,0.0,0.0
2021-01-11,BBCA,7150.0,7360.0,7145.0,7345.0,6182.52734375,169034500,0.0,0.0
2021-01-12,BBCA,7345.0,7380.0,7160.0,7160.0,6026.806640625,95235000,0.0,0.0
2021-01-13,BBCA,7245.0,7275.0,7070.0,7120.0,5993.1376953125,76581500,0.0,0.0
2021-01-14,BBCA,7050.0,7090.0,6995.0,7020.0,5908.9638671875,89319500,0.0,0.0
2021-01-15,BBCA,7095.0,7100.0,6840.0,6955.0,5854.25146484375,89853500,0.0,0.0
2021-01-18,BBCA,6955.0,7125.0,6845.0,7120.0,5993.1376953125,86343000,0.0,0.0
2021-01-19,BBCA,7120.0,7120.0,7005.0,7095.0,5972.09326171875,73777000,0.0,0.0
2021-01-20,BBCA,7165.0,7295.0,7070.0,7095.0,5972.09326171875,107216000,0.0,0.0
2021-01-21,BBCA,7280.0,7300.0,7060.0,7075.0,5955.25927734375,66428000,0.0,0.0
2021-01-22,BBCA,7075.0,7160.0,7075.0,7080.0,5959.46826171875,80829000,0.0,0.0
2021-01-25,BBCA,7200.0,7200.0,7000.0,7035.0,5921.59033203125,76836500,0.0,0.0
2021-01-26,BBCA,6955.0,7000.0,6820.0,6820.0,5740.6171875,98658000,0.0,0.0
2021-01-27,BBCA,6820.0,6930.0,6705.0,6790.0,5715.36572265625,97920000,0.0,0.0
2021-01-28,BBCA,6790.0,6925.0,6790.0,6900.0,5807.95654296875,104627000,0.0,0.0
2021-01-29,BBCA,6900.0,7000.0,6760.0,6760.0,5690.11376953125,132762500,0.0,0.0
2021-02-01,BBCA,6760.0,6920.0,6595.0,6820.0,5740.6171875,113129000,0.0,0.0
2021-02-02,BBCA,6965.0,6980.0,6800.0,6800.0,5723.783203125,86741000,0.0,0.0
2021-02-03,BBCA,7000.0,7000.0,6825.0,6825.0,5744.826171875,67291000,0.0,0.0
2021-02-04,BBCA,6920.0,7000.0,6835.0,6855.0,5770.07763671875,80950500,0.0,0.0
2021-02-05,BBCA,6870.0,6950.0,6855.0,6915.0,5820.58203125,51602000,0.0,0.0
2021-02-08,BBCA,7050.0,7055.0,6880.0,6920.0,5824.791015625,45604000,0.0,0.0
2021-02-09,BBCA,7000.0,7030.0,6955.0,6980.0,5875.29541015625,75574000,0.0,0.0
2021-02-10,BBCA,7050.0,7050.0,6900.0,6920.0,5824.791015625,44984500,0.0,0.0
2021-02-11,BBCA,6985.0,6985.0,6840.0,6880.0,5791.12158203125,36926000,0.0,0.0
2021-02-15,BBCA,6830.0,6890.0,6720.0,6800.0,5723.783203125,83922000,0.0,0.0
2021-02-16,BBCA,6880.0,6945.0,6830.0,6940.0,5841.6259765625,47221000,0.0,0.0
2021-02-17,BBCA,6890.0,6960.0,6850.0,6900.0,5807.95654296875,66011500,0.0,0.0
2021-02-18,BBCA,6850.0,6900.0,6735.0,6735.0,5669.06982421875,91204000,0.0,0.0
2021-02-19,BBCA,6780.0,6850.0,6760.0,6825.0,5744.826171875,70487500,0.0,0.0
2021-02-22,BBCA,6900.0,6940.0,6790.0,6790.0,5715.36572265625,68913000,0.0,0.0
2021-02-23,BBCA,6820.0,6845.0,6775.0,6825.0,5744.826171875,58360000,0.0,0.0
2021-02-24,BBCA,6825.0,6835.0,6725.0,6725.0,5660.65234375,71869000,0.0,0.0
2021-02-25,BBCA,6740.0,6770.0,6680.0,6705.0,5643.818359375,78688000,0.0,0.0
2021-02-26,BBCA,6705.0,6810.0,6645.0,6710.0,5648.02734375,173631500,0.0,0.0
2021-03-01,BBCA,6830.0,7045.0,6800.0,7045.0,5930.00732421875,205539000,0.0,0.0
2021-03-02,BBCA,7120.0,7160.0,7000.0,7015.0,5904.7548828125,81446500,0.0,0.0
2021-03-03,BBCA,7065.0,7085.0,7000.0,7000.0,5892.12890625,84470000,0.0,0.0
2021-03-04,BBCA,6905.0,7000.0,6720.0,6720.0,5656.44384765625,120802500,0.0,0.0
2021-03-05,BBCA,6720.0,6925.0,6720.0,6800.0,5723.783203125,111871500,0.0,0.0
2021-03-08,BBCA,6950.0,6950.0,6720.0,6720.0,5656.44384765625,90883000,0.0,0.0
2021-03-09,BBCA,6700.0,6715.0,6600.0,6605.0,5559.6455078125,135582000,0.0,0.0
2021-03-10,BBCA,6720.0,6720.0,6620.0,6705.0,5643.818359375,50302000,0.0,0.0
2021-03-12,BBCA,6875.0,6880.0,6715.0,6765.0,5694.32177734375,74328000,0.0,0.0
2021-03-15,BBCA,6815.0,6820.0,6665.0,6665.0,5610.14892578125,57416000,0.0,0.0
2021-03-16,BBCA,6710.0,6710.0,6620.0,6625.0,5576.4794921875,70755500,0.0,0.0
2021-03-17,BBCA,6650.0,6665.0,6605.0,6610.0,5563.85400390625,71474500,0.0,0.0
2021-03-18,BBCA,6620.0,6720.0,6610.0,6705.0,5643.818359375,70067500,0.0,0.0
2021-03-19,BBCA,6770.0,6770.0,6625.0,6760.0,5690.11376953125,125853000,0.0,0.0
2021-03-22,BBCA,6640.0,6680.0,6610.0,6620.0,5572.2705078125,67523500,0.0,0.0
2021-03-23,BBCA,6720.0,6720.0,6555.0,6565.0,5525.97607421875,127762500,0.0,0.0
2021-03-24,BBCA,6515.0,6550.0,6420.0,6440.0,5420.759765625,152050000,0.0,0.0
2021-03-25,BBCA,6400.0,6440.0,6330.0,6370.0,5361.837890625,119101500,0.0,0.0
2021-03-26,BBCA,6370.0,6445.0,6300.0,6415.0,5399.7158203125,134467500,0.0,0.0
2021-03-29,BBCA,6410.0,6515.0,6360.0,6360.0,5353.42041015625,113370500,0.0,0.0
2021-03-30,BBCA,6370.0,6455.0,6370.0,6395.0,5382.88134765625,83115500,0.0,0.0
2021-03-31,BBCA,6390.0,6395.0,6145.0,6215.0,5231.369140625,223390500,0.0,0.0
2021-04-01,BBCA,6215.0,6270.0,6155.0,6225.0,5239.78662109375,112286000,0.0,0.0
2021-04-05,BBCA,6250.0,6290.0,6155.0,6155.0,5180.8642578125,73311500,0.0,0.0
2021-04-06,BBCA,6135.0,6170.0,6080.0,6165.0,5189.28271484375,80215000,0.0,0.0
2021-04-07,BBCA,6155.0,6275.0,6135.0,6250.0,5260.83056640625,107908000,0.0,0.0
2021-04-08,BBCA,6200.0,6215.0,6125.0,6135.0,5236.41845703125,123697500,86.4,0.0
2021-04-09,BBCA,6315.0,6320.0,6145.0,6200.0,5291.8984375,116961000,0.0,0.0
2021-04-12,BBCA,6295.0,6295.0,6060.0,6065.0,5176.67138671875,110411500,0.0,0.0
2021-04-13,BBCA,6050.0,6060.0,5980.0,6000.0,5121.1923828125,119211500,0.0,0.0
2021-04-14,BBCA,6105.0,6305.0,6060.0,6305.0,5381.5185546875,135519500,0.0,0.0
2021-04-15,BBCA,6305.0,6310.0,6180.0,6280.0,5360.181640625,102686500,0.0,0.0
2021-04-16,BBCA,6370.0,6370.0,6215.0,6275.0,5355.9130859375,79293500,0.0,0.0
2021-04-19,BBCA,6275.0,6280.0,6230.0,6270.0,5351.64599609375,47095000,0.0,0.0
2021-04-20,BBCA,6200.0,6250.0,6185.0,6235.0,5321.7724609375,72721000,0.0,0.0
2021-04-21,BBCA,6200.0,6225.0,6165.0,6165.0,5262.02490234375,68397000,0.0,0.0
2021-04-22,BBCA,6200.0,6275.0,6180.0,6215.0,5304.70068359375,63758000,0.0,0.0
2021-04-23,BBCA,6280.0,6395.0,6225.0,6390.0,5454.068359375,108498500,0.0,0.0
2021-04-26,BBCA,6395.0,6400.0,6280.0,6285.0,5364.4482421875,108742000,0.0,0.0
2021-04-27,BBCA,6370.0,6435.0,6355.0,6405.0,5466.8720703125,132650000,0.0,0.0
2021-04-28,BBCA,6400.0,6405.0,6315.0,6320.0,5394.32275390625,87660000,0.0,0.0
2021-04-29,BBCA,6460.0,6460.0,6360.0,6410.0,5471.14013671875,57355000,0.0,0.0
2021-04-30,BBCA,6450.0,6450.0,6380.0,6405.0,5466.8720703125,65829500,0.0,0.0
2021-05-03,BBCA,6480.0,6480.0,6345.0,6390.0,5454.068359375,42065500,0.0,0.0
2021-05-04,BBCA,6350.0,6430.0,6340.0,6400.0,5462.60400390625,50123500,0.0,0.0
2021-05-05,BBCA,6420.0,6430.0,6400.0,6425.0,5483.943359375,51685000,0.0,0.0
2021-05-06,BBCA,6400.0,6450.0,6400.0,6425.0,5483.943359375,38115500,0.0,0.0
2021-05-07,BBCA,6460.0,6460.0,6385.0,6400.0,5462.60400390625,48864000,0.0,0.0
2021-05-10,BBCA,6400.0,6420.0,6395.0,6420.0,5479.67626953125,68180500,0.0,0.0
2021-05-11,BBCA,6400.0,6480.0,6305.0,6480.0,5530.88720703125,70680000,0.0,0.0
2021-05-17,BBCA,6500.0,6500.0,6375.0,6500.0,5547.9580078125,129058500,0.0,0.0
2021-05-18,BBCA,6400.0,6455.0,6365.0,6390.0,5454.068359375,73563000,0.0,0.0
2021-05-19,BBCA,6380.0,6400.0,6335.0,6345.0,5415.66064453125,64912500,0.0,0.0
2021-05-20,BBCA,6390.0,6435.0,6350.0,6380.0,5445.5341796875,64950000,0.0,0.0
2021-05-21,BBCA,6450.0,6450.0,6260.0,6360.0,5428.46337890625,92620000,0.0,0.0
2021-05-24,BBCA,6355.0,6380.0,6290.0,6325.0,5398.58984375,59210000,0.0,0.0
2021-05-25,BBCA,6300.0,6440.0,6300.0,6355.0,5424.1962890625,87470000,0.0,0.0
2021-05-27,BBCA,6440.0,6480.0,6270.0,6270.0,5351.64599609375,537971500,0.0,0.0
2021-05-28,BBCA,6330.0,6370.0,6330.0,6340.0,5411.39306640625,102108500,0.0,0.0
2021-05-31,BBCA,6360.0,6390.0,6325.0,6375.0,5441.26611328125,101442000,0.0,0.0
2021-06-02,BBCA,6500.0,6515.0,6420.0,6465.0,5518.083984375,141732500,0.0,0.0
2021-06-03,BBCA,6495.0,6600.0,6430.0,6600.0,5633.31103515625,133810500,0.0,0.0
2021-06-04,BBCA,6620.0,6620.0,6500.0,6580.0,5616.240234375,62108500,0.0,0.0
2021-06-07,BBCA,6560.0,6570.0,6430.0,6530.0,5573.564453125,62576000,0.0,0.0
2021-06-08,BBCA,6575.0,6575.0,6430.0,6430.0,5488.21142578125,64348000,0.0,0.0
2021-06-09,BBCA,6360.0,6535.0,6360.0,6530.0,5573.564453125,77198000,0.0,0.0
2021-06-10,BBCA,6555.0,6620.0,6490.0,6620.0,5650.3828125,73262500,0.0,0.0
2021-06-11,BBCA,6570.0,6580.0,6460.0,6470.0,5522.35205078125,72780500,0.0,0.0
2021-06-14,BBCA,6520.0,6520.0,6400.0,6410.0,5471.14013671875,61478500,0.0,0.0
2021-06-15,BBCA,6445.0,6470.0,6405.0,6470.0,5522.35205078125,87799000,0.0,0.0
2021-06-16,BBCA,6420.0,6435.0,6360.0,6385.0,5449.8017578125,48984000,0.0,0.0
2021-06-17,BBCA,6390.0,6390.0,6275.0,6330.0,5402.85791015625,68448500,0.0,0.0
2021-06-18,BBCA,6300.0,6345.0,6280.0,6325.0,5398.58984375,118043000,0.0,0.0
2021-06-21,BBCA,6300.0,6300.0,6210.0,6250.0,5334.57568359375,60823500,0.0,0.0
2021-06-22,BBCA,6250.0,6390.0,6240.0,6340.0,5411.39306640625,65824000,0.0,0.0
2021-06-23,BBCA,6295.0,6340.0,6230.0,6230.0,5317.50390625,52451000,0.0,0.0
2021-06-24,BBCA,6310.0,6310.0,6200.0,6210.0,5300.43359375,56010000,0.0,0.0
2021-06-25,BBCA,6230.0,6260.0,6190.0,6190.0,5283.3623046875,68939500,0.0,0.0
2021-06-28,BBCA,6100.0,6150.0,6055.0,6055.0,5168.13671875,84420500,0.0,0.0
2021-06-29,BBCA,6050.0,6090.0,6040.0,6045.0,5159.6015625,53704000,0.0,0.0
2021-06-30,BBCA,6000.0,6070.0,6000.0,6025.0,5142.5302734375,65795000,0.0,0.0
2021-07-01,BBCA,6060.0,6075.0,6000.0,6025.0,5142.5302734375,58153000,0.0,0.0
2021-07-02,BBCA,6070.0,6140.0,6040.0,6100.0,5206.544921875,67392500,0.0,0.0
2021-07-05,BBCA,6100.0,6130.0,6070.0,6110.0,5215.080078125,39710500,0.0,0.0
2021-07-06,BBCA,6110.0,6110.0,6055.0,6055.0,5168.13671875,34279500,0.0,0.0
2021-07-07,BBCA,6180.0,6180.0,6030.0,6065.0,5176.67138671875,35595000,0.0,0.0
2021-07-08,BBCA,6000.0,6040.0,5980.0,6015.0,5133.9951171875,47297000,0.0,0.0
2021-07-09,BBCA,6010.0,6020.0,5990.0,6020.0,5138.26220703125,40707500,0.0,0.0
2021-07-12,BBCA,6070.0,6180.0,6020.0,6170.0,5266.29248046875,65981500,0.0,0.0
2021-07-13,BBCA,6170.0,6175.0,6015.0,6045.0,5159.6015625,65946500,0.0,0.0
2021-07-14,BBCA,6020.0,6030.0,5980.0,5990.0,5112.65625,59321000,0.0,0.0
2021-07-15,BBCA,6000.0,6115.0,5995.0,6115.0,5219.34814453125,49724000,0.0,0.0
2021-07-16,BBCA,6170.0,6170.0,6055.0,6110.0,5215.080078125,47998500,0.0,0.0
2021-07-19,BBCA,6110.0,6110.0,6005.0,6005.0,5125.458984375,47119000,0.0,0.0
2021-07-21,BBCA,6050.0,6120.0,6010.0,6010.0,5129.7265625,55009500,0.0,0.0
2021-07-22,BBCA,6115.0,6155.0,6050.0,6155.0,5253.48974609375,60792000,0.0,0.0
2021-07-23,BBCA,6180.0,6190.0,6025.0,6035.0,5151.06640625,79938000,0.0,0.0
2021-07-26,BBCA,6040.0,6060.0,6005.0,6005.0,5125.458984375,48171500,0.0,0.0
2021-07-27,BBCA,6005.0,6060.0,6000.0,6005.0,5125.458984375,53107500,0.0,0.0
2021-07-28,BBCA,6005.0,6010.0,5970.0,5980.0,5104.12109375,74133000,0.0,0.0
2021-07-29,BBCA,6055.0,6085.0,5980.0,6040.0,5155.33349609375,84605000,0.0,0.0
2021-07-30,BBCA,6040.0,6100.0,5960.0,5970.0,5095.58642578125,105685000,0.0,0.0
2021-08-02,BBCA,6060.0,6065.0,5905.0,5960.0,5087.05126953125,119981500,0.0,0.0
2021-08-03,BBCA,6025.0,6180.0,5985.0,6145.0,5244.9541015625,110071500,0.0,0.0
2021-08-04,BBCA,6145.0,6150.0,6060.0,6120.0,5223.6162109375,41112000,0.0,0.0
2021-08-05,BBCA,6170.0,6310.0,6140.0,6300.0,5377.25146484375,93768000,0.0,0.0
2021-08-06,BBCA,6360.0,6360.0,6135.0,6160.0,5257.7578125,67285000,0.0,0.0
2021-08-09,BBCA,6135.0,6200.0,6105.0,6200.0,5291.8984375,52858500,0.0,0.0
2021-08-10,BBCA,6250.0,6300.0,6115.0,6300.0,5377.25146484375,60446000,0.0,0.0
2021-08-12,BBCA,6120.0,6320.0,6120.0,6300.0,5377.25146484375,118325500,0.0,0.0
2021-08-13,BBCA,6350.0,6435.0,6325.0,6410.0,5471.14013671875,86929000,0.0,0.0
2021-08-16,BBCA,6420.0,6420.0,6305.0,6420.0,5479.67626953125,69282000,0.0,0.0
2021-08-18,BBCA,6520.0,6760.0,6460.0,6600.0,5633.31103515625,186354500,0.0,0.0
2021-08-19,BBCA,6600.0,6600.0,6530.0,6600.0,5633.31103515625,100926000,0.0,0.0
2021-08-20,BBCA,6600.0,6600.0,6510.0,6600.0,5633.31103515625,120163500,0.0,0.0
2021-08-23,BBCA,6515.0,6590.0,6515.0,6590.0,5624.775390625,68253000,0.0,0.0
2021-08-24,BBCA,6570.0,6600.0,6500.0,6600.0,5633.31103515625,59561500,0.0,0.0
2021-08-25,BBCA,6600.0,6605.0,6585.0,6600.0,5633.31103515625,80751500,0.0,0.0
2021-08-26,BBCA,6560.0,6580.0,6470.0,6560.0,5599.169921875,74337000,0.0,0.0
2021-08-27,BBCA,6490.0,6530.0,6490.0,6510.0,5556.4931640625,71572500,0.0,0.0
2021-08-30,BBCA,6530.0,6580.0,6520.0,6565.0,5603.4375,74564500,0.0,0.0
2021-08-31,BBCA,6520.0,6570.0,6515.0,6550.0,5590.6337890625,115373500,0.0,0.0
2021-09-01,BBCA,6550.0,6600.0,6535.0,6565.0,5603.4375,67362500,0.0,0.0
2021-09-02,BBCA,6525.0,6575.0,6455.0,6540.0,5582.099609375,53257000,0.0,0.0
2021-09-03,BBCA,6560.0,6600.0,6515.0,6600.0,5633.31103515625,35764500,0.0,0.0
2021-09-06,BBCA,6600.0,6605.0,6550.0,6575.0,5611.97265625,36780000,0.0,0.0
2021-09-07,BBCA,6595.0,6605.0,6570.0,6570.0,5607.70556640625,53902000,0.0,0.0
2021-09-08,BBCA,6550.0,6595.0,6420.0,6440.0,5496.74658203125,77888000,0.0,0.0
2021-09-09,BBCA,6410.0,6570.0,6410.0,6570.0,5607.70556640625,110074000,0.0,0.0
2021-09-10,BBCA,6495.0,6565.0,6495.0,6520.0,5565.0283203125,41483500,0.0,0.0
2021-09-13,BBCA,6560.0,6560.0,6525.0,6555.0,5594.90283203125,29929000,0.0,0.0
2021-09-14,BBCA,6590.0,6595.0,6495.0,6545.0,5586.3671875,51990500,0.0,0.0
2021-09-15,BBCA,6545.0,6550.0,6485.0,6495.0,5543.68994140625,44514000,0.0,0.0
2021-09-16,BBCA,6580.0,6580.0,6480.0,6500.0,5547.9580078125,58672500,0.0,0.0
2021-09-17,BBCA,6490.0,6535.0,6480.0,6520.0,5565.0283203125,117540000,0.0,0.0
2021-09-20,BBCA,6570.0,6590.0,6510.0,6585.0,5620.5078125,73157500,0.0,0.0
2021-09-21,BBCA,6510.0,6535.0,6470.0,6490.0,5539.4228515625,57115500,0.0,0.0
2021-09-22,BBCA,6500.0,6580.0,6500.0,6555.0,5594.90283203125,68722000,0.0,0.0
2021-09-23,BBCA,6555.0,6590.0,6545.0,6580.0,5616.240234375,60998500,0.0,0.0
2021-09-24,BBCA,6500.0,6585.0,6500.0,6585.0,5620.5078125,60539500,0.0,0.0
2021-09-27,BBCA,6585.0,6595.0,6555.0,6580.0,5616.240234375,55052500,0.0,0.0
2021-09-28,BBCA,6540.0,6560.0,6500.0,6520.0,5565.0283203125,80186000,0.0,0.0
2021-09-29,BBCA,6520.0,6580.0,6515.0,6580.0,5616.240234375,74079000,0.0,0.0
2021-09-30,BBCA,6600.0,7000.0,6595.0,7000.0,5974.72412109375,156848000,0.0,0.0
2021-10-01,BBCA,6900.0,6900.0,6710.0,6760.0,5769.87646484375,103954500,0.0,0.0
2021-10-04,BBCA,6740.0,6960.0,6740.0,6960.0,5940.58251953125,74719000,0.0,0.0
2021-10-05,BBCA,6910.0,6945.0,6860.0,6945.0,5927.779296875,54986500,0.0,0.0
2021-10-06,BBCA,6980.0,7180.0,6970.0,7180.0,6128.35986328125,174312000,0.0,0.0
2021-10-07,BBCA,7175.0,7175.0,7080.0,7160.0,6111.2890625,107263500,0.0,0.0
2021-10-08,BBCA,7200.0,7300.0,7175.0,7290.0,6222.24755859375,94643500,0.0,0.0
2021-10-11,BBCA,7240.0,7290.0,7230.0,7255.0,6192.37451171875,47201000,0.0,0.0
2021-10-12,BBCA,7255.0,7320.0,7245.0,7320.0,6247.85400390625,91067000,0.0,0.0
2021-10-13,BBCA,7400.0,8250.0,7400.0,7525.0,6422.828125,210893300,0.0,5.0
2021-10-14,BBCA,7600.0,7900.0,7600.0,7750.0,6614.87255859375,138811900,0.0,0.0
2021-10-15,BBCA,7800.0,7875.0,7450.0,7650.0,6529.5185546875,142378200,0.0,0.0
2021-10-18,BBCA,7650.0,7675.0,7475.0,7525.0,6422.828125,116644300,0.0,0.0
2021-10-19,BBCA,7475.0,7525.0,7350.0,7500.0,6401.48974609375,134601200,0.0,0.0
2021-10-21,BBCA,7500.0,7550.0,7350.0,7400.0,6316.13720703125,106120100,0.0,0.0
2021-10-22,BBCA,7450.0,7550.0,7425.0,7525.0,6422.828125,96730700,0.0,0.0
2021-10-25,BBCA,7400.0,7525.0,7400.0,7525.0,6422.828125,60329800,0.0,0.0
2021-10-26,BBCA,7600.0,7600.0,7500.0,7525.0,6422.828125,70103000,0.0,0.0
2021-10-27,BBCA,7575.0,7575.0,7425.0,7450.0,6358.81298828125,57067000,0.0,0.0
2021-10-28,BBCA,7350.0,7425.0,7350.0,7375.0,6294.7978515625,75271900,0.0,0.0
2021-10-29,BBCA,7450.0,7475.0,7375.0,7475.0,6380.1513671875,60639200,0.0,0.0
2021-11-01,BBCA,7550.0,7550.0,7400.0,7400.0,6316.13720703125,38593400,0.0,0.0
2021-11-02,BBCA,7375.0,7425.0,7250.0,7300.0,6230.783203125,90535400,0.0,0.0
2021-11-03,BBCA,7300.0,7400.0,7250.0,7350.0,6273.46044921875,61621500,0.0,0.0
2021-11-04,BBCA,7425.0,7475.0,7375.0,7375.0,6294.7978515625,61081400,0.0,0.0
2021-11-05,BBCA,7475.0,7475.0,7375.0,7450.0,6358.81298828125,43120400,0.0,0.0
2021-11-08,BBCA,7500.0,7600.0,7450.0,7575.0,6465.50439453125,85441700,0.0,0.0
2021-11-09,BBCA,7600.0,7675.0,7575.0,7675.0,6550.857421875,101785800,0.0,0.0
2021-11-10,BBCA,7675.0,7675.0,7575.0,7650.0,6529.5185546875,47503900,0.0,0.0
2021-11-11,BBCA,7700.0,7750.0,7600.0,7675.0,6550.857421875,55790000,0.0,0.0
2021-11-12,BBCA,7750.0,7750.0,7525.0,7525.0,6422.828125,52590100,0.0,0.0
2021-11-15,BBCA,7625.0,7625.0,7500.0,7500.0,6401.48974609375,67344200,0.0,0.0
2021-11-16,BBCA,7400.0,7475.0,7325.0,7475.0,6380.1513671875,98616900,0.0,0.0
2021-11-17,BBCA,7500.0,7575.0,7425.0,7575.0,6487.201171875,61968100,25.0,0.0
2021-11-18,BBCA,7425.0,7500.0,7400.0,7400.0,6337.33203125,78839600,0.0,0.0
2021-11-19,BBCA,7425.0,7450.0,7375.0,7425.0,6358.74169921875,68203700,0.0,0.0
2021-11-22,BBCA,7425.0,7525.0,7400.0,7475.0,6401.56103515625,66328300,0.0,0.0
2021-11-23,BBCA,7400.0,7500.0,7400.0,7475.0,6401.56103515625,43477500,0.0,0.0
2021-11-24,BBCA,7575.0,7575.0,7425.0,7475.0,6401.56103515625,35181400,0.0,0.0
2021-11-25,BBCA,7450.0,7525.0,7425.0,7425.0,6358.74169921875,40216100,0.0,0.0
2021-11-26,BBCA,7400.0,7450.0,7250.0,7275.0,6230.2822265625,113288400,0.0,0.0
2021-11-29,BBCA,7275.0,7425.0,7175.0,7400.0,6337.33203125,87907900,0.0,0.0
2021-11-30,BBCA,7325.0,7425.0,7275.0,7275.0,6230.2822265625,144923700,0.0,0.0
2021-12-01,BBCA,7275.0,7450.0,7275.0,7300.0,6251.69140625,76538100,0.0,0.0
2021-12-02,BBCA,7375.0,7500.0,7300.0,7500.0,6422.97119140625,66831000,0.0,0.0
2021-12-03,BBCA,7525.0,7525.0,7350.0,7375.0,6315.92138671875,63283700,0.0,0.0
2021-12-06,BBCA,7450.0,7475.0,7350.0,7350.0,6294.51171875,56944100,0.0,0.0
2021-12-07,BBCA,7450.0,7475.0,7350.0,7350.0,6294.51171875,51258200,0.0,0.0
2021-12-08,BBCA,7450.0,7475.0,7400.0,7425.0,6358.74169921875,74775000,0.0,0.0
2021-12-09,BBCA,7400.0,7450.0,7350.0,7350.0,6294.51171875,54886400,0.0,0.0
2021-12-10,BBCA,7325.0,7375.0,7275.0,7375.0,6315.92138671875,91092400,0.0,0.0
2021-12-13,BBCA,7375.0,7400.0,7300.0,7300.0,6251.69140625,59977100,0.0,0.0
2021-12-14,BBCA,7300.0,7375.0,7275.0,7300.0,6251.69140625,49763600,0.0,0.0
2021-12-15,BBCA,7300.0,7375.0,7275.0,7300.0,6251.69140625,52477600,0.0,0.0
2021-12-16,BBCA,7375.0,7400.0,7275.0,7275.0,6230.2822265625,95171400,0.0,0.0
2021-12-17,BBCA,7325.0,7500.0,7300.0,7500.0,6422.97119140625,107096800,0.0,0.0
2021-12-20,BBCA,7350.0,7400.0,7325.0,7375.0,6315.92138671875,74753000,0.0,0.0
2021-12-21,BBCA,7325.0,7400.0,7325.0,7375.0,6315.92138671875,52386100,0.0,0.0
2021-12-22,BBCA,7425.0,7425.0,7325.0,7325.0,6273.1015625,33232000,0.0,0.0
2021-12-23,BBCA,7325.0,7350.0,7300.0,7300.0,6251.69140625,37136400,0.0,0.0
2021-12-24,BBCA,7300.0,7350.0,7300.0,7300.0,6251.69140625,30802100,0.0,0.0
2021-12-27,BBCA,7300.0,7350.0,7300.0,7350.0,6294.51171875,20722100,0.0,0.0
2021-12-28,BBCA,7375.0,7400.0,7325.0,7350.0,6294.51171875,39343800,0.0,0.0
2021-12-29,BBCA,7350.0,7375.0,7300.0,7300.0,6251.69140625,42079500,0.0,0.0
2021-12-30,BBCA,7350.0,7350.0,7300.0,7300.0,6251.69140625,49954700,0.0,0.0
2022-01-03,BBCA,7325.0,7400.0,7300.0,7325.0,6273.1015625,54287400,0.0,0.0
2022-01-04,BBCA,7325.0,7450.0,7325.0,7400.0,6337.33203125,70624000,0.0,0.0
2022-01-05,BBCA,7450.0,7525.0,7375.0,7450.0,6380.1513671875,76164900,0.0,0.0
2022-01-06,BBCA,7500.0,7525.0,7425.0,7475.0,6401.56103515625,63657100,0.0,0.0
2022-01-07,BBCA,7550.0,7700.0,7500.0,7650.0,6551.43017578125,143433300,0.0,0.0
2022-01-10,BBCA,7575.0,7650.0,7550.0,7600.0,6508.61083984375,45351900,0.0,0.0
2022-01-11,BBCA,7650.0,7700.0,7625.0,7700.0,6594.25146484375,110334600,0.0,0.0
2022-01-12,BBCA,7700.0,7700.0,7650.0,7700.0,6594.25146484375,62606000,0.0,0.0
2022-01-13,BBCA,7700.0,7750.0,7650.0,7700.0,6594.25146484375,50025200,0.0,0.0
2022-01-14,BBCA,7700.0,7850.0,7650.0,7850.0,6722.71044921875,65898700,0.0,0.0
2022-01-17,BBCA,7900.0,7900.0,7700.0,7750.0,6637.0703125,63902600,0.0,0.0
2022-01-18,BBCA,7775.0,7775.0,7550.0,7675.0,6572.83984375,71476300,0.0,0.0
2022-01-19,BBCA,7650.0,7725.0,7575.0,7675.0,6572.83984375,60389700,0.0,0.0
2022-01-20,BBCA,7725.0,7775.0,7625.0,7775.0,6658.48046875,59925500,0.0,0.0
2022-01-21,BBCA,7775.0,7950.0,7700.0,7950.0,6808.34912109375,63370500,0.0,0.0
2022-01-24,BBCA,7825.0,7850.0,7775.0,7800.0,6679.8896484375,40278300,0.0,0.0
2022-01-25,BBCA,7675.0,7775.0,7625.0,7775.0,6658.48046875,106796900,0.0,0.0
2022-01-26,BBCA,7700.0,7750.0,7650.0,7700.0,6594.25146484375,53350200,0.0,0.0
2022-01-27,BBCA,7625.0,7800.0,7625.0,7800.0,6679.8896484375,71945100,0.0,0.0
2022-01-28,BBCA,7800.0,7825.0,7700.0,7775.0,6658.48046875,70595000,0.0,0.0
2022-01-31,BBCA,7775.0,7775.0,7625.0,7625.0,6530.0205078125,68122000,0.0,0.0
2022-02-02,BBCA,7775.0,7800.0,7675.0,7800.0,6679.8896484375,65308100,0.0,0.0
2022-02-03,BBCA,7800.0,7825.0,7700.0,7725.0,6615.6611328125,35100600,0.0,0.0
2022-02-04,BBCA,7750.0,7800.0,7700.0,7725.0,6615.6611328125,39324700,0.0,0.0
2022-02-07,BBCA,7775.0,7800.0,7700.0,7800.0,6679.8896484375,56813200,0.0,0.0
2022-02-08,BBCA,7750.0,7850.0,7725.0,7725.0,6615.6611328125,61883100,0.0,0.0
2022-02-09,BBCA,7850.0,7950.0,7800.0,7950.0,6808.34912109375,108922200,0.0,0.0
2022-02-10,BBCA,7950.0,7950.0,7750.0,7750.0,6637.0703125,93277000,0.0,0.0
2022-02-11,BBCA,7675.0,7825.0,7650.0,7825.0,6701.30029296875,71968800,0.0,0.0
2022-02-14,BBCA,7750.0,7775.0,7700.0,7700.0,6594.25146484375,57710700,0.0,0.0
2022-02-15,BBCA,7750.0,7875.0,7725.0,7875.0,6744.11962890625,55617000,0.0,0.0
2022-02-16,BBCA,7850.0,7975.0,7825.0,7975.0,6829.76025390625,77055100,0.0,0.0
2022-02-17,BBCA,7850.0,7925.0,7800.0,7900.0,6765.52978515625,48704600,0.0,0.0
2022-02-18,BBCA,7950.0,7950.0,7850.0,7925.0,6786.93994140625,56813400,0.0,0.0
2022-02-21,BBCA,7925.0,7975.0,7900.0,7950.0,6808.34912109375,43821700,0.0,0.0
2022-02-22,BBCA,7900.0,7950.0,7850.0,7900.0,6765.52978515625,80095500,0.0,0.0
2022-02-23,BBCA,7900.0,8100.0,7875.0,8050.0,6893.98974609375,99240300,0.0,0.0
2022-02-24,BBCA,8125.0,8150.0,7925.0,8000.0,6851.169921875,124947700,0.0,0.0
2022-02-25,BBCA,7950.0,8175.0,7925.0,8050.0,6893.98974609375,135899900,0.0,0.0
2022-03-01,BBCA,8000.0,8175.0,8000.0,8050.0,6893.98974609375,136616800,0.0,0.0
2022-03-02,BBCA,8225.0,8225.0,7975.0,7975.0,6829.76025390625,100301000,0.0,0.0
2022-03-04,BBCA,7975.0,8025.0,7900.0,7900.0,6765.52978515625,132983400,0.0,0.0
2022-03-07,BBCA,7800.0,7850.0,7700.0,7700.0,6594.25146484375,130990900,0.0,0.0
2022-03-08,BBCA,7700.0,7850.0,7650.0,7650.0,6551.43017578125,119256500,0.0,0.0
2022-03-09,BBCA,7700.0,7950.0,7650.0,7850.0,6722.71044921875,132814500,0.0,0.0
2022-03-10,BBCA,7925.0,7975.0,7800.0,7925.0,6786.93994140625,86484000,0.0,0.0
2022-03-11,BBCA,7725.0,7950.0,7725.0,7950.0,6808.34912109375,61053900,0.0,0.0
2022-03-14,BBCA,8050.0,8100.0,7950.0,8075.0,6915.39990234375,78432100,0.0,0.0
2022-03-15,BBCA,8150.0,8200.0,8075.0,8150.0,6979.62890625,111214500,0.0,0.0
2022-03-16,BBCA,8275.0,8275.0,8075.0,8200.0,7022.44873046875,149761300,0.0,0.0
2022-03-17,BBCA,8300.0,8300.0,8000.0,8000.0,6851.169921875,132439400,0.0,0.0
2022-03-18,BBCA,8000.0,8100.0,7900.0,7900.0,6765.52978515625,143981700,0.0,0.0
2022-03-21,BBCA,7800.0,7950.0,7800.0,7900.0,6765.52978515625,85485500,0.0,0.0
2022-03-22,BBCA,7900.0,7950.0,7875.0,7925.0,6786.93994140625,60010900,0.0,0.0
2022-03-23,BBCA,7925.0,7950.0,7825.0,7900.0,6765.52978515625,82208000,0.0,0.0
2022-03-24,BBCA,7850.0,7950.0,7800.0,7925.0,6786.93994140625,95245100,0.0,0.0
2022-03-25,BBCA,7900.0,7950.0,7900.0,7950.0,6808.34912109375,85101200,0.0,0.0
2022-03-28,BBCA,7825.0,7900.0,7800.0,7900.0,6869.21630859375,83911500,120.0,0.0
2022-03-29,BBCA,7875.0,7900.0,7825.0,7850.0,6825.74072265625,62180600,0.0,0.0
2022-03-30,BBCA,7900.0,7900.0,7825.0,7875.0,6847.47802734375,71430600,0.0,0.0
2022-03-31,BBCA,7925.0,8000.0,7875.0,7975.0,6934.4306640625,112691900,0.0,0.0
2022-04-01,BBCA,8075.0,8075.0,7850.0,7925.0,6890.9541015625,105575400,0.0,0.0
2022-04-04,BBCA,7925.0,7925.0,7825.0,7900.0,6869.21630859375,57321200,0.0,0.0
2022-04-05,BBCA,7900.0,7900.0,7850.0,7900.0,6869.21630859375,48528300,0.0,0.0
2022-04-06,BBCA,7825.0,7850.0,7750.0,7750.0,6738.7880859375,119263000,0.0,0.0
2022-04-07,BBCA,7725.0,7825.0,7700.0,7750.0,6738.7880859375,68619400,0.0,0.0
2022-04-08,BBCA,7800.0,7875.0,7775.0,7850.0,6825.74072265625,69791600,0.0,0.0
2022-04-11,BBCA,7825.0,7875.0,7725.0,7725.0,6717.05078125,62776200,0.0,0.0
2022-04-12,BBCA,7725.0,7800.0,7700.0,7800.0,6782.263671875,73471300,0.0,0.0
2022-04-13,BBCA,7800.0,7850.0,7750.0,7800.0,6782.263671875,57622100,0.0,0.0
2022-04-14,BBCA,7800.0,7800.0,7700.0,7700.0,6695.31298828125,93342900,0.0,0.0
2022-04-18,BBCA,7700.0,7725.0,7625.0,7700.0,6695.31298828125,68464700,0.0,0.0
2022-04-19,BBCA,7700.0,7700.0,7625.0,7625.0,6630.09765625,98632000,0.0,0.0
2022-04-20,BBCA,7725.0,7725.0,7625.0,7650.0,6651.83544921875,124388800,0.0,0.0
2022-04-21,BBCA,7800.0,7925.0,7750.0,7925.0,6890.9541015625,129323400,0.0,0.0
2022-04-22,BBCA,7850.0,7925.0,7800.0,7875.0,6847.47802734375,85956100,0.0,0.0
2022-04-25,BBCA,7875.0,8000.0,7825.0,8000.0,6956.16845703125,91279600,0.0,0.0
2022-04-26,BBCA,7925.0,8125.0,7925.0,8125.0,7064.8583984375,128360900,0.0,0.0
2022-04-27,BBCA,8075.0,8200.0,8075.0,8200.0,7130.072265625,89463100,0.0,0.0
2022-04-28,BBCA,8250.0,8250.0,8075.0,8125.0,7064.8583984375,133730600,0.0,0.0
2022-05-09,BBCA,7875.0,7900.0,7600.0,7600.0,6608.35986328125,456796600,0.0,0.0
2022-05-10,BBCA,7250.0,7600.0,7250.0,7525.0,6543.14599609375,268445700,0.0,0.0
2022-05-11,BBCA,7525.0,7700.0,7450.0,7650.0,6651.83544921875,156535200,0.0,0.0
2022-05-12,BBCA,7525.0,7550.0,7275.0,7275.0,6325.765625,240529600,0.0,0.0
2022-05-13,BBCA,7250.0,7475.0,7250.0,7325.0,6369.2412109375,212968600,0.0,0.0
2022-05-17,BBCA,7275.0,7475.0,7275.0,7400.0,6434.4560546875,159657600,0.0,0.0
2022-05-18,BBCA,7500.0,7575.0,7375.0,7575.0,6586.6220703125,153514300,0.0,0.0
2022-05-19,BBCA,7400.0,7475.0,7375.0,7450.0,6477.931640625,140908900,0.0,0.0
2022-05-20,BBCA,7425.0,7475.0,7400.0,7400.0,6434.4560546875,86520200,0.0,0.0
2022-05-23,BBCA,7450.0,7475.0,7350.0,7375.0,6412.71728515625,71603500,0.0,0.0
2022-05-24,BBCA,7325.0,7475.0,7325.0,7350.0,6390.9794921875,108710800,0.0,0.0
2022-05-25,BBCA,7400.0,7450.0,7350.0,7375.0,6412.71728515625,76747400,0.0,0.0
2022-05-27,BBCA,7525.0,7575.0,7475.0,7575.0,6586.6220703125,84336900,0.0,0.0
2022-05-30,BBCA,7575.0,7600.0,7475.0,7575.0,6586.6220703125,105411400,0.0,0.0
2022-05-31,BBCA,7600.0,7750.0,7525.0,7750.0,6738.7880859375,286292700,0.0,0.0
2022-06-02,BBCA,7625.0,7675.0,7525.0,7575.0,6586.6220703125,149226300,0.0,0.0
2022-06-03,BBCA,7600.0,7675.0,7575.0,7600.0,6608.35986328125,80563100,0.0,0.0
2022-06-06,BBCA,7550.0,7575.0,7425.0,7450.0,6477.931640625,81140300,0.0,0.0
2022-06-07,BBCA,7300.0,7475.0,7300.0,7375.0,6412.71728515625,129242500,0.0,0.0
2022-06-08,BBCA,7500.0,7600.0,7425.0,7600.0,6608.35986328125,108910500,0.0,0.0
2022-06-09,BBCA,7500.0,7575.0,7500.0,7500.0,6521.40771484375,107828300,0.0,0.0
2022-06-10,BBCA,7400.0,7450.0,7350.0,7350.0,6390.9794921875,111768600,0.0,0.0
2022-06-13,BBCA,7300.0,7400.0,7275.0,7350.0,6390.9794921875,85539500,0.0,0.0
2022-06-14,BBCA,7300.0,7400.0,7250.0,7400.0,6434.4560546875,80865100,0.0,0.0
2022-06-15,BBCA,7300.0,7375.0,7300.0,7325.0,6369.2412109375,130367100,0.0,0.0
2022-06-16,BBCA,7400.0,7600.0,7375.0,7575.0,6586.6220703125,132666300,0.0,0.0
2022-06-17,BBCA,7425.0,7550.0,7425.0,7500.0,6521.40771484375,117839400,0.0,0.0
2022-06-20,BBCA,7600.0,7650.0,7500.0,7625.0,6630.09765625,88138700,0.0,0.0
2022-06-21,BBCA,7600.0,7650.0,7550.0,7650.0,6651.83544921875,44295700,0.0,0.0
2022-06-22,BBCA,7625.0,7650.0,7500.0,7500.0,6521.40771484375,53041800,0.0,0.0
2022-06-23,BBCA,7450.0,7575.0,7450.0,7525.0,6543.14599609375,60443000,0.0,0.0
2022-06-24,BBCA,7600.0,7600.0,7475.0,7475.0,6499.66943359375,57956600,0.0,0.0
2022-06-27,BBCA,7475.0,7500.0,7350.0,7350.0,6390.9794921875,76354100,0.0,0.0
2022-06-28,BBCA,7300.0,7400.0,7300.0,7300.0,6347.5029296875,146078100,0.0,0.0
2022-06-29,BBCA,7325.0,7400.0,7275.0,7275.0,6325.765625,98517800,0.0,0.0
2022-06-30,BBCA,7300.0,7400.0,7250.0,7250.0,6304.02734375,101343900,0.0,0.0
2022-07-01,BBCA,7300.0,7325.0,7250.0,7250.0,6304.02734375,68738800,0.0,0.0
2022-07-04,BBCA,7250.0,7275.0,7000.0,7050.0,6130.123046875,102238600,0.0,0.0
2022-07-05,BBCA,7100.0,7325.0,7100.0,7250.0,6304.02734375,69172900,0.0,0.0
2022-07-06,BBCA,7300.0,7325.0,7175.0,7300.0,6347.5029296875,66801100,0.0,0.0
2022-07-07,BBCA,7225.0,7250.0,7100.0,7100.0,6173.59912109375,86126800,0.0,0.0
2022-07-08,BBCA,7125.0,7175.0,7075.0,7150.0,6217.076171875,64312400,0.0,0.0
2022-07-11,BBCA,7200.0,7200.0,7125.0,7125.0,6195.33740234375,36830800,0.0,0.0
2022-07-12,BBCA,7175.0,7250.0,7150.0,7175.0,6238.81396484375,34269000,0.0,0.0
2022-07-13,BBCA,7100.0,7125.0,7000.0,7000.0,6086.64697265625,71988200,0.0,0.0
2022-07-14,BBCA,7025.0,7100.0,7000.0,7025.0,6108.3857421875,83316300,0.0,0.0
2022-07-15,BBCA,7100.0,7100.0,7000.0,7000.0,6086.64697265625,57419900,0.0,0.0
2022-07-18,BBCA,7025.0,7150.0,7025.0,7150.0,6217.076171875,60077700,0.0,0.0
2022-07-19,BBCA,7100.0,7175.0,7100.0,7175.0,6238.81396484375,59641000,0.0,0.0
2022-07-20,BBCA,7200.0,7400.0,7175.0,7400.0,6434.4560546875,105792900,0.0,0.0
2022-07-21,BBCA,7400.0,7400.0,7250.0,7400.0,6434.4560546875,64337100,0.0,0.0
2022-07-22,BBCA,7400.0,7400.0,7300.0,7325.0,6369.2412109375,38956500,0.0,0.0
2022-07-25,BBCA,7350.0,7375.0,7300.0,7300.0,6347.5029296875,31247600,0.0,0.0
2022-07-26,BBCA,7250.0,7375.0,7250.0,7300.0,6347.5029296875,44379900,0.0,0.0
2022-07-27,BBCA,7325.0,7350.0,7275.0,7325.0,6369.2412109375,58465500,0.0,0.0
2022-07-28,BBCA,7375.0,7450.0,7325.0,7350.0,6390.9794921875,86909700,0.0,0.0
2022-07-29,BBCA,7400.0,7475.0,7350.0,7350.0,6390.9794921875,131553000,0.0,0.0
2022-08-01,BBCA,7350.0,7500.0,7350.0,7500.0,6521.40771484375,104841600,0.0,0.0
2022-08-02,BBCA,7600.0,7625.0,7500.0,7600.0,6608.35986328125,106466900,0.0,0.0
2022-08-03,BBCA,7625.0,7625.0,7575.0,7625.0,6630.09765625,60170600,0.0,0.0
2022-08-04,BBCA,7675.0,7800.0,7650.0,7800.0,6782.263671875,164221000,0.0,0.0
2022-08-05,BBCA,7825.0,7875.0,7725.0,7875.0,6847.47802734375,118734200,0.0,0.0
2022-08-08,BBCA,7875.0,7925.0,7750.0,7875.0,6847.47802734375,84328900,0.0,0.0
2022-08-09,BBCA,7875.0,7975.0,7875.0,7900.0,6869.21630859375,92875800,0.0,0.0
2022-08-10,BBCA,7800.0,7900.0,7725.0,7900.0,6869.21630859375,104376300,0.0,0.0
2022-08-11,BBCA,7850.0,7950.0,7825.0,7950.0,6912.69140625,73204700,0.0,0.0
2022-08-12,BBCA,7925.0,7975.0,7850.0,7925.0,6890.9541015625,59381200,0.0,0.0
2022-08-15,BBCA,7950.0,7975.0,7900.0,7950.0,6912.69140625,81411000,0.0,0.0
2022-08-16,BBCA,7950.0,7975.0,7850.0,7975.0,6934.4306640625,83556700,0.0,0.0
2022-08-18,BBCA,7900.0,8025.0,7875.0,8000.0,6956.16845703125,86136900,0.0,0.0
2022-08-19,BBCA,8050.0,8050.0,7900.0,7900.0,6869.21630859375,58194900,0.0,0.0
2022-08-22,BBCA,7850.0,8000.0,7825.0,8000.0,6956.16845703125,97293300,0.0,0.0
2022-08-23,BBCA,8000.0,8000.0,7900.0,7900.0,6869.21630859375,71671800,0.0,0.0
2022-08-24,BBCA,7950.0,8025.0,7900.0,7950.0,6912.69140625,108892400,0.0,0.0
2022-08-25,BBCA,8000.0,8100.0,7900.0,8075.0,7021.3828125,99503500,0.0,0.0
2022-08-26,BBCA,8025.0,8125.0,8000.0,8000.0,6956.16845703125,80472400,0.0,0.0
2022-08-29,BBCA,8000.0,8150.0,7950.0,8150.0,7086.59619140625,57762100,0.0,0.0
2022-08-30,BBCA,8100.0,8275.0,8075.0,8175.0,7108.33447265625,124467000,0.0,0.0
2022-08-31,BBCA,8075.0,8225.0,8050.0,8200.0,7130.072265625,137659900,0.0,0.0
2022-09-01,BBCA,8150.0,8250.0,8125.0,8150.0,7086.59619140625,74960800,0.0,0.0
2022-09-02,BBCA,8150.0,8225.0,8150.0,8225.0,7151.810546875,71430600,0.0,0.0
2022-09-05,BBCA,8225.0,8300.0,8200.0,8275.0,7195.287109375,62906000,0.0,0.0
2022-09-06,BBCA,8300.0,8350.0,8250.0,8275.0,7195.287109375,67079900,0.0,0.0
2022-09-07,BBCA,8250.0,8375.0,8250.0,8375.0,7282.23828125,117931700,0.0,0.0
2022-09-08,BBCA,8400.0,8500.0,8350.0,8350.0,7260.5009765625,132777400,0.0,0.0
2022-09-09,BBCA,8500.0,8500.0,8275.0,8375.0,7282.23828125,91234600,0.0,0.0
2022-09-12,BBCA,8325.0,8425.0,8325.0,8375.0,7282.23828125,52395300,0.0,0.0
2022-09-13,BBCA,8375.0,8575.0,8375.0,8525.0,7412.66748046875,124485200,0.0,0.0
2022-09-14,BBCA,8375.0,8650.0,8375.0,8500.0,7390.9287109375,116642400,0.0,0.0
2022-09-15,BBCA,8500.0,8875.0,8500.0,8750.0,7608.30810546875,190404800,0.0,0.0
2022-09-16,BBCA,8700.0,8725.0,8450.0,8450.0,7347.45263671875,363127600,0.0,0.0
2022-09-19,BBCA,8475.0,8750.0,8450.0,8650.0,7521.35693359375,102530600,0.0,0.0
2022-09-20,BBCA,8550.0,8650.0,8550.0,8550.0,7434.40576171875,89238400,0.0,0.0
2022-09-21,BBCA,8525.0,8600.0,8425.0,8475.0,7369.19091796875,90933700,0.0,0.0
2022-09-22,BBCA,8375.0,8525.0,8375.0,8475.0,7369.19091796875,61908500,0.0,0.0
2022-09-23,BBCA,8375.0,8475.0,8375.0,8375.0,7282.23828125,60567600,0.0,0.0
2022-09-26,BBCA,8200.0,8500.0,8200.0,8425.0,7325.71484375,106228200,0.0,0.0
2022-09-27,BBCA,8375.0,8450.0,8300.0,8300.0,7217.02490234375,89567100,0.0,0.0
2022-09-28,BBCA,8250.0,8425.0,8250.0,8325.0,7238.7626953125,89153400,0.0,0.0
2022-09-29,BBCA,8325.0,8450.0,8325.0,8375.0,7282.23828125,62643700,0.0,0.0
2022-09-30,BBCA,8375.0,8575.0,8275.0,8550.0,7434.40576171875,176524800,0.0,0.0
2022-10-03,BBCA,8450.0,8525.0,8450.0,8500.0,7390.9287109375,115079600,0.0,0.0
2022-10-04,BBCA,8525.0,8625.0,8525.0,8550.0,7434.40576171875,80524500,0.0,0.0
2022-10-05,BBCA,8525.0,8550.0,8425.0,8450.0,7347.45263671875,63788000,0.0,0.0
2022-10-06,BBCA,8475.0,8500.0,8425.0,8425.0,7325.71484375,43967400,0.0,0.0
2022-10-07,BBCA,8325.0,8375.0,8200.0,8200.0,7130.072265625,112043400,0.0,0.0
2022-10-10,BBCA,8150.0,8375.0,8125.0,8300.0,7217.02490234375,80238200,0.0,0.0
2022-10-11,BBCA,8200.0,8300.0,8150.0,8250.0,7173.548828125,64060000,0.0,0.0
2022-10-12,BBCA,8200.0,8325.0,8175.0,8325.0,7238.7626953125,47569700,0.0,0.0
2022-10-13,BBCA,8275.0,8375.0,8275.0,8275.0,7195.287109375,62282800,0.0,0.0
2022-10-14,BBCA,8300.0,8350.0,8250.0,8250.0,7173.548828125,70642900,0.0,0.0
2022-10-17,BBCA,8250.0,8300.0,8175.0,8250.0,7173.548828125,56387500,0.0,0.0
2022-10-18,BBCA,8275.0,8475.0,8250.0,8300.0,7217.02490234375,85665300,0.0,0.0
2022-10-19,BBCA,8250.0,8350.0,8225.0,8275.0,7195.287109375,66753500,0.0,0.0
2022-10-20,BBCA,8250.0,8500.0,8250.0,8500.0,7390.9287109375,91812300,0.0,0.0
2022-10-21,BBCA,8450.0,8725.0,8450.0,8650.0,7521.35693359375,122777800,0.0,0.0
2022-10-24,BBCA,8750.0,8900.0,8725.0,8900.0,7738.73779296875,89416500,0.0,0.0
2022-10-25,BBCA,8825.0,8875.0,8700.0,8700.0,7564.83349609375,84696300,0.0,0.0
2022-10-26,BBCA,8625.0,8650.0,8550.0,8550.0,7434.40576171875,98962100,0.0,0.0
2022-10-27,BBCA,8550.0,8700.0,8550.0,8700.0,7564.83349609375,77003400,0.0,0.0
2022-10-28,BBCA,8650.0,8750.0,8650.0,8750.0,7608.30810546875,84980600,0.0,0.0
2022-10-31,BBCA,8850.0,8850.0,8775.0,8800.0,7651.78515625,138922800,0.0,0.0
2022-11-01,BBCA,9000.0,9000.0,8725.0,8800.0,7651.78515625,118118400,0.0,0.0
2022-11-02,BBCA,8800.0,8825.0,8725.0,8750.0,7608.30810546875,68323600,0.0,0.0
2022-11-03,BBCA,8700.0,8825.0,8700.0,8800.0,7651.78515625,81856300,0.0,0.0
2022-11-04,BBCA,8775.0,8800.0,8675.0,8775.0,7630.04638671875,84458300,0.0,0.0
2022-11-07,BBCA,8725.0,8850.0,8675.0,8850.0,7695.26123046875,94794000,0.0,0.0
2022-11-08,BBCA,8850.0,8875.0,8725.0,8750.0,7608.30810546875,42525500,0.0,0.0
2022-11-09,BBCA,8675.0,8875.0,8675.0,8875.0,7716.99951171875,96599500,0.0,0.0
2022-11-10,BBCA,8725.0,8800.0,8725.0,8800.0,7651.78515625,89463000,0.0,0.0
2022-11-11,BBCA,8900.0,8925.0,8825.0,8850.0,7695.26123046875,59597900,0.0,0.0
2022-11-14,BBCA,8875.0,8900.0,8750.0,8750.0,7608.30810546875,49208200,0.0,0.0
2022-11-15,BBCA,8775.0,8850.0,8750.0,8800.0,7651.78515625,59092900,0.0,0.0
2022-11-16,BBCA,8625.0,8675.0,8550.0,8600.0,7477.8798828125,143424800,0.0,0.0
2022-11-17,BBCA,8625.0,8825.0,8600.0,8725.0,7586.57080078125,72679800,0.0,0.0
2022-11-18,BBCA,8725.0,8900.0,8725.0,8825.0,7673.5234375,83556900,0.0,0.0
2022-11-21,BBCA,8875.0,8900.0,8725.0,8725.0,7586.57080078125,35901000,0.0,0.0
2022-11-22,BBCA,8900.0,8950.0,8850.0,8900.0,7738.73779296875,84684200,0.0,0.0
2022-11-23,BBCA,8900.0,8975.0,8875.0,8875.0,7716.99951171875,84642100,0.0,0.0
2022-11-24,BBCA,8975.0,9000.0,8950.0,9000.0,7825.6884765625,53520800,0.0,0.0
2022-11-25,BBCA,9000.0,9000.0,8900.0,8975.0,7803.95068359375,75048300,0.0,0.0
2022-11-28,BBCA,9050.0,9100.0,8975.0,9025.0,7847.42919921875,96209700,0.0,0.0
2022-11-29,BBCA,8975.0,9075.0,8925.0,8975.0,7803.95068359375,91562100,0.0,0.0
2022-11-30,BBCA,8875.0,9400.0,8850.0,9300.0,8086.544921875,644359600,0.0,0.0
2022-12-01,BBCA,9275.0,9350.0,9000.0,9000.0,7825.6884765625,155775400,0.0,0.0
2022-12-02,BBCA,8900.0,8975.0,8900.0,8900.0,7768.94970703125,130982100,35.0,0.0
2022-12-05,BBCA,8800.0,8900.0,8775.0,8775.0,7659.83544921875,114656300,0.0,0.0
2022-12-06,BBCA,8725.0,8750.0,8575.0,8675.0,7572.54296875,180553800,0.0,0.0
2022-12-07,BBCA,8500.0,8575.0,8450.0,8450.0,7376.13720703125,229308700,0.0,0.0
2022-12-08,BBCA,8375.0,8575.0,8350.0,8500.0,7419.78369140625,172590100,0.0,0.0
2022-12-09,BBCA,8500.0,8600.0,8450.0,8575.0,7485.25244140625,90851300,0.0,0.0
2022-12-12,BBCA,8525.0,8700.0,8475.0,8700.0,7594.36767578125,102851800,0.0,0.0
2022-12-13,BBCA,8625.0,8700.0,8550.0,8700.0,7594.36767578125,104580200,0.0,0.0
2022-12-14,BBCA,8600.0,8700.0,8525.0,8625.0,7528.89892578125,118164300,0.0,0.0
2022-12-15,BBCA,8575.0,8600.0,8500.0,8500.0,7419.78369140625,113255700,0.0,0.0
2022-12-16,BBCA,8425.0,8650.0,8400.0,8600.0,7507.07421875,181516700,0.0,0.0
2022-12-19,BBCA,8650.0,8700.0,8600.0,8650.0,7550.72119140625,67482900,0.0,0.0
2022-12-20,BBCA,8550.0,8650.0,8550.0,8575.0,7485.25244140625,41243700,0.0,0.0
2022-12-21,BBCA,8600.0,8700.0,8575.0,8675.0,7572.54296875,33617700,0.0,0.0
2022-12-22,BBCA,8650.0,8675.0,8575.0,8575.0,7485.25244140625,59591500,0.0,0.0
2022-12-23,BBCA,8525.0,8575.0,8500.0,8500.0,7419.78369140625,47393000,0.0,0.0
2022-12-26,BBCA,8500.0,8625.0,8500.0,8575.0,7485.25244140625,20495900,0.0,0.0
2022-12-27,BBCA,8600.0,8650.0,8575.0,8600.0,7507.07421875,27193800,0.0,0.0
2022-12-28,BBCA,8650.0,8650.0,8550.0,8650.0,7550.72119140625,40420200,0.0,0.0
2022-12-29,BBCA,8525.0,8600.0,8500.0,8575.0,7485.25244140625,47020900,0.0,0.0
2022-12-30,BBCA,8575.0,8650.0,8550.0,8550.0,7463.43017578125,44681400,0.0,0.0
2023-01-02,BBCA,8575.0,8600.0,8500.0,8550.0,7463.43017578125,10653900,0.0,0.0
2023-01-03,BBCA,8550.0,8600.0,8525.0,8550.0,7463.43017578125,27399100,0.0,0.0
2023-01-04,BBCA,8525.0,8575.0,8350.0,8350.0,7288.8466796875,90918800,0.0,0.0
2023-01-05,BBCA,8350.0,8375.0,8150.0,8250.0,7201.5546875,128838500,0.0,0.0
2023-01-06,BBCA,8100.0,8325.0,8100.0,8300.0,7245.2001953125,69286600,0.0,0.0
2023-01-09,BBCA,8325.0,8450.0,8325.0,8450.0,7376.13720703125,86916900,0.0,0.0
2023-01-10,BBCA,8400.0,8425.0,8150.0,8175.0,7136.08642578125,101759100,0.0,0.0
2023-01-11,BBCA,8050.0,8150.0,8000.0,8125.0,7092.4404296875,96069100,0.0,0.0
2023-01-12,BBCA,8150.0,8275.0,8125.0,8175.0,7136.08642578125,103804600,0.0,0.0
2023-01-13,BBCA,8150.0,8175.0,8025.0,8050.0,7026.97216796875,119748200,0.0,0.0
2023-01-16,BBCA,8050.0,8200.0,8050.0,8150.0,7114.26318359375,105710700,0.0,0.0
2023-01-17,BBCA,8175.0,8375.0,8150.0,8325.0,7267.0234375,88695900,0.0,0.0
2023-01-18,BBCA,8200.0,8325.0,8175.0,8300.0,7245.2001953125,96814600,0.0,0.0
2023-01-19,BBCA,8350.0,8350.0,8250.0,8325.0,7267.0234375,66391800,0.0,0.0
2023-01-20,BBCA,8275.0,8325.0,8250.0,8300.0,7245.2001953125,96859500,0.0,0.0
2023-01-24,BBCA,8300.0,8350.0,8225.0,8225.0,7179.7314453125,42474500,0.0,0.0
2023-01-25,BBCA,8300.0,8300.0,8200.0,8200.0,7157.9091796875,66124500,0.0,0.0
2023-01-26,BBCA,8225.0,8475.0,8225.0,8475.0,7397.9609375,77582300,0.0,0.0
2023-01-27,BBCA,8700.0,8850.0,8550.0,8700.0,7594.36767578125,196804700,0.0,0.0
2023-01-30,BBCA,8725.0,8775.0,8575.0,8700.0,7594.36767578125,68544300,0.0,0.0
2023-01-31,BBCA,8625.0,8675.0,8475.0,8475.0,7397.9609375,200589000,0.0,0.0
2023-02-01,BBCA,8575.0,8575.0,8450.0,8500.0,7419.78369140625,77396200,0.0,0.0
2023-02-02,BBCA,8425.0,8525.0,8400.0,8450.0,7376.13720703125,99109500,0.0,0.0
2023-02-03,BBCA,8550.0,8700.0,8500.0,8700.0,7594.36767578125,71716700,0.0,0.0
2023-02-06,BBCA,8750.0,8750.0,8650.0,8725.0,7616.18994140625,117757700,0.0,0.0
2023-02-07,BBCA,8775.0,8850.0,8750.0,8850.0,7725.3037109375,116014700,0.0,0.0
2023-02-08,BBCA,8825.0,8850.0,8800.0,8825.0,7703.48046875,54495500,0.0,0.0
2023-02-09,BBCA,8825.0,8900.0,8800.0,8900.0,7768.94970703125,72381700,0.0,0.0
2023-02-10,BBCA,8875.0,8900.0,8700.0,8825.0,7703.48046875,62060900,0.0,0.0
2023-02-13,BBCA,8875.0,8900.0,8775.0,8875.0,7747.126953125,63775000,0.0,0.0
2023-02-14,BBCA,8850.0,8950.0,8825.0,8950.0,7812.5966796875,81678200,0.0,0.0
2023-02-15,BBCA,8875.0,8900.0,8750.0,8875.0,7747.126953125,38037000,0.0,0.0
2023-02-16,BBCA,8825.0,8850.0,8700.0,8700.0,7594.36767578125,66040400,0.0,0.0
2023-02-17,BBCA,8775.0,8850.0,8725.0,8725.0,7616.18994140625,43588900,0.0,0.0
2023-02-20,BBCA,8725.0,8825.0,8700.0,8750.0,7638.01171875,40077000,0.0,0.0
2023-02-21,BBCA,8775.0,8800.0,8700.0,8700.0,7594.36767578125,25390500,0.0,0.0
2023-02-22,BBCA,8700.0,8750.0,8625.0,8675.0,7572.54296875,38671900,0.0,0.0
2023-02-23,BBCA,8625.0,8750.0,8625.0,8725.0,7616.18994140625,53412300,0.0,0.0
2023-02-24,BBCA,8775.0,8850.0,8675.0,8675.0,7572.54296875,44123400,0.0,0.0
2023-02-27,BBCA,8675.0,8775.0,8650.0,8775.0,7659.83544921875,59983900,0.0,0.0
2023-02-28,BBCA,8775.0,8775.0,8675.0,8750.0,7638.01171875,106349400,0.0,0.0
2023-03-01,BBCA,8725.0,8750.0,8600.0,8600.0,7507.07421875,67034700,0.0,0.0
2023-03-02,BBCA,8600.0,8700.0,8600.0,8625.0,7528.89892578125,56672000,0.0,0.0
2023-03-03,BBCA,8650.0,8675.0,8475.0,8475.0,7397.9609375,95376900,0.0,0.0
2023-03-06,BBCA,8550.0,8550.0,8400.0,8400.0,7332.4921875,92652000,0.0,0.0
2023-03-07,BBCA,8350.0,8475.0,8350.0,8425.0,7354.31494140625,106115600,0.0,0.0
2023-03-08,BBCA,8400.0,8575.0,8400.0,8575.0,7485.25244140625,79350900,0.0,0.0
2023-03-09,BBCA,8650.0,8650.0,8550.0,8575.0,7485.25244140625,54201400,0.0,0.0
2023-03-10,BBCA,8500.0,8550.0,8450.0,8450.0,7376.13720703125,59580100,0.0,0.0
2023-03-13,BBCA,8450.0,8625.0,8450.0,8550.0,7463.43017578125,82077700,0.0,0.0
2023-03-14,BBCA,8425.0,8475.0,8325.0,8325.0,7267.0234375,90495300,0.0,0.0
2023-03-15,BBCA,8450.0,8475.0,8325.0,8325.0,7267.0234375,86747400,0.0,0.0
2023-03-16,BBCA,8300.0,8350.0,8250.0,8300.0,7245.2001953125,105894000,0.0,0.0
2023-03-17,BBCA,8375.0,8450.0,8325.0,8375.0,7310.66845703125,198558600,0.0,0.0
2023-03-20,BBCA,8400.0,8475.0,8375.0,8400.0,7332.4921875,37277900,0.0,0.0
2023-03-21,BBCA,8400.0,8500.0,8375.0,8500.0,7419.78369140625,91617400,0.0,0.0
2023-03-24,BBCA,8700.0,8825.0,8625.0,8825.0,7703.48046875,145603600,0.0,0.0
2023-03-27,BBCA,8825.0,8825.0,8700.0,8700.0,7594.36767578125,110692800,0.0,0.0
2023-03-28,BBCA,8800.0,8800.0,8675.0,8675.0,7572.54296875,98296600,0.0,0.0
2023-03-29,BBCA,8675.0,8800.0,8625.0,8800.0,7835.20068359375,101068200,170.0,0.0
2023-03-30,BBCA,8900.0,8900.0,8800.0,8825.0,7857.45947265625,118912100,0.0,0.0
2023-03-31,BBCA,8825.0,8850.0,8725.0,8750.0,7790.68212890625,97146900,0.0,0.0
2023-04-03,BBCA,8825.0,8825.0,8750.0,8800.0,7835.20068359375,60288900,0.0,0.0
2023-04-04,BBCA,8825.0,8825.0,8650.0,8775.0,7812.94189453125,60975800,0.0,0.0
2023-04-05,BBCA,8775.0,8800.0,8725.0,8725.0,7768.423828125,36922100,0.0,0.0
2023-04-06,BBCA,8700.0,8775.0,8700.0,8750.0,7790.68212890625,45489400,0.0,0.0
2023-04-10,BBCA,8725.0,8800.0,8700.0,8800.0,7835.20068359375,32996000,0.0,0.0
2023-04-11,BBCA,8825.0,8825.0,8750.0,8825.0,7857.45947265625,44554300,0.0,0.0
2023-04-12,BBCA,8900.0,8900.0,8825.0,8900.0,7924.2373046875,91903600,0.0,0.0
2023-04-13,BBCA,8950.0,8950.0,8875.0,8925.0,7946.49609375,51726500,0.0,0.0
2023-04-14,BBCA,9000.0,9000.0,8950.0,9000.0,8013.27294921875,110354200,0.0,0.0
2023-04-17,BBCA,9025.0,9050.0,8900.0,9025.0,8035.5341796875,83946900,0.0,0.0
2023-04-18,BBCA,9050.0,9175.0,9025.0,9125.0,8124.5693359375,91178700,0.0,0.0
2023-04-26,BBCA,9125.0,9200.0,9000.0,9200.0,8191.34619140625,186928200,0.0,0.0
2023-04-27,BBCA,9100.0,9175.0,9075.0,9150.0,8146.828125,54842400,0.0,0.0
2023-04-28,BBCA,9100.0,9125.0,9050.0,9050.0,8057.79150390625,145775300,0.0,0.0
2023-05-02,BBCA,9100.0,9100.0,8900.0,9050.0,8057.79150390625,83645900,0.0,0.0
2023-05-03,BBCA,9050.0,9050.0,8875.0,8925.0,7946.49609375,83728800,0.0,0.0
2023-05-04,BBCA,8925.0,9025.0,8875.0,9000.0,8013.27294921875,67565000,0.0,0.0
2023-05-05,BBCA,9000.0,9050.0,8950.0,9000.0,8013.27294921875,64815100,0.0,0.0
2023-05-08,BBCA,9000.0,9075.0,8950.0,9000.0,8013.27294921875,84754500,0.0,0.0
2023-05-09,BBCA,8950.0,8975.0,8900.0,8925.0,7946.49609375,40929600,0.0,0.0
2023-05-10,BBCA,8925.0,8950.0,8900.0,8925.0,7946.49609375,45322600,0.0,0.0
2023-05-11,BBCA,8900.0,8900.0,8800.0,8825.0,7857.45947265625,81993900,0.0,0.0
2023-05-12,BBCA,8750.0,8875.0,8725.0,8800.0,7835.20068359375,96525600,0.0,0.0
2023-05-15,BBCA,8875.0,8875.0,8725.0,8775.0,7812.94189453125,64830300,0.0,0.0
2023-05-16,BBCA,8800.0,8825.0,8700.0,8700.0,7746.16552734375,49497000,0.0,0.0
2023-05-17,BBCA,8775.0,8850.0,8750.0,8775.0,7812.94189453125,69996100,0.0,0.0
2023-05-19,BBCA,8900.0,9000.0,8825.0,9000.0,8013.27294921875,123592500,0.0,0.0
2023-05-22,BBCA,9000.0,9075.0,8925.0,9000.0,8013.27294921875,91000000,0.0,0.0
2023-05-23,BBCA,9050.0,9150.0,9025.0,9125.0,8124.5693359375,102980500,0.0,0.0
2023-05-24,BBCA,9200.0,9200.0,9025.0,9025.0,8035.5341796875,77392900,0.0,0.0
2023-05-25,BBCA,9100.0,9150.0,9050.0,9050.0,8057.79150390625,76325700,0.0,0.0
2023-05-26,BBCA,9175.0,9200.0,9100.0,9150.0,8146.828125,55675900,0.0,0.0
2023-05-29,BBCA,9250.0,9250.0,9075.0,9150.0,8146.828125,79148200,0.0,0.0
2023-05-30,BBCA,9200.0,9325.0,9150.0,9250.0,8235.8642578125,97189500,0.0,0.0
2023-05-31,BBCA,9300.0,9325.0,9050.0,9050.0,8057.79150390625,722827900,0.0,0.0
2023-06-05,BBCA,9150.0,9325.0,9100.0,9200.0,8191.34619140625,163535600,0.0,0.0
2023-06-06,BBCA,9050.0,9200.0,9050.0,9150.0,8146.828125,74872200,0.0,0.0
2023-06-07,BBCA,9125.0,9175.0,9075.0,9100.0,8102.310546875,87492200,0.0,0.0
2023-06-08,BBCA,9075.0,9125.0,9075.0,9125.0,8124.5693359375,53188400,0.0,0.0
2023-06-09,BBCA,9175.0,9175.0,9100.0,9100.0,8102.310546875,44632400,0.0,0.0
2023-06-12,BBCA,9150.0,9150.0,9100.0,9150.0,8146.828125,38082300,0.0,0.0
2023-06-13,BBCA,9175.0,9175.0,9100.0,9150.0,8146.828125,45552600,0.0,0.0
2023-06-14,BBCA,9100.0,9125.0,9050.0,9075.0,8080.05078125,72223700,0.0,0.0
2023-06-15,BBCA,9100.0,9100.0,9050.0,9050.0,8057.79150390625,59073000,0.0,0.0
2023-06-16,BBCA,9100.0,9100.0,8975.0,9050.0,8057.79150390625,112769400,0.0,0.0
2023-06-19,BBCA,9000.0,9050.0,9000.0,9000.0,8013.27294921875,32330600,0.0,0.0
2023-06-20,BBCA,9025.0,9050.0,8950.0,9050.0,8057.79150390625,54990100,0.0,0.0
2023-06-21,BBCA,9050.0,9125.0,9000.0,9125.0,8124.5693359375,42676300,0.0,0.0
2023-06-22,BBCA,9125.0,9150.0,9050.0,9050.0,8057.79150390625,48291100,0.0,0.0
2023-06-23,BBCA,9025.0,9150.0,9025.0,9050.0,8057.79150390625,47813500,0.0,0.0
2023-06-26,BBCA,9025.0,9125.0,9025.0,9075.0,8080.05078125,36389900,0.0,0.0
2023-06-27,BBCA,9050.0,9150.0,9050.0,9150.0,8146.828125,36225100,0.0,0.0
2023-07-03,BBCA,9025.0,9075.0,9025.0,9075.0,8080.05078125,108855900,0.0,0.0
2023-07-04,BBCA,9150.0,9150.0,9050.0,9050.0,8057.79150390625,35049300,0.0,0.0
2023-07-05,BBCA,9050.0,9075.0,9025.0,9050.0,8057.79150390625,44609200,0.0,0.0
2023-07-06,BBCA,9050.0,9100.0,9025.0,9075.0,8080.05078125,52532400,0.0,0.0
2023-07-07,BBCA,9025.0,9100.0,9025.0,9025.0,8035.5341796875,37641300,0.0,0.0
2023-07-10,BBCA,9100.0,9100.0,9050.0,9050.0,8057.79150390625,28981500,0.0,0.0
2023-07-11,BBCA,9100.0,9100.0,9025.0,9025.0,8035.5341796875,43703500,0.0,0.0
2023-07-12,BBCA,9075.0,9175.0,9050.0,9175.0,8169.08740234375,61566500,0.0,0.0
2023-07-13,BBCA,9200.0,9225.0,9125.0,9125.0,8124.5693359375,65230900,0.0,0.0
2023-07-14,BBCA,9175.0,9200.0,9125.0,9200.0,8191.34619140625,55554500,0.0,0.0
2023-07-17,BBCA,9200.0,9250.0,9175.0,9175.0,8169.08740234375,62550100,0.0,0.0
2023-07-18,BBCA,9200.0,9250.0,9100.0,9150.0,8146.828125,52924600,0.0,0.0
2023-07-20,BBCA,9200.0,9225.0,9125.0,9150.0,8146.828125,83476600,0.0,0.0
2023-07-21,BBCA,9150.0,9175.0,9125.0,9150.0,8146.828125,42667800,0.0,0.0
2023-07-24,BBCA,9200.0,9200.0,9100.0,9100.0,8102.310546875,62061200,0.0,0.0
2023-07-25,BBCA,9175.0,9300.0,9150.0,9150.0,8146.828125,122802700,0.0,0.0
2023-07-26,BBCA,9175.0,9350.0,9125.0,9350.0,8324.9013671875,113868700,0.0,0.0
2023-07-27,BBCA,9400.0,9400.0,9225.0,9225.0,8213.60546875,77848400,0.0,0.0
2023-07-28,BBCA,9200.0,9225.0,9125.0,9125.0,8124.5693359375,74510200,0.0,0.0
2023-07-31,BBCA,9175.0,9200.0,9100.0,9125.0,8124.5693359375,80868000,0.0,0.0
2023-08-01,BBCA,9175.0,9175.0,9100.0,9125.0,8124.5693359375,49756400,0.0,0.0
2023-08-02,BBCA,9125.0,9200.0,9125.0,9200.0,8191.34619140625,60629900,0.0,0.0
2023-08-03,BBCA,9150.0,9300.0,9150.0,9250.0,8235.8642578125,64596100,0.0,0.0
2023-08-04,BBCA,9250.0,9275.0,9125.0,9150.0,8146.828125,52675900,0.0,0.0
2023-08-07,BBCA,9150.0,9275.0,9150.0,9275.0,8258.1240234375,55589300,0.0,0.0
2023-08-08,BBCA,9275.0,9300.0,9200.0,9200.0,8191.34619140625,43373400,0.0,0.0
2023-08-09,BBCA,9275.0,9400.0,9250.0,9400.0,8369.4189453125,77056800,0.0,0.0
2023-08-10,BBCA,9400.0,9425.0,9350.0,9400.0,8369.4189453125,76738100,0.0,0.0
2023-08-11,BBCA,9425.0,9450.0,9375.0,9400.0,8369.4189453125,68898600,0.0,0.0
2023-08-14,BBCA,9325.0,9350.0,9225.0,9350.0,8324.9013671875,75495400,0.0,0.0
2023-08-15,BBCA,9325.0,9375.0,9300.0,9300.0,8280.3828125,59303700,0.0,0.0
2023-08-16,BBCA,9275.0,9325.0,9250.0,9300.0,8280.3828125,53440000,0.0,0.0
2023-08-18,BBCA,9250.0,9350.0,9250.0,9250.0,8235.8642578125,79328900,0.0,0.0
2023-08-21,BBCA,9225.0,9250.0,9175.0,9175.0,8169.08740234375,73573000,0.0,0.0
2023-08-22,BBCA,9150.0,9325.0,9150.0,9300.0,8280.3828125,65664600,0.0,0.0
2023-08-23,BBCA,9300.0,9325.0,9275.0,9300.0,8280.3828125,63749800,0.0,0.0
2023-08-24,BBCA,9250.0,9325.0,9200.0,9200.0,8191.34619140625,53725900,0.0,0.0
2023-08-25,BBCA,9200.0,9275.0,9175.0,9275.0,8258.1240234375,50379000,0.0,0.0
2023-08-28,BBCA,9250.0,9250.0,9200.0,9200.0,8191.34619140625,44423100,0.0,0.0
2023-08-29,BBCA,9275.0,9300.0,9200.0,9250.0,8235.8642578125,45428500,0.0,0.0
2023-08-30,BBCA,9300.0,9300.0,9200.0,9200.0,8191.34619140625,56227000,0.0,0.0
2023-08-31,BBCA,9200.0,9225.0,9100.0,9175.0,8169.08740234375,136107200,0.0,0.0
2023-09-01,BBCA,9200.0,9275.0,9175.0,9225.0,8213.60546875,42152700,0.0,0.0
2023-09-04,BBCA,9225.0,9275.0,9175.0,9225.0,8213.60546875,40610600,0.0,0.0
2023-09-05,BBCA,9250.0,9250.0,9200.0,9225.0,8213.60546875,42007200,0.0,0.0
2023-09-06,BBCA,9200.0,9250.0,9150.0,9150.0,8146.828125,49318400,0.0,0.0
2023-09-07,BBCA,9125.0,9175.0,9100.0,9175.0,8169.08740234375,61405200,0.0,0.0
2023-09-08,BBCA,9100.0,9150.0,9050.0,9125.0,8124.5693359375,80732300,0.0,0.0
2023-09-11,BBCA,9075.0,9125.0,9075.0,9125.0,8124.5693359375,53155900,0.0,0.0
2023-09-12,BBCA,9100.0,9125.0,9075.0,9100.0,8102.310546875,66479000,0.0,0.0
2023-09-13,BBCA,9050.0,9075.0,9000.0,9075.0,8080.05078125,69490200,0.0,0.0
2023-09-14,BBCA,9000.0,9125.0,9000.0,9100.0,8102.310546875,112757900,0.0,0.0
2023-09-15,BBCA,9050.0,9100.0,9000.0,9000.0,8013.27294921875,121005300,0.0,0.0
2023-09-18,BBCA,9050.0,9075.0,9000.0,9000.0,8013.27294921875,34272200,0.0,0.0
2023-09-19,BBCA,9000.0,9075.0,8975.0,9075.0,8080.05078125,33325800,0.0,0.0
2023-09-20,BBCA,9125.0,9175.0,9075.0,9150.0,8146.828125,54305500,0.0,0.0
2023-09-21,BBCA,9125.0,9150.0,9075.0,9125.0,8124.5693359375,40607000,0.0,0.0
2023-09-22,BBCA,9125.0,9150.0,9075.0,9075.0,8080.05078125,42445300,0.0,0.0
2023-09-25,BBCA,9075.0,9075.0,9000.0,9000.0,8013.27294921875,56132200,0.0,0.0
2023-09-26,BBCA,9000.0,9025.0,8950.0,8950.0,7968.75634765625,73544700,0.0,0.0
2023-09-27,BBCA,8900.0,9000.0,8875.0,8875.0,7901.97802734375,84345000,0.0,0.0
2023-09-29,BBCA,8825.0,8900.0,8825.0,8825.0,7857.45947265625,118960000,0.0,0.0
2023-10-02,BBCA,8900.0,9100.0,8875.0,9075.0,8080.05078125,93663000,0.0,0.0
2023-10-03,BBCA,9075.0,9200.0,9025.0,9200.0,8191.34619140625,98380200,0.0,0.0
2023-10-04,BBCA,9200.0,9250.0,9125.0,9200.0,8191.34619140625,112582800,0.0,0.0
2023-10-05,BBCA,9200.0,9200.0,9075.0,9075.0,8080.05078125,72855700,0.0,0.0
2023-10-06,BBCA,9100.0,9100.0,9025.0,9025.0,8035.5341796875,53344400,0.0,0.0
2023-10-09,BBCA,9025.0,9125.0,9025.0,9050.0,8057.79150390625,43774500,0.0,0.0
2023-10-10,BBCA,9000.0,9000.0,8925.0,8925.0,7946.49609375,71966100,0.0,0.0
2023-10-11,BBCA,8925.0,9025.0,8925.0,8925.0,7946.49609375,84305800,0.0,0.0
2023-10-12,BBCA,9000.0,9100.0,9000.0,9050.0,8057.79150390625,71064500,0.0,0.0
2023-10-13,BBCA,9100.0,9125.0,9025.0,9075.0,8080.05078125,62941800,0.0,0.0
2023-10-16,BBCA,9125.0,9125.0,9050.0,9100.0,8102.310546875,29429200,0.0,0.0
2023-10-17,BBCA,9050.0,9075.0,8950.0,8950.0,7968.75634765625,59606000,0.0,0.0
2023-10-18,BBCA,8925.0,8950.0,8850.0,8850.0,7879.71875,50919200,0.0,0.0
2023-10-19,BBCA,8825.0,8850.0,8750.0,8750.0,7790.68212890625,89509700,0.0,0.0
2023-10-20,BBCA,8725.0,9025.0,8725.0,8975.0,7991.0146484375,64554500,0.0,0.0
2023-10-23,BBCA,8875.0,8925.0,8850.0,8850.0,7879.71875,50633500,0.0,0.0
2023-10-24,BBCA,8775.0,8875.0,8775.0,8775.0,7812.94189453125,76963200,0.0,0.0
2023-10-25,BBCA,8825.0,8925.0,8825.0,8875.0,7901.97802734375,54748400,0.0,0.0
2023-10-26,BBCA,8925.0,8950.0,8725.0,8725.0,7768.423828125,63199400,0.0,0.0
2023-10-27,BBCA,8725.0,8800.0,8700.0,8700.0,7746.16552734375,52450700,0.0,0.0
2023-10-30,BBCA,8700.0,8850.0,8700.0,8850.0,7879.71875,51958200,0.0,0.0
2023-10-31,BBCA,8800.0,8825.0,8725.0,8750.0,7790.68212890625,64907600,0.0,0.0
2023-11-01,BBCA,8750.0,8775.0,8600.0,8600.0,7657.12744140625,67027600,0.0,0.0
2023-11-02,BBCA,8725.0,8900.0,8725.0,8850.0,7879.71875,56050900,0.0,0.0
2023-11-03,BBCA,8925.0,8950.0,8850.0,8900.0,7924.2373046875,60414100,0.0,0.0
2023-11-06,BBCA,8975.0,9050.0,8950.0,9050.0,8057.79150390625,84994200,0.0,0.0
2023-11-07,BBCA,9000.0,9025.0,8900.0,8975.0,7991.0146484375,60648200,0.0,0.0
2023-11-08,BBCA,8950.0,9000.0,8900.0,9000.0,8013.27294921875,31829300,0.0,0.0
2023-11-09,BBCA,8900.0,9050.0,8900.0,9000.0,8013.27294921875,46076800,0.0,0.0
2023-11-10,BBCA,8950.0,9000.0,8825.0,8825.0,7857.45947265625,50754600,0.0,0.0
2023-11-13,BBCA,8875.0,8925.0,8850.0,8875.0,7901.97802734375,20827700,0.0,0.0
2023-11-14,BBCA,8900.0,8950.0,8875.0,8925.0,7946.49609375,37195700,0.0,0.0
2023-11-15,BBCA,8975.0,9050.0,8950.0,9050.0,8057.79150390625,84977900,0.0,0.0
2023-11-16,BBCA,9050.0,9075.0,8950.0,9075.0,8080.05078125,48714300,0.0,0.0
2023-11-17,BBCA,9025.0,9075.0,8975.0,9075.0,8080.05078125,57050500,0.0,0.0
2023-11-20,BBCA,8975.0,9025.0,8875.0,8875.0,7901.97802734375,49216000,0.0,0.0
2023-11-21,BBCA,8825.0,8900.0,8775.0,8775.0,7812.94189453125,107614800,0.0,0.0
2023-11-22,BBCA,8775.0,8875.0,8775.0,8875.0,7901.97802734375,40364800,0.0,0.0
2023-11-23,BBCA,8850.0,8975.0,8850.0,8925.0,7946.49609375,55542100,0.0,0.0
2023-11-24,BBCA,8925.0,8975.0,8900.0,8925.0,7946.49609375,43631900,0.0,0.0
2023-11-27,BBCA,8900.0,8950.0,8875.0,8875.0,7901.97802734375,35679000,0.0,0.0
2023-11-28,BBCA,8875.0,8950.0,8850.0,8875.0,7901.97802734375,69070600,0.0,0.0
2023-11-29,BBCA,8900.0,8950.0,8900.0,8900.0,7924.2373046875,54715600,0.0,0.0
2023-11-30,BBCA,8925.0,8975.0,8900.0,8975.0,7991.0146484375,205312100,0.0,0.0
2023-12-01,BBCA,8925.0,8975.0,8900.0,8950.0,7968.75634765625,80566400,0.0,0.0
2023-12-04,BBCA,8950.0,9025.0,8925.0,8925.0,7984.41064453125,54747400,42.5,0.0
2023-12-05,BBCA,8950.0,8950.0,8825.0,8900.0,7962.0458984375,94363900,0.0,0.0
2023-12-06,BBCA,8850.0,8950.0,8800.0,8800.0,7872.58447265625,81852800,0.0,0.0
2023-12-07,BBCA,8750.0,8825.0,8725.0,8825.0,7894.94921875,91322500,0.0,0.0
2023-12-08,BBCA,8800.0,8850.0,8750.0,8750.0,7827.853515625,43891600,0.0,0.0
2023-12-11,BBCA,8675.0,8775.0,8675.0,8750.0,7827.853515625,78642800,0.0,0.0
2023-12-12,BBCA,8700.0,8750.0,8700.0,8700.0,7783.1240234375,87589300,0.0,0.0
2023-12-13,BBCA,8700.0,8750.0,8675.0,8675.0,7760.75732421875,51560500,0.0,0.0
2023-12-14,BBCA,8775.0,9050.0,8750.0,9050.0,8096.23681640625,115332800,0.0,0.0
2023-12-15,BBCA,9125.0,9225.0,9075.0,9225.0,8252.794921875,275013500,0.0,0.0
2023-12-18,BBCA,9200.0,9225.0,9150.0,9200.0,8230.4287109375,111712200,0.0,0.0
2023-12-19,BBCA,9125.0,9250.0,9125.0,9250.0,8275.1591796875,65174500,0.0,0.0
2023-12-20,BBCA,9250.0,9300.0,9225.0,9300.0,8319.890625,72938100,0.0,0.0
2023-12-21,BBCA,9300.0,9325.0,9250.0,9325.0,8342.255859375,88116700,0.0,0.0
2023-12-22,BBCA,9275.0,9350.0,9275.0,9325.0,8342.255859375,64449600,0.0,0.0
2023-12-27,BBCA,9375.0,9400.0,9325.0,9375.0,8386.986328125,64464700,0.0,0.0
2023-12-28,BBCA,9325.0,9425.0,9325.0,9400.0,8409.3515625,70184600,0.0,0.0
2023-12-29,BBCA,9425.0,9450.0,9350.0,9400.0,8409.3515625,79903400,0.0,0.0
2024-01-02,BBCA,9400.0,9425.0,9350.0,9425.0,8431.7177734375,30545200,0.0,0.0
2024-01-03,BBCA,9425.0,9425.0,9325.0,9350.0,8364.62109375,34603300,0.0,0.0
2024-01-04,BBCA,9400.0,9475.0,9375.0,9475.0,8476.4482421875,56501800,0.0,0.0
2024-01-05,BBCA,9500.0,9600.0,9475.0,9575.0,8565.9091796875,85290100,0.0,0.0
2024-01-08,BBCA,9600.0,9625.0,9475.0,9575.0,8565.9091796875,50896000,0.0,0.0
2024-01-09,BBCA,9600.0,9625.0,9575.0,9625.0,8610.638671875,59848600,0.0,0.0
2024-01-10,BBCA,9650.0,9650.0,9550.0,9550.0,8543.5439453125,52774900,0.0,0.0
2024-01-11,BBCA,9625.0,9650.0,9575.0,9575.0,8565.9091796875,39381500,0.0,0.0
2024-01-12,BBCA,9650.0,9700.0,9600.0,9700.0,8677.7353515625,68253400,0.0,0.0
2024-01-15,BBCA,9750.0,9750.0,9650.0,9725.0,8700.1005859375,88399500,0.0,0.0
2024-01-16,BBCA,9700.0,9750.0,9675.0,9700.0,8677.7353515625,44869200,0.0,0.0
2024-01-17,BBCA,9750.0,9750.0,9650.0,9750.0,8722.46484375,107706100,0.0,0.0
2024-01-18,BBCA,9675.0,9750.0,9625.0,9675.0,8655.369140625,71048900,0.0,0.0
2024-01-19,BBCA,9775.0,9775.0,9600.0,9625.0,8610.638671875,63176500,0.0,0.0
2024-01-22,BBCA,9600.0,9650.0,9525.0,9625.0,8610.638671875,52868300,0.0,0.0
2024-01-23,BBCA,9450.0,9600.0,9450.0,9600.0,8588.2744140625,92348600,0.0,0.0
2024-01-24,BBCA,9600.0,9600.0,9475.0,9525.0,8521.1787109375,84906000,0.0,0.0
2024-01-25,BBCA,9450.0,9575.0,9450.0,9500.0,8498.8125,63212700,0.0,0.0
2024-01-26,BBCA,9400.0,9450.0,9300.0,9350.0,8364.62109375,78977300,0.0,0.0
2024-01-29,BBCA,9400.0,9550.0,9375.0,9550.0,8543.5439453125,73452800,0.0,0.0
2024-01-30,BBCA,9500.0,9650.0,9475.0,9650.0,8633.0048828125,73136400,0.0,0.0
2024-01-31,BBCA,9700.0,9700.0,9550.0,9550.0,8543.5439453125,102581200,0.0,0.0
2024-02-01,BBCA,9650.0,9725.0,9575.0,9700.0,8677.7353515625,104208700,0.0,0.0
2024-02-02,BBCA,9775.0,9800.0,9625.0,9700.0,8677.7353515625,99324000,0.0,0.0
2024-02-05,BBCA,9675.0,9675.0,9525.0,9575.0,8565.9091796875,57983300,0.0,0.0
2024-02-06,BBCA,9750.0,9750.0,9625.0,9625.0,8610.638671875,87651000,0.0,0.0
2024-02-07,BBCA,9700.0,9725.0,9650.0,9700.0,8677.7353515625,92953500,0.0,0.0
2024-02-12,BBCA,9750.0,9800.0,9700.0,9800.0,8767.197265625,87949400,0.0,0.0
2024-02-13,BBCA,9750.0,9800.0,9700.0,9725.0,8700.1005859375,66072400,0.0,0.0
2024-02-15,BBCA,9950.0,9975.0,9850.0,9850.0,8811.927734375,164748900,0.0,0.0
2024-02-16,BBCA,9975.0,10000.0,9875.0,9950.0,8901.388671875,142277200,0.0,0.0
2024-02-19,BBCA,9900.0,9975.0,9825.0,9875.0,8834.2919921875,53341300,0.0,0.0
2024-02-20,BBCA,9850.0,10025.0,9850.0,10025.0,8968.484375,63997700,0.0,0.0
2024-02-21,BBCA,9950.0,10000.0,9850.0,9975.0,8923.75390625,75371600,0.0,0.0
2024-02-22,BBCA,9975.0,9975.0,9875.0,9875.0,8834.2919921875,66913000,0.0,0.0
2024-02-23,BBCA,9900.0,9925.0,9800.0,9825.0,8789.560546875,55192300,0.0,0.0
2024-02-26,BBCA,9750.0,9875.0,9725.0,9800.0,8767.197265625,41356000,0.0,0.0
2024-02-27,BBCA,9750.0,9900.0,9750.0,9875.0,8834.2919921875,43735800,0.0,0.0
2024-02-28,BBCA,9975.0,10000.0,9900.0,10000.0,8946.119140625,54043100,0.0,0.0
2024-02-29,BBCA,10000.0,10000.0,9850.0,9875.0,8834.2919921875,126671200,0.0,0.0
2024-03-01,BBCA,9900.0,9925.0,9800.0,9825.0,8789.560546875,51520600,0.0,0.0
2024-03-04,BBCA,9800.0,9825.0,9750.0,9750.0,8722.46484375,43822900,0.0,0.0
2024-03-05,BBCA,9900.0,9900.0,9775.0,9800.0,8767.197265625,61952900,0.0,0.0
2024-03-06,BBCA,9900.0,10000.0,9775.0,9950.0,8901.388671875,70242200,0.0,0.0
2024-03-07,BBCA,10050.0,10175.0,10000.0,10125.0,9057.9462890625,118369300,0.0,0.0
2024-03-08,BBCA,10250.0,10300.0,10125.0,10150.0,9080.310546875,100947200,0.0,0.0
2024-03-13,BBCA,10400.0,10400.0,10000.0,10000.0,8946.119140625,141622600,0.0,0.0
2024-03-14,BBCA,10050.0,10325.0,10025.0,10325.0,9236.8671875,110681100,0.0,0.0
2024-03-15,BBCA,10200.0,10300.0,10050.0,10150.0,9080.310546875,154176800,0.0,0.0
2024-03-18,BBCA,10175.0,10275.0,10150.0,10150.0,9080.310546875,62444100,0.0,0.0
2024-03-19,BBCA,10150.0,10250.0,10150.0,10175.0,9102.6767578125,55004800,0.0,0.0
2024-03-20,BBCA,10100.0,10150.0,10075.0,10125.0,9057.9462890625,66269700,0.0,0.0
2024-03-21,BBCA,10175.0,10225.0,10050.0,10125.0,9057.9462890625,90279400,0.0,0.0
2024-03-22,BBCA,10000.0,10125.0,9950.0,10100.0,9035.5810546875,91968200,0.0,0.0
2024-03-25,BBCA,10075.0,10075.0,9925.0,10075.0,9220.9140625,66971000,227.5,0.0
2024-03-26,BBCA,10050.0,10050.0,9950.0,10050.0,9198.033203125,65742700,0.0,0.0
2024-03-27,BBCA,10025.0,10075.0,10000.0,10075.0,9220.9140625,39514100,0.0,0.0
2024-03-28,BBCA,10025.0,10100.0,9975.0,10075.0,9220.9140625,79229700,0.0,0.0
2024-04-01,BBCA,10075.0,10100.0,9825.0,9850.0,9014.98828125,79248700,0.0,0.0
2024-04-02,BBCA,9925.0,9950.0,9800.0,9900.0,9060.7490234375,76763100,0.0,0.0
2024-04-03,BBCA,9750.0,9800.0,9525.0,9525.0,8717.5390625,177418400,0.0,0.0
2024-04-04,BBCA,9575.0,9850.0,9575.0,9850.0,9014.98828125,75993500,0.0,0.0
2024-04-05,BBCA,9950.0,9950.0,9825.0,9825.0,8992.1064453125,70428600,0.0,0.0
2024-04-16,BBCA,9350.0,9575.0,9250.0,9475.0,8671.77734375,283265900,0.0,0.0
2024-04-17,BBCA,9550.0,9675.0,9525.0,9525.0,8717.5390625,95620700,0.0,0.0
2024-04-18,BBCA,9525.0,9575.0,9450.0,9475.0,8671.77734375,127134000,0.0,0.0
2024-04-19,BBCA,9350.0,9500.0,9300.0,9475.0,8671.77734375,147784300,0.0,0.0
2024-04-22,BBCA,9400.0,9425.0,9350.0,9350.0,8557.375,128908000,0.0,0.0
2024-04-23,BBCA,9400.0,9775.0,9400.0,9725.0,8900.5849609375,178833000,0.0,0.0
2024-04-24,BBCA,9825.0,9950.0,9750.0,9950.0,9106.5107421875,132832700,0.0,0.0
2024-04-25,BBCA,10000.0,10000.0,9700.0,9775.0,8946.345703125,104874100,0.0,0.0
2024-04-26,BBCA,9700.0,9825.0,9625.0,9625.0,8809.0615234375,100932900,0.0,0.0
2024-04-29,BBCA,9525.0,9850.0,9525.0,9800.0,8969.2255859375,90063500,0.0,0.0
2024-04-30,BBCA,10050.0,10050.0,9800.0,9800.0,8969.2255859375,109623000,0.0,0.0
2024-05-02,BBCA,9900.0,9900.0,9500.0,9550.0,8740.419921875,97079400,0.0,0.0
2024-05-03,BBCA,9750.0,9850.0,9675.0,9850.0,9014.98828125,81200400,0.0,0.0
2024-05-06,BBCA,9850.0,9875.0,9775.0,9800.0,8969.2255859375,53076200,0.0,0.0
2024-05-07,BBCA,9700.0,9750.0,9625.0,9700.0,8877.7041015625,66746800,0.0,0.0
2024-05-08,BBCA,9600.0,9700.0,9375.0,9375.0,8580.25390625,112808900,0.0,0.0
2024-05-13,BBCA,9200.0,9525.0,9200.0,9525.0,8717.5390625,145469900,0.0,0.0
2024-05-14,BBCA,9625.0,9675.0,9525.0,9550.0,8740.419921875,95363500,0.0,0.0
2024-05-15,BBCA,9500.0,9600.0,9425.0,9500.0,8694.658203125,54741900,0.0,0.0
2024-05-16,BBCA,9575.0,9675.0,9525.0,9600.0,8786.1806640625,61126000,0.0,0.0
2024-05-17,BBCA,9600.0,9850.0,9575.0,9750.0,8923.46484375,99848500,0.0,0.0
2024-05-20,BBCA,9700.0,9800.0,9475.0,9475.0,8671.77734375,87890100,0.0,0.0
2024-05-21,BBCA,9450.0,9575.0,9375.0,9375.0,8580.25390625,75311400,0.0,0.0
2024-05-22,BBCA,9475.0,9575.0,9325.0,9425.0,8626.015625,121712700,0.0,0.0
2024-05-27,BBCA,9300.0,9375.0,9275.0,9300.0,8511.6123046875,128578500,0.0,0.0
2024-05-28,BBCA,9300.0,9400.0,9300.0,9300.0,8511.6123046875,73945700,0.0,0.0
2024-05-29,BBCA,9275.0,9325.0,9150.0,9150.0,8374.328125,117351600,0.0,0.0
2024-05-30,BBCA,9000.0,9250.0,8775.0,9000.0,8237.04296875,207115100,0.0,0.0
2024-05-31,BBCA,9100.0,9250.0,9025.0,9250.0,8465.8515625,756431600,0.0,0.0
2024-06-03,BBCA,9350.0,9350.0,9225.0,9275.0,8488.732421875,72197700,0.0,0.0
2024-06-04,BBCA,9525.0,9525.0,9350.0,9350.0,8557.375,75353100,0.0,0.0
2024-06-05,BBCA,9500.0,9500.0,9300.0,9450.0,8648.896484375,82087300,0.0,0.0
2024-06-06,BBCA,9525.0,9525.0,9450.0,9475.0,8671.77734375,44991300,0.0,0.0
2024-06-07,BBCA,9500.0,9500.0,9325.0,9325.0,8534.4931640625,51599800,0.0,0.0
2024-06-10,BBCA,9500.0,9525.0,9450.0,9525.0,8717.5390625,45584700,0.0,0.0
2024-06-11,BBCA,9550.0,9550.0,9300.0,9300.0,8511.6123046875,68690900,0.0,0.0
2024-06-12,BBCA,9300.0,9325.0,9250.0,9250.0,8465.8515625,49785700,0.0,0.0
2024-06-13,BBCA,9475.0,9475.0,9200.0,9200.0,8420.08984375,84652200,0.0,0.0
2024-06-14,BBCA,9200.0,9250.0,9100.0,9200.0,8420.08984375,52986300,0.0,0.0
2024-06-19,BBCA,9250.0,9250.0,9050.0,9050.0,8282.806640625,100051000,0.0,0.0
2024-06-20,BBCA,9150.0,9425.0,9100.0,9425.0,8626.015625,81474800,0.0,0.0
2024-06-21,BBCA,9475.0,9675.0,9400.0,9600.0,8786.1806640625,166841200,0.0,0.0
2024-06-24,BBCA,9600.0,9750.0,9575.0,9600.0,8786.1806640625,79592300,0.0,0.0
2024-06-25,BBCA,9600.0,9600.0,9450.0,9600.0,8786.1806640625,80029000,0.0,0.0
2024-06-26,BBCA,9525.0,9650.0,9450.0,9500.0,8694.658203125,77913200,0.0,0.0
2024-06-27,BBCA,9575.0,9750.0,9550.0,9750.0,8923.46484375,89150700,0.0,0.0
2024-06-28,BBCA,9800.0,9975.0,9775.0,9925.0,9083.630859375,166172300,0.0,0.0
2024-07-01,BBCA,9850.0,9900.0,9825.0,9875.0,9037.8681640625,68634600,0.0,0.0
2024-07-02,BBCA,10000.0,10000.0,9850.0,9900.0,9060.7490234375,78848500,0.0,0.0
2024-07-03,BBCA,9975.0,10000.0,9925.0,10000.0,9152.271484375,55860200,0.0,0.0
2024-07-04,BBCA,9975.0,10000.0,9825.0,9825.0,8992.1064453125,67054000,0.0,0.0
2024-07-05,BBCA,9925.0,9975.0,9875.0,9950.0,9106.5107421875,36946900,0.0,0.0
2024-07-08,BBCA,10000.0,10050.0,9950.0,10050.0,9198.033203125,72903600,0.0,0.0
2024-07-09,BBCA,10100.0,10150.0,10075.0,10075.0,9220.9140625,61853200,0.0,0.0
2024-07-10,BBCA,10175.0,10225.0,10050.0,10100.0,9243.7939453125,62325900,0.0,0.0
2024-07-11,BBCA,10000.0,10125.0,10000.0,10075.0,9220.9140625,55908400,0.0,0.0
2024-07-12,BBCA,10050.0,10100.0,10025.0,10075.0,9220.9140625,62646500,0.0,0.0
2024-07-15,BBCA,10050.0,10075.0,9950.0,10050.0,9198.033203125,36682600,0.0,0.0
2024-07-16,BBCA,9975.0,10025.0,9950.0,9950.0,9106.5107421875,37192700,0.0,0.0
2024-07-17,BBCA,9900.0,9950.0,9800.0,9800.0,8969.2255859375,90666000,0.0,0.0
2024-07-18,BBCA,9800.0,10100.0,9800.0,10100.0,9243.7939453125,65383200,0.0,0.0
2024-07-19,BBCA,10050.0,10125.0,9975.0,10125.0,9266.67578125,53880300,0.0,0.0
2024-07-22,BBCA,10125.0,10150.0,10100.0,10100.0,9243.7939453125,31285300,0.0,0.0
2024-07-23,BBCA,10200.0,10200.0,10125.0,10175.0,9312.4375,39321100,0.0,0.0
2024-07-24,BBCA,10125.0,10175.0,10075.0,10075.0,9220.9140625,24658000,0.0,0.0
2024-07-25,BBCA,10225.0,10300.0,10200.0,10300.0,9426.83984375,98088100,0.0,0.0
2024-07-26,BBCA,10375.0,10400.0,10300.0,10325.0,9449.720703125,75565800,0.0,0.0
2024-07-29,BBCA,10400.0,10425.0,10175.0,10250.0,9381.078125,69092500,0.0,0.0
2024-07-30,BBCA,10300.0,10300.0,10175.0,10175.0,9312.4375,32122900,0.0,0.0
2024-07-31,BBCA,10350.0,10350.0,10225.0,10275.0,9403.958984375,82519900,0.0,0.0
2024-08-01,BBCA,10200.0,10375.0,10200.0,10375.0,9495.4833984375,61176200,0.0,0.0
2024-08-02,BBCA,10275.0,10350.0,10200.0,10200.0,9335.3173828125,55699900,0.0,0.0
2024-08-05,BBCA,10000.0,10150.0,9875.0,9875.0,9037.8681640625,126328300,0.0,0.0
2024-08-06,BBCA,10075.0,10075.0,9950.0,10000.0,9152.271484375,78473900,0.0,0.0
2024-08-07,BBCA,10000.0,10100.0,10000.0,10100.0,9243.7939453125,52327400,0.0,0.0
2024-08-08,BBCA,10150.0,10225.0,10075.0,10225.0,9358.1982421875,54162100,0.0,0.0
2024-08-09,BBCA,10225.0,10250.0,10100.0,10150.0,9289.556640625,47062400,0.0,0.0
2024-08-12,BBCA,10100.0,10200.0,10075.0,10200.0,9335.3173828125,40364100,0.0,0.0
2024-08-13,BBCA,10250.0,10300.0,10175.0,10300.0,9426.83984375,55207100,0.0,0.0
2024-08-14,BBCA,10300.0,10300.0,10200.0,10200.0,9335.3173828125,47999100,0.0,0.0
2024-08-15,BBCA,10200.0,10300.0,10175.0,10225.0,9358.1982421875,33396600,0.0,0.0
2024-08-16,BBCA,10300.0,10325.0,10250.0,10325.0,9449.720703125,40731400,0.0,0.0
2024-08-19,BBCA,10325.0,10425.0,10275.0,10375.0,9495.4833984375,51054400,0.0,0.0
2024-08-20,BBCA,10325.0,10450.0,10300.0,10425.0,9541.2431640625,60304400,0.0,0.0
2024-08-21,BBCA,10500.0,10500.0,10425.0,10425.0,9541.2431640625,84848800,0.0,0.0
2024-08-22,BBCA,10350.0,10400.0,10225.0,10325.0,9449.720703125,56611600,0.0,0.0
2024-08-23,BBCA,10325.0,10375.0,10300.0,10325.0,9449.720703125,46651600,0.0,0.0
2024-08-26,BBCA,10275.0,10375.0,10250.0,10325.0,9449.720703125,35145600,0.0,0.0
2024-08-27,BBCA,10275.0,10300.0,10175.0,10200.0,9335.3173828125,60448400,0.0,0.0
2024-08-28,BBCA,10300.0,10350.0,10250.0,10350.0,9472.6015625,38489900,0.0,0.0
2024-08-29,BBCA,10500.0,10500.0,10225.0,10225.0,9358.1982421875,53004700,0.0,0.0
2024-08-30,BBCA,10325.0,10325.0,10200.0,10325.0,9449.720703125,158403700,0.0,0.0
2024-09-02,BBCA,10375.0,10375.0,10200.0,10275.0,9403.958984375,72008600,0.0,0.0
2024-09-03,BBCA,10325.0,10325.0,10150.0,10175.0,9312.4375,50950200,0.0,0.0
2024-09-04,BBCA,10150.0,10300.0,10125.0,10300.0,9426.83984375,44817000,0.0,0.0
2024-09-05,BBCA,10350.0,10350.0,10250.0,10250.0,9381.078125,39332900,0.0,0.0
2024-09-06,BBCA,10225.0,10300.0,10225.0,10300.0,9426.83984375,31541800,0.0,0.0
2024-09-09,BBCA,10300.0,10350.0,10200.0,10275.0,9403.958984375,36185100,0.0,0.0
2024-09-10,BBCA,10350.0,10350.0,10275.0,10350.0,9472.6015625,55093100,0.0,0.0
2024-09-11,BBCA,10425.0,10425.0,10350.0,10425.0,9541.2431640625,64621300,0.0,0.0
2024-09-12,BBCA,10450.0,10500.0,10375.0,10475.0,9587.0048828125,70759100,0.0,0.0
2024-09-13,BBCA,10400.0,10425.0,10325.0,10425.0,9541.2431640625,70057100,0.0,0.0
2024-09-17,BBCA,10450.0,10500.0,10350.0,10500.0,9609.884765625,89745000,0.0,0.0
2024-09-18,BBCA,10500.0,10625.0,10450.0,10625.0,9724.2890625,65420200,0.0,0.0
2024-09-19,BBCA,10700.0,10900.0,10650.0,10900.0,9975.974609375,140886600,0.0,0.0
2024-09-20,BBCA,10900.0,10900.0,10775.0,10775.0,9861.57421875,142194600,0.0,0.0
2024-09-23,BBCA,10725.0,10950.0,10725.0,10950.0,10021.7373046875,72553800,0.0,0.0
2024-09-24,BBCA,10775.0,10950.0,10775.0,10800.0,9884.453125,105191100,0.0,0.0
2024-09-25,BBCA,10675.0,10850.0,10525.0,10850.0,9930.2158203125,158369100,0.0,0.0
2024-09-26,BBCA,10875.0,10875.0,10675.0,10700.0,9792.9306640625,84960100,0.0,0.0
2024-09-27,BBCA,10500.0,10750.0,10400.0,10650.0,9747.1689453125,93027400,0.0,0.0
2024-09-30,BBCA,10475.0,10550.0,10325.0,10325.0,9449.720703125,144692100,0.0,0.0
2024-10-01,BBCA,10400.0,10550.0,10375.0,10550.0,9655.6474609375,59797700,0.0,0.0
2024-10-02,BBCA,10325.0,10550.0,10325.0,10500.0,9609.884765625,86746200,0.0,0.0
2024-10-03,BBCA,10450.0,10525.0,10400.0,10450.0,9564.125,60887000,0.0,0.0
2024-10-04,BBCA,10400.0,10475.0,10350.0,10475.0,9587.0048828125,58500400,0.0,0.0
2024-10-07,BBCA,10350.0,10375.0,10250.0,10300.0,9426.83984375,91867900,0.0,0.0
2024-10-08,BBCA,10200.0,10500.0,10150.0,10400.0,9518.3623046875,99622900,0.0,0.0
2024-10-09,BBCA,10400.0,10525.0,10400.0,10425.0,9541.2431640625,56835200,0.0,0.0
2024-10-10,BBCA,10425.0,10500.0,10400.0,10500.0,9609.884765625,51080000,0.0,0.0
2024-10-11,BBCA,10575.0,10575.0,10375.0,10375.0,9495.4833984375,44632100,0.0,0.0
2024-10-14,BBCA,10375.0,10500.0,10375.0,10500.0,9609.884765625,31738600,0.0,0.0
2024-10-15,BBCA,10550.0,10625.0,10450.0,10625.0,9724.2890625,66635200,0.0,0.0
2024-10-16,BBCA,10700.0,10725.0,10475.0,10475.0,9587.0048828125,63255900,0.0,0.0
2024-10-17,BBCA,10550.0,10800.0,10500.0,10725.0,9815.810546875,66993300,0.0,0.0
2024-10-18,BBCA,10875.0,10875.0,10725.0,10750.0,9838.6923828125,56299600,0.0,0.0
2024-10-21,BBCA,10850.0,10850.0,10675.0,10675.0,9770.0517578125,36472500,0.0,0.0
2024-10-22,BBCA,10475.0,10600.0,10475.0,10500.0,9609.884765625,94799500,0.0,0.0
2024-10-23,BBCA,10475.0,10650.0,10475.0,10650.0,9747.1689453125,48903000,0.0,0.0
2024-10-24,BBCA,10725.0,10850.0,10700.0,10700.0,9792.9306640625,85341200,0.0,0.0
2024-10-25,BBCA,10650.0,10750.0,10625.0,10750.0,9838.6923828125,34847500,0.0,0.0
2024-10-28,BBCA,10825.0,10825.0,10600.0,10600.0,9701.4091796875,39061500,0.0,0.0
2024-10-29,BBCA,10525.0,10575.0,10500.0,10500.0,9609.884765625,49680100,0.0,0.0
2024-10-30,BBCA,10275.0,10400.0,10275.0,10350.0,9472.6015625,114484100,0.0,0.0
2024-10-31,BBCA,10325.0,10475.0,10250.0,10250.0,9381.078125,97553400,0.0,0.0
2024-11-01,BBCA,10275.0,10425.0,10275.0,10425.0,9541.2431640625,47710000,0.0,0.0
2024-11-04,BBCA,10425.0,10500.0,10300.0,10375.0,9495.4833984375,49275700,0.0,0.0
2024-11-05,BBCA,10300.0,10575.0,10300.0,10500.0,9609.884765625,50296500,0.0,0.0
2024-11-06,BBCA,10475.0,10500.0,10375.0,10450.0,9564.125,50324900,0.0,0.0
2024-11-07,BBCA,10325.0,10450.0,10175.0,10175.0,9312.4375,131579100,0.0,0.0
2024-11-08,BBCA,10200.0,10225.0,10050.0,10075.0,9220.9140625,92166100,0.0,0.0
2024-11-11,BBCA,9800.0,10050.0,9800.0,10050.0,9198.033203125,128707600,0.0,0.0
2024-11-12,BBCA,10100.0,10225.0,10000.0,10150.0,9289.556640625,80378500,0.0,0.0
2024-11-13,BBCA,10225.0,10250.0,10150.0,10150.0,9289.556640625,62933100,0.0,0.0
2024-11-14,BBCA,10125.0,10175.0,10050.0,10100.0,9243.7939453125,56381400,0.0,0.0
2024-11-15,BBCA,10050.0,10275.0,10050.0,10175.0,9312.4375,63598200,0.0,0.0
2024-11-18,BBCA,10075.0,10125.0,10000.0,10000.0,9152.271484375,65716200,0.0,0.0
2024-11-19,BBCA,9900.0,10025.0,9900.0,9925.0,9083.630859375,85295300,0.0,0.0
2024-11-20,BBCA,10025.0,10150.0,10000.0,10075.0,9220.9140625,58584400,0.0,0.0
2024-11-21,BBCA,10000.0,10000.0,9850.0,9850.0,9059.951171875,93181200,50.0,0.0
2024-11-22,BBCA,9925.0,9950.0,9850.0,9850.0,9059.951171875,58396100,0.0,0.0
2024-11-25,BBCA,9950.0,10200.0,9900.0,10175.0,9358.8828125,165369400,0.0,0.0
2024-11-26,BBCA,10250.0,10250.0,10000.0,10000.0,9197.9189453125,62310100,0.0,0.0
2024-11-28,BBCA,9975.0,10075.0,9925.0,10000.0,9197.9189453125,57443500,0.0,0.0
2024-11-29,BBCA,10000.0,10100.0,9950.0,10000.0,9197.9189453125,76886000,0.0,0.0
2024-12-02,BBCA,10000.0,10050.0,9750.0,9750.0,8967.970703125,87879600,0.0,0.0
2024-12-03,BBCA,10025.0,10225.0,9900.0,10200.0,9381.8779296875,126087100,0.0,0.0
2024-12-04,BBCA,10175.0,10250.0,10050.0,10200.0,9381.8779296875,97876300,0.0,0.0
2024-12-05,BBCA,10250.0,10350.0,10225.0,10250.0,9427.8662109375,96904400,0.0,0.0
2024-12-06,BBCA,10100.0,10175.0,10050.0,10075.0,9266.9033203125,68247200,0.0,0.0
2024-12-09,BBCA,10025.0,10350.0,10000.0,10350.0,9519.8466796875,64458400,0.0,0.0
2024-12-10,BBCA,10325.0,10350.0,10275.0,10350.0,9519.8466796875,61230400,0.0,0.0
2024-12-11,BBCA,10225.0,10425.0,10225.0,10425.0,9588.8310546875,37934300,0.0,0.0
2024-12-12,BBCA,10300.0,10375.0,10175.0,10175.0,9358.8828125,44780100,0.0,0.0
2024-12-13,BBCA,10125.0,10225.0,10025.0,10050.0,9243.9091796875,75126400,0.0,0.0
2024-12-16,BBCA,10000.0,10125.0,10000.0,10100.0,9289.8984375,57746100,0.0,0.0
2024-12-17,BBCA,9950.0,10050.0,9900.0,9900.0,9105.939453125,99845900,0.0,0.0
2024-12-18,BBCA,9900.0,10025.0,9800.0,9800.0,9013.9609375,84868500,0.0,0.0
2024-12-19,BBCA,9700.0,9775.0,9550.0,9675.0,8898.986328125,104254100,0.0,0.0
2024-12-20,BBCA,9650.0,9750.0,9625.0,9650.0,8875.9912109375,91576900,0.0,0.0
2024-12-23,BBCA,9700.0,9850.0,9700.0,9775.0,8990.966796875,43292100,0.0,0.0
2024-12-24,BBCA,9850.0,9900.0,9750.0,9750.0,8967.970703125,32415700,0.0,0.0
2024-12-27,BBCA,9800.0,9825.0,9725.0,9800.0,9013.9609375,24016700,0.0,0.0
2024-12-30,BBCA,9800.0,9825.0,9675.0,9675.0,8898.986328125,56350100,0.0,0.0
2025-01-02,BBCA,9650.0,9900.0,9650.0,9900.0,9105.939453125,38124800,0.0,0.0
2025-01-03,BBCA,9850.0,9925.0,9825.0,9850.0,9059.951171875,41916000,0.0,0.0
2025-01-06,BBCA,9850.0,9875.0,9650.0,9675.0,8898.986328125,41593900,0.0,0.0
2025-01-07,BBCA,9675.0,9725.0,9525.0,9525.0,8761.0185546875,71318600,0.0,0.0
2025-01-08,BBCA,9675.0,9775.0,9575.0,9675.0,8898.986328125,55943100,0.0,0.0
2025-01-09,BBCA,9750.0,9875.0,9725.0,9850.0,9059.951171875,42733800,0.0,0.0
2025-01-10,BBCA,9800.0,9925.0,9725.0,9725.0,8944.9765625,72531300,0.0,0.0
2025-01-13,BBCA,9625.0,9725.0,9625.0,9675.0,8898.986328125,88270100,0.0,0.0
2025-01-14,BBCA,9600.0,9725.0,9525.0,9525.0,8761.0185546875,70942600,0.0,0.0
2025-01-15,BBCA,9575.0,9800.0,9550.0,9800.0,9013.9609375,77098000,0.0,0.0
2025-01-16,BBCA,9850.0,9925.0,9750.0,9750.0,8967.970703125,76979000,0.0,0.0
2025-01-17,BBCA,9750.0,9900.0,9650.0,9900.0,9105.939453125,71033100,0.0,0.0
2025-01-20,BBCA,9850.0,9875.0,9625.0,9625.0,8852.998046875,112111200,0.0,0.0
2025-01-21,BBCA,9600.0,9675.0,9550.0,9575.0,8807.0068359375,124547900,0.0,0.0
2025-01-22,BBCA,9650.0,9675.0,9575.0,9600.0,8830.0029296875,90154800,0.0,0.0
2025-01-23,BBCA,9600.0,9750.0,9600.0,9600.0,8830.0029296875,120515400,0.0,0.0
2025-01-24,BBCA,9625.0,9650.0,9350.0,9350.0,8600.0546875,152057000,0.0,0.0
2025-01-30,BBCA,9150.0,9275.0,9150.0,9150.0,8416.095703125,154645800,0.0,0.0
2025-01-31,BBCA,9250.0,9500.0,9225.0,9450.0,8692.033203125,112982800,0.0,0.0
2025-02-03,BBCA,9400.0,9400.0,9225.0,9350.0,8600.0546875,90439900,0.0,0.0
2025-02-04,BBCA,9350.0,9400.0,9175.0,9175.0,8439.0908203125,94607700,0.0,0.0
2025-02-05,BBCA,9100.0,9175.0,9100.0,9125.0,8393.1015625,98229900,0.0,0.0
2025-02-06,BBCA,9075.0,9100.0,8850.0,8950.0,8232.138671875,171477800,0.0,0.0
2025-02-07,BBCA,8950.0,9350.0,8825.0,9350.0,8600.0546875,131162200,0.0,0.0
2025-02-10,BBCA,9025.0,9250.0,9025.0,9150.0,8416.095703125,76209100,0.0,0.0
2025-02-11,BBCA,9025.0,9100.0,9000.0,9075.0,8347.1103515625,71188300,0.0,0.0
2025-02-12,BBCA,8950.0,9150.0,8950.0,9150.0,8416.095703125,121172600,0.0,0.0
2025-02-13,BBCA,9100.0,9150.0,9000.0,9000.0,8278.1259765625,90439700,0.0,0.0
2025-02-14,BBCA,9000.0,9075.0,8950.0,8975.0,8255.1328125,116274500,0.0,0.0
2025-02-17,BBCA,8975.0,9325.0,8975.0,9325.0,8577.0595703125,89096400,0.0,0.0
2025-02-18,BBCA,9325.0,9575.0,9250.0,9300.0,8554.064453125,107318300,0.0,0.0
2025-02-19,BBCA,9225.0,9250.0,8950.0,8950.0,8232.138671875,154438200,0.0,0.0
2025-02-20,BBCA,8975.0,9025.0,8950.0,9000.0,8278.1259765625,119260800,0.0,0.0
2025-02-21,BBCA,8950.0,9000.0,8925.0,9000.0,8278.1259765625,106054700,0.0,0.0
2025-02-24,BBCA,8925.0,8975.0,8875.0,8925.0,8209.1416015625,108530300,0.0,0.0
2025-02-25,BBCA,8900.0,9000.0,8825.0,8825.0,8117.16357421875,101592700,0.0,0.0
2025-02-26,BBCA,8800.0,8900.0,8725.0,8775.0,8071.173828125,117843500,0.0,0.0
2025-02-27,BBCA,8800.0,8800.0,8500.0,8525.0,7841.22607421875,199991600,0.0,0.0
2025-02-28,BBCA,8525.0,8675.0,8425.0,8425.0,7749.24755859375,293095000,0.0,0.0
2025-03-03,BBCA,8600.0,8900.0,8550.0,8800.0,8094.1689453125,192944300,0.0,0.0
2025-03-04,BBCA,8900.0,8925.0,8675.0,8850.0,8140.15771484375,125418500,0.0,0.0
2025-03-05,BBCA,8825.0,9175.0,8825.0,9000.0,8278.1259765625,155207900,0.0,0.0
2025-03-06,BBCA,9200.0,9200.0,8975.0,8975.0,8255.1328125,96270100,0.0,0.0
2025-03-07,BBCA,9000.0,9000.0,8925.0,8925.0,8209.1416015625,82295300,0.0,0.0
2025-03-10,BBCA,8750.0,8975.0,8725.0,8925.0,8209.1416015625,97652100,0.0,0.0
2025-03-11,BBCA,8950.0,9050.0,8875.0,8925.0,8209.1416015625,109295600,0.0,0.0
2025-03-12,BBCA,9025.0,9125.0,8975.0,9125.0,8393.1015625,87968900,0.0,0.0
2025-03-13,BBCA,9150.0,9175.0,8975.0,8975.0,8255.1328125,83030700,0.0,0.0
2025-03-14,BBCA,8800.0,8925.0,8750.0,8750.0,8048.17919921875,111397800,0.0,0.0
2025-03-17,BBCA,8750.0,8775.0,8550.0,8600.0,7910.2099609375,151365700,0.0,0.0
2025-03-18,BBCA,8500.0,8550.0,8075.0,8300.0,7634.27294921875,417305700,0.0,0.0
2025-03-19,BBCA,8300.0,8400.0,8225.0,8325.0,7657.267578125,214108200,0.0,0.0
2025-03-20,BBCA,8450.0,8475.0,8350.0,8375.0,7703.2568359375,152917300,0.0,0.0
2025-03-21,BBCA,8275.0,8275.0,7900.0,7900.0,7489.9365234375,377916400,250.0,0.0
2025-03-24,BBCA,7825.0,8100.0,7625.0,7950.0,7537.3408203125,331836800,0.0,0.0
2025-03-25,BBCA,8075.0,8150.0,8000.0,8050.0,7632.150390625,136341700,0.0,0.0
2025-03-26,BBCA,8300.0,8650.0,8275.0,8525.0,8082.494140625,283104600,0.0,0.0
2025-03-27,BBCA,8425.0,8575.0,8375.0,8500.0,8058.7919921875,122943900,0.0,0.0
2025-04-08,BBCA,7400.0,8000.0,7275.0,7775.0,7371.4248046875,533073600,0.0,0.0
2025-04-09,BBCA,7700.0,7950.0,7675.0,7925.0,7513.638671875,136753900,0.0,0.0
2025-04-10,BBCA,8500.0,8650.0,8175.0,8225.0,7798.06689453125,144148600,0.0,0.0
2025-04-11,BBCA,8200.0,8325.0,8050.0,8275.0,7845.47119140625,82603000,0.0,0.0
2025-04-14,BBCA,8250.0,8400.0,8250.0,8400.0,7963.98291015625,83319300,0.0,0.0
2025-04-15,BBCA,8575.0,8600.0,8450.0,8575.0,8129.89892578125,83431800,0.0,0.0
2025-04-16,BBCA,8500.0,8550.0,8425.0,8475.0,8035.08984375,76874900,0.0,0.0
2025-04-17,BBCA,8450.0,8500.0,8350.0,8500.0,8058.7919921875,83540600,0.0,0.0
2025-04-21,BBCA,8500.0,8500.0,8300.0,8300.0,7869.17333984375,40683800,0.0,0.0
2025-04-22,BBCA,8325.0,8500.0,8325.0,8500.0,8058.7919921875,56537100,0.0,0.0
2025-04-23,BBCA,8550.0,8725.0,8550.0,8725.0,8272.11328125,92329600,0.0,0.0
2025-04-24,BBCA,8850.0,8850.0,8475.0,8475.0,8035.08984375,143675300,0.0,0.0
2025-04-25,BBCA,8650.0,8650.0,8575.0,8600.0,8153.60107421875,58297000,0.0,0.0
2025-04-28,BBCA,8750.0,8775.0,8650.0,8775.0,8319.517578125,73235400,0.0,0.0
2025-04-29,BBCA,8800.0,8825.0,8700.0,8725.0,8272.11328125,60315700,0.0,0.0
2025-04-30,BBCA,8800.0,8925.0,8675.0,8825.0,8366.921875,164597500,0.0,0.0
2025-05-02,BBCA,9000.0,9000.0,8850.0,8975.0,8509.13671875,92219000,0.0,0.0
2025-05-05,BBCA,9000.0,9050.0,8975.0,8975.0,8509.13671875,86385600,0.0,0.0
2025-05-06,BBCA,9050.0,9050.0,8975.0,9025.0,8556.5419921875,48860500,0.0,0.0
2025-05-07,BBCA,9075.0,9100.0,9000.0,9075.0,8603.9453125,77382000,0.0,0.0
2025-05-08,BBCA,9075.0,9200.0,8925.0,8975.0,8509.13671875,99614500,0.0,0.0
2025-05-09,BBCA,9050.0,9050.0,8975.0,9000.0,8532.837890625,47167500,0.0,0.0
2025-05-14,BBCA,9250.0,9300.0,9150.0,9275.0,8793.564453125,149002900,0.0,0.0
2025-05-15,BBCA,9275.0,9400.0,9250.0,9275.0,8793.564453125,101401300,0.0,0.0
2025-05-16,BBCA,9300.0,9325.0,9225.0,9300.0,8817.2666015625,63007500,0.0,0.0
2025-05-19,BBCA,9275.0,9500.0,9250.0,9500.0,9006.884765625,111597200,0.0,0.0
2025-05-20,BBCA,9500.0,9675.0,9475.0,9475.0,8983.18359375,160614800,0.0,0.0
2025-05-21,BBCA,9700.0,9725.0,9550.0,9700.0,9196.5048828125,169739200,0.0,0.0
2025-05-22,BBCA,9800.0,9800.0,9650.0,9650.0,9149.0986328125,103113000,0.0,0.0
2025-05-23,BBCA,9675.0,9700.0,9625.0,9675.0,9172.80078125,48521800,0.0,0.0
2025-05-26,BBCA,9600.0,9650.0,9500.0,9625.0,9125.3974609375,56625300,0.0,0.0
2025-05-27,BBCA,9550.0,9600.0,9450.0,9450.0,8959.48046875,93212000,0.0,0.0
2025-05-28,BBCA,9450.0,9550.0,9400.0,9400.0,8912.076171875,236950800,0.0,0.0
2025-06-02,BBCA,9025.0,9175.0,9025.0,9100.0,8627.6484375,264428700,0.0,0.0
2025-06-03,BBCA,9050.0,9125.0,8950.0,9050.0,8580.2431640625,128318100,0.0,0.0
2025-06-04,BBCA,9100.0,9125.0,8950.0,8975.0,8509.13671875,93357200,0.0,0.0
2025-06-05,BBCA,9000.0,9050.0,8900.0,8925.0,8461.73046875,95529000,0.0,0.0
2025-06-10,BBCA,8975.0,9100.0,8950.0,9100.0,8627.6484375,80406400,0.0,0.0
2025-06-11,BBCA,9100.0,9125.0,9050.0,9050.0,8580.2431640625,56632600,0.0,0.0
2025-06-12,BBCA,9000.0,9125.0,9000.0,9125.0,8651.3505859375,41337300,0.0,0.0
2025-06-13,BBCA,9100.0,9125.0,8975.0,9025.0,8556.5419921875,83318000,0.0,0.0
2025-06-16,BBCA,8925.0,9000.0,8900.0,8925.0,8461.73046875,57825000,0.0,0.0
2025-06-17,BBCA,8975.0,9100.0,8975.0,9075.0,8603.9453125,54927900,0.0,0.0
2025-06-18,BBCA,8950.0,9025.0,8900.0,8900.0,8438.029296875,86270200,0.0,0.0
2025-06-19,BBCA,8900.0,8925.0,8750.0,8775.0,8319.517578125,78879500,0.0,0.0
2025-06-20,BBCA,8700.0,8875.0,8625.0,8700.0,8248.4111328125,445915100,0.0,0.0
2025-06-23,BBCA,8575.0,8700.0,8500.0,8625.0,8177.3046875,87324500,0.0,0.0
2025-06-24,BBCA,8725.0,8850.0,8700.0,8775.0,8319.517578125,110158900,0.0,0.0
2025-06-25,BBCA,8725.0,8775.0,8475.0,8600.0,8153.60107421875,117561000,0.0,0.0
2025-06-26,BBCA,8525.0,8650.0,8525.0,8650.0,8201.005859375,117281700,0.0,0.0
2025-06-30,BBCA,8575.0,8825.0,8550.0,8675.0,8224.7080078125,185441800,0.0,0.0
2025-07-01,BBCA,8750.0,8775.0,8600.0,8700.0,8248.4111328125,82364500,0.0,0.0
2025-07-02,BBCA,8575.0,8675.0,8575.0,8675.0,8224.7080078125,68545100,0.0,0.0
2025-07-03,BBCA,8700.0,8750.0,8600.0,8600.0,8153.60107421875,50370800,0.0,0.0
2025-07-04,BBCA,8650.0,8700.0,8550.0,8650.0,8201.005859375,43593300,0.0,0.0
2025-07-07,BBCA,8625.0,8650.0,8550.0,8625.0,8177.3046875,49936900,0.0,0.0
2025-07-08,BBCA,8550.0,8600.0,8425.0,8500.0,8058.7919921875,215611000,0.0,0.0
2025-07-09,BBCA,8500.0,8550.0,8450.0,8500.0,8058.7919921875,94459300,0.0,0.0
2025-07-10,BBCA,8525.0,8650.0,8500.0,8600.0,8153.60107421875,111769400,0.0,0.0
2025-07-11,BBCA,8575.0,8675.0,8575.0,8625.0,8177.3046875,135986500,0.0,0.0
2025-07-14,BBCA,8650.0,8675.0,8450.0,8525.0,8082.494140625,125196000,0.0,0.0
2025-07-15,BBCA,8600.0,8600.0,8475.0,8550.0,8106.19677734375,77219300,0.0,0.0
2025-07-16,BBCA,8550.0,8600.0,8500.0,8525.0,8082.494140625,97475300,0.0,0.0
2025-07-17,BBCA,8500.0,8550.0,8500.0,8525.0,8082.494140625,86016400,0.0,0.0
2025-07-18,BBCA,8550.0,8575.0,8425.0,8425.0,7987.685546875,80432200,0.0,0.0
2025-07-21,BBCA,8450.0,8500.0,8375.0,8450.0,8011.38720703125,95383500,0.0,0.0
2025-07-22,BBCA,8450.0,8475.0,8400.0,8400.0,7963.98291015625,77981700,0.0,0.0
2025-07-23,BBCA,8450.0,8500.0,8400.0,8425.0,7987.685546875,70969500,0.0,0.0
2025-07-24,BBCA,8475.0,8550.0,8450.0,8500.0,8058.7919921875,138256800,0.0,0.0
2025-07-25,BBCA,8500.0,8525.0,8450.0,8450.0,8011.38720703125,58682800,0.0,0.0
2025-07-28,BBCA,8625.0,8625.0,8475.0,8500.0,8058.7919921875,99484300,0.0,0.0
2025-07-29,BBCA,8500.0,8500.0,8375.0,8400.0,7963.98291015625,104240300,0.0,0.0
2025-07-30,BBCA,8475.0,8475.0,8325.0,8375.0,7940.2802734375,98098100,0.0,0.0
2025-07-31,BBCA,8350.0,8375.0,8250.0,8275.0,7845.47119140625,206006300,0.0,0.0
2025-08-01,BBCA,8400.0,8425.0,8300.0,8300.0,7869.17333984375,86196100,0.0,0.0
2025-08-04,BBCA,8325.0,8350.0,8275.0,8275.0,7845.47119140625,49054500,0.0,0.0
2025-08-05,BBCA,8350.0,8450.0,8325.0,8425.0,7987.685546875,69475900,0.0,0.0
2025-08-06,BBCA,8425.0,8425.0,8300.0,8300.0,7869.17333984375,56325400,0.0,0.0
2025-08-07,BBCA,8325.0,8350.0,8300.0,8300.0,7869.17333984375,43621300,0.0,0.0
2025-08-08,BBCA,8325.0,8400.0,8300.0,8300.0,7869.17333984375,68378700,0.0,0.0
2025-08-11,BBCA,8500.0,8550.0,8425.0,8550.0,8106.19677734375,128561300,0.0,0.0
2025-08-12,BBCA,8625.0,8875.0,8575.0,8850.0,8390.6240234375,171015700,0.0,0.0
2025-08-13,BBCA,8975.0,8975.0,8725.0,8925.0,8461.73046875,129083900,0.0,0.0
2025-08-14,BBCA,8925.0,8950.0,8750.0,8775.0,8319.517578125,122930900,0.0,0.0
2025-08-15,BBCA,8825.0,8850.0,8700.0,8700.0,8248.4111328125,68754200,0.0,0.0
2025-08-19,BBCA,8600.0,8600.0,8450.0,8500.0,8058.7919921875,128591700,0.0,0.0
2025-08-20,BBCA,8375.0,8600.0,8350.0,8525.0,8082.494140625,202260200,0.0,0.0
2025-08-21,BBCA,8550.0,8575.0,8500.0,8550.0,8106.19677734375,69470200,0.0,0.0
2025-08-22,BBCA,8575.0,8575.0,8450.0,8450.0,8011.38720703125,66394100,0.0,0.0
2025-08-25,BBCA,8525.0,8550.0,8475.0,8475.0,8035.08984375,64052700,0.0,0.0
2025-08-26,BBCA,8450.0,8475.0,8250.0,8250.0,7821.7685546875,326794200,0.0,0.0
2025-08-27,BBCA,8250.0,8350.0,8200.0,8300.0,7869.17333984375,111915700,0.0,0.0
2025-08-28,BBCA,8350.0,8375.0,8275.0,8325.0,7892.87548828125,81281400,0.0,0.0
2025-08-29,BBCA,8250.0,8275.0,8075.0,8075.0,7655.8525390625,236499300,0.0,0.0
2025-09-01,BBCA,7650.0,8050.0,7600.0,8000.0,7584.74560546875,421127500,0.0,0.0
2025-09-02,BBCA,8000.0,8175.0,8000.0,8000.0,7584.74560546875,155531500,0.0,0.0
2025-09-03,BBCA,7900.0,8000.0,7900.0,7975.0,7561.04345703125,212372700,0.0,0.0
2025-09-04,BBCA,7975.0,8000.0,7925.0,8000.0,7584.74560546875,103534800,0.0,0.0
2025-09-08,BBCA,8025.0,8025.0,7700.0,7700.0,7300.31787109375,321191900,0.0,0.0
2025-09-09,BBCA,7625.0,7725.0,7475.0,7525.0,7134.4013671875,595368700,0.0,0.0
2025-09-10,BBCA,7550.0,7800.0,7550.0,7800.0,7395.12646484375,246849600,0.0,0.0
2025-09-11,BBCA,7900.0,7975.0,7850.0,7850.0,7442.53173828125,235173400,0.0,0.0
2025-09-12,BBCA,7975.0,7975.0,7850.0,7925.0,7513.638671875,156084700,0.0,0.0
2025-09-15,BBCA,8000.0,8100.0,7975.0,8025.0,7608.44775390625,142567700,0.0,0.0
2025-09-16,BBCA,8050.0,8075.0,7900.0,7925.0,7513.638671875,129312900,0.0,0.0
2025-09-17,BBCA,7850.0,7900.0,7800.0,7850.0,7442.53173828125,183725900,0.0,0.0
2025-09-18,BBCA,7850.0,7900.0,7650.0,7700.0,7300.31787109375,275378700,0.0,0.0
2025-09-19,BBCA,7650.0,7825.0,7650.0,7800.0,7395.12646484375,149025300,0.0,0.0
2025-09-22,BBCA,7800.0,7825.0,7725.0,7725.0,7324.02001953125,92588800,0.0,0.0
2025-09-23,BBCA,7750.0,7900.0,7750.0,7875.0,7466.2333984375,102606200,0.0,0.0
2025-09-24,BBCA,7950.0,7950.0,7725.0,7775.0,7371.4248046875,150428400,0.0,0.0
2025-09-25,BBCA,7725.0,7775.0,7700.0,7700.0,7300.31787109375,147986600,0.0,0.0
2025-09-26,BBCA,7575.0,7700.0,7575.0,7625.0,7229.21044921875,121657700,0.0,0.0
2025-09-29,BBCA,7750.0,7800.0,7700.0,7775.0,7371.4248046875,116454700,0.0,0.0
2025-09-30,BBCA,7700.0,7775.0,7625.0,7625.0,7229.21044921875,170666700,0.0,0.0
2025-10-01,BBCA,7600.0,7675.0,7500.0,7500.0,7110.69873046875,202433400,0.0,0.0
2025-10-02,BBCA,7500.0,7600.0,7500.0,7500.0,7110.69873046875,126952400,0.0,0.0
2025-10-03,BBCA,7525.0,7550.0,7500.0,7525.0,7134.4013671875,76787500,0.0,0.0
2025-10-06,BBCA,7500.0,7550.0,7450.0,7500.0,7110.69873046875,104032400,0.0,0.0
2025-10-07,BBCA,7550.0,7600.0,7500.0,7575.0,7181.8056640625,74282600,0.0,0.0
2025-10-08,BBCA,7500.0,7525.0,7375.0,7375.0,6992.18701171875,168080800,0.0,0.0
2025-10-09,BBCA,7375.0,7700.0,7300.0,7550.0,7158.103515625,293567400,0.0,0.0
2025-10-10,BBCA,7450.0,7450.0,7350.0,7400.0,7015.8896484375,107426000,0.0,0.0
2025-10-13,BBCA,7300.0,7375.0,7300.0,7325.0,6944.78271484375,101847900,0.0,0.0
2025-10-14,BBCA,7275.0,7350.0,7250.0,7250.0,6873.67578125,151862300,0.0,0.0
2025-10-15,BBCA,7250.0,7350.0,7225.0,7250.0,6873.67578125,133206400,0.0,0.0
2025-10-16,BBCA,7250.0,7325.0,7225.0,7300.0,6921.080078125,120611200,0.0,0.0
2025-10-17,BBCA,7300.0,7525.0,7275.0,7500.0,7110.69873046875,157334400,0.0,0.0
2025-10-20,BBCA,7700.0,8000.0,7625.0,7875.0,7466.2333984375,393421800,0.0,0.0
2025-10-21,BBCA,8100.0,8475.0,8100.0,8475.0,8035.08984375,529802600,0.0,0.0
2025-10-22,BBCA,8700.0,8700.0,8200.0,8200.0,7774.3642578125,392957200,0.0,0.0
2025-10-23,BBCA,8200.0,8350.0,8150.0,8325.0,7892.87548828125,187003900,0.0,0.0
2025-10-24,BBCA,8300.0,8375.0,8275.0,8275.0,7845.47119140625,133355100,0.0,0.0
2025-10-27,BBCA,8325.0,8425.0,8200.0,8350.0,7916.578125,182275600,0.0,0.0
2025-10-28,BBCA,8350.0,8400.0,8250.0,8275.0,7845.47119140625,180270000,0.0,0.0
2025-10-29,BBCA,8300.0,8600.0,8275.0,8600.0,8153.60107421875,239156800,0.0,0.0
2025-10-30,BBCA,8575.0,8750.0,8475.0,8525.0,8082.494140625,259009800,0.0,0.0
2025-10-31,BBCA,8550.0,8650.0,8525.0,8525.0,8082.494140625,177088000,0.0,0.0
2025-11-03,BBCA,8650.0,8650.0,8525.0,8650.0,8201.005859375,115007100,0.0,0.0
2025-11-04,BBCA,8650.0,8700.0,8625.0,8650.0,8201.005859375,155231500,0.0,0.0
2025-11-05,BBCA,8625.0,8700.0,8600.0,8700.0,8248.4111328125,125731500,0.0,0.0
2025-11-06,BBCA,8625.0,8675.0,8550.0,8550.0,8106.19677734375,89756900,0.0,0.0
2025-11-07,BBCA,8550.0,8675.0,8550.0,8675.0,8224.7080078125,75241900,0.0,0.0
2025-11-10,BBCA,8675.0,8675.0,8575.0,8575.0,8129.89892578125,79897700,0.0,0.0
2025-11-11,BBCA,8575.0,8600.0,8400.0,8400.0,7963.98291015625,130897600,0.0,0.0
2025-11-12,BBCA,8425.0,8550.0,8400.0,8500.0,8058.7919921875,85415600,0.0,0.0
2025-11-13,BBCA,8400.0,8475.0,8375.0,8375.0,7940.2802734375,104113800,0.0,0.0
2025-11-14,BBCA,8375.0,8500.0,8375.0,8425.0,7987.685546875,89815300,0.0,0.0
2025-11-17,BBCA,8500.0,8575.0,8475.0,8575.0,8129.89892578125,129411100,0.0,0.0
2025-11-18,BBCA,8550.0,8575.0,8400.0,8400.0,7963.98291015625,119377900,0.0,0.0
2025-11-19,BBCA,8350.0,8500.0,8325.0,8475.0,8035.08984375,114209700,0.0,0.0
2025-11-20,BBCA,8475.0,8600.0,8400.0,8425.0,7987.685546875,124087400,0.0,0.0
2025-11-21,BBCA,8375.0,8425.0,8350.0,8400.0,7963.98291015625,103917100,0.0,0.0
2025-11-24,BBCA,8400.0,8475.0,8350.0,8475.0,8035.08984375,279590600,0.0,0.0
2025-11-25,BBCA,8475.0,8500.0,8375.0,8500.0,8058.7919921875,98807700,0.0,0.0
2025-11-26,BBCA,8400.0,8450.0,8375.0,8425.0,7987.685546875,77094400,0.0,0.0
2025-11-27,BBCA,8425.0,8450.0,8325.0,8325.0,7892.87548828125,71051300,0.0,0.0
2025-11-28,BBCA,8325.0,8350.0,8275.0,8275.0,7845.47119140625,67559300,0.0,0.0
2025-12-01,BBCA,8450.0,8450.0,8350.0,8400.0,7963.98291015625,76359200,0.0,0.0
2025-12-02,BBCA,8350.0,8425.0,8350.0,8375.0,7940.2802734375,97044000,0.0,0.0
2025-12-03,BBCA,8350.0,8400.0,8300.0,8300.0,7921.193359375,103550900,55.0,0.0
2025-12-04,BBCA,8325.0,8350.0,8225.0,8225.0,7849.61669921875,71410400,0.0,0.0
2025-12-05,BBCA,8200.0,8300.0,8200.0,8300.0,7921.193359375,71162300,0.0,0.0
2025-12-08,BBCA,8350.0,8350.0,8250.0,8300.0,7921.193359375,61745200,0.0,0.0
2025-12-09,BBCA,8300.0,8300.0,8100.0,8100.0,7730.3212890625,113057200,0.0,0.0
2025-12-10,BBCA,8100.0,8175.0,8025.0,8075.0,7706.46240234375,143418300,0.0,0.0
2025-12-11,BBCA,8175.0,8200.0,7900.0,8000.0,7634.88525390625,140766000,0.0,0.0
2025-12-12,BBCA,7900.0,8000.0,7850.0,8000.0,7634.88525390625,100006800,0.0,0.0
2025-12-15,BBCA,7925.0,8300.0,7925.0,8300.0,7921.193359375,143105700,0.0,0.0
2025-12-16,BBCA,8375.0,8375.0,8025.0,8075.0,7706.46240234375,122332000,0.0,0.0
2025-12-17,BBCA,8000.0,8125.0,7975.0,8025.0,7658.744140625,89802700,0.0,0.0
2025-12-18,BBCA,8025.0,8250.0,8025.0,8175.0,7801.8984375,88497200,0.0,0.0
2025-12-19,BBCA,8200.0,8225.0,8050.0,8050.0,7682.603515625,131069800,0.0,0.0
2025-12-22,BBCA,8050.0,8175.0,8025.0,8175.0,7801.8984375,72424200,0.0,0.0
2025-12-23,BBCA,8100.0,8125.0,7975.0,8025.0,7658.744140625,85044100,0.0,0.0
2025-12-24,BBCA,8025.0,8075.0,8000.0,8025.0,7658.744140625,71260500,0.0,0.0
2025-12-29,BBCA,8025.0,8025.0,7950.0,8025.0,7658.744140625,78399400,0.0,0.0
2025-12-30,BBCA,7950.0,8175.0,7950.0,8075.0,7706.46240234375,101995600,0.0,0.0
2026-01-02,BBCA,8075.0,8075.0,8000.0,8025.0,7658.744140625,68612400,0.0,0.0
2026-01-05,BBCA,8000.0,8100.0,8000.0,8075.0,7706.46240234375,73408800,0.0,0.0
2026-01-06,BBCA,8175.0,8175.0,8075.0,8175.0,7801.8984375,97624300,0.0,0.0
2026-01-07,BBCA,8125.0,8175.0,8025.0,8150.0,7778.03955078125,93152500,0.0,0.0
2026-01-08,BBCA,8100.0,8150.0,8050.0,8050.0,7682.603515625,79823700,0.0,0.0
2026-01-09,BBCA,8125.0,8175.0,8050.0,8125.0,7754.18017578125,79484700,0.0,0.0
2026-01-12,BBCA,8075.0,8100.0,8000.0,8025.0,7658.744140625,82935700,0.0,0.0
2026-01-13,BBCA,8025.0,8075.0,8000.0,8075.0,7706.46240234375,80536300,0.0,0.0
2026-01-14,BBCA,8025.0,8050.0,7950.0,8000.0,7634.88525390625,105724300,0.0,0.0
2026-01-15,BBCA,8000.0,8175.0,7975.0,8075.0,7706.46240234375,151753100,0.0,0.0
2026-01-19,BBCA,8075.0,8125.0,7975.0,8125.0,7754.18017578125,172100000,0.0,0.0
2026-01-20,BBCA,8050.0,8125.0,8000.0,8000.0,7634.88525390625,82672500,0.0,0.0
2026-01-21,BBCA,7925.0,7950.0,7700.0,7700.0,7348.5771484375,301825600,0.0,0.0
2026-01-22,BBCA,7700.0,7775.0,7600.0,7650.0,7300.85888671875,268025900,0.0,0.0
2026-01-23,BBCA,7600.0,7675.0,7550.0,7650.0,7300.85888671875,202878600,0.0,0.0
2026-01-26,BBCA,7550.0,7675.0,7525.0,7650.0,7300.85888671875,213044100,0.0,0.0
2026-01-27,BBCA,7575.0,7625.0,7500.0,7500.0,7157.70458984375,259830900,0.0,0.0
2026-01-28,BBCA,7050.0,7400.0,6925.0,7025.0,6704.3837890625,1027287500,0.0,0.0
2026-01-29,BBCA,6675.0,7275.0,6375.0,7200.0,6871.39697265625,1432993400,0.0,0.0
2026-01-30,BBCA,7200.0,7600.0,7200.0,7400.0,7062.26904296875,528434900,0.0,0.0
2026-02-02,BBCA,7600.0,7600.0,7325.0,7600.0,7253.14111328125,326948700,0.0,0.0
2026-02-03,BBCA,7600.0,7650.0,7375.0,7650.0,7300.85888671875,206015400,0.0,0.0
2026-02-04,BBCA,7650.0,7825.0,7600.0,7800.0,7444.0126953125,193370800,0.0,0.0
2026-02-05,BBCA,7800.0,7925.0,7800.0,7800.0,7444.0126953125,142332400,0.0,0.0
2026-02-06,BBCA,7700.0,7775.0,7600.0,7675.0,7324.7177734375,176352600,0.0,0.0
2026-02-09,BBCA,7675.0,7725.0,7450.0,7500.0,7157.70458984375,174758300,0.0,0.0
2026-02-10,BBCA,7500.0,7550.0,7450.0,7475.0,7133.84619140625,127704200,0.0,0.0
2026-02-11,BBCA,7475.0,7525.0,7400.0,7450.0,7109.98681640625,213505000,0.0,0.0
2026-02-12,BBCA,7450.0,7475.0,7300.0,7325.0,6990.69189453125,237465300,0.0,0.0
2026-02-13,BBCA,7325.0,7325.0,7200.0,7200.0,6871.39697265625,356015300,0.0,0.0
2026-02-18,BBCA,7225.0,7375.0,7225.0,7275.0,6942.97412109375,125301200,0.0,0.0
2026-02-19,BBCA,7325.0,7325.0,7175.0,7175.0,6847.53759765625,133463400,0.0,0.0
2026-02-20,BBCA,7175.0,7250.0,7150.0,7225.0,6895.25537109375,122959500,0.0,0.0
2026-02-23,BBCA,7300.0,7350.0,7275.0,7300.0,6966.83251953125,100443800,0.0,0.0
2026-02-24,BBCA,7275.0,7325.0,7225.0,7225.0,6895.25537109375,159225400,0.0,0.0
2026-02-25,BBCA,7275.0,7375.0,7250.0,7325.0,6990.69189453125,133278000,0.0,0.0
2026-02-26,BBCA,7350.0,7375.0,7200.0,7300.0,6966.83251953125,127811900,0.0,0.0
2026-02-27,BBCA,7200.0,7275.0,7175.0,7175.0,6847.53759765625,193104700,0.0,0.0
2026-03-02,BBCA,7075.0,7150.0,6975.0,7025.0,6704.3837890625,156182700,0.0,0.0
2026-03-03,BBCA,7075.0,7125.0,7025.0,7075.0,6752.1015625,103031100,0.0,0.0
2026-03-04,BBCA,7075.0,7075.0,6825.0,6875.0,6561.2294921875,216518700,0.0,0.0
2026-03-05,BBCA,6975.0,7125.0,6950.0,7100.0,6775.96044921875,110256300,0.0,0.0
2026-03-06,BBCA,7075.0,7100.0,7000.0,7000.0,6680.5244140625,102725700,0.0,0.0
2026-03-09,BBCA,6900.0,6950.0,6825.0,6875.0,6561.2294921875,150426400,0.0,0.0
2026-03-10,BBCA,6950.0,7050.0,6925.0,6975.0,6656.66552734375,129977900,0.0,0.0
2026-03-11,BBCA,6975.0,7000.0,6825.0,6825.0,6513.51171875,91723400,0.0,0.0
2026-03-12,BBCA,6825.0,7025.0,6825.0,6900.0,6585.0888671875,98787400,0.0,0.0
2026-03-13,BBCA,6850.0,7025.0,6850.0,6875.0,6561.2294921875,107940600,0.0,0.0
2026-03-16,BBCA,6850.0,6875.0,6700.0,6750.0,6441.9345703125,127757500,0.0,0.0
2026-03-17,BBCA,6750.0,6825.0,6750.0,6775.0,6465.79345703125,160903900,0.0,0.0
2026-03-25,BBCA,6675.0,6925.0,6675.0,6900.0,6585.0888671875,314281100,0.0,0.0
2026-03-26,BBCA,6900.0,6975.0,6850.0,6875.0,6561.2294921875,145934900,0.0,0.0
2026-03-27,BBCA,6775.0,6850.0,6700.0,6700.0,6394.21630859375,283556500,0.0,0.0
2026-03-30,BBCA,6400.0,6500.0,6350.0,6450.0,6425.0966796875,242278100,281.0,0.0
2026-03-31,BBCA,6450.0,6550.0,6450.0,6450.0,6425.0966796875,150657800,0.0,0.0
2026-04-01,BBCA,6550.0,6650.0,6500.0,6500.0,6474.9033203125,132798100,0.0,0.0
2026-04-02,BBCA,6550.0,6600.0,6500.0,6575.0,6549.61376953125,72725400,0.0,0.0
2026-04-06,BBCA,6600.0,6625.0,6450.0,6500.0,6474.9033203125,57914600,0.0,0.0
2026-04-07,BBCA,6500.0,6525.0,6450.0,6500.0,6474.9033203125,65168700,0.0,0.0
2026-04-08,BBCA,6650.0,6850.0,6625.0,6750.0,6723.93798828125,163594000,0.0,0.0
2026-04-09,BBCA,6775.0,6800.0,6450.0,6475.0,6450.0,182409800,0.0,0.0
2026-04-10,BBCA,6525.0,6700.0,6475.0,6700.0,6674.13134765625,167336100,0.0,0.0
2026-04-13,BBCA,6650.0,6700.0,6575.0,6575.0,6549.61376953125,81955300,0.0,0.0
2026-04-14,BBCA,6675.0,6800.0,6675.0,6750.0,6723.93798828125,105010900,0.0,0.0
2026-04-15,BBCA,6775.0,6800.0,6550.0,6550.0,6524.71044921875,104880600,0.0,0.0
2026-04-16,BBCA,6575.0,6650.0,6500.0,6525.0,6499.80712890625,122416100,0.0,0.0
2026-04-17,BBCA,6500.0,6550.0,6425.0,6425.0,6400.19287109375,156827000,0.0,0.0
2026-04-20,BBCA,6450.0,6575.0,6425.0,6475.0,6450.0,137435700,0.0,0.0
2026-04-21,BBCA,6475.0,6525.0,6425.0,6500.0,6474.9033203125,112151900,0.0,0.0
2026-04-22,BBCA,6475.0,6525.0,6450.0,6450.0,6425.0966796875,95673700,0.0,0.0
2026-04-23,BBCA,6450.0,6550.0,6425.0,6425.0,6400.19287109375,95913400,0.0,0.0
2026-04-24,BBCA,6400.0,6425.0,6050.0,6050.0,6026.64111328125,435004800,0.0,0.0
2026-04-27,BBCA,6025.0,6050.0,5950.0,5975.0,5951.9306640625,273263100,0.0,0.0
2026-04-28,BBCA,6025.0,6075.0,5950.0,6000.0,5976.833984375,174091200,0.0,0.0
2026-04-29,BBCA,6000.0,6050.0,5950.0,5975.0,5951.9306640625,176050900,0.0,0.0
2026-04-30,BBCA,5950.0,5975.0,5800.0,5850.0,5827.4130859375,303405400,0.0,0.0
2026-05-04,BBCA,5800.0,5950.0,5800.0,5900.0,5877.22021484375,207566700,0.0,0.0
2026-05-05,BBCA,5900.0,6075.0,5875.0,5950.0,5927.02685546875,179928300,0.0,0.0
2026-05-06,BBCA,5950.0,6000.0,5900.0,5950.0,5927.02685546875,90843100,0.0,0.0
2026-05-07,BBCA,6000.0,6325.0,6000.0,6225.0,6200.96533203125,238690900,0.0,0.0
2026-05-08,BBCA,6225.0,6425.0,6175.0,6175.0,6151.158203125,201784700,0.0,0.0
2026-05-11,BBCA,6225.0,6275.0,6100.0,6150.0,6126.2548828125,126301300,0.0,0.0
2026-05-12,BBCA,6125.0,6150.0,6050.0,6125.0,6101.35107421875,107394400,0.0,0.0
2026-05-13,BBCA,6125.0,6200.0,6025.0,6100.0,6076.44775390625,147339600,0.0,0.0
2026-05-14,BBCA,6100.0,6100.0,6100.0,6100.0,6076.44775390625,0,0.0,0.0
2026-05-15,BBCA,6100.0,6100.0,6100.0,6100.0,6076.44775390625,0,0.0,0.0
2026-05-18,BBCA,5950.0,6125.0,5900.0,6125.0,6101.35107421875,208748400,0.0,0.0
2026-05-19,BBCA,6050.0,6200.0,5950.0,5950.0,5927.02685546875,184830100,0.0,0.0
2026-05-20,BBCA,5975.0,6100.0,5875.0,5975.0,5951.9306640625,195107100,0.0,0.0
2026-05-21,BBCA,6000.0,6150.0,5925.0,5950.0,5927.02685546875,210976100,0.0,0.0
2026-05-22,BBCA,5900.0,5975.0,5825.0,5900.0,5877.22021484375,288919700,0.0,0.0
2026-05-25,BBCA,5950.0,6175.0,5925.0,6100.0,6076.44775390625,263179200,0.0,0.0
2026-05-26,BBCA,6050.0,6100.0,5950.0,5975.0,5951.9306640625,225158700,0.0,0.0
2026-05-27,BBCA,5975.0,5975.0,5975.0,5975.0,5951.9306640625,0,0.0,0.0
2026-05-28,BBCA,5975.0,5975.0,5975.0,5975.0,5951.9306640625,0,0.0,0.0
2026-05-29,BBCA,5750.0,5875.0,5700.0,5700.0,5677.9921875,1014028000,0.0,0.0
2026-06-02,BBCA,5750.0,5875.0,5700.0,5825.0,5802.509765625,346305200,0.0,0.0
2026-06-03,BBCA,5775.0,5825.0,5525.0,5525.0,5503.66796875,353332300,0.0,0.0
2026-06-04,BBCA,5475.0,5600.0,5300.0,5425.0,5404.05419921875,550059500,0.0,0.0
2026-06-05,BBCA,5325.0,5375.0,5075.0,5075.0,5055.4052734375,572612000,0.0,0.0
2026-06-08,BBCA,4950.0,5050.0,4850.0,4850.0,4831.27392578125,705093300,0.0,0.0
2026-06-09,BBCA,4850.0,5150.0,4820.0,5150.0,5130.11572265625,772898000,0.0,0.0
2026-06-10,BBCA,5175.0,5700.0,5175.0,5650.0,5628.18505859375,747366000,0.0,0.0
2026-06-11,BBCA,5650.0,5875.0,5550.0,5825.0,5802.509765625,543032300,0.0,0.0
2026-06-12,BBCA,6000.0,6100.0,5900.0,5925.0,5902.12353515625,415872300,0.0,0.0
2026-06-15,BBCA,6100.0,6425.0,6100.0,6275.0,6250.77197265625,480395000,0.0,0.0
2026-06-17,BBCA,6400.0,6550.0,6275.0,6275.0,6250.77197265625,467494300,20.0,0.0
2026-06-18,BBCA,6250.0,6275.0,6075.0,6075.0,6051.54443359375,232489300,0.0,0.0
2026-06-19,BBCA,6050.0,6300.0,6050.0,6300.0,6275.67578125,366595500,0.0,0.0
2026-06-22,BBCA,6400.0,6400.0,6125.0,6225.0,6200.96533203125,193401600,0.0,0.0
2026-06-23,BBCA,6150.0,6200.0,6075.0,6125.0,6101.35107421875,144561900,0.0,0.0
2026-06-24,BBCA,6125.0,6200.0,5925.0,5925.0,5902.12353515625,144928800,0.0,0.0
2026-06-25,BBCA,5900.0,6175.0,5900.0,6025.0,6001.7373046875,197935000,0.0,0.0
2026-06-26,BBCA,6050.0,6175.0,6025.0,6175.0,6151.158203125,163378700,0.0,0.0
2026-06-29,BBCA,6175.0,6200.0,5925.0,5925.0,5902.12353515625,189886600,0.0,0.0
2026-06-30,BBCA,5775.0,5825.0,5550.0,5550.0,5528.5712890625,440738300,0.0,0.0
2026-07-01,BBCA,5550.0,5750.0,5550.0,5600.0,5578.37841796875,124123800,0.0,0.0
2026-07-02,BBCA,5650.0,5875.0,5625.0,5800.0,5777.60595703125,145119400,0.0,0.0
2026-07-03,BBCA,5925.0,6150.0,5900.0,6050.0,6026.64111328125,200465200,0.0,0.0
2026-07-06,BBCA,6050.0,6175.0,5975.0,6125.0,6101.35107421875,148684900,0.0,0.0
2026-07-07,BBCA,6200.0,6300.0,6150.0,6300.0,6275.67578125,183472100,0.0,0.0
2026-07-08,BBCA,6300.0,6325.0,6175.0,6175.0,6151.158203125,181123400,0.0,0.0
2026-07-09,BBCA,6100.0,6200.0,6050.0,6200.0,6176.0615234375,181155800,0.0,0.0
2026-07-10,BBCA,6300.0,6300.0,6125.0,6175.0,6151.158203125,138050500,0.0,0.0
2026-07-13,BBCA,6150.0,6250.0,6075.0,6225.0,6200.96533203125,180061600,0.0,0.0
2026-07-14,BBCA,6225.0,6250.0,6075.0,6125.0,6101.35107421875,159868800,0.0,0.0
2026-07-15,BBCA,6125.0,6200.0,6075.0,6125.0,6101.35107421875,140824900,0.0,0.0
2026-07-16,BBCA,6125.0,6225.0,6100.0,6225.0,6200.96533203125,94235100,0.0,0.0
2026-07-17,BBCA,6225.0,6500.0,6200.0,6475.0,6450.0,314564200,0.0,0.0
2026-07-20,BBCA,6525.0,6625.0,6475.0,6475.0,6450.0,298183300,0.0,0.0
2026-07-21,BBCA,6550.0,6550.0,6425.0,6525.0,6499.80712890625,146064700,0.0,0.0
2026-07-22,BBCA,6525.0,6550.0,6400.0,6500.0,6474.9033203125,112178900,0.0,0.0
2026-07-23,BBCA,6450.0,6475.0,6250.0,6275.0,6250.77197265625,207037900,0.0,0.0
2026-07-24,BBCA,6200.0,6300.0,6125.0,6275.0,6250.77197265625,191428900,0.0,0.0
2026-07-27,BBCA,6225.0,6325.0,6125.0,6300.0,6275.67578125,125142500,0.0,0.0
2026-07-28,BBCA,6250.0,6300.0,6200.0,6225.0,6200.96533203125,122920300,0.0,0.0
2026-07-29,BBCA,6175.0,6300.0,6175.0,6275.0,6250.77197265625,122379600,0.0,0.0
2026-07-30,BBCA,6325.0,6450.0,6250.0,6450.0,6425.0966796875,152663200,0.0,0.0
2026-07-31,BBCA,6425.0,6450.0,6325.0,6325.0,6300.5791015625,153174800,0.0,0.0
2026-08-03,BBCA,6300.0,6325.0,6275.0,6300.0,6275.67578125,68143700,0.0,0.0
2026-08-04,BBCA,6375.0,6500.0,6350.0,6500.0,6474.9033203125,138953100,0.0,0.0
2026-08-05,BBCA,6500.0,6500.0,6425.0,6450.0,6425.0966796875,101666100,0.0,0.0
2026-08-06,BBCA,6450.0,6475.0,6350.0,6350.0,6325.482421875,80734000,0.0,0.0
2026-08-07,BBCA,6375.0,6450.0,6325.0,6375.0,6350.38623046875,111930800,0.0,0.0
2026-08-10,BBCA,6400.0,6450.0,6350.0,6375.0,6350.38623046875,88666100,0.0,0.0
2026-08-11,BBCA,6375.0,6400.0,6200.0,6300.0,6275.67578125,112490800,0.0,0.0
2026-08-12,BBCA,6300.0,6350.0,6225.0,6350.0,6325.482421875,87177100,0.0,0.0
2026-08-13,BBCA,6350.0,6375.0,6250.0,6375.0,6350.38623046875,83208000,0.0,0.0
2026-08-14,BBCA,6300.0,6350.0,6275.0,6350.0,6325.482421875,56953500,0.0,0.0
2026-08-18,BBCA,6375.0,6450.0,6300.0,6300.0,6275.67578125,114945500,0.0,0.0
2026-08-19,BBCA,6300.0,6425.0,6300.0,6300.0,6275.67578125,68105000,0.0,0.0
2026-08-20,BBCA,6350.0,6400.0,6300.0,6400.0,6375.28955078125,67749800,0.0,0.0
2026-08-21,BBCA,6400.0,6475.0,6400.0,6450.0,6425.0966796875,100684300,0.0,0.0
2026-08-24,BBCA,6450.0,6450.0,6350.0,6400.0,6375.28955078125,81295600,0.0,0.0
2026-08-26,BBCA,6450.0,6450.0,6350.0,6350.0,6325.482421875,86115900,0.0,0.0
2026-08-27,BBCA,6350.0,6425.0,6325.0,6400.0,6375.28955078125,60556000,0.0,0.0
2026-08-28,BBCA,6425.0,6525.0,6400.0,6475.0,6450.0,156445200,0.0,0.0
2026-08-31,BBCA,6450.0,6525.0,6400.0,6475.0,6475.0,230904500,25.0,0.0
2026-09-01,BBCA,6450.0,6600.0,6425.0,6600.0,6600.0,117969900,0.0,0.0
2026-09-02,BBCA,6650.0,6725.0,6600.0,6675.0,6675.0,100935400,0.0,0.0
2026-09-03,BBCA,6700.0,6800.0,6625.0,6775.0,6775.0,112324100,0.0,0.0
2026-09-04,BBCA,6800.0,6850.0,6675.0,6700.0,6700.0,93923500,0.0,0.0
2026-09-07,BBCA,6750.0,6750.0,6600.0,6625.0,6625.0,65118000,0.0,0.0
2026-09-08,BBCA,6600.0,6775.0,6575.0,6675.0,6675.0,108127600,0.0,0.0
2026-09-09,BBCA,6700.0,6700.0,6500.0,6525.0,6525.0,193375100,0.0,0.0
